timestamp,date,datetime,supply_assets,supply_usd,borrow_assets,borrow_usd,collateral_assets,collateral_usd,liquidity_assets,liquidity_usd,utilization
1758672000,2025-09-24,2025-09-24 00:00,8081788223300,8078612.080528243,7690154994529,7687132.76361615,8316841644467,,391633228771,391479.316912093,0.9515412656270908
1758675600,2025-09-24,2025-09-24 01:00,8212706095336,8209453.863722248,7690272686358,7687227.338374203,8316841644467,,522433408978,522226.52534804476,0.9363871782438811
1758679200,2025-09-24,2025-09-24 02:00,8190124877777,8187495.847691233,7690385499760,7687916.886014577,8316841644467,,499739378017,499578.9616766565,0.9389826912929023
1758682800,2025-09-24,2025-09-24 03:00,8131728688020,8129337.959785722,7690500216452,7688239.209388363,8316841644467,,441228471568,441098.75039735896,0.9457398926481603
1758686400,2025-09-24,2025-09-24 04:00,7989866464253,7987485.484046652,7690647731718,7688355.918693948,8316841644467,,299218732535,299129.5653527046,0.9625502210989737
1758690000,2025-09-24,2025-09-24 05:00,8008949749860,8006563.082834542,7690796281793,7688504.424501026,8316841644467,,318153468067,318058.658333516,0.9602752573054212
1758693600,2025-09-24,2025-09-24 06:00,8030812493429,8028427.342118451,7690948712838,7688664.501070287,8316841644467,,339863780591,339762.84104816447,0.9576800254184636
1758697200,2025-09-24,2025-09-24 07:00,8288549909591,8286079.921717942,7793549937421,7791227.459539648,8316841644467,,494999972170,494852.4621782933,0.9402790623728746
1758700800,2025-09-24,2025-09-24 08:00,8352434474588,8349945.449114573,7793670354958,7791347.841192222,8316841644467,,558764119630,558597.6079223502,0.9331016458339157
1758704400,2025-09-24,2025-09-24 09:00,8271805877132,8268985.191327898,7793781206034,7791123.526642743,8316841644467,,478024671098,477861.6646851556,0.9422103615342892
1758708000,2025-09-24,2025-09-24 10:00,8368896633247,8366394.333153659,7793896645750,7791566.270652921,8316841644467,,574999987497,574828.0625007384,0.9312932143034596
1758711600,2025-09-24,2025-09-24 11:00,8179017053680,8176457.021342198,7794017078335,7791577.550989482,8316841644467,,384999975345,384879.470352717,0.9529283319965965
1758715200,2025-09-24,2025-09-24 12:00,8179157859990,8176720.470947723,7794157884645,7791835.2255953755,8316841644467,,384999975345,384885.24535234715,0.9529291423474897
1758718800,2025-09-24,2025-09-24 13:00,8179299095100,8176869.843268755,7794299119755,7791984.212916433,8316841644467,,384999975345,384885.63035232254,0.9529299551381312
1758722400,2025-09-24,2025-09-24 14:00,8346718958553,8344256.676460227,7794425944279,7792126.588625438,8316841644467,,552293014274,552130.0878347891,0.9338311237006419
1758726000,2025-09-24,2025-09-24 15:00,8329541400075,8327067.5262791775,7794541430398,7792226.451593172,8316841644467,,534999969677,534841.074686006,0.9357707772876688
1758729600,2025-09-24,2025-09-24 16:00,8822226232855,8819579.564985143,7944667030544,7942283.630434837,8316841644467,,877559202311,877295.9345503066,0.900528599114488
1758733200,2025-09-24,2025-09-24 17:00,8822283228397,8819654.187994938,7944724026086,7942356.498326226,8316841644467,,877559202311,877297.6896687113,0.9005292417402415
1758736800,2025-09-24,2025-09-24 18:00,8294827483832,8292355.625241818,7944827500449,7942459.941853866,8316841644467,,349999983383,349895.68338795187,0.9578050316217898
1758740400,2025-09-24,2025-09-24 19:00,8424970962140,8422468.745764244,7999970996829,7997595.0054429425,8316841644467,,424999965311,424873.74032130267,0.9495547263936152
1758744000,2025-09-24,2025-09-24 20:00,8480118248791,8477523.332606869,8000118265336,7997670.229146807,8316841644467,,479999983455,479853.10346006276,0.9433970176626448
1758747600,2025-09-24,2025-09-24 21:00,8560260497416,8557598.256401304,8100260530122,8097741.349097133,8316841644467,,459999967294,459856.9073041716,0.9462633213752251
1758751200,2025-09-24,2025-09-24 22:00,8535403182642,8532646.247414006,8100403215982,8097786.785743238,8316841644467,,434999966660,434859.4616707688,0.9490358033063234
1758754800,2025-09-24,2025-09-24 23:00,8540547271665,8538044.891314402,8100547306207,8098173.845846281,8316841644467,,439999965458,439871.04546812084,0.9484810573067385
1758758400,2025-09-25,2025-09-25 00:00,8540690141815,8538162.097533023,8100690176357,8098292.372064799,8316841644467,,439999965458,439869.7254682245,0.9484819191245715
1758762000,2025-09-25,2025-09-25 01:00,8915795051929,8913164.892388681,8100795069589,8098405.335043471,8316841644467,,814999982340,814759.5573452096,0.9085891973073486
1758765600,2025-09-25,2025-09-25 02:00,8445921502279,8443438.40135733,8100921540364,8098539.869431132,8316841644467,,344999961915,344898.531926197,0.9591518862895059
1758769200,2025-09-25,2025-09-25 03:00,8411084888855,8408553.152303454,8101084927253,8098646.500689898,8316841644467,,309999961602,309906.65161355777,0.9631438790954587
1758772800,2025-09-25,2025-09-25 04:00,8676237345039,8673686.53125956,8101237374777,8098855.610988816,8316841644467,,574999970262,574830.920270743,0.9337270354192443
1758776400,2025-09-25,2025-09-25 05:00,8666369067027,8662919.852138324,8301369106901,8298065.161996454,8316841644467,,364999960126,364854.6901418698,0.9578831737601947
1758780000,2025-09-25,2025-09-25 06:00,8666534862663,8664047.567157416,8301534902537,8299152.362019972,8316841644467,,364999960126,364895.2051374438,0.9578839794785242
1758783600,2025-09-25,2025-09-25 07:00,8666701210520,8664127.200260475,8301701250394,8299235.645122632,8316841644467,,364999960126,364891.55513784254,0.9578847878495051
1758787200,2025-09-25,2025-09-25 08:00,8931860871579,8930074.499404686,8301860933067,8300200.560880386,8316841644467,,629999938512,629873.9385242977,0.9294659928574742
1758790800,2025-09-25,2025-09-25 09:00,8931976039795,8929546.542312175,8301976101283,8299717.96378345,8316841644467,,629999938512,629828.5785287247,0.9294669023175683
1758794400,2025-09-25,2025-09-25 10:00,8932091403516,8929760.127659682,8302091465004,8299924.619131634,8316841644467,,629999938512,629835.5085280484,0.9294678132980134
1758798000,2025-09-25,2025-09-25 11:00,10420520018100,10417352.180014499,8302153035181,8299629.180658305,8316841644467,,2118366982919,2117722.999356193,0.7967119703009555
1758801600,2025-09-25,2025-09-25 12:00,11154696269569,11151349.86068813,10720625781373,10717409.593638588,11316841644467,,434070488196,433940.26704954123,0.9610863014369846
1758805200,2025-09-25,2025-09-25 13:00,10817130725071,10813885.58585348,10817130725071,10813885.58585348,11222841644467,,0,0,1
1758808800,2025-09-25,2025-09-25 14:00,10817452202868,10813785.086571228,10817452202868,10813785.086571228,11222841644467,,0,0,1
1758812400,2025-09-25,2025-09-25 15:00,10817775531775,10814627.559095252,10817775531775,10814627.559095252,11222841644467,,0,0,1
1758816000,2025-09-25,2025-09-25 16:00,10818100723706,10814909.383992506,10818100723706,10814909.383992506,11222841644467,,0,0,1
1758819600,2025-09-25,2025-09-25 17:00,10948416508884,10944902.067184648,10818416546608,10814943.834896538,11222841644467,,129999962276,129958.2322881094,0.9881261402349361
1758823200,2025-09-25,2025-09-25 18:00,10948715975804,10944544.515017219,10818716013528,10814594.082726847,11222841644467,,129999962276,129950.43229037286,0.9881264650061896
1758826800,2025-09-25,2025-09-25 19:00,11523896331952,11519667.061998174,10818896402326,10814925.867346346,11222841644467,,704999929626,704741.1946518272,0.9388227810006182
1758830400,2025-09-25,2025-09-25 20:00,11594063019668,11590677.553266257,10819063064444,10815903.898029182,11222841644467,,774999955224,774773.6552370747,0.9331554474122401
1758834000,2025-09-25,2025-09-25 21:00,11594228218432,11590958.646074401,10819228263208,10816177.240837775,11222841644467,,774999955224,774781.4052366269,0.9331563998376418
1758837600,2025-09-25,2025-09-25 22:00,11534405208918,11529860.653265687,10819405250634,10815142.40496525,11222841644467,,714999958284,714718.2483004362,0.9380115449965997
1758841200,2025-09-25,2025-09-25 23:00,11694508690058,11691058.809994433,10819575404578,10816383.62983365,10322841644467,,874933285480,874675.1801607833,0.9251842630871857
1758844800,2025-09-26,2025-09-26 00:00,10819964576766,10816761.867251277,10819864599869,10816661.91994744,10322841644467,,99976897,99.947303838488,0.9999907599607845
1758848400,2025-09-26,2025-09-26 01:00,10828437703310,10825178.343561303,10769116062074,10765874.558139315,10273096639859,,59321641236,59303.78542198797,0.9945216805174151
1758852000,2025-09-26,2025-09-26 02:00,10828759697590,10825597.699758304,10769438056354,10766293.380441545,10273096639859,,59321641236,59304.319316759094,0.9945218434158066
1758855600,2025-09-26,2025-09-26 03:00,11059231257870,11055935.606955154,10769761788939,10766552.399925895,10273096639859,,289469468931,289383.20702925854,0.973825534326809
1758859200,2025-09-26,2025-09-26 04:00,11130027986366,11125631.625311386,10770028045553,10765773.884475008,10273096639859,,359999940813,359857.7408363789,0.9676550731719641
1758862800,2025-09-26,2025-09-26 05:00,11130285948604,11126991.383963214,10770286007791,10767098.003132693,10273096639859,,359999940813,359893.38083051937,0.9676558228175484
1758866400,2025-09-26,2025-09-26 06:00,11300506854305,11297150.60376927,10770506922369,10767308.081813056,10273096639859,,529999931936,529842.521956215,0.9530994548501961
1758870000,2025-09-26,2025-09-26 07:00,11300729076987,11297338.858263904,10770729145051,10767497.926307486,10273096639859,,529999931936,529840.9319564193,0.9531003771238706
1758873600,2025-09-26,2025-09-26 08:00,11245960879113,11242609.582771024,10770960925882,10767751.179526087,10273096639859,,474999953231,474858.40324493713,0.9577626173221702
1758877200,2025-09-26,2025-09-26 09:00,11816044595294,11811459.969991026,10771110803884,10766931.612892091,10273096639859,,1044933791410,1044528.3570989328,0.911566532862768
1758880800,2025-09-26,2025-09-26 10:00,11602522136993,11599099.392962586,10771261305996,10768083.78391073,10273096639859,,831260830997,831015.6090518559,0.928355160957061
1758884400,2025-09-26,2025-09-26 11:00,12002683049716,11997749.946982566,10771404286615,10766977.2394532,10273096639859,,1231278763101,1230772.7075293656,0.8974163728225637
1758888000,2025-09-26,2025-09-26 12:00,11641544210558,11638005.18111799,10771544226543,10768269.67709813,10273096639859,12823928.562277682,869999984015,869735.5040198595,0.9252676476350985
1758891600,2025-09-26,2025-09-26 13:00,11641696509764,11638308.776079658,10771696525749,10768561.962060006,10273096639859,12823928.562277682,869999984015,869746.8140196516,0.9252686252999877
1758895200,2025-09-26,2025-09-26 14:00,11614762293540,11611370.782950288,10771850741842,10768705.361425383,10273096639859,12823928.562277682,842911551698,842665.4215249043,0.9274275675734821
1758898800,2025-09-26,2025-09-26 15:00,11661997904458,11658569.27707409,10771997928033,10768830.960642157,10273096639859,12823928.562277682,889999976425,889738.316431931,0.9236837475262466
1758902400,2025-09-26,2025-09-26 16:00,11662146718396,11658764.695847666,10772146741971,10769022.819415828,10273096639859,12823928.562277682,889999976425,889741.8764318367,0.9236847213539936
1758906000,2025-09-26,2025-09-26 17:00,11542313599905,11539358.767623423,10772313623480,10769555.91119239,10273096639859,12823928.562277682,769999976425,769802.8564310352,0.9332889398853851
1758909600,2025-09-26,2025-09-26 18:00,11542488073607,11539083.039625285,10772488097182,10769310.21319333,10273096639859,12823928.562277682,769999976425,769772.8264319546,0.933289948275045
1758913200,2025-09-26,2025-09-26 19:00,11542662882092,11539280.881867548,10772662905667,10769506.51543564,10273096639859,,769999976425,769774.3664319075,0.9332909585690469
1758916800,2025-09-26,2025-09-26 20:00,11867838796929,11864361.5201615,10772838829090,10769682.387313075,10273096639859,,1094999967839,1094679.1328484232,0.907733835403768
1758920400,2025-09-26,2025-09-26 21:00,11767964333046,11763457.202706443,10772964353216,10768838.307868717,10273096639859,,994999979830,994618.8948377251,0.9154484198226274
1758924000,2025-09-26,2025-09-26 22:00,11768092864099,11763644.52499637,10773092884269,10769020.655158745,10273096639859,,994999979830,994623.8698376243,0.9154493432945747
1758927600,2025-09-26,2025-09-26 23:00,11577339063081,11573576.427885499,10773225336770,10769724.03853555,10273096639859,,804113726311,803852.3893499488,0.9305441671933717
1758931200,2025-09-27,2025-09-27 00:00,11577507759181,11574092.394392041,10773394032870,10770215.881630303,10273096639859,,804113726311,803876.5127617382,0.930545179235718
1758934800,2025-09-27,2025-09-27 01:00,11577676752358,11574249.760039303,10773563026047,10770374.05139129,10273096639859,,804113726311,803875.7086480119,0.9305461930307194
1758938400,2025-09-27,2025-09-27 02:00,11693730741055,11689158.492335247,10773730759382,10769518.230655082,10273096639859,,919999981673,919640.2616801659,0.9213253663826025
1758942000,2025-09-27,2025-09-27 03:00,11973855683584,11969114.036733301,10773855701236,10769589.254378311,10273096639859,,1199999982348,1199524.7823549903,0.8997816564639922
1758945600,2025-09-27,2025-09-27 04:00,11865630152723,11860053.30655122,10773964767557,10768901.004116248,10773096639859,,1091665385166,1091152.302434972,0.9079976898727559
1758949200,2025-09-27,2025-09-27 05:00,11865739942986,11862334.475622363,10774074557820,10770982.398421906,10773096639859,,1091665385166,1091352.0772004575,0.9079985411435468
1758952800,2025-09-27,2025-09-27 06:00,11865849784499,11862420.55391128,10774184399333,10771070.660041593,10773096639859,,1091665385166,1091349.893869687,0.9079993927959461
1758956400,2025-09-27,2025-09-27 07:00,11865959677288,11861676.065844499,10774294292122,10770404.771882545,10773096639859,,1091665385166,1091271.2939619552,0.9080002448301339
1758960000,2025-09-27,2025-09-27 08:00,11866069621382,11862616.595122177,10774404236216,10771268.88458326,10773096639859,,1091665385166,1091347.7105389168,0.9080010972463132
1758963600,2025-09-27,2025-09-27 09:00,11866179616806,11862287.509891689,10774514231640,10770980.190972023,10773096639859,,1091665385166,1091307.3189196656,0.9080019500446562
1758967200,2025-09-27,2025-09-27 10:00,11866289663589,11861792.3398065,10774624278423,10770540.695821477,10773096639859,,1091665385166,1091251.643985022,0.9080028032253662
1758970800,2025-09-27,2025-09-27 11:00,11889730646225,11886318.293529533,10774730679095,10771638.3313901,10773096639859,,1114999967130,1114679.9621394337,0.9062215957361479
1758974400,2025-09-27,2025-09-27 12:00,11889836048943,11885080.114523424,10774836081813,10770526.147380276,10773096639859,,1114999967130,1114553.967143148,0.9062224270763496
1758978000,2025-09-27,2025-09-27 13:00,11889941490129,11886445.847330902,10774941522999,10771773.690191237,10773096639859,,1114999967130,1114672.1571396638,0.9062232587052115
1758981600,2025-09-27,2025-09-27 14:00,11855378300095,11851513.446769169,10775047511824,10771534.846335145,10773096639859,,1080330788271,1079978.6004340234,0.9088742036800004
1758985200,2025-09-27,2025-09-27 15:00,11855490905919,11852088.380029002,10775160117648,10772067.646694234,10773096639859,,1080330788271,1080020.733334766,0.9088750692110411
1758988800,2025-09-27,2025-09-27 16:00,11855603569975,11850659.78328632,10775272781704,10770779.492954029,10773096639859,,1080330788271,1079880.2903322908,0.9088759351732205
1758992400,2025-09-27,2025-09-27 17:00,11855747653311,11852107.938781433,10975416865040,10972047.412062434,10273096639859,,880330788271,880060.5267190009,0.9257464974783647
1758996000,2025-09-27,2025-09-27 18:00,12027125823823,12023144.845175315,10975558694441,10971925.78451314,10273096639859,,1051567129382,1051219.0606621746,0.9125670467919206
1758999600,2025-09-27,2025-09-27 19:00,12030683212059,12026171.705854477,10975683237558,10971567.356343916,10273096639859,,1054999974501,1054604.3495105621,0.9123075592711546
1759003200,2025-09-27,2025-09-27 20:00,11515178774074,11510803.00613985,10975820781235,10971649.96933813,10273096639859,,539357992839,539153.0368017211,0.9531611272893701
1759006800,2025-09-27,2025-09-27 21:00,11591044846920,11586547.521519395,10976044869178,10971786.163768759,10273096639859,,614999977742,614761.3577506361,0.9469417998235579
1759010400,2025-09-27,2025-09-27 22:00,11581265573917,11575752.891503815,10976265594897,10971040.892473828,10273096639859,,604999979020,604711.9990299864,0.9477604606199029
1759014000,2025-09-27,2025-09-27 23:00,11476507151227,11472077.219466625,10976507174123,10972270.24235379,10273096639859,,499999977104,499806.97711283783,0.9564327394637189
1759017600,2025-09-28,2025-09-28 00:00,11598347126844,11593788.97642315,10976746641457,10972432.780026909,10273096639859,,621600485387,621356.196396243,0.9464061147171284
1759021200,2025-09-28,2025-09-28 01:00,11562480487825,11558028.932837188,10976969552711,10972743.419433208,10273096639859,,585510935114,585285.5134039811,0.9493611309674833
1759024800,2025-09-28,2025-09-28 02:00,12137125537401,12132355.647064801,10977125557078,10972811.546734069,10273096639859,,1159999980323,1159544.1003307332,0.9044254772888014
1759028400,2025-09-28,2025-09-28 03:00,11817266778048,11812575.323137114,10977266811057,10972908.83613301,10273096639859,,839999966991,839666.4870041045,0.9289175760547776
1759032000,2025-09-28,2025-09-28 04:00,11767446146992,11764033.587609371,10977446183399,10974262.724005813,10273096639859,,789999963593,789770.863603558,0.9328656401971348
1759035600,2025-09-28,2025-09-28 05:00,11788432631104,11784566.025200998,10977629346447,10974028.684021365,10273096639859,,810803284657,810537.3411796325,0.9312204336208632
1759039200,2025-09-28,2025-09-28 06:00,11788588595533,11784238.606341248,10877785310876,10873771.408096287,10273096639859,,910803284657,910467.1982449616,0.9227385638852367
1759042800,2025-09-28,2025-09-28 07:00,12044673248067,12041095.980112325,10877916803863,10874686.062572252,10273096639859,,1166756444204,1166409.9175400715,0.9031309176949862
1759046400,2025-09-28,2025-09-28 08:00,12318011495847,12314045.096145337,10878011527856,10874508.80814403,10273096639859,,1439999967991,1439536.2880013068,0.8830980172021682
1759050000,2025-09-28,2025-09-28 09:00,12035389058678,12031934.902018158,10878113923668,10874991.904971907,10273096639859,,1157275135010,1156942.9970462522,0.9038439780078769
1759053600,2025-09-28,2025-09-28 10:00,11973222904793,11969654.884367371,10878222926527,10874981.216094894,10273096639859,,1094999978266,1094673.6682724766,0.908545928947196
1759057200,2025-09-28,2025-09-28 11:00,11973338880760,11968800.98532419,10878338902494,10874216.012049954,10273096639859,,1094999978266,1094584.9732742372,0.9085468147881824
1759060800,2025-09-28,2025-09-28 12:00,11973454914552,11969994.586081695,10878454936286,10875311.062809413,10273096639859,,1094999978266,1094683.5232722813,0.9085477010536711
1759064400,2025-09-28,2025-09-28 13:00,12003569013477,12000159.999877173,10878569037791,10875479.524184268,10273096639859,,1124999975686,1124680.4756929053,0.9062778766529432
1759068000,2025-09-28,2025-09-28 14:00,11968683084693,11963943.486191463,10878683107792,10874375.149281314,10273096639859,,1089999976901,1089568.3369101472,0.9089289966834343
1759071600,2025-09-28,2025-09-28 15:00,11960711023831,11955878.896577373,10878801617405,10874406.581551569,10273096639859,,1081909406426,1081472.3150258039,0.9095447248687507
1759075200,2025-09-28,2025-09-28 16:00,11960830060502,11956344.749229312,10878920654076,10874841.058830721,10273096639859,,1081909406426,1081503.6903985902,0.9095456250984815
1759078800,2025-09-28,2025-09-28 17:00,11960949163348,11956224.588428477,10879039756922,10874742.536218015,10273096639859,,1081909406426,1081482.0522104616,0.9095465258107358
1759082400,2025-09-28,2025-09-28 18:00,11940021459062,11935424.550800262,10879162741544,10874974.263888506,10273096639859,,1060858717518,1060450.2869117556,0.9111510208624582
1759086000,2025-09-28,2025-09-28 19:00,11940145177380,11935261.658002451,10879286459862,10874836.831699915,10273096639859,,1060858717518,1060424.8263025351,0.9111519414749041
1759089600,2025-09-28,2025-09-28 20:00,11669421705954,11664928.978597209,10879421738227,10875233.160857784,10273096639859,,789999967727,789695.8177394251,0.9323017037490449
1759093200,2025-09-28,2025-09-28 21:00,11274660541108,11271379.614890536,10879660561075,10876494.579851726,10273096639859,,394999980033,394885.0350388104,0.9649656875616955
1759096800,2025-09-28,2025-09-28 22:00,11299930629584,11294879.560592575,10879930681213,10875067.352198498,10273096639859,,419999948371,419812.2083940782,0.9628316348003578
1759100400,2025-09-28,2025-09-28 23:00,11375189053420,11371207.737251304,10880189104361,10876381.038174473,10273096639859,,494999949059,494826.69907682936,0.9564842441972271
1759104000,2025-09-29,2025-09-29 00:00,11430441383142,11427069.402933972,10880441407362,10877231.677146828,10273096639859,,549999975780,549837.7257871449,0.9518828750925438
1759107600,2025-09-29,2025-09-29 01:00,11430673701944,11426261.461895049,10780673726164,10776512.386105701,10273096639859,,649999975780,649749.0757893489,0.9431354622895538
1759111200,2025-09-29,2025-09-29 02:00,11623263806605,11618707.487192811,10780886468912,10776660.361416187,10273096639859,,842377337693,842047.1257766244,0.927526609418061
1759114800,2025-09-29,2025-09-29 03:00,11781053297394,11776211.284488771,10781053327485,10776622.314567404,10273096639859,,999999969909,999588.9699213674,0.9151179487380638
1759118400,2025-09-29,2025-09-29 04:00,11848370968499,11844792.760466512,10781177299410,10777921.383865578,10273096639859,,1067193669089,1066871.3766009351,0.9099290803835967
1759122000,2025-09-29,2025-09-29 05:00,11871297246121,11867830.827325134,10781297270500,10778149.131697016,10273096639859,,1089999975621,1089681.6956281187,0.9081818984882075
1759125600,2025-09-29,2025-09-29 06:00,12631431257786,12627755.511289984,10781431028653,10778293.632223662,10273096639859,,1850000229133,1849461.8790663222,0.853539936102438
1759129200,2025-09-29,2025-09-29 07:00,12601786333650,12596745.619116541,10781521520850,10777208.912241662,10273096639859,,1820264812800,1819536.70687488,0.8555550169947393
1759132800,2025-09-29,2025-09-29 08:00,13061610177402,13057822.310450554,10781610198639,10778483.531681394,10273096639859,,2279999978763,2279338.7787691588,0.8254426561659567
1759136400,2025-09-29,2025-09-29 09:00,12561698750606,12556875.058285767,10781698770946,10777558.598617956,10273096639859,12838249.99399262,1779999979660,1779316.4596678105,0.8582994215193921
1759140000,2025-09-29,2025-09-29 10:00,12536793870351,12531967.204710916,11281795842606,11277452.351206597,12273096639859,15337642.42532262,1254998027745,1254514.8535043183,0.899894818346418
1759143600,2025-09-29,2025-09-29 11:00,12701891325598,12698169.6714396,11281891362220,11278585.76805087,12273096639859,15337673.110641569,1419999963378,1419583.9033887303,0.8882056280456212
1759147200,2025-09-29,2025-09-29 12:00,12537004792925,12533256.228491915,11282004869248,11278631.549792096,12273096639859,15337673.110641569,1254999923677,1254624.6786998205,0.8998963512891665
1759150800,2025-09-29,2025-09-29 13:00,12537103045761,12532865.504931534,11282103122084,11278289.771228736,12273096639859,15337182.145538371,1254999923677,1254575.7337027972,0.8998971357979437
1759154400,2025-09-29,2025-09-29 14:00,12537201299388,12532963.725348808,11282201375711,11278387.99164601,12273096639859,15337182.145538371,1254999923677,1254575.7337027972,0.8998979203007403
1759158000,2025-09-29,2025-09-29 15:00,12537299553806,12532547.917275107,11282299630129,11278023.638569182,12273096639859,15336721.865754124,1254999923677,1254524.2787059264,0.8998987047975563
1759161600,2025-09-29,2025-09-29 16:00,12537397809016,12532608.523052957,11282397885339,11278088.0093468,12273096639859,15336721.865754124,1254999923677,1254520.5137061554,0.8998994892883997
1759165200,2025-09-29,2025-09-29 17:00,12537496065016,12532405.841613604,11282496141339,11277915.447905617,12273096639859,15336629.809797274,1254999923677,1254490.3937079872,0.8999002737732545
1759168800,2025-09-29,2025-09-29 18:00,12537594321807,12533895.731482068,11282594398130,11279266.03278255,12273096639859,15336629.809797274,1254999923677,1254629.6986995153,0.8999010582521287
1759172400,2025-09-29,2025-09-29 19:00,12537692579390,12532777.80389888,11282692655713,11278269.84019196,12273096639859,15336660.495116223,1254999923677,1254507.9637069188,0.8999018427250304
1759176000,2025-09-29,2025-09-29 20:00,12537790837763,12533553.064459836,11282790914086,11278977.330757039,12273096639859,15336660.495116223,1254999923677,1254575.7337027972,0.8999026271919434
1759179600,2025-09-29,2025-09-29 21:00,12537889096928,12533463.222076785,11282889173251,11278906.313372841,12273096639859,15336660.495116223,1254999923677,1254556.9087039419,0.8999034116528837
1759183200,2025-09-29,2025-09-29 22:00,12382992000354,12379351.400705894,11282992029200,11279674.829543415,12273096639859,15338148.733085295,1099999971154,1099676.5711624806,0.911168482453792
1759186800,2025-09-29,2025-09-29 23:00,12383123248694,12379470.227335636,11283123277540,11279794.756173125,12273096639859,15338148.733085295,1099999971154,1099675.4711625094,0.9111694239762967
1759190400,2025-09-30,2025-09-30 00:00,12383254582263,12378400.346466754,11283254611109,11278831.575301446,12273096639859,15342576.842003131,1099999971154,1099568.7711653076,0.9111703660902223
1759194000,2025-09-30,2025-09-30 01:00,12538379625325,12534292.113567144,11283379659879,11279701.27810988,12273096639859,15342576.842003131,1254999965446,1254590.8354572644,0.8999073243155636
1759197600,2025-09-30,2025-09-30 02:00,12463480665413,12458657.298395485,11283480692694,11279113.985665929,12273096639859,15342576.842003131,1179999972719,1179543.3127295577,0.905323400068042
1759201200,2025-09-30,2025-09-30 03:00,13548590505032,13541924.598503523,11283590559705,11278039.033149624,12273096639859,15342423.355761133,2264999945327,2263885.5653538993,0.8328239424989803
1759204800,2025-09-30,2025-09-30 04:00,14631814750440,14626064.447243078,12883697423575,12878634.130487537,12273096639859,15342576.842003131,1748117326865,1747430.316755542,0.8805262808010584
1759208400,2025-09-30,2025-09-30 05:00,14261477208711,14257284.33441164,12883816222066,12880028.380096713,12273096639859,15344127.053047324,1377660986645,1377255.9543149264,0.9033998395479316
1759212000,2025-09-30,2025-09-30 06:00,14303935337670,14298299.587146958,12883935395423,12878859.124877203,12273096639859,15344127.053047324,1419999942247,1419440.4622697548,0.9007266246158585
1759215600,2025-09-30,2025-09-30 07:00,14319049897884,14314797.140064329,12884049933670,12880223.3708397,12273096639859,15342592.19062733,1434999964214,1434573.7692246283,0.8997838561603129
1759219200,2025-09-30,2025-09-30 08:00,14136014802975,14130459.349157432,12884182215932,12879118.73232114,12273096639859,15342592.19062733,1251832587043,1251340.616836292,0.9114437410761946
1759222800,2025-09-30,2025-09-30 09:00,14136165956783,14131967.515493836,12884333369740,12880506.722729187,12273096639859,15343605.199824527,1251832587043,1251460.792764648,0.911444687981869
1759226400,2025-09-30,2025-09-30 10:00,14136317211136,14130662.684251547,12884484624093,12879330.830243364,12273096639859,15342500.098882131,1251832587043,1251331.8540081829,0.9114456354971393
1759230000,2025-09-30,2025-09-30 11:00,14136468566112,14132255.8984793,12884635979069,12880796.357547237,12273096639859,15343190.78697113,1251832587043,1251459.5409320612,0.9114465836224545
1759233600,2025-09-30,2025-09-30 12:00,14136620021786,14132421.44563953,12884787434743,12880960.652874881,12273096639859,15343190.78697113,1251832587043,1251460.792764648,0.9114475323582444
1759237200,2025-09-30,2025-09-30 13:00,14097227425653,14092208.812689466,12884940424234,12880353.385442972,12273096639859,15344034.961302124,1212287001419,1211855.427246495,0.9140052887837379
1759240800,2025-09-30,2025-09-30 14:00,14097387774344,14091777.014009811,12885100772925,12879972.502817376,12273096639859,15343513.108079325,1212287001419,1211804.5111924354,0.9140062669180985
1759244400,2025-09-30,2025-09-30 15:00,14097548253281,14092106.599655233,12885261251862,12880287.541018782,12273096639859,15343513.108079325,1212287001419,1211819.0586364523,0.9140072458246874
1759248000,2025-09-30,2025-09-30 16:00,14097708862582,14093564.1361764,12885421861163,12881633.547135817,12273096639859,15343513.108079325,1212287001419,1211930.589040583,0.914008225504171
1759251600,2025-09-30,2025-09-30 17:00,14170579579714,14165067.224257492,12885579629212,12880567.138736237,12273096639859,15343513.108079325,1284999950502,1284500.085521255,0.9093191676971667
1759255200,2025-09-30,2025-09-30 18:00,14170724499278,14166090.672366736,12885724548776,12881510.916848551,12273096639859,15343513.108079325,1284999950502,1284579.755518186,0.9093200950616553
1759258800,2025-09-30,2025-09-30 19:00,14065884497586,14060426.934400937,12885884519995,12880884.796801241,12273096639859,15343513.108079325,1179999977591,1179542.1375996945,0.9161090809615625
1759262400,2025-09-30,2025-09-30 20:00,14066052743362,14061875.125697222,12886052765771,12882225.608099565,12273096639859,15343513.108079325,1179999977591,1179649.5175976555,0.9161100843910982
1759266000,2025-09-30,2025-09-30 21:00,13831267413082,13826357.313150356,12886267464813,12881692.839862991,12273096639859,,944999948269,944664.4732873646,0.9316765470548858
1759269600,2025-09-30,2025-09-30 22:00,13706498685128,13701879.59507111,12886498752402,12882156.002322441,12273096639859,,819999932726,819723.5927486713,0.9401743689936127
1759273200,2025-09-30,2025-09-30 23:00,13726748993484,13721203.386890633,12886749069164,12881542.822540058,12273096639859,,839999924320,839660.5643505747,0.9388056177964104
1759276800,2025-10-01,2025-10-01 00:00,13801989820726,13797863.025769603,12886989892276,12883136.68229821,12273096639859,,914999928450,914726.3434713935,0.9337052163974231
1759280400,2025-10-01,2025-10-01 01:00,13802220134491,13796975.290839894,12887220206041,12882323.062362704,12273096639859,,914999928450,914652.228477189,0.9337063226398292
1759284000,2025-10-01,2025-10-01 02:00,13802450896022,13797067.940172551,12887450967572,12882424.861694647,12273096639859,,914999928450,914643.0784779045,0.9337074309959175
1759287600,2025-10-01,2025-10-01 03:00,13844901767549,13840180.656046266,12887680339229,12883285.640233323,12273096639859,,957221428320,956895.0158129428,0.9308610892015409
1759291200,2025-10-01,2025-10-01 04:00,14007872179075,14003669.817421278,12887872246310,12884005.884636106,12273096639859,,1119999932765,1119663.9327851706,0.9200449634000759
1759294800,2025-10-01,2025-10-01 05:00,14138034013630,14133891.569664007,12888034062257,12884257.868276758,12273096639859,,1249999951373,1249633.7013872478,0.9115860132909627
1759298400,2025-10-01,2025-10-01 06:00,14138189452920,14132619.006275548,12888189501547,12883111.55488339,12273096639859,,1249999951373,1249507.4513921589,0.9115869853395666
1759302000,2025-10-01,2025-10-01 07:00,14648324517485,14642465.187678007,12888324587635,12883169.257799946,12273096639859,,1759999929850,1759295.92987806,0.8798497447439008
1759305600,2025-10-01,2025-10-01 08:00,14648437993520,14644058.110559937,12888438063670,12884584.420688963,12273096639859,,1759999929850,1759473.6898709747,0.87985067550352
1759309200,2025-10-01,2025-10-01 09:00,14598551688951,14594259.71475445,12888551759101,12884762.524883823,12273096639859,,1709999929850,1709497.189870624,0.8828650974230393
1759312800,2025-10-01,2025-10-01 10:00,14268669882687,14261692.503114367,12888669938247,12882367.378647199,12273096639859,,1379999944440,1379325.124467169,0.903284611965518
1759316400,2025-10-01,2025-10-01 11:00,14033800138647,14027695.435586689,12888800196641,12883193.568555461,12273096639859,,1144999942006,1144501.8670312276,0.9184112691720013
1759320000,2025-10-01,2025-10-01 12:00,14028977288039,14024838.739739029,12888977340156,12885175.091840653,12273096639859,,1139999947883,1139663.6478983744,0.9187396255281591
1759323600,2025-10-01,2025-10-01 13:00,14029157888910,14024359.916911993,12889157941027,12884749.84901117,12273096639859,,1139999947883,1139610.067900824,0.918740671613357
1759327200,2025-10-01,2025-10-01 14:00,13994344537342,13990272.183081634,12889344593137,12885593.793860396,12273096639859,,1104999944205,1104678.3892212363,0.9210395355597786
1759330800,2025-10-01,2025-10-01 15:00,13994533553804,13990433.155472737,12889533609599,12885756.976251388,12273096639859,,1104999944205,1104676.179221348,0.9210406020353112
1759334400,2025-10-01,2025-10-01 16:00,13999722461768,13994822.558906382,12889722546671,12885211.143779665,12273096639859,,1109999915097,1109611.4151267163,0.9207127199751058
1759338000,2025-10-01,2025-10-01 17:00,13889916219825,13885360.327304898,12889916278474,12885688.38593466,12273096639859,,999999941351,999671.9413702369,0.9280053295120884
1759341600,2025-10-01,2025-10-01 18:00,13800140690685,13797063.259310978,12890140723960,12887266.222578557,12273096639859,,909999966725,909797.0367324203,0.9340586456963266
1759345200,2025-10-01,2025-10-01 19:00,13855371525607,13851616.71992356,12890371595233,12886878.304530693,12273096639859,,964999930374,964738.4153928686,0.9303519267895111
1759348800,2025-10-01,2025-10-01 20:00,13855594615421,13851604.20417176,12890594685047,12886882.193777708,12273096639859,,964999930374,964722.0103940524,0.9303530481975869
1759352400,2025-10-01,2025-10-01 21:00,13665810059833,13662557.597038759,12690810121570,12687789.708761068,12073096639859,,974999938263,974767.8882776934,0.9286540692433044
1759356000,2025-10-01,2025-10-01 22:00,13286019706547,13282326.193068579,12291019739253,12287602.835765487,12073096639859,,994999967294,994723.3573030923,0.9251092509817903
1759359600,2025-10-01,2025-10-01 23:00,13286215854018,13283638.32814232,12291215886724,12288831.390841976,12073096639859,,994999967294,994806.9373003449,0.9251103566112022
1759363200,2025-10-02,2025-10-02 00:00,13286367983594,13282714.232398512,12091368016300,12088042.890095517,12073096639859,,1194999967294,1194671.342302994,0.9100581913153704
1759366800,2025-10-02,2025-10-02 01:00,13286511494645,13283043.715144897,12091511527351,12088355.642842362,12073096639859,,1194999967294,1194688.0723025363,0.9100591628001351
1759370400,2025-10-02,2025-10-02 02:00,12781690889432,12777984.199074065,12091690951132,12088184.360756172,12073096639859,,689999938300,689799.838317893,0.946016536914494
1759374000,2025-10-02,2025-10-02 03:00,12861959909952,12858294.251377665,12091960024933,12088513.816325894,12073096639859,,769999885019,769780.4350517696,0.9401335495982063
1759377600,2025-10-02,2025-10-02 04:00,12862204211287,12858589.931903629,12092204326268,12088806.41685232,12073096639859,,769999885019,769783.5150513097,0.9401346866858714
1759381200,2025-10-02,2025-10-02 05:00,13432386216071,13428517.688840773,12092386243783,12088903.636544792,12073096639859,,1339999972288,1339614.052295981,0.9002411075193196
1759384800,2025-10-02,2025-10-02 06:00,13374915048916,13371089.82321201,12034915089724,12031473.10400834,12020045070089,,1339999959192,1339616.7192036712,0.899812450823708
1759388400,2025-10-02,2025-10-02 07:00,13375025611818,13372297.10659319,12035025652626,12032570.507392865,12020045070089,,1339999959192,1339726.5992003249,0.8998132790109954
1759392000,2025-10-02,2025-10-02 08:00,13375136175603,13371337.63692913,12035136216411,12031718.23772554,12020045070089,,1339999959192,1339619.3992035897,0.8998141071912049
1759395600,2025-10-02,2025-10-02 09:00,13375246740272,13372665.317651128,12035246781080,12032923.978451252,12020045070089,,1339999959192,1339741.339199876,0.8998149353643439
1759399200,2025-10-02,2025-10-02 10:00,13375357305825,13372829.3632942,12035357346633,12033082.664094487,12020045070089,,1339999959192,1339746.6991997128,0.8998157635304123
1759402800,2025-10-02,2025-10-02 11:00,13375467872262,13372846.280559037,12035467913070,12033108.961359039,12020045070089,,1339999959192,1339737.3191999984,0.8998165916894102
1759406400,2025-10-02,2025-10-02 12:00,13375578439583,13372876.572738204,12035578480391,12033147.29353796,12020045070089,,1339999959192,1339729.2792002433,0.8998174198413377
1759410000,2025-10-02,2025-10-02 13:00,13375689007788,13371876.936420782,12035689048596,12032258.877217151,12020045070089,,1339999959192,1339618.0592036303,0.8998182479861946
1759413600,2025-10-02,2025-10-02 14:00,13375799576877,13372740.55405643,12035799617685,12033047.050596751,12020045070089,,1339999959192,1339693.5034596776,0.8998190761239812
1759417200,2025-10-02,2025-10-02 15:00,13375910146849,13373360.3198297,12035910187657,12033615.802552627,12020045070089,,1339999959192,1339744.5172770726,0.8998199042546897
1759420800,2025-10-02,2025-10-02 16:00,13376020717706,13373487.64694732,12036020758514,12033741.448928759,12020045070089,,1339999959192,1339746.1980185618,0.8998207323783354
1759424400,2025-10-02,2025-10-02 17:00,13376131289447,13373543.643068753,12036131330255,12033802.910252916,12020045070089,,1339999959192,1339740.7328158363,0.8998215604949106
1759428000,2025-10-02,2025-10-02 18:00,13376245224982,13373654.359682353,12036245269792,12033913.95112349,12020045070089,,1339999955190,1339740.4085588611,0.8998224140891673
1759431600,2025-10-02,2025-10-02 19:00,13376355805906,13372557.657599503,12036355850716,12032938.188592315,12020045070089,,1339999955190,1339619.469007189,0.8998232422467145
1759435200,2025-10-02,2025-10-02 20:00,13376466387721,13372668.988664763,12036466432531,12033049.441455293,12020045070089,,1339999955190,1339619.5472094687,0.8998240703972418
1759438800,2025-10-02,2025-10-02 21:00,13556578412572,13552795.064023478,12199578468912,12196173.829770153,12179777617732,,1356999943660,1356621.2342533234,0.8999009999159113
1759442400,2025-10-02,2025-10-02 22:00,13556690502126,13552872.873168647,12199690558466,12196255.06719035,12179777617732,,1356999943660,1356617.8059782975,0.899901827555391
1759446000,2025-10-02,2025-10-02 23:00,13556802592640,13554230.086776504,12199802648980,12197487.644122953,12179777617732,,1356999943660,1356742.4426535517,0.8999026551882731
1759449600,2025-10-03,2025-10-03 00:00,13556914684113,13553136.60644729,12199914740453,12196514.835203283,12179777617732,,1356999943660,1356621.7712440065,0.8999034828145497
1759453200,2025-10-03,2025-10-03 01:00,13557030510234,13553189.56155595,12216530566574,12213069.405452128,12195699825094,,1340499943660,1340120.156103821,0.9011214186876635
1759456800,2025-10-03,2025-10-03 02:00,13557146549253,13553130.000550112,12216646605593,12213027.204128312,12195699825094,,1340499943660,1340102.7964217986,0.901122265014251
1759460400,2025-10-03,2025-10-03 03:00,13321376648873,13317566.623581639,12216783391382,12213289.28901352,12195699825094,,1104593257491,1104277.3345681191,0.9170811480970738
1759464000,2025-10-03,2025-10-03 04:00,13371568544230,13368915.379019601,12166709541451,12164295.442433849,12149493773617,,1204859002779,1204619.9365857532,0.9098939665310312
1759467600,2025-10-03,2025-10-03 05:00,13371713762856,13367702.178107366,12166854760077,12163204.6393924,12149493773617,,1204859002779,1204497.5387149674,0.909894945094782
1759471200,2025-10-03,2025-10-03 06:00,13371859065253,13367877.017054657,12167000062474,12163376.81304835,12149493773617,,1204859002779,1204500.204006304,0.9098959242017555
1759474800,2025-10-03,2025-10-03 07:00,13372004451478,13367908.059590278,12167145448699,12163418.154403396,12149493773617,,1204859002779,1204489.9051868818,0.9098969038522996
1759478400,2025-10-03,2025-10-03 08:00,13372149921583,13369462.119448762,12167290918804,12164845.293329319,12149493773617,,1204859002779,1204616.8261194413,0.9098978840467287
1759482000,2025-10-03,2025-10-03 09:00,13372295475625,13368323.90386874,12167436472846,12163822.744213564,12149493773617,,1204859002779,1204501.1596551747,0.9098988647853904
1759485600,2025-10-03,2025-10-03 10:00,13457578011427,13453644.785989799,12167578062435,12164021.863280613,12149493773617,,1289999948992,1289622.922709183,0.9041432308327215
1759489200,2025-10-03,2025-10-03 11:00,13457704318585,13455044.777707469,12167704369593,12165299.761318767,12149493773617,,1289999948992,1289745.0163887017,0.904144130495532
1759492800,2025-10-03,2025-10-03 12:00,13457830333651,13453888.357701669,12151328169173,12147768.884934178,12133571566255,,1306502164478,1306119.4727674911,0.9029188114215468
1759496400,2025-10-03,2025-10-03 13:00,13457952403551,13454041.345789798,12151450239073,12147918.868003888,12133571566255,,1306502164478,1306122.47778591,0.9029196919931692
1759500000,2025-10-03,2025-10-03 14:00,13458074495017,13455007.654315518,12151572330539,12148803.216976425,12133571566255,,1306502164478,1306204.4373390933,0.902920572704383
1759503600,2025-10-03,2025-10-03 15:00,13458196608052,13455540.037813894,12151694443574,12149295.769313138,12133571566255,,1306502164478,1306244.2685007562,0.9029214535552019
1759507200,2025-10-03,2025-10-03 16:00,13361833545287,13359340.189548437,12151833592384,12149566.02604148,12133571566255,,1209999952903,1209774.1635069558,0.9094435693423383
1759510800,2025-10-03,2025-10-03 17:00,13371984591102,13368027.582668116,12151984655367,12148388.666645797,12133571566255,,1219999935735,1219638.91602232,0.9087644823830553
1759514400,2025-10-03,2025-10-03 18:00,13302128995300,13297139.604483595,12152129049665,12147571.003272457,12133571566255,,1149999945635,1149568.6012111378,0.9135476775152815
1759518000,2025-10-03,2025-10-03 19:00,13302287253388,13299662.218512798,12152287307753,12149889.21053944,12133571566255,,1149999945635,1149773.007973358,0.9135487060436089
1759521600,2025-10-03,2025-10-03 20:00,13302445635974,13298624.259127362,12152445690339,12148954.672532057,12133571566255,,1149999945635,1149669.5865953057,0.9135497353565544
1759525200,2025-10-03,2025-10-03 21:00,13302604143171,13300007.519911883,12152604197536,12150232.050370036,12133571566255,,1149999945635,1149775.4695418472,0.9135507654547954
1759528800,2025-10-03,2025-10-03 22:00,13302762775089,13300141.027807463,12152762829454,12150367.727515405,12133571566255,,1149999945635,1149773.3002920581,0.9135517963389898
1759532400,2025-10-03,2025-10-03 23:00,13302921531840,13301570.781670302,12152921586205,12151687.604567537,12133571566255,,1149999945635,1149883.1771027644,0.9135528280098081
1759536000,2025-10-04,2025-10-04 00:00,13313079305421,13311769.452467745,12153079365856,12151883.643474024,12133571566255,,1159999939565,1159885.8089937204,0.9128676459477969
1759539600,2025-10-04,2025-10-04 01:00,13305100833814,13302507.649235925,12153236283965,12150867.599555997,12133571566255,,1151864549849,1151640.049679929,0.9134268455206581
1759543200,2025-10-04,2025-10-04 02:00,13305259546242,13301343.861253036,12153394996393,12149818.300561782,12133571566255,,1151864549849,1151525.5606912547,0.9134278782126923
1759546800,2025-10-04,2025-10-04 03:00,13263554105749,13260220.741281442,12153554146154,12150499.744202431,12133571566255,,1109999959595,1109720.9970790104,0.9163120268711478
1759550400,2025-10-04,2025-10-04 04:00,13263722889097,13259749.505051939,12153722929502,12150082.065682696,12133571566255,,1109999959595,1109667.439369242,0.9163130918162171
1759554000,2025-10-04,2025-10-04 05:00,13271319393261,13268718.888251027,12153891129075,12151509.58328929,12133571566255,,1117428264186,1117209.3049617365,0.915801268052262
1759557600,2025-10-04,2025-10-04 06:00,13264058890743,13261406.057707401,12154058954228,12151628.12295863,12133571566255,,1109999936515,1109777.9347487716,0.9163152134909722
1759561200,2025-10-04,2025-10-04 07:00,13279015694545,13275147.622175064,12154225644563,12150685.21464898,12133571566255,,1124790049982,1124462.4075260833,0.915295675835065
1759564800,2025-10-04,2025-10-04 08:00,13279181628412,13276583.907360679,12154391578430,12152013.89283515,12133571566255,,1124790049982,1124570.01452553,0.9152967342825246
1759568400,2025-10-04,2025-10-04 09:00,13296385273520,13292499.596009225,12154553809819,12151001.81614397,12133571566255,,1141831463701,1141497.779865256,0.9141246707121988
1759572000,2025-10-04,2025-10-04 10:00,13294716053305,13289885.159641828,12154716114973,12150299.462460674,12133571566255,,1139999938332,1139585.697181153,0.914251652027679
1759575600,2025-10-04,2025-10-04 11:00,13294878832957,13291023.92170112,12154878894625,12151354.53159368,12133571566255,,1139999938332,1139669.3901074396,0.9142527019121057
1759579200,2025-10-04,2025-10-04 12:00,13275548646990,13271691.226537067,12155044430807,12151512.590561412,12133571566255,,1120504216183,1120178.6359756554,0.9155963910812036
1759582800,2025-10-04,2025-10-04 13:00,13275716317229,13271747.756886572,12155212101046,12151578.49728818,12133571566255,,1120504216183,1120169.2595983902,0.9155974570856995
1759586400,2025-10-04,2025-10-04 14:00,13275884139130,13271827.740053786,12155379922947,12151665.889939953,12133571566255,,1120504216183,1120161.8501138338,0.9155985240274604
1759590000,2025-10-04,2025-10-04 15:00,13276052112848,13272889.440323193,12155547896665,12152652.154991949,12133571566255,,1120504216183,1120237.285331243,0.9155995919073997
1759593600,2025-10-04,2025-10-04 16:00,13276220238540,13272359.54818389,12155716022357,12152181.171716087,12133571566255,,1120504216183,1120178.3764678047,0.9156006607264431
1759597200,2025-10-04,2025-10-04 17:00,13276388516360,13272517.902438926,12155884300177,12152340.359372824,12133571566255,,1120504216183,1120177.5430661025,0.9156017304854973
1759600800,2025-10-04,2025-10-04 18:00,13082941132635,13078964.95335675,11992941179849,11989296.274340283,11973839018612,,1089999952786,1089668.679016469,0.9166854041659617
1759604400,2025-10-04,2025-10-04 19:00,13045840351351,13041818.937963272,11993115884029,11989418.975629255,11973839018612,,1052724467322,1052399.9623340142,0.9193057373867846
1759608000,2025-10-04,2025-10-04 20:00,13053293764814,13049583.860549487,11993293831299,11989885.191860406,11973839018612,,1059999933515,1059698.6686890805,0.9187944473928643
1759611600,2025-10-04,2025-10-04 21:00,13053471289497,13049902.991158428,11993471355982,11990192.819341123,11973839018612,,1059999933515,1059710.1718173057,0.9187955517726621
1759615200,2025-10-04,2025-10-04 22:00,13053649007387,13049824.098957516,11993649073872,11990134.76079242,11973839018612,,1059999933515,1059689.3381650974,0.918796657324312
1759618800,2025-10-04,2025-10-04 23:00,13053826918721,13049884.00561585,11993826985206,11990204.24546115,11973839018612,,1059999933515,1059679.760154702,0.9187977640491913
1759622400,2025-10-05,2025-10-05 00:00,13084100767449,13081483.947295511,11994000811565,11991602.011402687,11973839018612,,1090099955884,1089881.9358928234,0.9166851451804787
1759626000,2025-10-05,2025-10-05 01:00,13120925191019,13118345.809247369,11994163839597,11991805.962608645,11973839018612,,1126761351422,1126539.8466387226,0.914124855144114
1759629600,2025-10-05,2025-10-05 02:00,13121087618376,13117222.959789837,11994326266954,11990793.482375387,11973839018612,,1126761351422,1126429.4774144497,0.9141259182017825
1759633200,2025-10-05,2025-10-05 03:00,13121250178955,13118680.495571718,11994488827533,11992139.810616875,11973839018612,,1126761351422,1126540.684954843,0.9141269821050133
1759636800,2025-10-05,2025-10-05 04:00,13121412872880,13118839.615981461,11994651521458,11992299.235155284,11973839018612,,1126761351422,1126540.3808261775,0.9141280468545543
1759640400,2025-10-05,2025-10-05 05:00,12974818353106,12972297.48827807,11994818393457,11992487.931867283,11973839018612,,979999959649,979809.5564107874,0.9244690805698716
1759644000,2025-10-05,2025-10-05 06:00,13015009640397,13011229.784890447,11995009688879,11991526.064611606,11973839018612,,1019999951518,1019703.720278842,0.9216289515182498
1759647600,2025-10-05,2025-10-05 07:00,13015198666946,13011350.561073698,11995198715428,11991652.185267575,11973839018612,,1019999951518,1019698.3758061246,0.9216300897420461
1759651200,2025-10-05,2025-10-05 08:00,13035385550535,13031395.882867163,11995385596946,11991714.236256754,11973839018612,,1039999953589,1039681.6466104069,0.9202171696757895
1759654800,2025-10-05,2025-10-05 09:00,13075567559441,13072971.301562147,11995567604811,11993185.789508244,11973839018612,,1079999954630,1079785.5120539037,0.9174032064214143
1759658400,2025-10-05,2025-10-05 10:00,12939685554930,12936093.753199024,11995751129208,11992421.345073191,11973839018612,,943934425722,943672.4081258349,0.9270512083377201
1759662000,2025-10-05,2025-10-05 11:00,12945958398052,12942055.121931257,11995958448812,11992341.602788014,11973839018612,,949999949240,949713.5191432423,0.9266180285746208
1759665600,2025-10-05,2025-10-05 12:00,13026158359027,13022430.504208501,11996158404592,11992725.317439253,11973839018612,,1029999954435,1029705.1867692489,0.9209283408011679
1759669200,2025-10-05,2025-10-05 13:00,13026346414124,13022614.364760369,11996346459689,11992909.505400557,11973839018612,,1029999954435,1029704.8593598129,0.9209294823206753
1759672800,2025-10-05,2025-10-05 14:00,13026534696983,13022606.983560205,11996534742548,11992917.590969978,11973839018612,,1029999954435,1029689.3925902254,0.9209306251897097
1759676400,2025-10-05,2025-10-05 15:00,13026723207919,13022815.154609865,11996723253484,11993124.203035068,11973839018612,,1029999954435,1029690.9515747954,0.9209317694100648
1759680000,2025-10-05,2025-10-05 16:00,12956910648093,12953139.276707014,11996910692006,11993418.748059414,11973839018612,,959999956087,959720.5286475997,0.9259082676294991
1759683600,2025-10-05,2025-10-05 17:00,13007177774131,13003346.191362971,11997108161299,11993574.119272726,11973839018612,,1010069612832,1009772.0720902464,0.9223452135142758
1759687200,2025-10-05,2025-10-05 18:00,13037300146991,13034701.315654226,11997300194710,11994908.675043263,11973839018612,,1039999952281,1039792.6406109642,0.9202288863065693
1759690800,2025-10-05,2025-10-05 19:00,13037487157153,13034140.125611443,11997487204872,11994407.165934274,11973839018612,,1039999952281,1039732.959677169,0.9202300305461544
1759694400,2025-10-05,2025-10-05 20:00,13037674386321,13034632.306312088,11997674434040,11994875.01717563,11973839018612,,1039999952281,1039757.2891364575,0.9202311760928653
1759698000,2025-10-05,2025-10-05 21:00,13037861834787,13034024.824332463,11997861882506,11994330.941462245,11973839018612,,1039999952281,1039693.8828702187,0.9202323229483748
1759701600,2025-10-05,2025-10-05 22:00,13038049502841,13034205.461277695,11998049550560,11994512.134849092,11973839018612,,1039999952281,1039693.326428603,0.9202334711143424
1759705200,2025-10-05,2025-10-05 23:00,13038237390774,13034306.239275988,11998237438493,11994619.856785737,11973839018612,,1039999952281,1039686.3824902525,0.9202346205924341
1759708800,2025-10-06,2025-10-06 00:00,13118406262657,13114509.28258947,11998406308446,11994842.037810529,11973839018612,,1119999954211,1119667.2447789388,0.9146237788503925
1759712400,2025-10-06,2025-10-06 01:00,13118574800096,13115294.696052514,11998574845885,11995574.781131946,11973839018612,,1119999954211,1119719.9149205668,0.9146248756989361
1759716000,2025-10-06,2025-10-06 02:00,13108739734899,13106145.11238424,11998739795343,11996364.875934169,11973839018612,,1109999939556,1109780.2364500724,0.9153236724503058
1759719600,2025-10-06,2025-10-06 03:00,13108911019325,13105031.47091623,11998911079769,11995360.032979693,11973839018612,,1109999939556,1109671.4379365374,0.9153247788531289
1759723200,2025-10-06,2025-10-06 04:00,13109128752429,13106433.777999077,11999082512401,11996615.741255172,11973839018612,,1110046240028,1109818.0367439066,0.9153226533210822
1759726800,2025-10-06,2025-10-06 05:00,13109300335444,13106696.25279369,11999254095416,11996870.516688917,11973839018612,,1110046240028,1109825.7361047752,0.9153237616330495
1759730400,2025-10-06,2025-10-06 06:00,13109472071065,13106449.249057718,11999425831037,11996658.966873426,11973839018612,,1110046240028,1109790.2821842923,0.915324870901699
1759734000,2025-10-06,2025-10-06 07:00,13109643959445,13105823.062924912,11999597719417,11996100.353560962,11973839018612,,1110046240028,1109722.70936395,0.9153259811279425
1759737600,2025-10-06,2025-10-06 08:00,13109816000738,13105987.185447881,11999769760710,11996265.142343493,11973839018612,,1110046240028,1109722.043104388,0.9153270923126983
1759741200,2025-10-06,2025-10-06 09:00,13109988195099,13106043.855364865,11999941955071,11996331.589664387,11973839018612,,1110046240028,1109712.2657004788,0.9153282044568907
1759744800,2025-10-06,2025-10-06 10:00,13110160542682,13105754.239107847,12000114302654,11996081.083810503,11973839018612,,1110046240028,1109673.155297345,0.9153293175614375
1759748400,2025-10-06,2025-10-06 11:00,13110333043640,13106446.9538071,12000286803612,11996729.747327907,11973839018612,,1110046240028,1109717.2064791906,0.91533043162725
1759752000,2025-10-06,2025-10-06 12:00,13110505698128,13106709.004700664,12000459458100,11996984.224832982,11973839018612,,1110046240028,1109724.7798676833,0.9153315466552523
1759755600,2025-10-06,2025-10-06 13:00,13110678506299,13108043.390500184,12000632266271,11998220.258710489,11973839018612,,1110046240028,1109823.1317896957,0.915332662646355
1759759200,2025-10-06,2025-10-06 14:00,13110848380622,13105828.064840434,11921565480863,11917000.557100095,11903839018612,,1189282899759,1188827.5077403393,0.9092901645085931
1759762800,2025-10-06,2025-10-06 15:00,13110998999626,13107444.11707676,11921716099867,11918483.676424544,11903839018612,,1189282899759,1188960.4406522163,0.9092912065821281
1759766400,2025-10-06,2025-10-06 16:00,12875910523893,12872202.703163596,11748942180546,11745558.888056917,11742839018612,,1126968343347,1126643.8151066795,0.9124746680045844
1759770000,2025-10-06,2025-10-06 17:00,12876070220752,12872313.705204522,11749101877405,11745674.148050103,11742839018612,,1126968343347,1126639.557154418,0.912475753547018
1759773600,2025-10-06,2025-10-06 18:00,12876205740735,12872926.207939764,11653087240957,11650119.232947344,11657839018612,,1223118499778,1222806.9749924187,0.9050094007189899
1759777200,2025-10-06,2025-10-06 19:00,12863210291979,12859446.469761474,11555226175665,11551845.074367478,11571839018612,,1307984116314,1307601.3953939958,0.8983158879763002
1759780800,2025-10-06,2025-10-06 20:00,12863324516171,12860310.39536054,11555340399857,11552632.764523119,11571839018612,,1307984116314,1307677.6308374207,0.8983167909143798
1759784400,2025-10-06,2025-10-06 21:00,12863438740271,12858409.682596978,11555454623957,11550936.932465106,11571839018612,,1307984116314,1307472.750131872,0.8983176938356964
1759788000,2025-10-06,2025-10-06 22:00,12863552964281,12859740.303650023,11555568847967,11552143.864019135,11571839018612,,1307984116314,1307596.439630889,0.8983185967402663
1759791600,2025-10-06,2025-10-06 23:00,12863667188199,12859923.715897236,11555683071885,11552320.237720009,11571839018612,,1307984116314,1307603.478177228,0.898319499628074
1759795200,2025-10-07,2025-10-07 00:00,12863781412025,12861255.380928237,11555797295711,11553528.110439429,11571839018612,,1307984116314,1307727.2704888063,0.8983204024991203
1759798800,2025-10-07,2025-10-07 01:00,12863895635761,12861252.080340473,11555911519447,11553536.757290857,11571839018612,,1307984116314,1307715.323049615,0.8983213053534213
1759802400,2025-10-07,2025-10-07 02:00,12864009859405,12860249.53170548,11556025743091,11552647.757208446,11571839018612,,1307984116314,1307601.7744970345,0.8983222081909615
1759806000,2025-10-07,2025-10-07 03:00,12864124082958,12861628.914261812,11556139966644,11553898.498938343,11571839018612,,1307984116314,1307730.4153234707,0.8983231110117496
1759809600,2025-10-07,2025-10-07 04:00,12816272879311,12812574.714287084,11556272928875,11552938.339735484,11571839018612,,1259999950436,1259636.3745515975,0.9016874904037049
1759813200,2025-10-07,2025-10-07 05:00,12756397046073,12753108.066522399,11556397088830,11553417.505052032,11571839018612,,1199999957243,1199690.5614703659,0.9059295541751411
1759816800,2025-10-07,2025-10-07 06:00,12756531866409,12753778.407695848,11556531909166,11554037.466804052,11571839018612,,1199999957243,1199740.940891796,0.9059305483802469
1759820400,2025-10-07,2025-10-07 07:00,12736671554623,12732910.732684195,11556671602557,11553259.205219433,11571839018612,,1179999952066,1179651.527464762,0.9073541351046539
1759824000,2025-10-07,2025-10-07 08:00,12809521840801,12805718.507540083,11556798131593,11553366.750213595,11571839018612,,1252723709208,1252351.7573264868,0.9022037102729461
1759827600,2025-10-07,2025-10-07 09:00,12823230733346,12819426.381009536,11556918930266,11553490.26299416,11571839018612,,1266311803080,1265936.1180153764,0.9012486143771058
1759831200,2025-10-07,2025-10-07 10:00,12847036202856,12842520.667397581,11557036275017,11552974.154674998,11571839018612,,1289999927839,1289546.5127225842,0.8995877409022773
1759834800,2025-10-07,2025-10-07 11:00,12847150737013,12843230.363289127,11557150809174,11553624.085522773,11571839018612,,1289999927839,1289606.2777663558,0.8995886360916998
1759838400,2025-10-07,2025-10-07 12:00,12847265272005,12843482.764513755,11557265344166,11553862.64002492,11571839018612,,1289999927839,1289620.124488836,0.899589531271687
1759842000,2025-10-07,2025-10-07 13:00,12839212598540,12835437.496497005,11557380394563,11553982.188481098,11571839018612,,1281832203977,1281455.3080159065,0.9001627090338263
1759845600,2025-10-07,2025-10-07 14:00,12839327733086,12836777.809872316,11557495529109,11555200.18103826,11571839018612,,1281832203977,1281577.628834055,0.9001636043082059
1759849200,2025-10-07,2025-10-07 15:00,12839442869844,12836057.68556479,11557610665867,11554563.443154307,11571839018612,,1281832203977,1281494.2424104838,0.9001644995837289
1759852800,2025-10-07,2025-10-07 16:00,12839558008813,12836301.788650094,11557725804836,11554794.668127304,11571839018612,,1281832203977,1281507.1205227885,0.9001653948603872
1759856400,2025-10-07,2025-10-07 17:00,12947839704084,12944359.463635193,11557839774198,11554733.150822805,11571839018612,,1389999929886,1389626.3128123889,0.892646189506998
1759860000,2025-10-07,2025-10-07 18:00,12947953579400,12944171.241604444,11557953649514,11554577.356522234,11571839018612,,1389999929886,1389593.8850822102,0.8926471336677119
1759863600,2025-10-07,2025-10-07 19:00,12950519594901,12945779.036304181,11558067516697,11553836.667430501,11571839018612,,1392452078204,1391942.3688736819,0.8924790570756521
1759867200,2025-10-07,2025-10-07 20:00,12957960287226,12953613.931879995,11558181340666,11554304.498775257,11571839018612,,1399778946560,1399309.4331047377,0.8919753637507358
1759870800,2025-10-07,2025-10-07 21:00,12958074085377,12954302.249745058,11558295138817,11554930.750778943,11571839018612,,1399778946560,1399371.4989661146,0.8919763124259622
1759874400,2025-10-07,2025-10-07 22:00,12958187878856,12954291.20608723,11558408932296,11554933.188792523,11571839018612,,1399778946560,1399358.0172947084,0.8919772610455793
1759878000,2025-10-07,2025-10-07 23:00,12958301667664,12954976.350437373,11558522721104,11555556.610597808,11571839018612,,1399778946560,1399419.7398395636,0.8919782096095978
1759881600,2025-10-08,2025-10-08 00:00,12958415451802,12953685.179766737,11558636505242,11554417.201174317,11571839018612,,1399778946560,1399267.9785924202,0.8919791581180285
1759885200,2025-10-08,2025-10-08 01:00,12958529231269,12954700.22767065,11558750284709,11555334.889671283,11571839018612,,1399778946560,1399365.3379993667,0.8919801065708656
1759888800,2025-10-08,2025-10-08 02:00,12958643006065,12954789.275874987,11558864059505,11555426.605184551,11571839018612,,1399778946560,1399362.6706904373,0.8919810549681116
1759892400,2025-10-08,2025-10-08 03:00,12848978079102,12845225.788172435,11558978135077,11555602.563218735,11571839018612,,1289999944025,1289623.2249537008,0.899602915026908
1759896000,2025-10-08,2025-10-08 04:00,12849092577652,12846545.787392993,11559092633627,11556801.531407572,11571839018612,,1289999944025,1289744.25598542,0.8996038096675671
1759899600,2025-10-08,2025-10-08 05:00,12849207174704,12845336.017799739,11559207252392,11555724.741420351,11571839018612,,1289999922312,1289611.2763793867,0.8996047067517442
1759903200,2025-10-08,2025-10-08 06:00,12789322270499,12785618.511901073,11559322328021,11555974.774604712,11571839018612,,1229999942478,1229643.737296361,0.9038260263942814
1759906800,2025-10-08,2025-10-08 07:00,12786031446498,12782283.202714937,11559450947042,11556062.277122864,11571839018612,,1226580499456,1226220.925592073,0.9040687093107415
1759910400,2025-10-08,2025-10-08 08:00,12771586598454,12767853.909291198,11559579988107,11556201.52618956,11571839018612,,1212006610347,1211652.3831016368,0.9051013277791411
1759914000,2025-10-08,2025-10-08 09:00,12849703616587,12845922.475766465,11559703666132,11556302.119395243,11571839018612,,1289999950455,1289620.3563712223,0.8996085832836014
1759917600,2025-10-08,2025-10-08 10:00,12849868165205,12845920.249333961,11559818244240,11556266.67551369,11571839018612,,1290049920965,1289653.573820272,0.8996059800474677
1759921200,2025-10-08,2025-10-08 11:00,12814369803353,12810135.706938706,11559939004149,11556119.39405205,11571839018612,,1254430799204,1254016.3128866549,0.9021074919442572
1759924800,2025-10-08,2025-10-08 12:00,12814491684908,12810691.688715547,11560060885704,11556632.877131335,11571839018612,,1254430799204,1254058.8115842114,0.9021084230222429
1759928400,2025-10-08,2025-10-08 13:00,12814613582406,12811765.102869717,11560182783202,11557613.14316706,11571839018612,,1254430799204,1254151.9597026575,0.9021093542043056
1759932000,2025-10-08,2025-10-08 14:00,12814735495849,12810944.425774692,11560304696645,11556884.73333795,11571839018612,,1254430799204,1254059.6924367403,0.9021102854904544
1759935600,2025-10-08,2025-10-08 15:00,12814857425239,12811070.435330708,11560426626035,11557010.339960514,11571839018612,,1254430799204,1254060.095370192,0.9021112168806978
1759939200,2025-10-08,2025-10-08 16:00,12770551772607,12767321.562970331,11560551804190,11557627.654434528,11571839018612,,1209999968417,1209693.9085358025,0.9052507683330907
1759942800,2025-10-08,2025-10-08 17:00,12770684572724,12766898.637419488,11560684604307,11557257.379733523,11571839018612,,1209999968417,1209641.257685966,0.905251753613792
1759946400,2025-10-08,2025-10-08 18:00,12770817414175,12767842.956933863,11560817445758,11558124.810192885,11571839018612,,1209999968417,1209718.1467409781,0.9052527391806606
1759950000,2025-10-08,2025-10-08 19:00,12770950296975,12767170.713915939,11560950328558,11557528.84691471,11571839018612,,1209999968417,1209641.8670012285,0.9052537250337895
1759953600,2025-10-08,2025-10-08 20:00,12771083221138,12767443.327047663,11561083252721,11557788.22144755,11571839018612,,1209999968417,1209655.1056001124,0.9052547111732642
1759957200,2025-10-08,2025-10-08 21:00,12761217433138,12756431.121069273,11561217483198,11556881.251560312,11571839018612,,1199999949940,1199549.8695089626,0.9059650886580874
1759960800,2025-10-08,2025-10-08 22:00,12761352906344,12756429.126091978,11561352956404,11556892.178476207,11571839018612,,1199999949940,1199536.947615771,0.9059660869230057
1759964400,2025-10-08,2025-10-08 23:00,12761488427270,12757772.928653473,11561488477330,11558122.357877135,11571839018612,,1199999949940,1199650.5707763352,0.9059670855183536
1759968000,2025-10-09,2025-10-09 00:00,12761623995935,12757726.288083283,11561624045995,11558092.847078858,11571839018612,,1199999949940,1199633.4410044262,0.9059680844442495
1759971600,2025-10-09,2025-10-09 01:00,12761759612359,12757979.482070642,11561759662419,11558334.981245387,11571839018612,,1199999949940,1199644.5008252554,0.9059690837008189
1759975200,2025-10-09,2025-10-09 02:00,12761895276561,12758150.46886425,11561895326621,11558502.642880078,11571839018612,,1199999949940,1199647.8259841728,0.90597008328818
1759978800,2025-10-09,2025-10-09 03:00,12782027166193,12778192.55804314,11562027217234,11558558.60906883,11571839018612,,1219999948959,1219633.948974312,0.9045534848974691
1759982400,2025-10-09,2025-10-09 04:00,12802154345371,12798394.395402653,11562154394685,11558758.628560212,11571839018612,,1239999950686,1239635.7668424412,0.9031413059682132
1759986000,2025-10-09,2025-10-09 05:00,12802280357543,12798439.673435736,11562280406857,11558811.722734943,11571839018612,,1239999950686,1239627.9507007943,0.9031422593432425
1759989600,2025-10-09,2025-10-09 06:00,12802406393680,12798617.397729028,11562406442994,11558984.437017247,11571839018612,,1239999950686,1239632.9607117812,0.9031432128808116
1759993200,2025-10-09,2025-10-09 07:00,12802532453788,12798053.804006228,11562532503102,11558487.636677435,11571839018612,,1239999950686,1239566.1673287945,0.9031441665809556
1759996800,2025-10-09,2025-10-09 08:00,12722669118188,12718956.375995878,11562669174553,11559294.944719693,11571839018612,,1159999943635,1159661.4312761873,0.9088241678802529
1760000400,2025-10-09,2025-10-09 09:00,12769373483728,12765442.773034897,11562805203574,11559245.902711364,11571839018612,,1206568280154,1206196.870323533,0.9055107690528804
1760004000,2025-10-09,2025-10-09 10:00,12742942480635,12739862.665184433,11562942514330,11560147.890634274,11571839018612,,1179999966305,1179714.7745501585,0.9073997259190172
1760007600,2025-10-09,2025-10-09 11:00,13032609126772,13030038.824691609,11563064840222,11560784.362895824,11571839018612,,1469544286550,1469254.4617957852,0.8872409759047238
1760011200,2025-10-09,2025-10-09 12:00,12853179065129,12849033.189978722,11563179109104,11559449.331693778,11571839018612,,1289999956025,1289583.8582849433,0.8996357282903805
1760014800,2025-10-09,2025-10-09 13:00,12853294375946,12849553.641411057,11563294419921,11559929.118115162,11571839018612,,1289999956025,1289624.5232958929,0.8996366286888177
1760018400,2025-10-09,2025-10-09 14:00,12853409687646,12849628.335967893,11563409731621,11560007.885740733,11571839018612,,1289999956025,1289620.45022716,0.8996375290779941
1760022000,2025-10-09,2025-10-09 15:00,12943524806404,12939681.164135562,11563524864688,11560091.020074045,11571839018612,,1379999941716,1379590.1440615158,0.8933829878370361
1760025600,2025-10-09,2025-10-09 16:00,12943639515182,12939827.68972609,11563639573466,11560234.14984945,11571839018612,,1379999941716,1379593.5398766396,0.8933839326954869
1760029200,2025-10-09,2025-10-09 17:00,12943754220284,12939910.179538094,11563754278568,11560320.070697086,11571839018612,,1379999941716,1379590.1088410069,0.8933848775069123
1760032800,2025-10-09,2025-10-09 18:00,12933868947105,12930118.34078809,11563869005562,11560515.676382808,11571839018612,,1369999941543,1369602.6644052826,0.8940765561220838
1760036400,2025-10-09,2025-10-09 19:00,12933983711953,12930556.877335364,11563983770410,11560919.914695878,11571839018612,,1369999941543,1369636.9626394855,0.8940774959939908
1760040000,2025-10-09,2025-10-09 20:00,12934230384293,12930811.170290867,11564098531624,11561041.517294846,11571839018612,,1370131852669,1369769.652996022,0.8940693174653165
1760043600,2025-10-09,2025-10-09 21:00,12934345142071,12930780.939578567,11564213289402,11561026.64196246,11571839018612,,1370131852669,1369754.2976161074,0.8940702573172854
1760047200,2025-10-09,2025-10-09 22:00,12934459896671,12930669.469204139,11564328044002,11560939.131979082,11571839018612,,1370131852669,1369730.3372250565,0.8940711971265505
1760050800,2025-10-09,2025-10-09 23:00,12934574648094,12930808.909527628,11564442795425,11561075.953497984,11571839018612,,1370131852669,1369732.956029645,0.8940721368931217
1760054400,2025-10-10,2025-10-10 00:00,12904557549309,12901988.674587237,11564557622344,11562255.497716254,11571839018612,,1339999926965,1339733.1768709815,0.8961607229194191
1760058000,2025-10-10,2025-10-10 01:00,12854672641989,12850996.324838016,11564672700356,11561365.31122382,11571839018612,,1289999941633,1289631.0136141952,0.8996473906757225
1760061600,2025-10-10,2025-10-10 02:00,12854787925082,12851046.686478605,11564787983449,11561422.18453455,11571839018612,,1289999941633,1289624.5019440576,0.8996482906485
1760065200,2025-10-10,2025-10-10 03:00,12854903209066,12851766.72404838,11564903267433,11562081.53122553,11571839018612,,1289999941633,1289685.1928228487,0.8996491906120911
1760068800,2025-10-10,2025-10-10 04:00,12855018493941,12851819.94091361,11565018552308,11562140.973787228,11571839018612,,1289999941633,1289678.9671263832,0.8996500905664959
1760072400,2025-10-10,2025-10-10 05:00,12855233810397,12851464.038197469,11565133837909,11561742.385005923,11571839018612,,1290099972488,1289721.6531915462,0.8996439900264903
1760076000,2025-10-10,2025-10-10 06:00,12855349096716,12851875.8261429,11565249124228,11562124.414105268,11571839018612,,1290099972488,1289751.4120376313,0.8996448900156616
1760079600,2025-10-10,2025-10-10 07:00,12855464383924,12851653.920610351,11565364411436,11561936.344157945,11571839018612,,1290099972488,1289717.5764524082,0.8996457899956306
1760083200,2025-10-10,2025-10-10 08:00,12855579672021,12851832.144173253,11565479699533,11562108.248509219,11571839018612,,1290099972488,1289723.8956640356,0.8996466899663976
1760086800,2025-10-10,2025-10-10 09:00,12855694961006,12851873.082478471,11565594988518,11562156.64471171,11571839018612,,1290099972488,1289716.43776676,0.8996475899279548
1760090400,2025-10-10,2025-10-10 10:00,12855810250880,12851936.261334179,11565710278392,11562225.049547292,11571839018612,,1290099972488,1289711.2117868892,0.8996484898803099
1760094000,2025-10-10,2025-10-10 11:00,12855925541643,12852475.971110063,11565825569155,11562722.16512989,11571839018612,,1290099972488,1289753.805980173,0.8996493898234632
1760097600,2025-10-10,2025-10-10 12:00,12851058229051,12847221.973340074,11565940884946,11562488.258245438,11571839018612,,1285117344105,1284733.7150946367,0.8999991034823985
1760101200,2025-10-10,2025-10-10 13:00,12856056136033,12852185.360356215,11566056179730,11562573.804694988,11571839018612,,1289999956303,1289611.5556612264,0.8996581888992081
1760104800,2025-10-10,2025-10-10 14:00,13875368758326,13871454.176209461,11566168612625,11562905.512552023,11571839018612,,2309200145701,2308548.6636574366,0.8335755837613072
1760108400,2025-10-10,2025-10-10 15:00,13934952830791,13930879.186350742,11566277329501,11562896.126714744,11571839018612,,2368675501290,2367983.0596359973,0.8300191231321488
1760112000,2025-10-10,2025-10-10 16:00,12856388851541,12853452.700122545,11566388921892,11563747.381593898,11571839018612,,1289999929649,1289705.318528647,0.8996607877573354
1760115600,2025-10-10,2025-10-10 17:00,12856502757307,12853997.622288458,11566502789115,11564249.015151266,11571839018612,,1289999968192,1289748.6071371904,0.899661673742587
1760119200,2025-10-10,2025-10-10 18:00,12856617943304,12855311.595259123,11566617975112,11565442.702669103,11571839018612,,1289999968192,1289868.8925900206,0.899662572701411
1760122800,2025-10-10,2025-10-10 19:00,12856733130201,12854232.448353754,11566733162009,11564483.389896812,11571839018612,,1289999968192,1289749.0584569422,0.8996634716511509
1760126400,2025-10-10,2025-10-10 20:00,12606856566144,12604396.879519787,11566856603206,11564599.827909015,11571839018612,,1039999962938,1039797.0516107711,0.9175052117487444
1760130000,2025-10-10,2025-10-10 21:00,12857001254545,12855475.784202257,11567001296735,11565628.883597342,11571839018612,,1289999957810,1289846.9006049165,0.8996655649112595
1760133600,2025-10-10,2025-10-10 22:00,12964523824165,12960506.51839968,11567116368833,11563532.076505193,11571839018612,,1397407455332,1396974.4418944882,0.8922129748624221
1760137200,2025-10-10,2025-10-10 23:00,12307283795009,12306749.060970034,11567283837808,11566781.255718444,11571839018612,,739999957201,739967.8052515902,0.9398730077630051
1760140800,2025-10-11,2025-10-11 00:00,11068237496544,11067958.398531215,11067589326774,11067310.245105542,11571839018612,,648169770,648.1534256728377,0.999941438754797
1760144400,2025-10-11,2025-10-11 01:00,11068681616325,11067457.96272193,11068033446555,11066809.864607733,11571839018612,,648169770,648.0981141965399,0.9999414411045084
1760148000,2025-10-11,2025-10-11 02:00,11069128296782,11067086.077953517,11068480127012,11066438.02776877,11571839018612,,648169770,648.050184746956,0.9999414434675774
1760151600,2025-10-11,2025-10-11 03:00,11069577554422,11067487.83791337,11068929384652,11066839.790504957,11571839018612,,648169770,648.0474084137421,0.9999414458440882
1760155200,2025-10-11,2025-10-11 04:00,11070029405760,11067852.77058719,11069381235990,11067204.728263024,11571839018612,,648169770,648.0423241669654,0.9999414482341246
1760158800,2025-10-11,2025-10-11 05:00,11070483867309,11068756.397846064,11069835697539,11068108.329218298,11571839018612,,648169770,648.0686277646745,0.9999414506377707
1760162400,2025-10-11,2025-10-11 06:00,16417138213012,16412352.294345528,11070229456007,11067002.266401345,11571839018612,,5346908757005,5345350.027944182,0.6743093292126204
1760166000,2025-10-11,2025-10-11 07:00,16418277596591,16414600.589232083,11070322353619,11067843.064514503,11571839018612,,5347955242972,5346757.52471758,0.6742681921712409
1760169600,2025-10-11,2025-10-11 08:00,16350415120173,16347338.060245581,11070415167277,11068331.774859086,11571839018612,,5279999952896,5279006.285386495,0.6770724220707044
1760173200,2025-10-11,2025-10-11 09:00,16350513073489,16346811.093881145,14570513120593,14567214.157300169,17571839018612,,1779999952896,1779596.9365809776,0.8911349176080522
1760176800,2025-10-11,2025-10-11 10:00,15970679015747,15966077.826862888,14370680150750,14366539.925171515,17571839018612,,1599998864997,1599537.9016913723,0.899816478471616
1760180400,2025-10-11,2025-10-11 11:00,15481035320947,15476630.844566738,14370834854115,14366746.238504522,17571839018612,,1110200466832,1109884.6060622167,0.9282864198798245
1760184000,2025-10-11,2025-10-11 12:00,15481508667106,15478512.903882274,14371108770939,14368327.876643367,17571839018612,,1110399896167,1110185.0272389068,0.9282757307415201
1760187600,2025-10-11,2025-10-11 13:00,15481783012970,15478864.531627463,14371383116803,14368673.957692727,17571839018612,,1110399896167,1110190.573934735,0.9282770017357334
1760191200,2025-10-11,2025-10-11 14:00,15631631706263,15627440.00370383,14371631840405,14367778.013300007,17571839018612,,1259999865858,1259661.9904038238,0.9193942200318623
1760194800,2025-10-11,2025-10-11 15:00,15631867128517,15629365.462582542,14371867262659,14369567.242421497,17571839018612,,1259999865858,1259798.220161045,0.9193954339875753
1760198400,2025-10-11,2025-10-11 16:00,15632102815434,15629145.063361295,14372102949576,14369383.60223098,17571839018612,,1259999865858,1259761.4611303154,0.9193966492713976
1760202000,2025-10-11,2025-10-11 17:00,15632338767350,15629292.693538226,14372338901492,14369538.347730128,17571839018612,,1259999865858,1259754.345808099,0.9193978658849398
1760205600,2025-10-11,2025-10-11 18:00,15672565481676,15670314.944605822,14372565636433,14370501.775746236,17571839018612,,1299999845243,1299813.1688595854,0.9170525178686968
1760209200,2025-10-11,2025-10-11 19:00,15672791417631,15669732.623342713,14372791572388,14369986.493726717,17571839018612,,1299999845243,1299746.1296159977,0.9170537136236897
1760212800,2025-10-11,2025-10-11 20:00,15673017577194,15671442.123320002,14373017731951,14371572.954239542,17571839018612,,1299999845243,1299869.1690804616,0.9170549105275907
1760216400,2025-10-11,2025-10-11 21:00,15663246393935,15661674.823866379,14373246542518,14371804.404439656,17571839018612,,1289999851417,1289870.41942672,0.9176416038557305
1760220000,2025-10-11,2025-10-11 22:00,15663475661536,15661933.96987561,14373475810119,14372061.087852618,17571839018612,,1289999851417,1289872.88202299,0.9176428093424509
1760223600,2025-10-11,2025-10-11 23:00,15663705163815,15661896.051471462,14373705312398,14372045.191281632,17571839018612,,1289999851417,1289850.8601898318,0.9176440160277626
1760227200,2025-10-12,2025-10-12 00:00,15663934901044,15660924.907258801,14373935049627,14371172.943206005,17571839018612,,1289999851417,1289751.9640527966,0.9176452239129888
1760230800,2025-10-12,2025-10-12 01:00,15674164795442,15671201.351008683,14374164908695,14371447.249442454,17571839018612,,1299999886747,1299754.1015662285,0.9170609787690228
1760234400,2025-10-12,2025-10-12 02:00,15674392381388,15672886.835351914,14374392494641,14373011.815306526,17571839018612,,1299999886747,1299875.0200453901,0.9170621830106385
1760238000,2025-10-12,2025-10-12 03:00,15594625317808,15593116.863572553,14374625392618,14373234.947890118,17571839018612,,1219999925190,1219881.9156824362,0.9217679232218011
1760241600,2025-10-12,2025-10-12 04:00,15584876777700,15583338.392387507,14374876900030,14373457.953970475,17571839018612,,1209999877670,1209880.4384170321,0.9223606387827616
1760245200,2025-10-12,2025-10-12 05:00,15565130800429,15563490.365177907,14375130882981,14373615.863817856,17571839018612,,1189999917448,1189874.5013600527,0.9235470660217515
1760248800,2025-10-12,2025-10-12 06:00,15565388920675,15563856.168225015,14375389003227,14373973.43225563,17571839018612,,1189999917448,1189882.7359693844,0.9235483338378162
1760252400,2025-10-12,2025-10-12 07:00,15565647392784,15564109.006711459,14375647475336,14374226.699488923,17571839018612,,1189999917448,1189882.3072225382,0.923549603340002
1760256000,2025-10-12,2025-10-12 08:00,15595900662507,15594357.45131152,14375900743709,14374478.251257112,17571839018612,,1219999918798,1219879.2000544076,0.9217743210091793
1760259600,2025-10-12,2025-10-12 09:00,15706132381461,15704601.642500453,14376132497190,14374731.381652389,17571839018612,,1329999884271,1329870.2608480637,0.9153197074894843
1760263200,2025-10-12,2025-10-12 10:00,15706354227452,15704804.85921448,14376354343181,14374936.174045878,17571839018612,,1329999884271,1329868.6851686016,0.9153209035648522
1760266800,2025-10-12,2025-10-12 11:00,15706576270965,15705046.686060114,14376576386694,14375176.323825702,17571839018612,,1329999884271,1329870.3622344092,0.9153221006713206
1760270400,2025-10-12,2025-10-12 12:00,15706798512198,15704759.394317934,14376798627927,14374932.175822357,17571839018612,,1329999884271,1329827.2184955783,0.915323298809868
1760274000,2025-10-12,2025-10-12 13:00,15834406683576,15832868.447321035,14377016157792,14375619.499999,17571839018612,,1457390525784,1457248.947322034,0.90796052198813
1760277600,2025-10-12,2025-10-12 14:00,15834595594218,15833057.156412663,14377205068434,14375808.225951932,17571839018612,,1457390525784,1457248.9304607306,0.907961620041868
1760281200,2025-10-12,2025-10-12 15:00,15834784593203,15831703.038244754,14377394067419,14374596.130401649,17571839018612,,1457390525784,1457106.9078431057,0.9079627185828864
1760284800,2025-10-12,2025-10-12 16:00,15834973680576,15832494.47758439,14377583154792,14375332.128179103,17571839018612,,1457390525784,1457162.349405286,0.907963817611411
1760288400,2025-10-12,2025-10-12 17:00,15835162856387,15833577.399254274,14377772330603,14376332.791148873,17571839018612,,1457390525784,1457244.608105399,0.9079649171276964
1760292000,2025-10-12,2025-10-12 18:00,15835352120681,15833571.642150195,14377961594897,14376344.980896795,17571839018612,,1457390525784,1457226.661253399,0.9079660171319686
1760295600,2025-10-12,2025-10-12 19:00,15835541473507,15833982.160235375,14378150947723,14376735.142546289,17571839018612,,1457390525784,1457247.017689086,0.9079671176244761
1760299200,2025-10-12,2025-10-12 20:00,15758343117962,15755277.465392906,14378343259130,14375546.073878879,17571839018612,,1379999858832,1379731.391514027,0.9124273504833754
1760302800,2025-10-12,2025-10-12 21:00,15758553184166,15755449.335650139,14378553325334,14375721.285433033,17571839018612,,1379999858832,1379728.050217106,0.9124285178528567
1760306400,2025-10-12,2025-10-12 22:00,15718769366856,15717270.282721061,14378769491619,14377398.202001998,17571839018612,,1339999875237,1339872.0807190638,0.9147516040242646
1760310000,2025-10-12,2025-10-12 23:00,15718990451354,15716558.224059302,14378990576117,14376765.689381579,17571839018612,,1339999875237,1339792.5346777237,0.9147528030261272
1760313600,2025-10-13,2025-10-13 00:00,15719211725505,15717707.398648765,14379211850268,14377835.761254404,17571839018612,,1339999875237,1339871.6373943605,0.9147540030227597
1760317200,2025-10-13,2025-10-13 01:00,15719433189496,15717935.38768392,14379433314259,14378063.192256818,17571839018612,,1339999875237,1339872.1954271034,0.9147552040150906
1760320800,2025-10-13,2025-10-13 02:00,15719654843510,15716547.876057303,14379654968273,14376812.8498924,17571839018612,,1339999875237,1339735.0261649035,0.9147564060040269
1760324400,2025-10-13,2025-10-13 03:00,15749909241567,15748449.324005025,14379870351153,14378537.427582292,17571839018612,,1370038890414,1369911.8964227312,0.9130129025252915
1760328000,2025-10-13,2025-10-13 04:00,15750123218186,15748700.449836574,14380084327772,14378785.32023027,17571839018612,,1370038890414,1369915.129606306,0.9130140843068406
1760331600,2025-10-13,2025-10-13 05:00,15750137134329,15750128.242701085,14380298477762,14380290.359466758,17571839018612,,1369838656567,1369837.883234328,0.9130268743132846
1760335200,2025-10-13,2025-10-13 06:00,15750451501598,15748952.143453775,14380512844626,14379143.897262838,17571839018612,,1369938656972,1369808.2461909368,0.9130222611819725
1760338800,2025-10-13,2025-10-13 07:00,15710739434874,15710498.32615628,14380739523378,14380518.825830266,17571839018612,,1329999911496,1329979.5003260127,0.9153445376005839
1760342400,2025-10-13,2025-10-13 08:00,19951099759159,19947727.432574756,18181099877720,18178026.73352301,18571839018612,,1769999881439,1769700.6990517464,0.9112830920197047
1760346000,2025-10-13,2025-10-13 09:00,19751421589878,19747557.58106443,18181421721694,18177864.85499171,18571839018612,,1569999868184,1569692.7260727163,0.920512057269408
1760349600,2025-10-13,2025-10-13 10:00,19911813867870,19908008.720237065,18181714057839,18178239.53228,18571839018612,,1730099810031,1729769.1879570612,0.9131118931950888
1760353200,2025-10-13,2025-10-13 11:00,19912086906020,19908294.32872727,18181987095989,18178524.044038575,18571839018612,,1730099810031,1729770.2846886967,0.9131130846205808
1760356800,2025-10-13,2025-10-13 12:00,19852316475097,19850348.44689703,18182265155799,18180462.68551243,18571839018612,,1670051319298,1669885.7613845998,0.9158762494345215
1760360400,2025-10-13,2025-10-13 13:00,19965645270369,19963639.603836775,18182524039475,18180697.49796114,18571839018612,,1783121230894,1782942.105875636,0.9106905283176433
1760364000,2025-10-13,2025-10-13 14:00,19965703156550,19962385.48631963,18182783413964,18179762.008769065,18571839018612,,1782919742586,1782623.4775505671,0.910700878971994
1760367600,2025-10-13,2025-10-13 15:00,20013037676757,20010002.545215476,18183037811841,18180280.21389536,18571839018612,,1829999864916,1829722.331320116,0.9085596152631368
1760371200,2025-10-13,2025-10-13 16:00,20045740272435,20041895.240064625,18183283629617,18179795.840530377,18571839018612,,1862456642818,1862099.3995342536,0.9070896550835255
1760374800,2025-10-13,2025-10-13 17:00,20193507199335,20191169.54915146,18183507318878,18181402.351236578,18571839018612,,2009999880457,2009767.19791488,0.9004630616853326
1760378400,2025-10-13,2025-10-13 18:00,20123712837170,20121497.215919346,18183712939967,18181710.912750073,18571839018612,,1939999897203,1939786.30316927,0.9035963237549447
1760382000,2025-10-13,2025-10-13 19:00,20133928630836,20131978.796167076,18183928742507,18182167.75212457,18571839018612,,1949999888329,1949811.0440425035,0.9031485645904949
1760385600,2025-10-13,2025-10-13 20:00,20134147994680,20132205.122924402,18184144104786,18182389.401284754,18571839018612,,1950003889894,1949815.7216396502,0.9031494210527684
1760389200,2025-10-13,2025-10-13 21:00,20184579269080,20181780.040091563,18184346266552,18181824.433001418,18571839018612,,2000233002528,1999955.6070901428,0.9009029132654708
1760392800,2025-10-13,2025-10-13 22:00,20184631476988,20182578.757223964,18184548476204,18182699.159207564,18571839018612,,2000083000784,1999879.598016399,0.9009106010647633
1760396400,2025-10-13,2025-10-13 23:00,20114754336274,20112734.60742107,18184754439714,18182928.502761886,18571839018612,,1929999896560,1929806.104659186,0.9040505360247165
1760400000,2025-10-14,2025-10-14 00:00,20114975120720,20112959.052418556,18184975224160,18183152.594408188,18571839018612,,1929999896560,1929806.4580103676,0.9040515891778584
1760403600,2025-10-14,2025-10-14 01:00,22805734020008,22803424.438791763,20985269239807,20983144.020613812,21571839018612,,1820464780201,1820280.418177945,0.9201751288248884
1760407200,2025-10-14,2025-10-14 02:00,22806099224550,22802921.702876516,20985634444349,20982710.563872017,20571839018612,,1820464780201,1820211.1390044957,0.920176407097215
1760410800,2025-10-14,2025-10-14 03:00,22906485289561,22904170.70657041,20985985493405,20983864.967080258,20571839018612,,1920499796156,1920305.739490151,0.9161591238516537
1760414400,2025-10-14,2025-10-14 04:00,22866326558650,22866140.72985167,20986326762294,20986156.211774062,20571839018612,,1879999796356,1879984.5180776059,0.9177830426092283
1760418000,2025-10-14,2025-10-14 05:00,22956612651989,22954295.022871014,20986612818992,20984494.07500766,20571839018612,,1969999832997,1969800.9478633525,0.9141859531777954
1760421600,2025-10-14,2025-10-14 06:00,22816940838764,22816759.202755578,20986941030178,20986773.962023478,20571839018612,,1829999808586,1829985.2407320973,0.9197964432866921
1760425200,2025-10-14,2025-10-14 07:00,23017261849271,23015074.91788799,20987261990005,20985267.934318017,20571839018612,,2029999859266,2029806.9835699766,0.9118053279942899
1760428800,2025-10-14,2025-10-14 08:00,22997573344700,22996841.018373907,20987573486055,20986905.165430285,20571839018612,,2009999858645,2009935.8529436216,0.9125994804530878
1760432400,2025-10-14,2025-10-14 09:00,23113863224135,23111580.30919226,20987857498315,20985784.56515647,20571839018612,,2126005725820,2125795.7440357883,0.908020320739803
1760436000,2025-10-14,2025-10-14 10:00,23114147202028,23114080.186507374,20988141476208,20988080.62467774,20571839018612,,2126005725820,2125999.561829638,0.9080214507921163
1760439600,2025-10-14,2025-10-14 11:00,23114681272430,23112397.657103013,20988425555184,20986352.003326535,20571839018612,,2126255717246,2126045.6537764776,0.9080127607131625
1760443200,2025-10-14,2025-10-14 12:00,23115065442130,23114326.074153796,20988709737039,20988038.383549638,20571839018612,,2126355705091,2126287.690604158,0.9080099638733681
1760446800,2025-10-14,2025-10-14 13:00,23176758222298,23173989.140655406,20988977574886,20986469.881966136,20571839018612,,2187780647412,2187519.258689269,0.9056045445860859
1760450400,2025-10-14,2025-10-14 14:00,23089301046915,23087024.216066018,20989250200853,20987180.45555161,20571839018612,,2100050846062,2099843.760514411,0.9090465821466436
1760454000,2025-10-14,2025-10-14 15:00,23089592699992,23089554.40128045,20989541858477,20989507.043120157,20571839018612,,2100050841515,2100047.3581602927,0.9090477312094064
1760457600,2025-10-14,2025-10-14 16:00,23061447642201,23059108.66935046,20989840481959,20987711.618767664,20571839018612,,2071607160242,2071397.050582799,0.9101701162744402
1760461200,2025-10-14,2025-10-14 17:00,23157072104513,23153266.8461453,20990114505318,20986665.32968388,20571839018612,,2166957599195,2166601.5164614148,0.9064235068485756
1760464800,2025-10-14,2025-10-14 18:00,23157296087676,23153730.157692138,20990388496369,20987156.242679767,20571839018612,,2166907591307,2166573.9150123736,0.9064265714311871
1760468400,2025-10-14,2025-10-14 19:00,23157490201813,23153850.02007215,20990662617742,20987363.04485549,20571839018612,,2166827584071,2166486.975216657,0.9064308107144806
1760472000,2025-10-14,2025-10-14 20:00,23217340108680,23213414.342371557,20990942709579,20987393.39965435,19871839018612,,2226397399101,2226020.9427172076,0.9041062676138063
1760475600,2025-10-14,2025-10-14 21:00,23268229645503,23263683.137861077,20991187534220,20987085.950386964,19871839018612,,2277042111283,2276597.1874741134,0.9021394345004207
1760479200,2025-10-14,2025-10-14 22:00,23268474401057,23265854.637465004,20991432289774,20989068.895031877,19871839018612,,2277042111283,2276785.7424331233,0.902140463872459
1760482800,2025-10-14,2025-10-14 23:00,23268719189343,23266434.431898687,20991677078060,20989615.90356722,19871839018612,,2277042111283,2276818.528331466,0.9021414933604993
1760486400,2025-10-15,2025-10-15 00:00,23268964010364,23264486.296573933,20991921899081,20987882.363065317,19871839018612,,2277042111283,2276603.9335086173,0.902142522964546
1760490000,2025-10-15,2025-10-15 01:00,23306240342648,23302478.435715105,20992156934711,20988768.548615772,19871839018612,,2314083407937,2313709.887099335,0.9007097080474852
1760493600,2025-10-15,2025-10-15 02:00,23252404919106,23247894.14283574,20992405101487,20988332.746686846,19871839018612,,2259999817619,2259561.3961488954,0.9028057602866701
1760497200,2025-10-15,2025-10-15 03:00,23212656178495,23210167.25562646,20992656316345,20990405.42777906,19871839018612,,2219999862150,2219761.8278473946,0.904362523397616
1760500800,2025-10-15,2025-10-15 04:00,23913258020697,23908477.105069704,21692940407469,21688603.39418096,20516151018612,,2220317613228,2219873.7108887425,0.9071511873745389
1760504400,2025-10-15,2025-10-15 05:00,23974836727649,23972959.731898256,21693212977726,21691514.610849023,20516151018612,,2281623749923,2281445.1210492332,0.9048325635814772
1760508000,2025-10-15,2025-10-15 06:00,23975109275672,23970574.31768705,21693485533902,21689382.151335012,20516151018612,,2281623741770,2281192.1663520355,0.9048336457809096
1760511600,2025-10-15,2025-10-15 07:00,23975382909924,23970828.523937814,21693758176224,21689637.209789526,20516151018612,,2281624733700,2281191.31414829,0.9048346905543861
1760515200,2025-10-15,2025-10-15 08:00,24225625958144,24220997.497222185,21693998691339,21689853.914012946,20516151018612,,2531627266805,2531143.5832092385,0.8954979627284332
1760518800,2025-10-15,2025-10-15 09:00,24088254287477,24085893.70460133,21822772435327,21820633.863461405,20630659114891,,2265481852150,2265259.8411399242,0.9059507664975216
1760522400,2025-10-15,2025-10-15 10:00,24129773546285,24127726.50569475,21823049589078,21821198.23857833,20630659114891,,2306723957207,2306528.267116422,0.9044034146121466
1760526000,2025-10-15,2025-10-15 11:00,24130043935879,24125454.472092,21823320994664,21819170.26283428,20630659114891,,2306722941215,2306284.2092577154,0.9044045279260711
1760529600,2025-10-15,2025-10-15 12:00,24020796083824,24018460.420964193,21823618928890,21821496.908619694,20630659114891,,2197177154934,2196963.5123445005,0.9085302107695916
1760533200,2025-10-15,2025-10-15 13:00,23953917479329,23947175.222932093,21823917606576,21817774.876552176,20630659114891,,2129999872753,2129400.346379918,0.9110792681576582
1760536800,2025-10-15,2025-10-15 14:00,24124812199446,24122486.03558317,21824196767741,21822092.433935758,20630659114891,,2300615431705,2300393.601647412,0.904636959961171
1760540400,2025-10-15,2025-10-15 15:00,24125084703167,24122720.283339094,21824470275282,21822331.331071552,20630659114891,,2300614427885,2300388.952267543,0.904638078738725
1760544000,2025-10-15,2025-10-15 16:00,24278206014472,24275805.620398942,21824712978429,21822555.162005153,20630659114891,,2453493036043,2453250.4583937908,0.8989425728334088
1760547600,2025-10-15,2025-10-15 17:00,24634802081624,24630069.08137703,21824951213836,21820758.060623605,20630659114891,,2809850867788,2809311.0207534214,0.885939783137776
1760551200,2025-10-15,2025-10-15 18:00,24635039385495,24630327.763469797,21825188524386,21821014.30581275,20630659114891,,2809850861109,2809313.457657048,0.8859408821256675
1760554800,2025-10-15,2025-10-15 19:00,24635276671053,24631590.762816835,21825425816579,21822160.315734446,20630659114891,,2809850854474,2809430.4470823887,0.8859419810058136
1760558400,2025-10-15,2025-10-15 20:00,23675677545643,23673338.56242981,21825677626426,21823521.409629826,20630659114891,,1849999919217,1849817.1527999837,0.9218607401773196
1760562000,2025-10-15,2025-10-15 21:00,24629884770680,24625131.20515273,21826035846925,21821823.42398576,20630659114891,,2803848923755,2803307.781166972,0.8861606966552775
1760565600,2025-10-15,2025-10-15 22:00,24630080273011,24625382.112094115,21826273403194,21822110.065375876,20630659114891,,2803806869817,2803272.0467182426,0.8861633076815694
1760569200,2025-10-15,2025-10-15 23:00,24630058807379,24627575.802114513,21826510942737,21824310.568714343,20630659114891,,2803547864642,2803265.2334001665,0.8861737242867616
1760572800,2025-10-16,2025-10-16 00:00,24630575324209,24625692.16393709,21826748464299,21822421.179630946,20630659114891,,2803826859910,2803270.9843061455,0.8861647840944193
1760576400,2025-10-16,2025-10-16 01:00,24250554320373,24246472.773727972,21826989168173,21823315.52536742,20630659114891,,2423565152200,2423157.248360554,0.9000614534339137
1760580000,2025-10-16,2025-10-16 02:00,24250795049820,24247531.9089522,21827229897620,21824292.86707055,20630659114891,,2423565152200,2423239.0418816507,0.9000624454900917
1760583600,2025-10-16,2025-10-16 03:00,24251035778458,24247230.79078126,21827470639751,21824045.909460824,20630659114891,,2423565138707,2423184.8813204374,0.900063438079629
1760587200,2025-10-16,2025-10-16 04:00,24251276524256,24246518.32927476,21827711392603,21823428.710547216,20630659114891,,2423565131653,2423089.618727542,0.9000644304546623
1760590800,2025-10-16,2025-10-16 05:00,25074324400360,25069552.883651283,21827945869134,21823792.12178797,20630659114891,,3246378531226,3245760.7618633145,0.8705297706374338
1760594400,2025-10-16,2025-10-16 06:00,25074807855271,25069974.33708652,21828180201577,21823972.516056642,20630659114891,,3246627653694,3246001.82102988,0.8705223317190236
1760598000,2025-10-16,2025-10-16 07:00,25077389310812,25074387.40489441,21828414477115,21825801.49193627,20630659114891,,3248974833697,3248585.912958143,0.8704420626314471
1760601600,2025-10-16,2025-10-16 08:00,25066966979507,25063286.202264767,21954648867203,21951425.09577594,20749890217357,,3112318112304,3111861.106488828,0.8758398606880357
1760605200,2025-10-16,2025-10-16 09:00,25028450869892,25023613.31039197,21954885774995,21950642.281588033,20749890217357,,3073565094897,3072971.0288039334,0.8771971501202918
1760608800,2025-10-16,2025-10-16 10:00,25028688320324,25023949.688312825,22065123232025,22060945.68592512,20852031528469,,2963565088299,2963004.00238771,0.8815932720736107
1760612400,2025-10-16,2025-10-16 11:00,25028908240342,25026418.272691913,22065362158210,22063167.01500064,20852031528469,,2963546082132,2963251.2576912697,0.8815950718395575
1760616000,2025-10-16,2025-10-16 12:00,24495552062538,24490768.685500577,22065602145717,22061293.277953934,20852031528469,,2429949916821,2429475.4075466413,0.9008003611995659
1760619600,2025-10-16,2025-10-16 13:00,24472065775455,24469627.002016857,22065852242651,22063653.261378508,20852031528469,,2406213532804,2405973.740638347,0.9016750953972433
1760623200,2025-10-16,2025-10-16 14:00,24472671554510,24470235.349138044,22066107026414,22063910.389714316,20852031528469,,2406564528096,2406324.9594237264,0.9016631869252337
1760626800,2025-10-16,2025-10-16 15:00,24366256293133,24363783.21754467,22066367772713,22064128.1264249,20852031528469,,2299888520420,2299655.09111977,0.905611740566475
1760630400,2025-10-16,2025-10-16 16:00,25217546093576,25212617.86805998,22066647937921,22062335.48749394,20852031528469,,3150898155655,3150282.380566042,0.8750513573381484
1760634000,2025-10-16,2025-10-16 17:00,25301490579424,25298463.99724872,22066885706741,22064246.050285414,20852031528469,,3234604872683,3234217.946963307,0.8721575370222067
1760637600,2025-10-16,2025-10-16 18:00,25301727651338,25299135.65645871,22067122783053,22064862.152077813,20852031528469,,3234604868285,3234273.5043808958,0.8721587350532584
1760641200,2025-10-16,2025-10-16 19:00,25301964680679,25297039.463671565,22067359818861,22063064.241926137,20852031528469,,3234604861818,3233975.221745428,0.8721599329285288
1760644800,2025-10-16,2025-10-16 20:00,24497611537139,24492821.491736937,22067600644409,22063285.741756514,20852031528469,,2430010892730,2429535.749980429,0.9008062116975755
1760648400,2025-10-16,2025-10-16 21:00,24471088375948,24468242.321288377,22067850456160,22065283.90465834,20852031528469,,2403237919788,2402958.4166300404,0.9017927652882787
1760652000,2025-10-16,2025-10-16 22:00,24498099902986,24493253.025914833,22068099990108,22063733.881378345,20852031528469,,2429999912878,2429519.144536483,0.9008086373024459
1760655600,2025-10-16,2025-10-16 23:00,24914252751096,24909367.042361595,22068340578042,22064012.955399927,20852031528469,,2845912173054,2845354.0869616675,0.8857717226566707
1760659200,2025-10-17,2025-10-17 00:00,24914742499874,24909853.930068936,22068580330770,22064250.211947933,20852031528469,,2846162169104,2845603.718121002,0.8857639339793139
1760662800,2025-10-17,2025-10-17 01:00,24464520761263,24459747.91085568,22068823156693,22064517.68949745,20852031528469,,2395697604570,2395230.221358231,0.902074615401282
1760666400,2025-10-17,2025-10-17 02:00,24491893082291,24487097.205875073,22069073533191,22064752.08082619,20852031528469,,2422819549100,2422345.125048885,0.9010766729644172
1760670000,2025-10-17,2025-10-17 03:00,24481563487928,24476688.340266198,22069323940746,22064929.15554119,20852031528469,,2412239547182,2411759.1847250042,0.9014670959078456
1760673600,2025-10-17,2025-10-17 04:00,24482316741149,24477416.416271288,22069577203795,22065159.80737963,20852031528469,,2412739537354,2412256.6088916594,0.9014497049905921
1760677200,2025-10-17,2025-10-17 05:00,24465608413419,24461430.778665792,22069831733916,22066063.190968238,20852031528469,,2395776679503,2395367.587697552,0.9020757367231892
1760680800,2025-10-17,2025-10-17 06:00,24450092735911,24447326.439251803,22070092791960,22067595.769776158,21852031528469,,2379999943951,2379730.6694756453,0.9026588582032091
1760684400,2025-10-17,2025-10-17 07:00,24470349745843,24465475.572099984,22070349827381,22065953.702244043,21852031528469,,2399999918462,2399521.8698559394,0.9019221243917975
1760688000,2025-10-17,2025-10-17 08:00,24572279726910,24569801.487956464,22252279812830,22250035.557626575,22018205505376,,2319999914080,2319765.930329889,0.905584669397228
1760691600,2025-10-17,2025-10-17 09:00,24410915074046,24408472.664815385,22070915128622,22068706.845701233,21852031528469,,2339999945424,2339765.81911415,0.9041412442620016
1760695200,2025-10-17,2025-10-17 10:00,24508583243006,24506117.660198744,22071160049334,22068939.67322273,21852031528469,,2437423193672,2437177.9869760135,0.9005481806310626
1760698800,2025-10-17,2025-10-17 11:00,24669610990944,24667143.32376135,22230776546717,22228552.832782097,22000070521736,,2438834444227,2438590.4909792515,0.9011401337004351
1760702400,2025-10-17,2025-10-17 12:00,24640883153369,24635966.223897915,22231034237054,22226598.177407417,22000070521736,,2409848916315,2409368.0464905,0.902201195415128
1760706000,2025-10-17,2025-10-17 13:00,24662394209361,24657543.074780766,22231285156410,22226912.22508509,22000070521736,,2431109052951,2430630.8496956723,0.9014244508333974
1760709600,2025-10-17,2025-10-17 14:00,24762628602670,24759830.769334804,22231535701209,22229023.84624096,22000070521736,,2531092901461,2530806.9230938484,0.8977857746011629
1760713200,2025-10-17,2025-10-17 15:00,24912442188366,24907594.317975175,22231779383303,22227453.160117302,22000070521736,,2680662805063,2680141.157857873,0.8923966271634799
1760716800,2025-10-17,2025-10-17 16:00,24643683632368,24638875.222952124,22232025265618,22227687.412510652,22000070521736,,2411658366750,2411187.810441473,0.9021388846437538
1760720400,2025-10-17,2025-10-17 17:00,24930955576152,24928684.784232665,22232268695254,22230243.70844804,22000070521736,,2698686880898,2698441.0757846246,0.8917535722746439
1760724000,2025-10-17,2025-10-17 18:00,24931078634386,24928440.864023436,22232511755593,22230159.500343468,22000070521736,,2698566878793,2698281.3636799688,0.8917589199261109
1760727600,2025-10-17,2025-10-17 19:00,24931423182933,24926596.964982346,22232754806760,22228450.996281408,22000070521736,,2698668376173,2698145.968700936,0.8917563447392608
1760731200,2025-10-17,2025-10-17 20:00,24623057668665,24618284.867159277,22233018250624,22228708.72154718,22000070521736,,2390039418041,2389576.145612098,0.9029349055587628
1760734800,2025-10-17,2025-10-17 21:00,24943495410229,24939146.73495906,22233269630350,22229393.45869798,22000070521736,,2710225779879,2709753.276261079,0.8913453894369764
1760738400,2025-10-17,2025-10-17 22:00,24943809940908,24938889.03549262,22233512632955,22229126.41397011,22000070521736,,2710297307953,2709762.6215225155,0.8913438919566135
1760742000,2025-10-17,2025-10-17 23:00,24943781400861,24938923.33376427,22233755625954,22229425.365240622,22000070521736,,2710025774907,2709497.968523646,0.8913546534362485
1760745600,2025-10-18,2025-10-18 00:00,24944174942120,24940325.207397856,22233998608856,22230567.146534428,22000070521736,,2710176333264,2709758.0608634287,0.8913503317085996
1760749200,2025-10-18,2025-10-18 01:00,24818939847185,24814143.665501583,22234242497607,22229945.80051727,22000070521736,,2584697349578,2584197.8649843168,0.8958578663918572
1760752800,2025-10-18,2025-10-18 02:00,24819183737978,24816984.060582582,22234486388400,22232515.787850697,22000070521736,,2584697349578,2584468.2727318844,0.8958588897658657
1760756400,2025-10-18,2025-10-18 03:00,24685708667806,24680946.399027146,22276738567737,22272441.02789306,22039788133152,,2408970100069,2408505.3711340874,0.9024143834602297
1760760000,2025-10-18,2025-10-18 04:00,24685971657984,24681207.947550483,22277001557915,22272702.7121487,22039788133152,,2408970100069,2408505.2354017827,0.9024154230813968
1760763600,2025-10-18,2025-10-18 05:00,24762919321975,24760131.1512136,22277249528582,22274741.23079318,22039788133152,,2485669793393,2485389.9204204185,0.8996212941990577
1760767200,2025-10-18,2025-10-18 06:00,24677610602662,24675162.49471745,22277510632607,22275300.62323281,22039788133152,,2400099970055,2399861.871484639,0.9027418007075572
1760770800,2025-10-18,2025-10-18 07:00,24677826113372,24672977.136778347,22277776133424,22273398.74562114,22039788133152,,2400049979948,2399578.3911572,0.902744675769982
1760774400,2025-10-18,2025-10-18 08:00,24763475499275,24758603.07823177,22278022121360,22273638.734068956,22039788133152,,2485453377915,2484964.3441628166,0.8996322879642735
1760778000,2025-10-18,2025-10-18 09:00,24749746969004,24744832.63356279,22396270899626,22391823.87283535,22150987417944,,2353476069378,2353008.76072744,0.9049090856433628
1760781600,2025-10-18,2025-10-18 10:00,24750179941922,24745314.05428431,22396553875271,22392150.710733034,22150987417944,,2353626066651,2353163.343551276,0.904904688686145
1760785200,2025-10-18,2025-10-18 11:00,24750615639802,24747666.280501854,22396836892967,22394168.017164253,22150987417944,,2353778746835,2353498.263337599,0.9049001939551824
1760788800,2025-10-18,2025-10-18 12:00,24751096005406,24746249.468335334,22397119950259,22392734.34761371,22150987417944,,2353976055147,2353515.120721622,0.9048940679381285
1760792400,2025-10-18,2025-10-18 13:00,24820511085612,24815690.395189237,22397384473717,22393034.407900266,22150987417944,,2423126611895,2422655.987288971,0.9023740243084825
1760796000,2025-10-18,2025-10-18 14:00,24920855753137,24918391.031794008,22497652822480,22495427.760643117,22244735573015,,2423202930657,2422963.2711508917,0.9027640561519654
1760799600,2025-10-18,2025-10-18 15:00,24921023390344,24916355.720955722,22497921463068,22493707.636947453,22244735573015,,2423101927276,2422648.084008271,0.9027687631714649
1760803200,2025-10-18,2025-10-18 16:00,24921744033210,24916998.73447274,22498190108410,22493906.273660325,22244735573015,,2423553924800,2423092.4608124197,0.9027534380591326
1760806800,2025-10-18,2025-10-18 17:00,25102376885469,25097639.047340907,22498437628936,22494191.259912573,22244735573015,,2603939256533,2603447.787428336,0.8962672232827346
1760810400,2025-10-18,2025-10-18 18:00,25102274222847,25097451.4050787,22498684976401,22494362.37771117,22244735573015,,2603589246446,2603089.0273675355,0.8962807424007692
1760814000,2025-10-18,2025-10-18 19:00,25102470567501,25097633.102120087,22498932322734,22494596.581918128,22244735573015,,2603538244767,2603036.5202019587,0.8962835854038336
1760817600,2025-10-18,2025-10-18 20:00,25102718905689,25097757.243843302,22499179665855,22494732.604892123,22244735573015,,2603539239834,2603024.6389511796,0.8962845718180765
1760821200,2025-10-18,2025-10-18 21:00,25102374189749,25098847.718927752,22499427010676,22496266.211133767,22244735573015,,2602947179073,2602581.5077939862,0.8963067334030914
1760824800,2025-10-18,2025-10-18 22:00,25103020524028,25097999.927272845,22499674349946,22495174.421663456,22244735573015,,2603346174082,2602825.50560939,0.8962935089189709
1760828400,2025-10-18,2025-10-18 23:00,25103269853486,25100785.43407983,22499921686192,22497694.914843056,22244735573015,,2603348167294,2603090.519236771,0.8962944595469708
1760832000,2025-10-19,2025-10-19 00:00,25103487183446,25098599.491226964,22500169019719,22495788.19803311,22244735573015,,2603318163727,2602811.2931938525,0.8962965525584945
1760835600,2025-10-19,2025-10-19 01:00,25103073359439,25098161.0769805,22500416354910,22496013.37209644,22244735573015,,2602657004529,2602147.704884061,0.8963211807867989
1760839200,2025-10-19,2025-10-19 02:00,25103320692050,25098402.398132402,22500663687521,22496255.311485264,22244735573015,,2602657004529,2602147.086647139,0.8963222022912196
1760842800,2025-10-19,2025-10-19 03:00,25103568021608,25099878.599636793,22500911017079,22497604.102483947,22244735573015,,2602657004529,2602274.497152847,0.8963232237629029
1760846400,2025-10-19,2025-10-19 04:00,25103815348114,25100179.657865983,22501158343585,22497899.586267658,22244735573015,,2602657004529,2602280.0715983245,0.896324245201854
1760850000,2025-10-19,2025-10-19 05:00,25103471432072,25098561.498377692,22501405672117,22497004.670838043,22244735573015,,2602065759955,2601556.82753965,0.8963463771536146
1760853600,2025-10-19,2025-10-19 06:00,25103718757627,25098742.260311015,22501652997672,22497192.327249847,22244735573015,,2602065759955,2601549.933061166,0.8963473983644578
1760857200,2025-10-19,2025-10-19 07:00,25103966080168,25099109.186401337,22501900320213,22497546.851161364,22244735573015,,2602065759955,2601562.3352399725,0.8963484195427344
1760860800,2025-10-19,2025-10-19 08:00,25104227558346,25099258.694181018,22712161798391,22707666.39431585,22444735573015,,2392065759955,2391592.299865169,0.9047146240849084
1760864400,2025-10-19,2025-10-19 09:00,25100857822966,25095837.651401404,22712448444905,22707905.95521602,22444735573015,,2388409378061,2387931.6961853877,0.9048474998382037
1760868000,2025-10-19,2025-10-19 10:00,25151398612794,25148446.631380368,22712733598066,22710067.839057263,22444735573015,,2438665014728,2438378.7923231,0.9030405802766173
1760871600,2025-10-19,2025-10-19 11:00,25151621101294,25146630.32983332,22713007035659,22708500.152112875,22444735573015,,2438614065635,2438130.1777204447,0.9030434636473774
1760875200,2025-10-19,2025-10-19 12:00,25151904603272,25147052.40813115,22713280540599,22708898.794118557,22444735573015,,2438624062673,2438153.614012595,0.9030441590353455
1760878800,2025-10-19,2025-10-19 13:00,25151502657932,25146472.4738621,22713554297696,22709011.692009456,22444735573015,,2437948360236,2437460.7818526453,0.903069474878188
1760882400,2025-10-19,2025-10-19 14:00,25151803465316,25146926.191725597,22713828103305,22709423.585986868,22444735573015,,2437975362011,2437502.6057387274,0.9030695605834812
1760886000,2025-10-19,2025-10-19 15:00,25151948321796,25146917.932131637,22714101962885,22709559.14249242,22444735573015,,2437846358911,2437358.789639218,0.9030752477811658
1760889600,2025-10-19,2025-10-19 16:00,25152624272888,25150120.334018316,22714375915608,22712114.703889545,22444735573015,,2438248357280,2438005.630128769,0.9030618701720048
1760893200,2025-10-19,2025-10-19 17:00,25152396983978,25148453.776305873,22846270161541,22842688.49145851,22564953573015,,2306126822437,2305765.284847365,0.9083138349038465
1760896800,2025-10-19,2025-10-19 18:00,25150982058283,25146243.217655014,22974748679713,22970419.87568424,22682053573015,,2176233378570,2175823.3419707753,0.9134732244837613
1760900400,2025-10-19,2025-10-19 19:00,25152007791313,25147845.50074848,23053783081222,23049968.016254164,22753926474198,,2098224710091,2097877.484494319,0.9165782418843046
1760904000,2025-10-19,2025-10-19 20:00,25152415767781,25150029.840899106,23142191069008,23139995.82954125,22833292849329,,2010224698773,2010034.0113578534,0.9200782653510364
1760907600,2025-10-19,2025-10-19 21:00,25152004945601,25149683.74282511,23138902682539,23136767.26290729,22833292849329,,2013102263062,2012916.4799178222,0.9199625529886799
1760911200,2025-10-19,2025-10-19 22:00,25152416411284,25147471.033209484,23139313052928,23134763.484029323,22833292849329,,2013103358356,2012707.5491801593,0.91996381876642
1760914800,2025-10-19,2025-10-19 23:00,25152826148849,25148334.446987405,23139723908860,23135591.699606728,22833292849329,,2013102239989,2012742.7473806771,0.9199651670124106
1760918400,2025-10-20,2025-10-20 00:00,25153237479095,25148738.810098775,23140135250690,23135996.626025587,22833292849329,,2013102228405,2012742.1840731844,0.9199664762805145
1760922000,2025-10-20,2025-10-20 01:00,25151518320350,25146648.332073107,23140547515411,23136066.903398417,22833292849329,,2010970804939,2010581.4286746932,0.9200457491541602
1760925600,2025-10-20,2025-10-20 02:00,25152031215756,25148576.54982334,23140960421482,23137781.978877056,22833292849329,,2011070794274,2010794.5709462876,0.9200434041679225
1760929200,2025-10-20,2025-10-20 03:00,25252433400275,25250104.80908707,23141362617292,23139228.69331671,22833292849329,,2111070782983,2110876.1157703623,0.9164012929161904
1760932800,2025-10-20,2025-10-20 04:00,25252818949111,25248039.503985196,23141748166128,23137368.270335056,22833292849329,,2111070782983,2110671.23365014,0.9164025692641605
1760936400,2025-10-20,2025-10-20 05:00,25252244992877,25247282.286577154,23142134363945,23137586.347876243,22833292849329,,2110110628932,2109695.938700913,0.9164386917073232
1760940000,2025-10-20,2025-10-20 06:00,25252631555394,25248062.631650973,23142520942590,23138333.79824521,22833292849329,,2110110612804,2109728.8334057573,0.9164399714867231
1760943600,2025-10-20,2025-10-20 07:00,25253018507844,25247967.904142436,23142907900411,23138279.31883092,22833292849329,,2110110607433,2109688.585311514,0.9164412520912079
1760947200,2025-10-20,2025-10-20 08:00,25252364288337,25247313.815479334,23143295499592,23138666.84049208,22833292849329,,2109068788745,2108646.974987251,0.9164803435962197
1760950800,2025-10-20,2025-10-20 09:00,25251833072050,25246782.705435596,23143683771352,23139055.034597732,22833292849329,,2108149300698,2107727.6708378606,0.9165149993395368
1760954400,2025-10-20,2025-10-20 10:00,25252221725969,25247171.281623807,23144072425271,23139443.610785946,22833292849329,,2108149300698,2107727.6708378606,0.9165162842471792
1760958000,2025-10-20,2025-10-20 11:00,25272609784453,25267784.467676524,23144459701469,23140040.713852268,22833292849329,,2128150082984,2127743.753824255,0.9157922311492667
1760961600,2025-10-20,2025-10-20 12:00,25422976946008,25418747.185701825,23140385685966,23136535.69290453,22833292849329,,2282591260042,2282211.4927972965,0.9102154218646522
1760965200,2025-10-20,2025-10-20 13:00,25422409107244,25417477.895578526,23140726268831,23136237.637606356,22833292849329,,2281682838413,2281240.2579721683,0.9102491495283646
1760968800,2025-10-20,2025-10-20 14:00,25422749898115,25417261.574620217,23141067069144,23136071.32074546,22833292849329,,2281682828971,2281190.2538747545,0.9102503530060618
1760972400,2025-10-20,2025-10-20 15:00,25423090638771,25418099.88400443,23140119549970,23135576.960574243,22824664083712,,2282971088801,2282522.923430185,0.9102008830775516
1760976000,2025-10-20,2025-10-20 16:00,25422164425055,25417216.475760963,23136200157124,23131697.12806164,22820779419859,,2285964267931,2285519.3476993237,0.9100798724408354
1760979600,2025-10-20,2025-10-20 17:00,25422504422675,25417488.05034944,23136540159544,23131974.8540243,22820779419859,,2285964263131,2285513.1963251447,0.9100810752109816
1760983200,2025-10-20,2025-10-20 18:00,25412845850178,25407775.758059304,23136881601121,23132265.584412422,22820779419859,,2275964249057,2275510.1736468864,0.9104404023667795
1760986800,2025-10-20,2025-10-20 19:00,25448015971864,25443081.59453118,23137217916224,23132731.603273056,22820779419859,,2310798055640,2310349.991258121,0.9091953550251273
1760990400,2025-10-20,2025-10-20 20:00,25448349608266,25443421.207101163,23137551566284,23133070.680967424,22820779419859,,2310798041982,2310350.526133738,0.9091965460411854
1760994000,2025-10-20,2025-10-20 21:00,25447082361583,25444592.449673213,23137885851583,23135621.88682938,22820779419859,,2309196510000,2308970.5628438354,0.909254959873665
1760997600,2025-10-20,2025-10-20 22:00,25447416833273,25444942.851026367,23138220330567,23135970.846987132,22820779419859,,2309196502706,2308972.0040392354,0.9092561528804496
1761001200,2025-10-20,2025-10-20 23:00,25447751494969,25445394.013868533,23138555001356,23136411.44434592,22820779419859,,2309196493613,2308982.569522613,0.9092573466040987
1761004800,2025-10-21,2025-10-21 00:00,25453085949088,25450547.466101322,23138889098946,23136581.41505943,22820779419859,,2314196850142,2313966.0510418965,0.9090799105943018
1761008400,2025-10-21,2025-10-21 01:00,25452581366648,25449510.196827266,23139223039322,23136431.00489335,22820779419859,,2313358327326,2313079.191933912,0.9091110526668494
1761012000,2025-10-21,2025-10-21 02:00,25452965415963,25447874.822879806,23139557097394,23134929.18597452,22820779419859,,2313408318569,2312945.636905286,0.9091104599891481
1761015600,2025-10-21,2025-10-21 03:00,25451949571967,25449414.1184272,23139891663797,23137586.531136584,22820779419859,,2312057908170,2311827.5872906144,0.90915988963311
1761019200,2025-10-21,2025-10-21 04:00,25451782484875,25446909.463127144,23140226581357,23135796.132234298,22820779419859,,2311555903518,2311113.330892844,0.9091790170338102
1761022800,2025-10-21,2025-10-21 05:00,25451831746395,25449385.04340525,23140561837484,23138337.31854185,22820779419859,,2311269908911,2311047.7248633998,0.9091904295163994
1761026400,2025-10-21,2025-10-21 06:00,25451666269779,25446454.643490344,23140897366126,23136158.90587047,22820779419859,,2310768903653,2310295.7376198755,0.9092095236846328
1761030000,2025-10-21,2025-10-21 07:00,25452503508043,25447548.73667982,23141233073081,23136728.230604388,22820779419859,,2311270434962,2310820.506075433,0.9091928055630505
1761033600,2025-10-21,2025-10-21 08:00,25452838759307,25450301.68580402,23141568867945,23139262.17588022,22820779419859,,2311269891362,2311039.5099238013,0.909194022984298
1761037200,2025-10-21,2025-10-21 09:00,25452373478170,25447320.96719612,23141905076380,23137311.212886084,22820779419859,,2310468401790,2310009.754310037,0.9092238527863956
1761040800,2025-10-21,2025-10-21 10:00,25452719869777,25447604.707780585,23142241477631,23137590.646021493,22820779419859,,2310478392146,2310014.06175909,0.9092246956723277
1761044400,2025-10-21,2025-10-21 11:00,25453056510548,25450577.072650902,23142578124788,23140323.755643163,22820779419859,,2310478385760,2310253.317007738,0.9092258965125656
1761048000,2025-10-21,2025-10-21 12:00,25453393284968,25448556.17525863,23142914908728,23138516.87750462,22820779419859,,2310478376240,2310039.297754005,0.9092270979207908
1761051600,2025-10-21,2025-10-21 13:00,25553238399183,25548281.887961373,23083313662279,23078836.23748406,22766012101583,,2469924736904,2469445.6504773092,0.90334200705524
1761055200,2025-10-21,2025-10-21 14:00,25553528092116,25549182.929413266,23083603363263,23079678.190503407,22766012101583,,2469924728853,2469504.7389098625,0.9033431031539225
1761058800,2025-10-21,2025-10-21 15:00,25553802206282,25550653.004623704,23012674486229,23009838.44828565,22701017947014,,2541127720053,2540814.556338053,0.9005577448107388
1761062400,2025-10-21,2025-10-21 16:00,25552013353976,25547142.484413944,23012941920638,23008555.063258827,22701017947014,,2539071433338,2538587.4211551165,0.9006312575778727
1761066000,2025-10-21,2025-10-21 17:00,25502158685310,25497260.025204647,23013215665462,23008795.101584747,22701017947014,,2488943019848,2488464.9236199013,0.9024026534160927
1761069600,2025-10-21,2025-10-21 18:00,25502436275570,25499913.0766437,22996799010977,22994523.718610976,22685786387262,,2505637264593,2505389.358032725,0.9017491020262535
1761073200,2025-10-21,2025-10-21 19:00,25502725408247,25497847.337933015,23072088143654,23067674.996962674,22755601726978,,2430637264593,2430172.340970341,0.9046910780834825
1761076800,2025-10-21,2025-10-21 20:00,25503025831048,25498300.662076276,23072388566455,23068113.74293876,22755601726978,,2430637264593,2430186.9191375133,0.9046922008119569
1761080400,2025-10-21,2025-10-21 21:00,25502655151592,25500029.670148365,23072689276210,23070313.958142553,22755601726978,,2429965875382,2429715.712005812,0.9047171417666953
1761084000,2025-10-21,2025-10-21 22:00,25502955945187,25498111.87207976,23072990080480,23068607.559058066,22755601726978,,2429965864707,2429504.313021696,0.9047182659951388
1761087600,2025-10-21,2025-10-21 23:00,25503256835965,25500693.952786762,23073290979524,23070972.28941715,22755601726978,,2429965856441,2429721.6633696123,0.9047193904656823
1761091200,2025-10-22,2025-10-22 00:00,25503557817075,25498573.940315273,23073591969620,23069082.95406987,22755601726978,,2429965847455,2429490.986245402,0.9047205152753981
1761094800,2025-10-22,2025-10-22 01:00,25503151615586,25498257.809177067,23073893254316,23069465.598927006,22755601726978,,2429258361270,2428792.210250058,0.9047467388389213
1761098400,2025-10-22,2025-10-22 02:00,25501653220083,25496774.428860366,23074194795357,23069780.407863557,22755601726978,,2427458424726,2426994.0209968123,0.9048117232331301
1761102000,2025-10-22,2025-10-22 03:00,25502106111764,25497173.209522016,23074496691427,23070033.364517335,22755601726978,,2427609420337,2427139.845004682,0.9048074927734241
1761105600,2025-10-22,2025-10-22 04:00,25502438885900,25495145.96845055,23074798719882,23068200.03326306,22755601726978,,2427640166018,2426945.935187492,0.9048075293159427
1761109200,2025-10-22,2025-10-22 05:00,25502451529282,25497470.994759575,23075101017690,23070594.5357506,22755601726978,,2427350511592,2426876.4590089717,0.904818934414799
1761112800,2025-10-22,2025-10-22 06:00,25502753824718,25496691.698897276,23075403313126,23069918.180061173,22755601726978,,2427350511592,2426773.5188361034,0.9048200626381241
1761116400,2025-10-22,2025-10-22 07:00,25503056207275,25497955.596033543,23075705695683,23071090.554543864,22755601726978,,2427350511592,2426865.041489681,0.9048211911598433
1761120000,2025-10-22,2025-10-22 08:00,25503358678158,25498389.713799827,23076008184667,23071512.15480499,22755601726978,,2427350493491,2426877.5589948357,0.9048223206941809
1761123600,2025-10-22,2025-10-22 09:00,25503661254558,25496750.755675614,23076310761067,23070057.979627807,22755601726978,,2427350493491,2426692.7760478063,0.9048234498857616
1761127200,2025-10-22,2025-10-22 10:00,25503962916510,25498977.288927976,23076613444154,23072102.32559319,22755601726978,,2427349472356,2426874.963334786,0.9048246156763091
1761130800,2025-10-22,2025-10-22 11:00,25504265690511,25498663.571575668,23076916218155,23071847.27671267,22755601726978,,2427349472356,2426816.294862997,0.9048257455512978
1761134400,2025-10-22,2025-10-22 12:00,25504580732460,25500163.850960363,23142230273872,23138222.504058834,22815096044726,,2362350458588,2361941.3469015285,0.9073754443027794
1761138000,2025-10-22,2025-10-22 13:00,25503474941496,25498319.304261006,23142554842524,23137876.475449212,22815096044726,,2360920098972,2360442.8288117955,0.9074275131374112
1761141600,2025-10-22,2025-10-22 14:00,25503799652130,25500997.28867006,23142879565582,23140336.62057235,22815096044726,,2360920086548,2360660.668097705,0.9074286922438702
1761145200,2025-10-22,2025-10-22 15:00,25202599175258,25197622.79202895,23143234472654,23138664.721609876,22815096044726,,2059364702604,2058958.0704190703,0.918287606437604
1761148800,2025-10-22,2025-10-22 16:00,25302984788416,25297980.111535944,23093619748903,23089052.062292088,22815096044726,,2209365039513,2208928.0492438553,0.9126836198184621
1761152400,2025-10-22,2025-10-22 17:00,25302531276883,25297543.550283555,23093986562314,23089434.192047026,22815096044726,,2208544714569,2208109.35823653,0.9127144754648805
1761156000,2025-10-22,2025-10-22 18:00,25303531148267,25299734.377460867,23057974343975,23054514.51683369,22732096044726,,2245556804292,2245219.860627177,0.911255200266948
1761159600,2025-10-22,2025-10-22 19:00,25303887275371,25298846.528151806,23058329547287,23053736.134058435,22732096044726,,2245557728084,2245110.394093368,0.911256412754033
1761163200,2025-10-22,2025-10-22 20:00,25304241719995,25299302.449620053,23058684932210,23054183.984083153,22732096044726,,2245556787785,2245118.465536901,0.9112576929736409
1761166800,2025-10-22,2025-10-22 21:00,25303743554796,25298758.367174946,23059040805925,23054497.855806567,22732096044726,,2244702748871,2244260.51136838,0.9112896973520922
1761170400,2025-10-22,2025-10-22 22:00,25304099668357,25299110.383930117,23059396924990,23054850.235264655,22732096044726,,2244702743367,2244260.14866546,0.9112909460211295
1761174000,2025-10-22,2025-10-22 23:00,25303956070114,25299006.53205791,23059753339274,23055242.774744067,22732096044726,,2244202730840,2243763.7573138406,0.9113102028543836
1761177600,2025-10-23,2025-10-23 00:00,25304812715224,25299830.18954729,23060109991675,23055569.44867892,22732096044726,,2244702723549,2244260.740868372,0.9112934464755579
1761181200,2025-10-23,2025-10-23 01:00,25304325069744,25301017.48159772,23060467089770,23057452.801604502,22732096044726,,2243857979974,2243564.6799932243,0.9113251203583
1761184800,2025-10-23,2025-10-23 02:00,25304682410223,25302141.198992096,23060824434806,23058508.56199252,22732096044726,,2243857975417,2243632.636999578,0.9113263727621221
1761188400,2025-10-23,2025-10-23 03:00,25304739005633,25299773.211913943,23061182044598,23056656.52576433,22732096044726,,2243556961035,2243116.6861496135,0.9113384666589301
1761192000,2025-10-23,2025-10-23 04:00,25305096926664,25300932.687862385,23061539971175,23057744.934947662,22732096044726,,2243556955489,2243187.7529147216,0.9113397209269346
1761195600,2025-10-23,2025-10-23 05:00,25304610063594,25299686.661390938,23061898388876,23057411.340822335,22732096044726,,2242711674718,2242275.3205686025,0.9113714193152254
1761199200,2025-10-23,2025-10-23 06:00,25302889851739,25299671.113818277,23062257632775,23059323.921897903,22732096044726,,2240632218964,2240347.191920377,0.9114475764589393
1761202800,2025-10-23,2025-10-23 07:00,25303249364591,25299725.397586595,23062617151457,23059405.235836763,22732096044726,,2240632213134,2240320.161749835,0.9114488348571742
1761206400,2025-10-23,2025-10-23 08:00,25308610880982,25306073.36618637,23062975813808,23060663.45290309,22732096044726,,2245635067174,2245409.9132832815,0.911269920038896
1761210000,2025-10-23,2025-10-23 09:00,24638446949625,24635659.21247939,22998447072484,22995844.894460104,22674975213472,,1639999877141,1639814.3180192888,0.9334373680088647
1761213600,2025-10-23,2025-10-23 10:00,24905310363395,24901031.926215515,22998894153428,22994943.215961356,22674975213472,,1906416209967,1906088.710254156,0.9234534249061602
1761217200,2025-10-23,2025-10-23 11:00,24999291339919,24996635.77422945,22999321955894,22996878.83822964,22674975213472,,1999969384025,1999756.9359998077,0.9199989568971726
1761220800,2025-10-23,2025-10-23 12:00,25139757974181,25136353.891500108,22999726727816,22996612.41893921,22674975213472,,2140031246365,2139741.4725609007,0.9148746281263784
1761224400,2025-10-23,2025-10-23 13:00,25140386956138,25137863.459888432,23000115049049,22997806.385138333,22674975213472,,2140271907089,2140057.074750102,0.9148671851860078
1761228000,2025-10-23,2025-10-23 14:00,25307780404781,25302879.829790056,23000460020130,22996006.232506115,22674975213472,,2307320384651,2306873.597283943,0.908829603080675
1761231600,2025-10-23,2025-10-23 15:00,25308508529066,25305125.648909733,22910748580347,22907686.198514085,22674975213472,,2397759948719,2397439.4503956516,0.9052587415032676
1761235200,2025-10-23,2025-10-23 16:00,25308718714984,25306187.486873224,22911058774701,22908767.346333124,22674975213472,,2397659940283,2397420.1405401025,0.9052634798590784
1761238800,2025-10-23,2025-10-23 17:00,25307963540735,25303093.344681676,22903021921193,22898614.525600296,22587215135610,,2404941619542,2404478.8190813814,0.9049729301343795
1761242400,2025-10-23,2025-10-23 18:00,25308622418242,25306123.310708765,22903329807794,22901068.21160307,22587215135610,,2405292610448,2405055.0991056967,0.904961535610318
1761246000,2025-10-23,2025-10-23 19:00,25308930374526,25306419.735526815,22903637769103,22901365.73447509,22587215135610,,2405292605423,2405054.0010517263,0.904962692226457
1761249600,2025-10-23,2025-10-23 20:00,25309238427949,25304264.356328726,22903945831210,22899444.4762097,22587215135610,,2405292596739,2404819.8801190215,0.9049638493237776
1761253200,2025-10-23,2025-10-23 21:00,25308283791532,25305676.382779412,23006273121471,23003902.87944292,22676694213472,,2302010670061,2301773.5033364957,0.9090412179259962
1761256800,2025-10-23,2025-10-23 22:00,25308626460280,25303744.392468,23006615790219,23002177.78333669,22676694213472,,2302010670061,2301566.609131308,0.9090424494717707
1761260400,2025-10-23,2025-10-23 23:00,25308002484166,25305470.33442552,23061968311417,23059660.884858493,22728225582790,,2246034172749,2245809.4495670265,0.9112520170584686
1761264000,2025-10-24,2025-10-24 00:00,25308364323965,25305046.036345277,23062330151216,23059306.350718934,22728225582790,,2246034172749,2245739.6856263434,0.9112532859098214
1761267600,2025-10-24,2025-10-24 01:00,25308307668614,25303543.868067447,23062692412153,23058351.305345044,22728225582790,,2245615256461,2245192.5627224003,0.9112696397615756
1761271200,2025-10-24,2025-10-24 02:00,25308670127556,25304754.074104197,23063054871095,23059486.285500348,22728225582790,,2245615256461,2245267.788603852,0.9112709105163143
1761274800,2025-10-24,2025-10-24 03:00,25309032825439,25304026.844133113,23063417568978,23058855.75746997,22728225582790,,2245615256461,2245171.086663142,0.911272182072329
1761278400,2025-10-24,2025-10-24 04:00,25309395762442,25306777.858699843,23063780505981,23061394.87979452,22728225582790,,2245615256461,2245382.9789053244,0.9112734544301768
1761282000,2025-10-24,2025-10-24 05:00,25308899835012,25304788.36908971,23064143970024,23060397.16780906,22728225582790,,2244755864988,2244391.201280651,0.911305671932739
1761285600,2025-10-24,2025-10-24 06:00,25309263897972,25304283.09506125,23064507702487,23059968.66225404,22728225582790,,2244756195485,2244314.4328072127,0.9113069347044555
1761289200,2025-10-24,2025-10-24 07:00,25309624474744,25304695.92188141,23064871675580,23060380.24428929,22728225582790,,2244752799164,2244315.6775921187,0.9113083324723369
1761292800,2025-10-24,2025-10-24 08:00,25309990691283,25304982.23834915,23065235897538,23060671.64661393,22728225582790,,2244754793745,2244310.5917352233,0.9113095369680198
1761296400,2025-10-24,2025-10-24 09:00,25307678936155,25304958.84680079,23065601090057,23063121.981003508,22728225582790,,2242077846098,2241836.8657972836,0.9114072115521061
1761300000,2025-10-24,2025-10-24 10:00,25308474950282,25303861.62873441,23065966536337,23061761.987439957,22728225582790,,2242508413945,2242099.641294454,0.9113929852213394
1761303600,2025-10-24,2025-10-24 11:00,25308821584335,25305488.983346954,23066332181166,23063294.865455296,22728225582790,,2242489403169,2242194.11789166,0.9113949499506924
1761307200,2025-10-24,2025-10-24 12:00,25309207473164,25304289.294185728,23066698074916,23062215.66867351,22728225582790,,2242509398248,2242073.6255122186,0.9113955108777788
1761310800,2025-10-24,2025-10-24 13:00,25308706392639,25305147.20051739,23067064479354,23063820.531880356,22728225582790,,2241641913285,2241326.668637033,0.9114280327683213
1761314400,2025-10-24,2025-10-24 14:00,25309073047941,25306538.043959852,23067431134656,23065120.65771161,22728225582790,,2241641913285,2241417.386248244,0.9114293159200721
1761318000,2025-10-24,2025-10-24 15:00,25206093506971,25203517.58505594,23067816225599,23065458.823674273,22728225582790,,2138277281372,2138058.7613816634,0.9151682397440667
1761321600,2025-10-24,2025-10-24 16:00,25206490415349,25201501.174237505,23068214146009,23063648.144138467,22728225582790,,2138276269340,2137853.0300990376,0.9151696156781136
1761325200,2025-10-24,2025-10-24 17:00,25390186367406,25387197.362469006,23068558506687,23065842.810383394,22728225582790,,2321627860719,2321354.5520856115,0.9085620000135434
1761328800,2025-10-24,2025-10-24 18:00,25390429470425,25386310.407360304,23068799768034,23065057.34055037,22728225582790,,2321629702391,2321253.066809938,0.9085628029610426
1761332400,2025-10-24,2025-10-24 19:00,25390874758283,25385846.96752544,23069144064974,23064576.01324601,22728225582790,,2321730693309,2321270.954279428,0.9085604290749532
1761336000,2025-10-24,2025-10-24 20:00,25391219223822,25386173.916820418,23069488530513,23064904.55796013,22728225582790,,2321730693309,2321269.3588602887,0.9085616695739149
1761339600,2025-10-24,2025-10-24 21:00,25469797667192,25464724.844766077,23069797734232,23065202.92005888,22728225582790,,2399999932960,2399521.924707197,0.9057707499556829
1761343200,2025-10-24,2025-10-24 22:00,25519513769348,25514581.71545004,23070106042760,23065647.376052517,22728225582790,,2449407726588,2448934.339397523,0.904018244676353
1761346800,2025-10-24,2025-10-24 23:00,25519821156869,25516454.07982897,23070413430281,23067369.527312886,22728225582790,,2449407726588,2449084.552516083,0.9040194007813919
1761350400,2025-10-25,2025-10-25 00:00,25520128618995,25517125.896367937,23070720892407,23068006.36942475,22728225582790,,2449407726588,2449119.526943189,0.9040205571391646
1761354000,2025-10-25,2025-10-25 01:00,25581157906596,25578591.545517895,23071010876203,23068696.338895448,22728225582790,,2510147030393,2509895.2066224483,0.901875159851706
1761357600,2025-10-25,2025-10-25 02:00,25581397767761,25578847.780222945,23071300792938,23069001.01518376,22728225582790,,2510096974823,2509846.765039187,0.9018780366260379
1761361200,2025-10-25,2025-10-25 03:00,25581737720461,25576751.836012438,23071590754826,23067094.098390654,22728225582790,,2510146965635,2509657.7376217847,0.9018773863971206
1761364800,2025-10-25,2025-10-25 04:00,25620741235972,25615736.893792383,23071873778015,23067367.290476378,22728225582790,,2548867457957,2548369.6033160035,0.9005154677422704
1761368400,2025-10-25,2025-10-25 05:00,25987300414039,25982310.737123966,23072145566829,23067715.612571307,22728225582790,,2915154847210,2914595.1245526583,0.8878238677829283
1761372000,2025-10-25,2025-10-25 06:00,25987270133617,25984683.62800308,23072417293962,23070120.902823158,22728225582790,,2914852839655,2914562.725179922,0.8878353584401941
1761375600,2025-10-25,2025-10-25 07:00,25987742841186,25984988.22458763,23072689003951,23070243.37362105,22728225582790,,2915053837235,2914744.850966579,0.8878296643517977
1761379200,2025-10-25,2025-10-25 08:00,25988064522829,25982934.957717054,23072960695512,23068406.518185366,22728225582790,,2915103827317,2914528.439531689,0.8878291292236768
1761382800,2025-10-25,2025-10-25 09:00,25987759838278,25984702.260979358,23073232374358,23070517.7043767,22728225582790,,2914527463920,2914184.556602655,0.8878499923788306
1761386400,2025-10-25,2025-10-25 10:00,25986632776782,25982606.341231946,23073504039574,23069928.971664,22728225582790,,2913128737208,2912677.369567947,0.8878989531952457
1761390000,2025-10-25,2025-10-25 11:00,25986904427907,25984305.737464212,23073775694368,23071468.316798564,22728225582790,,2913128733539,2912837.4206656464,0.8879001251718681
1761393600,2025-10-25,2025-10-25 12:00,25987126057881,25982088.234387156,23074047332027,23069574.233405456,22728225582790,,2913078725854,2912514.0009816983,0.8879030055356751
1761397200,2025-10-25,2025-10-25 13:00,25986668981607,25984135.77254429,23079319014352,23077069.21696051,22728225582790,,2907349967255,2907066.5555837797,0.8881214837764401
1761400800,2025-10-25,2025-10-25 14:00,25986639687004,25984482.961631905,23079590726302,23077675.26745482,22728225582790,,2907048960702,2906807.6941770865,0.8881329407835741
1761404400,2025-10-25,2025-10-25 15:00,25987363377396,25983682.664101526,23079862421063,23076593.51089254,22728225582790,,2907500956333,2907089.153208988,0.8881186631321758
1761408000,2025-10-25,2025-10-25 16:00,25987212047688,25984680.450244818,23080134098905,23077885.70040939,22728225582790,,2907077948783,2906794.7498354265,0.8881342891477413
1761411600,2025-10-25,2025-10-25 17:00,25987229923603,25984840.213337403,23080405765717,23078283.358567234,22728225582790,,2906824157886,2906556.854770169,0.8881441320821245
1761415200,2025-10-25,2025-10-25 18:00,25987550568289,25985016.82763046,23080677413655,23078427.088037126,22728225582790,,2906873154634,2906589.739593334,0.8881436268110209
1761418800,2025-10-25,2025-10-25 19:00,25987802191859,25985194.05656322,23080949044590,23078632.641016554,22728225582790,,2906853147269,2906561.4155466687,0.8881454797212668
1761422400,2025-10-25,2025-10-25 20:00,25988094597314,25985535.197118644,23081220658490,23078947.53760223,22728225582790,,2906873938824,2906587.6595164095,0.8881459382126291
1761426000,2025-10-25,2025-10-25 21:00,25987738865130,25985201.30289937,23081492260346,23079238.477387413,22728225582790,,2906246604784,2905962.825511957,0.8881685467186388
1761429600,2025-10-25,2025-10-25 22:00,25988000446042,25984679.96782977,23081763845344,23078814.69601997,22728225582790,,2906236600698,2905865.2718097987,0.8881700573027109
1761433200,2025-10-25,2025-10-25 23:00,25988282003085,25983220.822043557,23082035413388,23077540.219745792,22728225582790,,2906246589697,2905680.6022977643,0.8881708845027921
1761436800,2025-10-26,2025-10-26 00:00,25988554388264,25983523.928102322,23082306964544,23077839.050558094,22728225582790,,2906247423720,2905684.877544226,0.888172024488118
1761440400,2025-10-26,2025-10-26 01:00,25988197239481,25983007.503506675,23082578503658,23077969.00778044,22728225582790,,2905618735823,2905038.495726235,0.888194678951843
1761444000,2025-10-26,2025-10-26 02:00,25988470611159,25985891.025794085,23082850025771,23080558.84892578,22728225582790,,2905620585388,2905332.1768683065,0.8881957838588479
1761447600,2025-10-26,2025-10-26 03:00,25988088253974,25984369.136577405,23083121533961,23079818.142113715,22728225582790,,2904966720013,2904550.9944636887,0.8882192991025886
1761451200,2025-10-26,2025-10-26 04:00,25986564816013,25981380.830898166,23083393037820,23078788.198097814,22728225582790,,2903171778193,2902592.632800351,0.8882818179798795
1761454800,2025-10-26,2025-10-26 05:00,25986360075593,25981268.183463167,23083664532955,23079141.408922963,22728225582790,,2902695542638,2902126.7745402036,0.8882992641449512
1761458400,2025-10-26,2025-10-26 06:00,25986583479065,25982554.205675792,23083936011313,23080356.799402997,22728225582790,,2902647467752,2902197.406272795,0.88830207441119
1761462000,2025-10-26,2025-10-26 07:00,25986903946321,25984304.45445501,23084207472760,23081898.340064462,22728225582790,,2902696473561,2902406.114390549,0.8883015660673984
1761465600,2025-10-26,2025-10-26 08:00,25574485569406,25571595.761385173,23084485632690,23081877.184064243,22728225582790,,2489999936716,2489718.5773209324,0.9026373402523211
1761469200,2025-10-26,2025-10-26 09:00,25986769538375,25981567.655766014,23084758877878,23080137.903133057,22728225582790,,2902010660497,2901429.7526329565,0.8883273791991897
1761472800,2025-10-26,2025-10-26 10:00,25987039961138,25981917.221910316,23085030315681,23080479.640015468,22728225582790,,2902009645457,2901437.5818948504,0.8883285803309352
1761476400,2025-10-26,2025-10-26 11:00,25987311374630,25982113.91057744,23085301736996,23080684.67506947,22728225582790,,2902009637634,2901429.2355079637,0.8883297469369196
1761480000,2025-10-26,2025-10-26 12:00,25987583771505,25982404.432242565,23085573141677,23080972.174675997,22728225582790,,2902010629828,2901432.2575665684,0.8883308792635808
1761483600,2025-10-26,2025-10-26 13:00,25987227486317,25984319.334014505,23085844535080,23083261.067798812,22728225582790,,2901382951237,2901058.266215695,0.8883535016282649
1761487200,2025-10-26,2025-10-26 14:00,25987347859471,25984646.01999702,23086115911783,23083715.706128746,22728225582790,,2901231947688,2900930.3138682726,0.8883598294302026
1761490800,2025-10-26,2025-10-26 15:00,25987770214018,25985116.187816646,23086387272311,23084029.552652456,22728225582790,,2901382941707,2901086.6351641905,0.8883558336166151
1761494400,2025-10-26,2025-10-26 16:00,26187952068436,26183563.47338797,23086657421941,23082788.543986257,22728225582790,,3101294646495,3100774.9294017153,0.8815755184525119
1761498000,2025-10-26,2025-10-26 17:00,26187676469341,26184169.77127445,23086927190027,23083835.702203155,22728225582790,,3100749279314,3100334.069071299,0.8815950974900665
1761501600,2025-10-26,2025-10-26 18:00,25641084058861,25636861.585957862,23087198566925,23083396.657842904,22728225582790,,2553885491936,2553464.92811496,0.900398692735714
1761505200,2025-10-26,2025-10-26 19:00,26186595341829,26182093.41922386,23087468869499,23083499.73962006,22728225582790,,3099126472330,3098593.679603804,0.881652179984634
1761508800,2025-10-26,2025-10-26 20:00,26187267039455,26184509.11629342,23087738573850,23085307.078846514,22728225582790,,3099528465605,3099202.0374469035,0.8816398648650468
1761512400,2025-10-26,2025-10-26 21:00,26187017447793,26181717.032852452,23088008255546,23083335.09930936,22728225582790,,3099009192247,3098381.9335430935,0.8816585661797778
1761516000,2025-10-26,2025-10-26 22:00,26187285020987,26181975.849372618,23088277908616,23083597.025141474,22728225582790,,3099007112371,3098378.8242311417,0.881659854777332
1761519600,2025-10-26,2025-10-26 23:00,26187455635823,26182144.13354036,23088547533507,23083864.570998825,22728225582790,,3098908102316,3098279.562541535,0.8816644065994382
1761523200,2025-10-27,2025-10-27 00:00,26187925336303,26182607.169662926,23088817131158,23084128.32227189,22728225582790,,3099108205145,3098478.847391038,0.8816588880048141
1761526800,2025-10-27,2025-10-27 01:00,23899348359657,23897054.500066012,23089348432671,23087132.316877592,22728225582790,,809999926986,809922.183188418,0.966107865587109
1761530400,2025-10-27,2025-10-27 02:00,23910168724023,23904781.890063625,23090168797855,23084966.705521666,22728225582790,,819999926168,819815.18454196,0.9657049711512855
1761534000,2025-10-27,2025-10-27 03:00,24110990231662,24107998.09565239,23090940099252,23088074.54986133,22728225582790,,1020050132410,1019923.5457910569,0.9576935612096722
1761537600,2025-10-27,2025-10-27 04:00,24421652678937,24414053.23294854,23091652805551,23084467.224354386,22728225582790,,1329999873386,1329586.008594156,0.9455401364161939
1761541200,2025-10-27,2025-10-27 05:00,24451932087357,24446789.432476353,23092304286391,23087447.58423268,22728225582790,,1359627800966,1359341.8482436743,0.9443958949293417
1761544800,2025-10-27,2025-10-27 06:00,24632943612140,24628017.27100228,23092933418184,23088315.063606497,22728225582790,,1540010193956,1539702.2073957885,0.9374816823273598
1761548400,2025-10-27,2025-10-27 07:00,24992618734211,24987599.18286327,23093449471305,23088811.351680554,22728225582790,,1899169262906,1898787.831182715,0.9240107936225853
1761552000,2025-10-27,2025-10-27 08:00,24704007871259,24700764.273007184,23094007981565,23090975.77382337,22728225582790,,1609999889694,1609788.49918381,0.9348283931059179
1761555600,2025-10-27,2025-10-27 09:00,24934541958728,24929871.689280685,23094542062162,23090216.426889807,22728225582790,,1839999896566,1839655.2623908778,0.926206789777346
1761559200,2025-10-27,2025-10-27 10:00,25005040756881,25000774.010739308,23095040906496,23091100.07401994,22728225582790,,1909999850385,1909673.936719372,0.9236154074310238
1761562800,2025-10-27,2025-10-27 11:00,25125517914548,25120468.264180314,23095518053584,23090876.386430003,22728225582790,,2029999860964,2029591.8777503136,0.9192056510887442
1761566400,2025-10-27,2025-10-27 12:00,25163338741746,25158373.057663683,23053818790071,23049269.394532617,22688507971374,,2109519951675,2109103.6631310643,0.9161669294633266
1761570000,2025-10-27,2025-10-27 13:00,24846261008073,24843707.72683062,22746261548101,22743924.06951917,22407611169237,,2099999459972,2099783.657311455,0.9154802624310486
1761573600,2025-10-27,2025-10-27 14:00,24714785168677,24712257.227314856,22454785239553,22452488.46132905,22147217547629,,2259999929124,2259768.7659858107,0.9085567641515138
1761577200,2025-10-27,2025-10-27 15:00,24775111232684,24770799.433875136,22455111342806,22451203.311014276,22147217547629,,2319999889878,2319596.1228608596,0.9063576398067834
1761580800,2025-10-27,2025-10-27 16:00,24775436240561,24770984.054831456,22358629625535,22354611.74384023,22052031528469,,2416806615026,2416372.310991229,0.902451501093275
1761584400,2025-10-27,2025-10-27 17:00,24558986812643,24554139.858697653,22358986915397,22354574.152742323,22052031528469,,2199999897246,2199565.7059553303,0.9104197614490579
1761588000,2025-10-27,2025-10-27 18:00,24539358813321,24535771.68691278,22359358886688,22356090.429376483,22052031528469,,2179999926633,2179681.2575362953,0.9111631260125018
1761591600,2025-10-27,2025-10-27 19:00,24539723432206,24534892.45883871,22359723516679,22355321.70550507,22052031528469,,2179999915527,2179570.7533336403,0.9111644464311296
1761595200,2025-10-27,2025-10-27 20:00,24554712985087,24549834.56200611,22360088258290,22355645.853660133,22052031528469,,2194624726797,2194188.7083459757,0.9106230755729102
1761598800,2025-10-27,2025-10-27 21:00,24440452317128,24435622.994603857,22360452426796,22356034.102816004,22052031528469,,2079999890332,2079588.891787855,0.9148951965641682
1761602400,2025-10-27,2025-10-27 22:00,24490832981332,24486071.082392972,22360833104973,22356485.35463231,22052031528469,,2129999876359,2129585.7277606614,0.9130286880000129
1761606000,2025-10-27,2025-10-27 23:00,24491214535243,24488724.859084282,22361214074988,22358940.92591724,22052031528469,,2130000460255,2129783.9331670385,0.9130300191037927
1761609600,2025-10-28,2025-10-28 00:00,24491565202853,24486773.691239666,22361595348254,22357220.542359952,22052031528469,,2129969854599,2129553.148879711,0.9130325139713454
1761613200,2025-10-28,2025-10-28 01:00,24541965484337,24538698.13954354,22361965590396,22358988.47546648,22052031528469,,2179999893941,2179709.664077066,0.9111725629582397
1761616800,2025-10-28,2025-10-28 02:00,24432364696713,24428543.126144785,22362363140565,22358865.347785853,22052031528469,,2070001556148,2069677.7783589351,0.9152762500951663
1761620400,2025-10-28,2025-10-28 03:00,24832766814686,24827950.118104544,22362766884132,22358429.281978905,22052031528469,,2469999930554,2469520.8361256393,0.900534646461817
1761624000,2025-10-28,2025-10-28 04:00,25079421892286,25075147.356183723,22363041378182,22359229.821913347,22052031528469,,2716380514104,2715917.5342703764,0.8916888704304818
1761627600,2025-10-28,2025-10-28 05:00,25439916617043,25437382.316456832,22363311439917,22361083.62784733,22052031528469,,3076605177126,3076298.688609502,0.8790638655212853
1761631200,2025-10-28,2025-10-28 06:00,24723597848101,24722209.046082314,22363597903784,22362341.670362603,22052031528469,,2359999944317,2359867.3757197065,0.9045446395457257
1761634800,2025-10-28,2025-10-28 07:00,24713887411204,24713869.093600053,22363887454579,22363870.8787637,22052031528469,,2349999956625,2349998.214836355,0.9049117640812901
1761638400,2025-10-28,2025-10-28 08:00,24374104159229,24369276.075861573,22364304028059,22359874.050916184,22052031528469,,2009800131170,2009402.024945387,0.9175436308124165
1761642000,2025-10-28,2025-10-28 09:00,25372146470281,25367253.63992652,22364575965500,22360263.122821227,22052031528469,,3007570504781,3006990.517105291,0.8814617238512382
1761645600,2025-10-28,2025-10-28 10:00,25372117344525,25369608.61027196,22364846842533,22362635.45999145,22052031528469,,3007270501992,3006973.1502805105,0.8814734118892551
1761649200,2025-10-28,2025-10-28 11:00,25372338192668,25369769.391672168,22365117691777,22362853.354286216,22052031528469,,3007220500891,3006916.0373859536,0.8814764142722954
1761652800,2025-10-28,2025-10-28 12:00,22365621494657,22363415.482999746,22365521616734,22363315.61492811,22052031528469,,99877923,99.86807163671493,0.9999955343104137
1761656400,2025-10-28,2025-10-28 13:00,22366771415002,22365479.42965522,22366621497876,22365329.521188974,22052031528469,,149917126,149.90846624636683,0.9999932973282903
1761660000,2025-10-28,2025-10-28 14:00,22367881107750,22365065.970804177,22367732228340,22364917.110131577,22052031528469,,148879410,148.8606726003534,0.9999933440539458
1761663600,2025-10-28,2025-10-28 15:00,19368891604903,19366975.68547904,19353793652541,19351879.226566475,22039031528469,,15097952362,15096.458912566628,0.99922050509291
1761667200,2025-10-28,2025-10-28 16:00,16129410236001,16126571.644198997,15354383852371,15351681.656352023,22039031528469,,775026383630,774889.9878469727,0.9519494902609561
1761670800,2025-10-28,2025-10-28 17:00,16126655837748,16123975.588697046,15209588066882,15207060.234429209,22037885906591,,917067770866,916915.3542678377,0.9431334195946937
1761674400,2025-10-28,2025-10-28 18:00,16127096983319,16123938.961840773,15210028226976,15207049.786660615,22037885906591,,917068756343,916889.1751801573,0.9431349140337181
1761678000,2025-10-28,2025-10-28 19:00,16127537214718,16124405.708037404,15210469477303,15207516.038960308,22037885906591,,917067737415,916889.6690770983,0.9431365294523653
1761681600,2025-10-28,2025-10-28 20:00,16127980552425,16125118.421494652,15210911838883,15208212.454349928,22037885906591,,917068713542,916905.9671447215,0.9431380320331482
1761685200,2025-10-28,2025-10-28 21:00,16018659453015,16017046.59789546,15211356988110,15209825.417065283,22037885906591,,807302464905,807221.1808301773,0.9496023704559715
1761688800,2025-10-28,2025-10-28 22:00,16019091015357,16015897.698962804,15078797580387,15075791.706241453,21908789511377,,940293434970,940105.99272135,0.9413016984503946
1761692400,2025-10-28,2025-10-28 23:00,16019522124728,16016777.761643318,15079228709294,15076645.43132272,21908789511377,,940293415434,940132.3303205994,0.9413032793292537
1761696000,2025-10-29,2025-10-29 00:00,14239876991575,14238456.430392435,14079750868491,14078346.281389873,21908789511377,,160126123084,160110.14900255937,0.988755090849539
1761699600,2025-10-29,2025-10-29 01:00,14100901887169,14099507.59367003,14080465902251,14079073.629456885,21908789511377,,20435984918,20433.964213144078,0.9985507320679541
1761703200,2025-10-29,2025-10-29 02:00,14101622606365,14100160.950686337,14081186658573,14079727.121112924,21908789511377,,20435947792,20433.829573411058,0.9985508087712703
1761706800,2025-10-29,2025-10-29 03:00,14116948212000,14114346.637549924,12581512171688,12579193.558619676,21908789511377,,1535436040312,1535153.078930247,0.8912345630759759
1761710400,2025-10-29,2025-10-29 04:00,14065944827986,14063199.915776826,12581674698632,12579219.43573182,21908789511377,,1484270129354,1483980.480045006,0.8944777512278553
1761714000,2025-10-29,2025-10-29 05:00,13936848549165,13934057.486360827,12581844345525,12579324.64262109,21908789511377,,1355004203640,1354732.8437397373,0.9027754230908118
1761717600,2025-10-29,2025-10-29 06:00,12625872448378,12623377.275717467,12582134002966,12579647.474062454,21908789511377,,43738445412,43729.80165501192,0.9965358080726042
1761721200,2025-10-29,2025-10-29 07:00,12603656848255,12601136.11688535,12582776629592,12580260.074266084,21908789511377,,20880218663,20876.042619267402,0.9983433206001724
1761724800,2025-10-29,2025-10-29 08:00,12503927358706,12501784.244865619,11420161059776,11418203.698338713,21750326463541,,1083766298930,1083580.5465269075,0.9133259280992692
1761728400,2025-10-29,2025-10-29 09:00,11504324481540,11502060.717962341,11420629522222,11418382.227720888,21750326463541,,83694959318,83678.4902414504,0.99272491318788
1761732000,2025-10-29,2025-10-29 10:00,11424483222176,11422912.310631463,11421224985898,11419654.522373812,21750326463541,,3258236278,3257.788257648934,0.9997148023053091
1761735600,2025-10-29,2025-10-29 11:00,11425090080594,11422825.445287436,11421831879820,11419567.890340861,21750326463541,,3258200774,3257.554946574866,0.9997148205614996
1761739200,2025-10-29,2025-10-29 12:00,11425700430005,11424483.12165715,11422442270380,11421225.30916053,21750326463541,,3258159625,3257.812496617417,0.9997148393969403
1761742800,2025-10-29,2025-10-29 13:00,11436016700420,11434814.890222065,11423053854848,11421853.406914603,21750326463541,,12962845572,12961.483307462375,0.998866489450691
1761746400,2025-10-29,2025-10-29 14:00,11426324699137,11425103.96953254,11423670359837,11422449.913808461,21750326463541,,2654339300,2654.0557240778107,0.9997676996435958
1761750000,2025-10-29,2025-10-29 15:00,10426719823765,10424640.465597995,10424102695079,10422023.858835284,21750326463541,,2617128686,2616.60676271067,0.9997489978890547
1761753600,2025-10-29,2025-10-29 16:00,9426772243595,9424613.416996969,9424541281489,9422382.965803953,21750326463541,,2230962106,2230.4511930163003,0.9997633376464021
1761757200,2025-10-29,2025-10-29 17:00,9427687396560,9425790.40777088,8425005230831,8423309.996379653,21750326463541,,1002682165729,1002480.4113912254,0.8936449498638593
1761760800,2025-10-29,2025-10-29 18:00,6527951410992,6526594.381538574,6498646975842,6497296.0381896775,21631095361075,,29304435150,29298.343348895658,0.9955109293398452
1761764400,2025-10-29,2025-10-29 19:00,6617396979654,6616417.816285283,5498953665059,5498139.9955736045,21631095361075,,1118443314595,1118277.8207116793,0.8309844009610137
1761768000,2025-10-29,2025-10-29 20:00,6617468930569,6616183.556089655,5499025615974,5497957.4874701565,21631095361075,,1118443314595,1118226.068619498,0.830986238646559
1761771600,2025-10-29,2025-10-29 21:00,6616836829789,6616169.601971637,5499097539370,5498543.02201631,21631095361075,,1117739290419,1117626.5799553283,0.8310764918084518
1761775200,2025-10-29,2025-10-29 22:00,6617161459044,6616540.309453874,5499169433207,5498653.228961325,21631095361075,,1117992025837,1117887.0804925482,0.8310465850415384
1761778800,2025-10-29,2025-10-29 23:00,5617303243087,5616229.107455551,5499325524580,5498273.948540881,21631095361075,,117977718507,117955.15891466866,0.9789974453217938
1761782400,2025-10-30,2025-10-30 00:00,5618012384937,5617233.6071882835,5499583412173,5498821.05123551,21631095361075,,118428972764,118412.55595277344,0.9789197736406685
1761786000,2025-10-30,2025-10-30 01:00,5618271374482,5617172.548314108,5499842462762,5498766.799018732,21631095361075,,118428911720,118405.74929537524,0.9789207562564706
1761789600,2025-10-30,2025-10-30 02:00,5618531593304,5617961.166890568,5500102697596,5499544.294781458,21631095361075,,118428895708,118416.87210911058,0.9789217353784857
1761793200,2025-10-30,2025-10-30 03:00,5618793016307,5617697.642780104,5500364120599,5499291.834570931,21631095361075,,118428895708,118405.80820917212,0.9789227160772265
1761796800,2025-10-30,2025-10-30 04:00,5619054558707,5618321.78531295,5500626740364,5499909.410983439,21631095361075,,118427818343,118412.37432951154,0.9789238888667685
1761800400,2025-10-30,2025-10-30 05:00,5619319309742,5618610.360591018,5500890560885,5500196.553038529,21631095361075,,118428748857,118413.80755248852,0.9789247162638214
1761804000,2025-10-30,2025-10-30 06:00,5619527998391,5618421.643152292,5301099715464,5300056.051397766,21631095361075,,318428282927,318365.59175452613,0.9433354041445877
1761807600,2025-10-30,2025-10-30 07:00,5249699433576,5248651.924427391,5240819396497,5239773.659244134,21566122311860,,8880037079,8878.265183256646,0.9983084675244063
1761811200,2025-10-30,2025-10-30 08:00,5249766614270,5248733.574411253,3240889377190,3240251.640667518,21566122311860,,2008877237080,2008481.9337437353,0.6173397058034089
1761814800,2025-10-30,2025-10-30 09:00,3311429006742,3310842.021339965,3141187134110,3140630.3258592333,21486122311860,,170241872632,170211.6954807319,0.9485896051869477
1761818400,2025-10-30,2025-10-30 10:00,3331506550152,3330865.9280631337,3059002514242,3058414.292501769,21396122311860,,272504035910,272451.6355613645,0.9182039621391208
1761822000,2025-10-30,2025-10-30 11:00,3062289384261,3061690.234161094,3059104447989,3058505.9210355855,21396122311860,,3184936272,3184.313125508564,0.9989599492822692
1761825600,2025-10-30,2025-10-30 12:00,3062465145659,3061897.152969521,3059280209387,3058712.8074048217,21396122311860,,3184936272,3184.3455646995376,0.9989600089729953
1761829200,2025-10-30,2025-10-30 13:00,3062635811880,3062033.644705376,2989186075608,2988598.349921978,21396122311860,,73449736272,73435.29478339851,0.9760174761925373
1761832800,2025-10-30,2025-10-30 14:00,3062779256524,3062369.591367049,2989329520252,2988929.6794392862,21396122311860,,73449736272,73439.91192776305,0.9760185994091656
1761836400,2025-10-30,2025-10-30 15:00,2992920617358,2992330.1789210755,2989491387010,2988901.6250859755,21326122311860,,3429230348,3428.55383509993,0.9988542194109288
1761840000,2025-10-30,2025-10-30 16:00,2993095584177,2992746.654046928,2989666566960,2989318.0365790804,21326122311860,,3429017217,3428.6174678473594,0.9988543575971555
1761843600,2025-10-30,2025-10-30 17:00,3000103757875,2999777.260242512,2989841733043,2989516.3522141567,21326122311860,,10262024832,10260.908028354996,0.9965794433592294
1761847200,2025-10-30,2025-10-30 18:00,3000278857547,2999678.3027635952,2990015853485,2989417.353009369,21326122311860,,10263004062,10260.949754225898,0.9965793166071266
1761850800,2025-10-30,2025-10-30 19:00,3000453950815,2999851.750474557,2990190946753,2989590.8062290517,21326122311860,,10263004062,10260.94424550509,0.9965795162231328
1761854400,2025-10-30,2025-10-30 20:00,3016768999261,3015901.3528429805,2590341148115,2589596.145690499,21326122311860,,426427851146,426305.207152482,0.8586474962947247
1761858000,2025-10-30,2025-10-30 21:00,3016704583590,3015893.0271417233,2455970118834,2455309.4116512164,21326122311860,,560734464756,560583.6154905071,0.814123508212825
1761861600,2025-10-30,2025-10-30 22:00,2456794483192,2456175.0674434146,2456011775226,2455392.556816526,21326122311860,,782707966,782.5106268884055,0.9996814108907542
1761865200,2025-10-30,2025-10-30 23:00,2456691182973,2455981.685660025,2456160509663,2455451.165609535,21326122311860,,530673310,530.5200504897603,0.9997839885966628
1761868800,2025-10-31,2025-10-31 00:00,2456437932787,2455830.2296535405,2456310269914,2455702.598363316,21326122311860,,127662873,127.63129022442362,0.9999480292698236
1761872400,2025-10-31,2025-10-31 01:00,2456925472404,2456373.4270558604,2206423000543,2205927.2404692173,21326122311860,,250502471861,250446.18658664325,0.8980422993393065
1761876000,2025-10-31,2025-10-31 02:00,2456959260288,2456472.734153101,2206456788427,2206019.866695962,21326122311860,,250502471861,250452.86745713907,0.898043701452487
1761879600,2025-10-31,2025-10-31 03:00,2457096466001,2456607.2467081263,2206490576195,2206051.253696126,21326122311860,,250605889806,250555.99301200052,0.8980073052590122
1761883200,2025-10-31,2025-10-31 04:00,2457130253102,2456645.493542456,2206525363296,2206090.044793091,21326124311860,,250604889806,250555.44874936555,0.8980091147021513
1761886800,2025-10-31,2025-10-31 05:00,2457313026440,2456769.582812415,2206559149159,2206071.1606546463,21326124311860,,250753877281,250698.42215776807,0.8979560704790319
1761890400,2025-10-31,2025-10-31 06:00,2457346812270,2456851.6657591593,2206592934989,2206148.314479127,21206124311860,,250753877281,250703.35128003196,0.8979574734714131
1761894000,2025-10-31,2025-10-31 07:00,2457382580310,2456892.379038942,2206626721081,2206186.540853431,21206124311860,,250755859229,250705.83818551077,0.8979581522070662
1761897600,2025-10-31,2025-10-31 08:00,2207710170489,2207071.989468229,2206732171097,2206094.2727857344,21206124311860,,977999392,977.7166824946295,0.9995570073440467
1761901200,2025-10-31,2025-10-31 09:00,2207672939735,2207201.5277822064,2024736248415,2024303.8995595253,21030849909744,,182936691320,182897.62822268132,0.9171359633814423
1761904800,2025-10-31,2025-10-31 10:00,2207796240900,2207161.2860842594,2024783560688,2024201.2397070713,21030849909744,,183012680212,182960.04637718794,0.9171061727429178
1761908400,2025-10-31,2025-10-31 11:00,2207771603887,2207330.2924296837,2024830929832,2024426.1863853089,21030849909744,,182940674055,182904.10604437446,0.9171378625701523
1761912000,2025-10-31,2025-10-31 12:00,2207819026176,2207381.9572633966,2024878352121,2024477.4988947965,21030849909744,,182940674055,182904.4583685999,0.9171396423864242
1761915600,2025-10-31,2025-10-31 13:00,2214281405420,2213844.33628821,2024924181600,2024524.4890171937,21030849909744,,189357223820,189319.84727101642,0.914483667994275
1761919200,2025-10-31,2025-10-31 14:00,2025323222558,2024915.4222092875,2024982439781,2024574.708049155,21030849909744,,340782777,340.7141601324562,0.9998317390660393
1761922800,2025-10-31,2025-10-31 15:00,2025449090300,2024855.9015369127,2025108307523,2024515.2185642056,21030849909744,,340782777,340.6829727072443,0.9998317495223
1761926400,2025-10-31,2025-10-31 16:00,2025423632340,2024868.363862758,2025234920807,2024679.7040648933,21030849909744,,188711533,188.65979786474543,0.9999068286110684
1761930000,2025-10-31,2025-10-31 17:00,2025551030937,2025122.4715149114,2025362319404,2024933.7999088767,21030849909744,,188711533,188.67160603479957,0.9999068344711549
1761933600,2025-10-31,2025-10-31 18:00,2027579270098,2026995.9583116877,2025490470572,2024907.759709854,21030849909744,,2088799526,2088.1986018335674,0.9989698062330756
1761937200,2025-10-31,2025-10-31 19:00,2027599866874,2027011.4301640005,1525612088100,1525169.334984593,21030849909744,,501987778774,501842.09517940733,0.7524226614061054
1761940800,2025-10-31,2025-10-31 20:00,2025564017736,2025113.5907939987,705267207203,705110.376143279,644314812208,,1320296810533,1320003.2146507197,0.3481831238250799
1761944400,2025-10-31,2025-10-31 21:00,2025570074985,2025165.2037881622,705273264452,705132.294344768,644314812208,,1320296810533,1320032.909443394,0.3481850730131974
1761948000,2025-10-31,2025-10-31 22:00,2025377108646,2024973.7218222073,705279300617,705138.8327625209,644314812208,,1320097808029,1319834.8890596863,0.3482212263613918
1761951600,2025-10-31,2025-10-31 23:00,2025383124104,2024984.7308879807,705285316075,705146.5863295319,644314812208,,1320097808029,1319838.1445584488,0.34822316216691496
1761955200,2025-11-01,2025-11-01 00:00,2019020198425,2018433.0465962426,705291317916,705086.2119505202,644314812208,,1313728880509,1313346.8346457223,0.34932355727108855
1761958800,2025-11-01,2025-11-01 01:00,2019026182242,2018605.9632438936,705297301733,705150.5085273902,644314812208,,1313728880509,1313455.4547165034,0.34932548569024113
1761962400,2025-11-01,2025-11-01 02:00,2019032145262,2018505.2022574088,705303264753,705119.1891193609,644314812208,,1313728880509,1313386.013138048,0.3493274073957234
1761966000,2025-11-01,2025-11-01 03:00,1986295537764,1985899.811259828,705309244653,705168.7270127798,644314812208,,1280986293111,1280731.0842470482,0.3550877657646939
1761969600,2025-11-01,2025-11-01 04:00,1663986699536,1663543.874079538,705315593095,705127.8922560756,644314812208,,958671106441,958415.9818234625,0.42387093195617254
1761973200,2025-11-01,2025-11-01 05:00,1669366605902,1669032.737283031,705322172555,705181.110107215,644314812208,,964044433347,963851.627175816,0.42250885459272564
1761976800,2025-11-01,2025-11-01 06:00,1669373155896,1669025.2024527926,705328722549,705181.7083498455,644314812208,,964044433347,963843.494102947,0.42251112045133493
1761980400,2025-11-01,2025-11-01 07:00,1669379686169,1669046.6560476667,705335252822,705194.54313997,644314812208,,964044433347,963852.1129076965,0.42251337947010054
1761984000,2025-11-01,2025-11-01 08:00,705726929014,705547.8342789591,705342605336,705163.6081320924,644314812208,,384323678,384.22614686656635,0.9994554215487611
1761987600,2025-11-01,2025-11-01 09:00,705770072801,705559.1025093041,705385749123,705174.8937141555,644314812208,,384323678,384.208795148519,0.9994554548388901
1761991200,2025-11-01,2025-11-01 10:00,705813465032,705632.5432943087,705429141354,705248.3181303086,644314812208,,384323678,384.22516400004884,0.9994554883166156
1761994800,2025-11-01,2025-11-01 11:00,747289260996,747138.0389288717,705470588821,705327.8292146361,644314812208,,41818672175,41810.20971423556,0.9440395113944722
1761998400,2025-11-01,2025-11-01 12:00,747314785733,747113.1496331365,705496113558,705305.7607274089,644314812208,,41818672175,41807.38890572737,0.9440414227399738
1762002000,2025-11-01,2025-11-01 13:00,747340375886,747191.277240874,705521703711,705380.9481282368,644314812208,,41818672175,41810.32911263719,0.944043338852899
1762005600,2025-11-01,2025-11-01 14:00,747366032546,747146.5355555638,705547360371,705340.1452776353,644314812208,,41818672175,41806.39027792852,0.9440452598139372
1762009200,2025-11-01,2025-11-01 15:00,747391754824,747213.5661430212,705573082649,705404.8641262241,644314812208,,41818672175,41808.70201679709,0.9440471855555221
1762012800,2025-11-01,2025-11-01 16:00,747417543839,747267.1389686196,705598871664,705456.8820790512,644314812208,,41818672175,41810.25688956844,0.9440491161604201
1762016400,2025-11-01,2025-11-01 17:00,747443398823,747286.4357092471,705624726648,705476.5454554039,644314812208,,41818672175,41809.890253843245,0.944051051570123
1762020000,2025-11-01,2025-11-01 18:00,747469319881,747332.3293480234,705650647706,705521.3213834963,644314812208,,41818672175,41811.00796452707,0.9440529917914788
1762023600,2025-11-01,2025-11-01 19:00,747495307203,747375.7079538474,705676635028,705563.7267663954,644314812208,,41818672175,41811.981187451995,0.9440549368376929
1762027200,2025-11-01,2025-11-01 20:00,747521362253,747375.9661787741,705702690078,705565.4279128108,644314812208,,41818672175,41810.53826596326,0.9440568868173076
1762030800,2025-11-01,2025-11-01 21:00,747547485315,747408.5603505893,705728813140,705597.6597990082,644314812208,,41818672175,41810.9005515811,0.9440588417505297
1762034400,2025-11-01,2025-11-01 22:00,747573675149,747425.6556632746,705755002974,705615.263579662,644314812208,,41818672175,41810.392083612576,0.94406080154352
1762038000,2025-11-01,2025-11-01 23:00,747599931948,747453.5119090794,705781259773,705643.0300660281,644314812208,,41818672175,41810.48184305131,0.9440627662096834
1762041600,2025-11-02,2025-11-02 00:00,747626255905,747476.8880854673,705807583730,705666.5708389214,644314812208,,41818672175,41810.31724654585,0.9440647357624183
1762045200,2025-11-02,2025-11-02 01:00,747652647214,747503.2904945755,705833975039,705692.9723322444,644314812208,,41818672175,41810.31816233112,0.9440667102151913
1762048800,2025-11-02,2025-11-02 02:00,747679106066,747528.3128238942,705860433891,705718.0747125276,644314812208,,41818672175,41810.238111366736,0.9440686895812379
1762052400,2025-11-02,2025-11-02 03:00,747705632654,747546.6233664171,705886960479,705736.8444737195,644314812208,,41818672175,41809.77889269771,0.9440706738739367
1762056000,2025-11-02,2025-11-02 04:00,747732227173,747511.1171845497,705913554998,705704.8111023642,644314812208,,41818672175,41806.30608218549,0.9440726631068095
1762059600,2025-11-02,2025-11-02 05:00,747758889859,747608.8013000055,705940217684,705798.5228791032,644314812208,,41818672175,41810.27842090235,0.9440746572964376
1762063200,2025-11-02,2025-11-02 06:00,747785626270,747561.281843977,705966954095,705755.1557592958,644314812208,,41818672175,41806.12608468139,0.9440766568574017
1762066800,2025-11-02,2025-11-02 07:00,747812431064,747651.5491667009,705993758889,705841.8737227562,644314812208,,41818672175,41809.67544394476,0.9440786613890603
1762070400,2025-11-02,2025-11-02 08:00,747839304438,747617.2682738204,706020632263,705811.0122121562,644314812208,,41818672175,41806.256061664266,0.9440806709050594
1762074000,2025-11-02,2025-11-02 09:00,747866246589,747641.9148708682,706047574414,705835.7867231214,644314812208,,41818672175,41806.128147746735,0.9440826854190385
1762077600,2025-11-02,2025-11-02 10:00,767886564525,767731.3055306383,706067892350,705925.1324737608,644314812208,,61818672175,61806.17305687752,0.9194950464939573
1762081200,2025-11-02,2025-11-02 11:00,767905011766,767748.9694913978,706086339591,705942.8591906809,644314812208,,61818672175,61806.11030071703,0.9194969804496631
1762084800,2025-11-02,2025-11-02 12:00,767923480031,767833.5027338935,706104807856,706022.0738287995,644314812208,,61818672175,61811.428905094,0.9194989165163898
1762088400,2025-11-02,2025-11-02 13:00,767941969348,767716.275524454,706123297173,705915.7715093497,644314812208,,61818672175,61800.50401510433,0.9195008546967612
1762092000,2025-11-02,2025-11-02 14:00,749961690359,749817.4517079908,706145118296,706009.306799774,644314812208,,43816572063,43808.14490821668,0.9415749195908588
1762095600,2025-11-02,2025-11-02 15:00,749987998690,749837.6343521011,706171426627,706029.8470294686,644314812208,,43816572063,43807.787322632474,0.9415769690454592
1762099200,2025-11-02,2025-11-02 16:00,750014370531,749870.2628156303,706197798468,706062.1096661118,644314812208,,43816572063,43808.15314951857,0.9415790233032756
1762102800,2025-11-02,2025-11-02 17:00,750040807152,749819.5153978611,706224235089,706015.8709595979,644314812208,,43816572063,43803.64443826317,0.9415810824621969
1762106400,2025-11-02,2025-11-02 18:00,750067308397,749900.0838696297,706250736334,706093.2805373452,644314812208,,43816572063,43806.80333228451,0.9415831465090216
1762110000,2025-11-02,2025-11-02 19:00,750093874439,749889.872481512,706277302376,706085.2171489052,644314812208,,43816572063,43804.655332606824,0.9415852154561711
1762113600,2025-11-02,2025-11-02 20:00,750120505249,749974.3270474472,706303933186,706166.293649445,644314812208,,43816572063,43808.0333980021,0.9415872893003302
1762117200,2025-11-02,2025-11-02 21:00,707112498062,706901.1950113471,706342793252,706131.7202085594,644314812208,,769704810,769.4748027877091,0.9989114818192161
1762120800,2025-11-02,2025-11-02 22:00,707159905275,706983.5707753785,706390200465,706214.0578958195,644314812208,,769704810,769.5128795589284,0.9989115547922635
1762124400,2025-11-02,2025-11-02 23:00,706437963652,706292.2308329821,706437963652,706292.2308329821,644314812208,,0,0,1
1762128000,2025-11-03,2025-11-03 00:00,706486312454,706275.3641434875,706486312454,706275.3641434875,644314812208,,0,0,1
1762131600,2025-11-03,2025-11-03 01:00,706534941289,706388.0110660705,706534941289,706388.0110660705,644314812208,,0,0,1
1762135200,2025-11-03,2025-11-03 02:00,706583851914,706342.8978899897,706583851914,706342.8978899897,644314812208,,0,0,1
1762138800,2025-11-03,2025-11-03 03:00,706633045911,706362.9739244939,706633045911,706362.9739244939,644314812208,,0,0,1
1762142400,2025-11-03,2025-11-03 04:00,706682524923,706401.0471747349,706682524923,706401.0471747349,644314812208,,0,0,1
1762146000,2025-11-03,2025-11-03 05:00,706732290791,706514.1463236591,706732290791,706514.1463236591,644314812208,,0,0,1
1762149600,2025-11-03,2025-11-03 06:00,706782344943,706631.5328230917,706782344943,706631.5328230917,644314812208,,0,0,1
1762153200,2025-11-03,2025-11-03 07:00,706832689318,706658.2979487776,706832689318,706658.2979487776,644314812208,,0,0,1
1762156800,2025-11-03,2025-11-03 08:00,706883325848,706666.1328052859,706883325848,706666.1328052859,644314812208,,0,0,1
1762160400,2025-11-03,2025-11-03 09:00,706934256428,706716.7033925595,706934256428,706716.7033925595,644314812208,,0,0,1
1762164000,2025-11-03,2025-11-03 10:00,706985481809,706774.0362500418,706985481809,706774.0362500418,644314812208,,0,0,1
1762167600,2025-11-03,2025-11-03 11:00,707037003390,706876.5262463611,707037003390,706876.5262463611,644314812208,,0,0,1
1762171200,2025-11-03,2025-11-03 12:00,707088823906,706944.0106153034,707088823906,706944.0106153034,644314812208,,0,0,1
1762174800,2025-11-03,2025-11-03 13:00,707140945304,706958.9376764643,707140945304,706958.9376764643,644314812208,,0,0,1
1762178400,2025-11-03,2025-11-03 14:00,707193369177,707040.635472184,707193369177,707040.635472184,644314812208,,0,0,1
1762182000,2025-11-03,2025-11-03 15:00,707246095985,707105.4552108827,707246095985,707105.4552108827,644314812208,,0,0,1
1762185600,2025-11-03,2025-11-03 16:00,707299128585,707095.557916525,707299128585,707095.557916525,644314812208,,0,0,1
1762189200,2025-11-03,2025-11-03 17:00,707352468759,707200.9764563695,707352468759,707200.9764563695,644314812208,,0,0,1
1762192800,2025-11-03,2025-11-03 18:00,707406118366,707196.731345435,707406118366,707196.731345435,644314812208,,0,0,1
1762196400,2025-11-03,2025-11-03 19:00,707460079095,707337.9583716205,707460079095,707337.9583716205,644314812208,,0,0,1
1762200000,2025-11-03,2025-11-03 20:00,707514352940,707312.0655530411,707514352940,707312.0655530411,644314812208,,0,0,1
1762203600,2025-11-03,2025-11-03 21:00,707568941956,707429.9856855151,707568941956,707429.9856855151,644314812208,,0,0,1
1762207200,2025-11-03,2025-11-03 22:00,707623847293,707487.9955554586,707623847293,707487.9955554586,644314812208,,0,0,1
1762210800,2025-11-03,2025-11-03 23:00,707679071295,707462.2464228095,707679071295,707462.2464228095,644314812208,,0,0,1
1762214400,2025-11-04,2025-11-04 00:00,707734616074,707596.0994612158,707734616074,707596.0994612158,644314812208,,0,0,1
1762218000,2025-11-04,2025-11-04 01:00,707790483719,707648.9256222562,707790483719,707648.9256222562,644314812208,,0,0,1
1762221600,2025-11-04,2025-11-04 02:00,707846676317,707711.5635008118,707846676317,707711.5635008118,644314812208,,0,0,1
1762225200,2025-11-04,2025-11-04 03:00,707903194021,707749.3048848846,707903194021,707749.3048848846,644314812208,,0,0,1
1762228800,2025-11-04,2025-11-04 04:00,707960038960,707765.1273597155,707960038960,707765.1273597155,644314812208,,0,0,1
1762232400,2025-11-04,2025-11-04 05:00,708017213984,707875.6118224146,708017213984,707875.6118224146,644314812208,,0,0,1
1762236000,2025-11-04,2025-11-04 06:00,708074720805,707936.2100604742,708074720805,707936.2100604742,644314812208,,0,0,1
1762239600,2025-11-04,2025-11-04 07:00,708132561511,707990.1355062228,708132561511,707990.1355062228,644314812208,,0,0,1
1762243200,2025-11-04,2025-11-04 08:00,708190738094,708053.7918000094,708190738094,708053.7918000094,644314812208,,0,0,1
1762246800,2025-11-04,2025-11-04 09:00,708249252606,708055.2956274942,708249252606,708055.2956274942,644314812208,,0,0,1
1762250400,2025-11-04,2025-11-04 10:00,708308106826,708101.2159922749,708308106826,708101.2159922749,644314812208,,0,0,1
1762254000,2025-11-04,2025-11-04 11:00,708367302865,708179.3955227059,708367302865,708179.3955227059,644314812208,,0,0,1
1762257600,2025-11-04,2025-11-04 12:00,708426842734,708207.9700478528,708426842734,708207.9700478528,644314812208,,0,0,1
1762261200,2025-11-04,2025-11-04 13:00,708486728669,708269.9694353077,708486728669,708269.9694353077,644314812208,210662.3013489527,0,0,1
1762264800,2025-11-04,2025-11-04 14:00,708546962390,708335.7692144313,708546962390,708335.7692144313,644314812208,207645.473729341,0,0,1
1762268400,2025-11-04,2025-11-04 15:00,708607545948,708424.3384722198,708607545948,708424.3384722198,644314812208,209137.4236029081,0,0,1
1762272000,2025-11-04,2025-11-04 16:00,708668481539,708462.2924501143,708668481539,708462.2924501143,644314812208,170710.90815396808,0,0,1
1762275600,2025-11-04,2025-11-04 17:00,708729771172,708590.7689404561,708729771172,708590.7689404561,644314812208,146498.13266655078,0,0,1
1762279200,2025-11-04,2025-11-04 18:00,708791416990,708654.1930547764,708791416990,708654.1930547764,644314812208,172129.840396607,0,0,1
1762282800,2025-11-04,2025-11-04 19:00,708853421305,708648.397762661,708853421305,708648.397762661,644314812208,175414.19521144938,0,0,1
1762286400,2025-11-04,2025-11-04 20:00,708915786463,708710.0116808065,708915786463,708710.0116808065,644314812208,154429.97981213516,0,0,1
1762290000,2025-11-04,2025-11-04 21:00,708978514814,708861.5501540311,708978514814,708861.5501540311,644314812208,156049.26489450873,0,0,1
1762293600,2025-11-04,2025-11-04 22:00,709041606758,708912.7627775304,709041606758,708912.7627775304,644314812208,154734.55367155085,0,0,1
1762297200,2025-11-04,2025-11-04 23:00,709105065039,708962.5424231747,709105065039,708962.5424231747,644314812208,156329.5951511213,0,0,1
1762300800,2025-11-05,2025-11-05 00:00,709168892328,709027.3315619113,709168892328,709027.3315619113,644314812208,155753.49676190192,0,0,1
1762304400,2025-11-05,2025-11-05 01:00,709233091011,709059.8058225425,709233091011,709059.8058225425,644314812208,146824.66947475393,0,0,1
1762308000,2025-11-05,2025-11-05 02:00,709297663518,709092.0206638833,709297663518,709092.0206638833,644314812208,157503.80005999893,0,0,1
1762311600,2025-11-05,2025-11-05 03:00,709362612286,709161.3330404365,709362612286,709161.3330404365,644314812208,180824.24683723573,0,0,1
1762315200,2025-11-05,2025-11-05 04:00,709427939751,709266.4449794529,709427939751,709266.4449794529,644314812208,165753.61530278332,0,0,1
1762318800,2025-11-05,2025-11-05 05:00,709493648350,709329.8596147724,709493648350,709329.8596147724,644314812208,161172.48873847176,0,0,1
1762322400,2025-11-05,2025-11-05 06:00,709559740523,709351.9277106832,709559740523,709351.9277106832,644314812208,141957.84871459808,0,0,1
1762326000,2025-11-05,2025-11-05 07:00,709626215005,709486.636322566,709626215005,709486.636322566,644314812208,141034.70129575662,0,0,1
1762329600,2025-11-05,2025-11-05 08:00,709693072847,709549.1613461241,709693072847,709549.1613461241,644314812208,140984.3197937443,0,0,1
1762333200,2025-11-05,2025-11-05 09:00,709760319655,709610.5473381575,709760319655,709610.5473381575,644314812208,136672.7367510197,0,0,1
1762336800,2025-11-05,2025-11-05 10:00,709827957966,709618.8031205493,709827957966,709618.8031205493,644314812208,137150.50038785575,0,0,1
1762340400,2025-11-05,2025-11-05 11:00,709895990396,709753.3315686841,709895990396,709753.3315686841,644314812208,131015.35113914848,0,0,1
1762344000,2025-11-05,2025-11-05 12:00,709964419401,709938.6374048025,709964419401,709938.6374048025,644314812208,116484.3834494846,0,0,1
1762347600,2025-11-05,2025-11-05 13:00,710033245453,709935.635099982,710033245453,709935.635099982,644314812208,107671.14576049607,0,0,1
1762351200,2025-11-05,2025-11-05 14:00,710102472219,709960.5425392428,710102472219,709960.5425392428,644314812208,122418.96339998761,0,0,1
1762354800,2025-11-05,2025-11-05 15:00,710172102181,710030.2253549324,710172102181,710030.2253549324,644314812208,121443.49830666954,0,0,1
1762358400,2025-11-05,2025-11-05 16:00,710242138053,710031.157193828,710242138053,710031.157193828,644314812208,111937.4762862795,0,0,1
1762362000,2025-11-05,2025-11-05 17:00,710312582491,710130.8030569224,710312582491,710130.8030569224,644314812208,111936.52879292428,0,0,1
1762365600,2025-11-05,2025-11-05 18:00,710383438148,710172.3947072526,710383438148,710172.3947072526,644314812208,109975.46343325709,0,0,1
1762369200,2025-11-05,2025-11-05 19:00,710454707683,710257.1797608493,710454707683,710257.1797608493,644314812208,106344.95729602949,0,0,1
1762372800,2025-11-05,2025-11-05 20:00,710526390416,710314.5313965539,710526390416,710314.5313965539,644314812208,87330.42311738868,0,0,1
1762376400,2025-11-05,2025-11-05 21:00,710598488850,710459.4754387611,710598488850,710459.4754387611,644314812208,87376.67427494026,0,0,1
1762380000,2025-11-05,2025-11-05 22:00,710671007781,710515.9583622183,710671007781,710515.9583622183,644314812208,91623.40307158619,0,0,1
1762383600,2025-11-05,2025-11-05 23:00,710743949964,710603.3490219746,710743949964,710603.3490219746,644314812208,93056.18734496653,0,0,1
1762387200,2025-11-06,2025-11-06 00:00,710817318157,710609.903127535,710817318157,710609.903127535,644314812208,97504.10322066837,0,0,1
1762390800,2025-11-06,2025-11-06 01:00,710891115118,710681.9551584151,710891115118,710681.9551584151,644314812208,106825.03479370408,0,0,1
1762394400,2025-11-06,2025-11-06 02:00,710965343609,710824.0989361592,710965343609,710824.0989361592,644314812208,105994.8720842989,0,0,1
1762398000,2025-11-06,2025-11-06 03:00,711040006393,710901.3629532763,711040006393,710901.3629532763,644314812208,104494.46593383589,0,0,1
1762401600,2025-11-06,2025-11-06 04:00,711115106232,710976.2044775119,711115106232,710976.2044775119,644314812208,105372.16025750994,0,0,1
1762405200,2025-11-06,2025-11-06 05:00,711190645896,710981.5994228795,711190645896,710981.5994228795,644314812208,105464.69447938965,0,0,1
1762408800,2025-11-06,2025-11-06 06:00,711266628151,711110.7929923561,711266628151,711110.7929923561,644314812208,105772.30322436146,0,0,1
1762412400,2025-11-06,2025-11-06 07:00,711343055769,711133.0831951225,711343055769,711133.0831951225,644314812208,95949.43410844501,0,0,1
1762416000,2025-11-06,2025-11-06 08:00,711419931522,711281.8259766095,711419931522,711281.8259766095,644314812208,93165.9533857827,0,0,1
1762419600,2025-11-06,2025-11-06 09:00,711497258184,711356.2987221548,711497258184,711356.2987221548,644314812208,102202.69754030007,0,0,1
1762423200,2025-11-06,2025-11-06 10:00,711575038532,711431.2184683725,711575038532,711431.2184683725,644314812208,96869.4829475045,0,0,1
1762426800,2025-11-06,2025-11-06 11:00,711653275343,711512.5318699573,711653275343,711512.5318699573,644314812208,104314.82022239358,0,0,1
1762430400,2025-11-06,2025-11-06 12:00,711731971400,711590.778596135,711731971400,711590.778596135,644314812208,102175.28749577663,0,0,1
1762434000,2025-11-06,2025-11-06 13:00,711811129483,711729.7062281502,711811129483,711729.7062281502,644314812208,100563.06577233927,0,0,1
1762437600,2025-11-06,2025-11-06 14:00,711890752378,711748.4951468509,711890752378,711748.4951468509,644314812208,100567.47058819607,0,0,1
1762441200,2025-11-06,2025-11-06 15:00,711970842871,711828.8514017051,711970842871,711828.8514017051,644314812208,94211.23042389165,0,0,1
1762444800,2025-11-06,2025-11-06 16:00,712051403751,711915.8547284098,712051403751,711915.8547284098,644314812208,97420.91753355986,0,0,1
1762448400,2025-11-06,2025-11-06 17:00,712132437808,712017.0906032845,712132437808,712017.0906032845,644314812208,113066.86971476898,0,0,1
1762452000,2025-11-06,2025-11-06 18:00,712213947837,712117.5161555178,712213947837,712117.5161555178,644314812208,103931.16490343171,0,0,1
1762455600,2025-11-06,2025-11-06 19:00,712295936632,712153.2371096854,712295936632,712153.2371096854,644314812208,104902.04221679557,0,0,1
1762459200,2025-11-06,2025-11-06 20:00,712378406990,712247.964379211,712378406990,712247.964379211,644314812208,109280.25996770704,0,0,1
1762462800,2025-11-06,2025-11-06 21:00,712461361711,712318.3042459358,712461361711,712318.3042459358,644314812208,111497.73762458086,0,0,1
1762466400,2025-11-06,2025-11-06 22:00,712544757163,712401.4843731859,712544757163,712401.4843731859,644314812208,111217.38258221468,0,0,1
1762470000,2025-11-06,2025-11-06 23:00,712628587018,712485.4826027851,712628587018,712485.4826027851,644314812208,111120.1952900861,0,0,1
1762473600,2025-11-07,2025-11-07 00:00,712712907149,712535.7853299979,712712907149,712535.7853299979,644314812208,108880.47577661439,0,0,1
1762477200,2025-11-07,2025-11-07 01:00,712797720273,712656.6312270279,712797720273,712656.6312270279,644314812208,110723.51899297241,0,0,1
1762480800,2025-11-07,2025-11-07 02:00,712883028039,712721.3296695419,712883028039,712721.3296695419,644314812208,113113.17349961112,0,0,1
1762484400,2025-11-07,2025-11-07 03:00,712968834433,712774.8261997271,712968834433,712774.8261997271,644314812208,112244.08357489134,0,0,1
1762488000,2025-11-07,2025-11-07 04:00,713055142636,712843.8383472282,713055142636,712843.8383472282,644314812208,113313.36171830134,0,0,1
1762491600,2025-11-07,2025-11-07 05:00,713141955769,712979.7414340784,713141955769,712979.7414340784,644314812208,105140.91640931641,0,0,1
1762495200,2025-11-07,2025-11-07 06:00,713229275827,713087.0222260992,713229275827,713087.0222260992,644314812208,100610.0566319083,0,0,1
1762498800,2025-11-07,2025-11-07 07:00,713317106562,713139.735129233,713317106562,713139.735129233,644314812208,100579.15762985607,0,0,1
1762502400,2025-11-07,2025-11-07 08:00,713405451316,713194.628940005,713405451316,713194.628940005,644314812208,92043.97738896294,0,0,1
1762506000,2025-11-07,2025-11-07 09:00,713494313487,713280.2651929539,713494313487,713280.2651929539,644314812208,91980.29057271915,0,0,1
1762509600,2025-11-07,2025-11-07 10:00,713583694579,713441.1070665278,713583694579,713441.1070665278,644314812208,79025.45300125089,0,0,1
1762513200,2025-11-07,2025-11-07 11:00,713673598272,713529.9158843546,713673598272,713529.9158843546,644314812208,81287.95080693194,0,0,1
1762516800,2025-11-07,2025-11-07 12:00,713764028185,713558.4268729524,713764028185,713558.4268729524,644314812208,75066.40489405615,0,0,1
1762520400,2025-11-07,2025-11-07 13:00,713854987798,713711.4698714268,713854987798,713711.4698714268,644314812208,78063.55137735074,0,0,1
1762524000,2025-11-07,2025-11-07 14:00,713946480160,713803.6271211094,713946480160,713803.6271211094,644314812208,79795.84413042516,0,0,1
1762527600,2025-11-07,2025-11-07 15:00,714038506860,713911.9417372816,714038506860,713911.9417372816,644314812208,75138.21151872924,0,0,1
1762531200,2025-11-07,2025-11-07 16:00,714131072320,713918.011308917,714131072320,713918.011308917,644314812208,72856.97278925535,0,0,1
1762534800,2025-11-07,2025-11-07 17:00,714224179701,714011.0462532598,714224179701,714011.0462532598,644314812208,73799.81772715987,0,0,1
1762538400,2025-11-07,2025-11-07 18:00,714317832286,714177.897929643,714317832286,714177.897929643,644314812208,74920.4329795937,0,0,1
1762542000,2025-11-07,2025-11-07 19:00,714412033335,714272.5136120331,714412033335,714272.5136120331,644314812208,51107.1178950931,0,0,1
1762545600,2025-11-07,2025-11-07 20:00,714506786218,714365.203594366,714506786218,714365.203594366,644314812208,63192.45939447228,0,0,1
1762549200,2025-11-07,2025-11-07 21:00,714602094146,714603.6696227303,714602094146,714603.6696227303,644314812208,63690.971378934024,0,0,1
1762552800,2025-11-07,2025-11-07 22:00,714697960476,714577.72038776,714697960476,714577.72038776,644314812208,63940.15551755266,0,0,1
1762556400,2025-11-07,2025-11-07 23:00,714794388524,714792.6244994391,714794388524,714792.6244994391,644314812208,58414.47291027751,0,0,1
1762560000,2025-11-08,2025-11-08 00:00,714891382147,714921.8263273333,714891382147,714921.8263273333,644314812208,59575.60613115643,0,0,1
1762563600,2025-11-08,2025-11-08 01:00,714988944068,714875.9865509339,714988944068,714875.9865509339,644314812208,78074.58437363748,0,0,1
1762567200,2025-11-08,2025-11-08 02:00,715087077524,714947.8303312651,715087077524,714947.8303312651,644314812208,80145.99505466517,0,0,1
1762570800,2025-11-08,2025-11-08 03:00,715185786125,715114.2675463875,715185786125,715114.2675463875,644314812208,72619.85592414277,0,0,1
1762574400,2025-11-08,2025-11-08 04:00,715285073722,715142.1330380597,715285073722,715142.1330380597,644314812208,79606.4564417273,0,0,1
1762578000,2025-11-08,2025-11-08 05:00,715384944169,715266.3834797178,715384944169,715266.3834797178,644314812208,79689.41677801813,0,0,1
1762581600,2025-11-08,2025-11-08 06:00,715485399779,715343.5950592676,715485399779,715343.5950592676,644314812208,83773.95047826675,0,0,1
1762585200,2025-11-08,2025-11-08 07:00,715586444262,715436.084283535,715586444262,715436.084283535,644314812208,96921.8548690399,0,0,1
1762588800,2025-11-08,2025-11-08 08:00,715688081588,715548.4649319306,715688081588,715548.4649319306,644314812208,91997.38614970837,0,0,1
1762592400,2025-11-08,2025-11-08 09:00,715790315178,715647.3931299353,715790315178,715647.3931299353,644314812208,81422.61146437973,0,0,1
1762596000,2025-11-08,2025-11-08 10:00,715893148706,715751.4878049024,715893148706,715751.4878049024,644314812208,109002.92836653984,0,0,1
1762599600,2025-11-08,2025-11-08 11:00,715996585776,715853.8293122513,715996585776,715853.8293122513,644314812208,98809.51644118468,0,0,1
1762603200,2025-11-08,2025-11-08 12:00,716100630105,716027.9399225427,716100630105,716027.9399225427,644314812208,92355.79392678062,0,0,1
1762606800,2025-11-08,2025-11-08 13:00,716205285151,716063.6472193341,716205285151,716063.6472193341,644314812208,86840.0571436146,0,0,1
1762610400,2025-11-08,2025-11-08 14:00,716310554949,716168.6526854713,716310554949,716168.6526854713,644314812208,75531.44375655778,0,0,1
1762614000,2025-11-08,2025-11-08 15:00,716416442577,716274.8060001446,716416442577,716274.8060001446,644314812208,76582.56567622395,0,0,1
1762617600,2025-11-08,2025-11-08 16:00,716522952136,716379.9626378936,716522952136,716379.9626378936,644314812208,76572.50442821285,0,0,1
1762621200,2025-11-08,2025-11-08 17:00,716630087535,716487.6711550944,716630087535,716487.6711550944,644314812208,72203.60789181056,0,0,1
1762624800,2025-11-08,2025-11-08 18:00,716737852119,716596.3428779948,716737852119,716596.3428779948,644314812208,72205.50786111364,0,0,1
1762628400,2025-11-08,2025-11-08 19:00,716846249889,716704.5621898358,716846249889,716704.5621898358,644314812208,77501.1326783741,0,0,1
1762632000,2025-11-08,2025-11-08 20:00,716955284708,716768.7667273999,716955284708,716768.7667273999,644314812208,77496.42448387934,0,0,1
1762635600,2025-11-08,2025-11-08 21:00,717064960391,716923.2421233389,717064960391,716923.2421233389,644314812208,76991.01402020582,0,0,1
1762639200,2025-11-08,2025-11-08 22:00,717175280817,717033.4620822272,717175280817,717033.4620822272,644314812208,77087.39729030366,0,0,1
1762642800,2025-11-08,2025-11-08 23:00,717286249820,717116.3706188508,717286249820,717116.3706188508,644314812208,77562.27026439988,0,0,1
1762646400,2025-11-09,2025-11-09 00:00,717397871789,717239.8926183137,717397871789,717239.8926183137,644314812208,76932.07043977034,0,0,1
1762650000,2025-11-09,2025-11-09 01:00,717510150706,717372.0796361594,717510150706,717372.0796361594,644314812208,76115.5673752518,0,0,1
1762653600,2025-11-09,2025-11-09 02:00,717623089051,717408.2278258728,717623089051,717408.2278258728,644314812208,74368.59385433135,0,0,1
1762657200,2025-11-09,2025-11-09 03:00,717736692324,717558.3570455506,717736692324,717558.3570455506,644314812208,78502.07271501384,0,0,1
1762660800,2025-11-09,2025-11-09 04:00,717850964680,717707.394487064,717850964680,717707.394487064,644314812208,79285.0429519027,0,0,1
1762664400,2025-11-09,2025-11-09 05:00,717965908079,717796.6696663868,717965908079,717796.6696663868,644314812208,79166.75695470328,0,0,1
1762668000,2025-11-09,2025-11-09 06:00,718081528318,717937.9120123364,718081528318,717937.9120123364,644314812208,79210.65511731568,0,0,1
1762671600,2025-11-09,2025-11-09 07:00,718197829002,718055.4369168795,718197829002,718055.4369168795,644314812208,76429.56792606533,0,0,1
1762675200,2025-11-09,2025-11-09 08:00,718314814295,718174.9797616358,718314814295,718174.9797616358,644314812208,79194.0922499365,0,0,1
1762678800,2025-11-09,2025-11-09 09:00,718432488540,718223.5281270427,718432488540,718223.5281270427,644314812208,79127.90389396765,0,0,1
1762682400,2025-11-09,2025-11-09 10:00,718550856250,718406.327469379,718550856250,718406.327469379,644314812208,76673.47532881277,0,0,1
1762686000,2025-11-09,2025-11-09 11:00,718669920497,718487.5288728537,718669920497,718487.5288728537,644314812208,73609.13444577552,0,0,1
1762689600,2025-11-09,2025-11-09 12:00,718789686203,718645.7668976694,718789686203,718645.7668976694,644314812208,72973.81804017565,0,0,1
1762693200,2025-11-09,2025-11-09 13:00,718910157921,718767.3018838865,718910157921,718767.3018838865,644314812208,74664.28353591937,0,0,1
1762696800,2025-11-09,2025-11-09 14:00,719031339750,718820.610533903,719031339750,718820.610533903,644314812208,74694.88532007198,0,0,1
1762700400,2025-11-09,2025-11-09 15:00,719153235427,719011.5109886088,719153235427,719011.5109886088,644314812208,74710.58531665469,0,0,1
1762704000,2025-11-09,2025-11-09 16:00,719275849722,719132.1161990217,719275849722,719132.1161990217,644314812208,74711.20914454246,0,0,1
1762707600,2025-11-09,2025-11-09 17:00,719399186764,719185.5942189605,719399186764,719185.5942189605,644314812208,74725.47400208282,0,0,1
1762711200,2025-11-09,2025-11-09 18:00,719523251477,719343.7648361597,719523251477,719343.7648361597,644314812208,67408.45246468445,0,0,1
1762714800,2025-11-09,2025-11-09 19:00,719648047490,719503.5083434499,719648047490,719503.5083434499,644314812208,58330.17301838319,0,0,1
1762718400,2025-11-09,2025-11-09 20:00,719773579750,719631.8875694327,719773579750,719631.8875694327,644314812208,61140.49261239165,0,0,1
1762722000,2025-11-09,2025-11-09 21:00,719899852561,719685.5660264577,719899852561,719685.5660264577,644314812208,58472.55588899442,0,0,1
1762725600,2025-11-09,2025-11-09 22:00,720026870651,719813.3365563208,720026870651,719813.3365563208,644314812208,60532.732726541326,0,0,1
1762729200,2025-11-09,2025-11-09 23:00,720154638334,719984.0555547224,720154638334,719984.0555547224,644314812208,60532.732726541326,0,0,1
1762732800,2025-11-10,2025-11-10 00:00,720283160383,720104.6711264893,720283160383,720104.6711264893,644314812208,55639.52259665686,0,0,1
1762736400,2025-11-10,2025-11-10 01:00,720412441232,720197.6403797902,720412441232,720197.6403797902,644314812208,55925.377996070434,0,0,1
1762740000,2025-11-10,2025-11-10 02:00,720542485910,720400.3566813803,720542485910,720400.3566813803,644314812208,62581.208144315235,0,0,1
1762743600,2025-11-10,2025-11-10 03:00,720673297976,720529.7904761136,720673297976,720529.7904761136,644314812208,62628.901710444436,0,0,1
1762747200,2025-11-10,2025-11-10 04:00,720804882802,720588.967961947,720804882802,720588.967961947,644314812208,61046.64111786451,0,0,1
1762750800,2025-11-10,2025-11-10 05:00,720937245384,720789.2106740625,720937245384,720789.2106740625,644314812208,61043.8805201479,0,0,1
1762754400,2025-11-10,2025-11-10 06:00,721070391005,720897.7899899198,721070391005,720897.7899899198,644314812208,65336.73462789063,0,0,1
1762758000,2025-11-10,2025-11-10 07:00,721204322274,720990.2292931158,721204322274,720990.2292931158,644314812208,63813.715796683755,0,0,1
1762761600,2025-11-10,2025-11-10 08:00,721339045476,721215.0539113061,721339045476,721215.0539113061,644314812208,62234.020175306076,0,0,1
1762765200,2025-11-10,2025-11-10 09:00,721474565667,721330.2840305675,721474565667,721330.2840305675,644314812208,56770.126611303065,0,0,1
1762768800,2025-11-10,2025-11-10 10:00,721610886528,721506.6008088308,721610886528,721506.6008088308,644314812208,59380.862159401084,0,0,1
1762772400,2025-11-10,2025-11-10 11:00,721748013799,721604.3537453031,721748013799,721604.3537453031,644314812208,60759.3674328511,0,0,1
1762776000,2025-11-10,2025-11-10 12:00,721885952278,721725.8027921768,721885952278,721725.8027921768,644314812208,62267.63363471947,0,0,1
1762779600,2025-11-10,2025-11-10 13:00,722024706852,721880.5645496352,722024706852,721880.5645496352,644314812208,52440.08900812543,0,0,1
1762783200,2025-11-10,2025-11-10 14:00,722164282508,722020.3007039836,722164282508,722020.3007039836,644314812208,45021.174212600636,0,0,1
1762786800,2025-11-10,2025-11-10 15:00,722304684389,722137.4998035342,722304684389,722137.4998035342,644314812208,48427.4484467089,0,0,1
1762790400,2025-11-10,2025-11-10 16:00,722445917552,722232.0864799797,722445917552,722232.0864799797,644314812208,48420.93035826115,0,0,1
1762794000,2025-11-10,2025-11-10 17:00,722587986865,722433.9827938346,722587986865,722433.9827938346,644314812208,50886.050721976484,0,0,1
1762797600,2025-11-10,2025-11-10 18:00,722730897603,722603.3022290403,722730897603,722603.3022290403,644314812208,53569.666848438326,0,0,1
1762801200,2025-11-10,2025-11-10 19:00,722874655035,722800.9459942651,722874655035,722800.9459942651,644314812208,54142.39219770749,0,0,1
1762804800,2025-11-10,2025-11-10 20:00,723019263927,722919.6989824271,723019263927,722919.6989824271,644314812208,51685.47827140063,0,0,1
1762808400,2025-11-10,2025-11-10 21:00,723164729804,723024.0810285795,723164729804,723024.0810285795,644314812208,54965.991467905194,0,0,1
1762812000,2025-11-10,2025-11-10 22:00,723311057882,723159.3004610558,723311057882,723159.3004610558,644314812208,54966.1841532593,0,0,1
1762815600,2025-11-10,2025-11-10 23:00,723458253450,723315.2163168128,723458253450,723315.2163168128,644314812208,49870.66223778437,0,0,1
1762819200,2025-11-11,2025-11-11 00:00,723606321806,723463.60836213,723606321806,723463.60836213,644314812208,49830.164887651765,0,0,1
1762822800,2025-11-11,2025-11-11 01:00,723755268181,723610.6442526496,723755268181,723610.6442526496,644314812208,47970.86244941347,0,0,1
1762826400,2025-11-11,2025-11-11 02:00,723905098522,723763.0787323739,723905098522,723763.0787323739,644314812208,49565.63799295864,0,0,1
1762830000,2025-11-11,2025-11-11 03:00,724055817314,723914.0649916036,724055817314,723914.0649916036,644314812208,51212.03568428421,0,0,1
1762833600,2025-11-11,2025-11-11 04:00,724207430836,724065.2508361565,724207430836,724065.2508361565,644314812208,51102.22456269109,0,0,1
1762837200,2025-11-11,2025-11-11 05:00,724359943776,724217.9798263464,724359943776,724217.9798263464,644314812208,51107.90567735582,0,0,1
1762840800,2025-11-11,2025-11-11 06:00,724513362092,724370.9790353233,724513362092,724370.9790353233,644314812208,53679.246058093784,0,0,1
1762844400,2025-11-11,2025-11-11 07:00,724667691487,724453.9969867907,724667691487,724453.9969867907,644314812208,55171.22149835039,0,0,1
1762848000,2025-11-11,2025-11-11 08:00,724822937335,724679.2212571254,724822937335,724679.2212571254,644314812208,39568.79182601832,0,0,1
1762851600,2025-11-11,2025-11-11 09:00,724979105833,724768.9393996174,724979105833,724768.9393996174,644314812208,33959.245026536526,0,0,1
1762855200,2025-11-11,2025-11-11 10:00,725136201705,724992.5911610392,725136201705,724992.5911610392,644314812208,33959.245026536526,0,0,1
1762858800,2025-11-11,2025-11-11 11:00,725294231182,725151.5885024264,725294231182,725151.5885024264,644314812208,45385.83955592765,0,0,1
1762862400,2025-11-11,2025-11-11 12:00,725453199891,725303.0076104417,725453199891,725303.0076104417,644314812208,45495.074430776185,0,0,1
1762866000,2025-11-11,2025-11-11 13:00,725613113677,725462.9872094543,725613113677,725462.9872094543,644314812208,42728.37635808682,0,0,1
1762869600,2025-11-11,2025-11-11 14:00,725773978512,725628.4085673451,725773978512,725628.4085673451,644314812208,47370.1266632225,0,0,1
1762873200,2025-11-11,2025-11-11 15:00,725935800714,725791.6245238155,725935800714,725791.6245238155,644314812208,50838.544239451294,0,0,1
1762876800,2025-11-11,2025-11-11 16:00,726098584777,725918.0125553583,726098584777,725918.0125553583,644314812208,49735.36705060317,0,0,1
1762880400,2025-11-11,2025-11-11 17:00,726262337536,726052.5677455481,726262337536,726052.5677455481,644314812208,48635.704863119405,0,0,1
1762884000,2025-11-11,2025-11-11 18:00,726427064832,726213.7276965611,726427064832,726213.7276965611,644314812208,51794.45558668621,0,0,1
1762887600,2025-11-11,2025-11-11 19:00,726592772668,726447.6168074037,726592772668,726447.6168074037,644314812208,52554.89770724639,0,0,1
1762891200,2025-11-11,2025-11-11 20:00,726759467162,726547.8757947073,726759467162,726547.8757947073,644314812208,53948.7802470755,0,0,1
1762894800,2025-11-11,2025-11-11 21:00,726927154376,726737.0611412943,726927154376,726737.0611412943,644314812208,53944.75788037084,0,0,1
1762898400,2025-11-11,2025-11-11 22:00,727095840491,726883.8008493324,727095840491,726883.8008493324,644314812208,53909.528511653625,0,0,1
1762902000,2025-11-11,2025-11-11 23:00,727265531712,727092.6369383736,727265531712,727092.6369383736,644314812208,53914.22312385418,0,0,1
1762905600,2025-11-12,2025-11-12 00:00,727436234206,727284.652631826,727436234206,727284.652631826,644314812208,49005.20954247741,0,0,1
1762909200,2025-11-12,2025-11-12 01:00,727607954162,727392.8921952946,727607954162,727392.8921952946,644314812208,49092.29747923178,0,0,1
1762912800,2025-11-12,2025-11-12 02:00,727780697969,727636.3630117932,727780697969,727636.3630117932,644314812208,50785.007365032165,0,0,1
1762916400,2025-11-12,2025-11-12 03:00,727954471958,727736.0856164126,727954471958,727736.0856164126,644314812208,48838.15666243937,0,0,1
1762920000,2025-11-12,2025-11-12 04:00,728129282471,727981.7092774358,728129282471,727981.7092774358,644314812208,49615.03433063679,0,0,1
1762923600,2025-11-12,2025-11-12 05:00,728305135945,728109.1635539024,728305135945,728109.1635539024,644314812208,50430.336484508975,0,0,1
1762927200,2025-11-12,2025-11-12 06:00,728482039056,728314.2245985238,728482039056,728314.2245985238,644314812208,47763.39200938922,0,0,1
1762930800,2025-11-12,2025-11-12 07:00,728659998893,728446.4359600076,728659998893,728446.4359600076,644314812208,47261.79715301117,0,0,1
1762934400,2025-11-12,2025-11-12 08:00,728839020160,728693.2139034682,728839020160,728693.2139034682,644314812208,47300.802064712225,0,0,1
1762938000,2025-11-12,2025-11-12 09:00,729019110545,728802.8754320735,729019110545,728802.8754320735,644314812208,51000.66337658575,0,0,1
1762941600,2025-11-12,2025-11-12 10:00,729200277039,729055.7962866437,729200277039,729055.7962866437,644314812208,50675.28220119506,0,0,1
1762945200,2025-11-12,2025-11-12 11:00,729382525548,729169.9084101038,729382525548,729169.9084101038,644314812208,43917.51173680376,0,0,1
1762948800,2025-11-12,2025-11-12 12:00,729565863304,729419.7795567259,729565863304,729419.7795567259,644314812208,44814.87563098545,0,0,1
1762952400,2025-11-12,2025-11-12 13:00,729750297711,729532.048525164,729750297711,729532.048525164,644314812208,47557.25457367734,0,0,1
1762956000,2025-11-12,2025-11-12 14:00,729935834587,729721.6277252609,729935834587,729721.6277252609,644314812208,49435.50567542008,0,0,1
1762959600,2025-11-12,2025-11-12 15:00,730122480517,729978.0382164279,730122480517,729978.0382164279,644314812208,50419.89974976794,0,0,1
1762963200,2025-11-12,2025-11-12 16:00,730310243033,730166.4336486348,730310243033,730166.4336486348,644314812208,49130.50495137766,0,0,1
1762966800,2025-11-12,2025-11-12 17:00,730499128843,730355.6024165027,730499128843,730355.6024165027,644314812208,51909.584611303835,0,0,1
1762970400,2025-11-12,2025-11-12 18:00,730689145195,730508.7765806138,730689145195,730508.7765806138,644314812208,50083.20892278192,0,0,1
1762974000,2025-11-12,2025-11-12 19:00,730880299756,730709.0538251596,730880299756,730709.0538251596,644314812208,48045.108353652475,0,0,1
1762977600,2025-11-12,2025-11-12 20:00,731072600348,730858.3867446462,731072600348,730858.3867446462,644314812208,45354.99896274537,0,0,1
1762981200,2025-11-12,2025-11-12 21:00,731266054802,731051.6448995962,731266054802,731051.6448995962,644314812208,45401.3408174585,0,0,1
1762984800,2025-11-12,2025-11-12 22:00,731460670964,731245.5960165103,731460670964,731245.5960165103,644314812208,43073.998381933176,0,0,1
1762988400,2025-11-12,2025-11-12 23:00,731656456692,731511.1083238283,731656456692,731511.1083238283,644314812208,43082.20398355935,0,0,1
1762992000,2025-11-13,2025-11-13 00:00,731853419857,731692.6865661017,731853419857,731692.6865661017,644314812208,43060.86171572678,0,0,1
1762995600,2025-11-13,2025-11-13 01:00,732051568342,731906.1330624055,732051568342,731906.1330624055,644314812208,40673.67226541985,0,0,1
1762999200,2025-11-13,2025-11-13 02:00,732250910045,732036.8060210979,732250910045,732036.8060210979,644314812208,39496.852155504785,0,0,1
1763002800,2025-11-13,2025-11-13 03:00,732451452878,732236.120385674,732451452878,732236.120385674,644314812208,39332.51449137395,0,0,1
1763006400,2025-11-13,2025-11-13 04:00,732653204764,732500.0832769437,732653204764,732500.0832769437,644314812208,40727.12436853212,0,0,1
1763010000,2025-11-13,2025-11-13 05:00,732856173642,732695.0686518565,732856173642,732695.0686518565,644314812208,40381.31806665912,0,0,1
1763013600,2025-11-13,2025-11-13 06:00,733060367462,732844.4940764578,733060367462,732844.4940764578,644314812208,40381.31806665912,0,0,1
1763017200,2025-11-13,2025-11-13 07:00,733265794192,733072.321041287,733265794192,733072.321041287,644314812208,39985.74145091091,0,0,1
1763020800,2025-11-13,2025-11-13 08:00,733472461809,733255.8314541478,733472461809,733255.8314541478,644314812208,37590.347530111976,0,0,1
1763024400,2025-11-13,2025-11-13 09:00,733680378308,733531.5485192939,733680378308,733531.5485192939,644314812208,39688.26808789928,0,0,1
1763028000,2025-11-13,2025-11-13 10:00,733889551697,733689.074597592,733889551697,733689.074597592,644314812208,40081.39487613723,0,0,1
1763031600,2025-11-13,2025-11-13 11:00,734099989997,733883.6776551227,734099989997,733883.6776551227,644314812208,38167.205116092744,0,0,1
1763035200,2025-11-13,2025-11-13 12:00,734311701247,734112.5244913852,734311701247,734112.5244913852,644314812208,37037.49604686514,0,0,1
1763038800,2025-11-13,2025-11-13 13:00,734524693497,734352.1383837446,734524693497,734352.1383837446,644314812208,40378.78436027482,0,0,1
1763042400,2025-11-13,2025-11-13 14:00,734738974813,734592.690798045,734738974813,734592.690798045,644314812208,40270.05659399646,0,0,1
1763046000,2025-11-13,2025-11-13 15:00,734954553277,734788.4179541252,734954553277,734788.4179541252,644314812208,39297.26360205531,0,0,1
1763049600,2025-11-13,2025-11-13 16:00,735171436985,735025.0799818151,735171436985,735025.0799818151,644314812208,40816.80680624681,0,0,1
1763053200,2025-11-13,2025-11-13 17:00,735389634047,735208.0085879876,735389634047,735208.0085879876,644314812208,41773.34542443609,0,0,1
1763056800,2025-11-13,2025-11-13 18:00,735609152591,735397.6227697793,735609152591,735397.6227697793,644314812208,40911.37525433708,0,0,1
1763060400,2025-11-13,2025-11-13 19:00,735830000759,735670.6521928463,735830000759,735670.6521928463,644314812208,40495.35457850211,0,0,1
1763064000,2025-11-13,2025-11-13 20:00,736052186707,735837.5637829374,736052186707,735837.5637829374,644314812208,40394.743254263725,0,0,1
1763067600,2025-11-13,2025-11-13 21:00,736275718609,736058.9877038258,736275718609,736058.9877038258,644314812208,40719.80432096952,0,0,1
1763071200,2025-11-13,2025-11-13 22:00,736500604656,736284.5854892976,736500604656,736284.5854892976,644314812208,42374.54415843183,0,0,1
1763074800,2025-11-13,2025-11-13 23:00,736726853050,736510.7862755075,736726853050,736510.7862755075,644314812208,43084.56398206833,0,0,1
1763078400,2025-11-14,2025-11-14 00:00,736954472014,736735.685251804,736954472014,736735.685251804,644314812208,36056.72969058991,0,0,1
1763082000,2025-11-14,2025-11-14 01:00,737183469786,737035.701300956,737183469786,737035.701300956,644314812208,34859.998504451796,0,0,1
1763085600,2025-11-14,2025-11-14 02:00,737413854618,737227.4416037145,737413854618,737227.4416037145,644314812208,40750.73082585398,0,0,1
1763089200,2025-11-14,2025-11-14 03:00,737645634781,737428.1114254377,737645634781,737428.1114254377,644314812208,40111.86746596741,0,0,1
1763092800,2025-11-14,2025-11-14 04:00,737878818563,737658.6249836311,737878818563,737658.6249836311,644314812208,41536.40298737618,0,0,1
1763096400,2025-11-14,2025-11-14 05:00,738113414267,737965.8542325925,738113414267,737965.8542325925,644314812208,38359.37978941585,0,0,1
1763100000,2025-11-14,2025-11-14 06:00,738349430214,738131.9986609927,738349430214,738131.9986609927,644314812208,40343.75135788953,0,0,1
1763103600,2025-11-14,2025-11-14 07:00,738586874742,738440.7668551543,738586874742,738440.7668551543,644314812208,34382.944138593164,0,0,1
1763107200,2025-11-14,2025-11-14 08:00,738825756207,738675.9019615694,738825756207,738675.9019615694,644314812208,34169.071073926716,0,0,1
1763110800,2025-11-14,2025-11-14 09:00,739066082980,738845.2464795354,739066082980,738845.2464795354,644314812208,40787.94799878819,0,0,1
1763114400,2025-11-14,2025-11-14 10:00,739307863452,739086.0710929644,739307863452,739086.0710929644,644314812208,41987.78783075995,0,0,1
1763118000,2025-11-14,2025-11-14 11:00,739551106032,739367.13414696,739551106032,739367.13414696,644314812208,42002.94843734867,0,0,1
1763121600,2025-11-14,2025-11-14 12:00,739795819143,739575.2761745297,739795819143,739575.2761745297,644314812208,41786.02669577351,0,0,1
1763125200,2025-11-14,2025-11-14 13:00,740042011232,739897.7375778632,740042011232,739897.7375778632,644314812208,39167.23330178285,0,0,1
1763128800,2025-11-14,2025-11-14 14:00,740289690760,740142.2681134499,740289690760,740142.2681134499,644314812208,40273.35686059906,0,0,1
1763132400,2025-11-14,2025-11-14 15:00,740538866205,740395.0032766097,740538866205,740395.0032766097,644314812208,42916.814626321444,0,0,1
1763136000,2025-11-14,2025-11-14 16:00,740789546069,740640.4808293759,740789546069,740640.4808293759,644314812208,41239.34324737929,0,0,1
1763139600,2025-11-14,2025-11-14 17:00,741041738868,740824.8239035599,741041738868,740824.8239035599,644314812208,43265.69002233164,0,0,1
1763143200,2025-11-14,2025-11-14 18:00,741295453137,741155.900012869,741295453137,741155.900012869,644314812208,40278.299398082934,0,0,1
1763146800,2025-11-14,2025-11-14 19:00,741550697433,741403.427549907,741550697433,741403.427549907,644314812208,40498.629960928774,0,0,1
1763150400,2025-11-14,2025-11-14 20:00,741807480329,741591.4252900986,741807480329,741591.4252900986,644314812208,40504.0530786129,0,0,1
1763154000,2025-11-14,2025-11-14 21:00,742065810420,741860.9538626842,742065810420,741860.9538626842,644314812208,40504.69224086114,0,0,1
1763157600,2025-11-14,2025-11-14 22:00,742325696317,742114.3162325345,742325696317,742114.3162325345,644314812208,40460.48467046099,0,0,1
1763161200,2025-11-14,2025-11-14 23:00,742587146654,742372.8869798142,742587146654,742372.8869798142,644314812208,40461.82427228882,0,0,1
1763164800,2025-11-15,2025-11-15 00:00,742850170082,742702.960465899,742850170082,742702.960465899,644314812208,40357.83300269028,0,0,1
1763168400,2025-11-15,2025-11-15 01:00,743114775274,742915.5484838742,743114775274,742915.5484838742,644314812208,36785.74814940017,0,0,1
1763172000,2025-11-15,2025-11-15 02:00,743380970924,743233.9498767093,743380970924,743233.9498767093,644314812208,36355.42449754977,0,0,1
1763175600,2025-11-15,2025-11-15 03:00,743648765741,743500.9336696152,743648765741,743500.9336696152,644314812208,40194.42302052226,0,0,1
1763179200,2025-11-15,2025-11-15 04:00,743918168460,743722.4534973818,743918168460,743722.4534973818,644314812208,40201.45211784974,0,0,1
1763182800,2025-11-15,2025-11-15 05:00,744189187833,743976.3527674243,744189187833,743976.3527674243,644314812208,41308.691680485084,0,0,1
1763186400,2025-11-15,2025-11-15 06:00,744521527626,744311.5028769781,744521527626,744311.5028769781,644314812208,40448.29236591851,0,0,1
1763190000,2025-11-15,2025-11-15 07:00,744796198704,744595.066689431,744796198704,744595.066689431,644314812208,40208.90434556879,0,0,1
1763193600,2025-11-15,2025-11-15 08:00,745072592572,744880.2320885748,745072592572,744880.2320885748,644314812208,40081.84739114985,0,0,1
1763197200,2025-11-15,2025-11-15 09:00,745350722885,745189.4139744318,745350722885,745189.4139744318,644314812208,39676.15831163537,0,0,1
1763200800,2025-11-15,2025-11-15 10:00,745630603328,745406.9141470017,745630603328,745406.9141470017,644314812208,40092.34354587254,0,0,1
1763204400,2025-11-15,2025-11-15 11:00,745912247615,745699.7356974138,745912247615,745699.7356974138,644314812208,52891.769135672504,0,0,1
1763208000,2025-11-15,2025-11-15 12:00,746195669490,746033.3719781544,746195669490,746033.3719781544,644314812208,38517.06229564985,0,0,1
1763211600,2025-11-15,2025-11-15 13:00,746480882729,746332.3157179387,746480882729,746332.3157179387,644314812208,38416.729820551656,0,0,1
1763215200,2025-11-15,2025-11-15 14:00,746767901139,746581.8947373934,746767901139,746581.8947373934,644314812208,38818.774016571246,0,0,1
1763218800,2025-11-15,2025-11-15 15:00,747056738556,746869.666504609,747056738556,746869.666504609,644314812208,38818.434304405804,0,0,1
1763222400,2025-11-15,2025-11-15 16:00,747347408849,747164.9318463969,747347408849,747164.9318463969,644314812208,38608.5108235628,0,0,1
1763226000,2025-11-15,2025-11-15 17:00,747639925919,747496.2860361991,747639925919,747496.2860361991,644314812208,38787.696620504656,0,0,1
1763229600,2025-11-15,2025-11-15 18:00,747934303697,747764.4577263185,747934303697,747764.4577263185,644314812208,39063.08713471759,0,0,1
1763233200,2025-11-15,2025-11-15 19:00,748230556150,748026.1300473268,748230556150,748026.1300473268,644314812208,39110.535841001205,0,0,1
1763236800,2025-11-15,2025-11-15 20:00,748528697275,748332.3069004231,748528697275,748332.3069004231,644314812208,39113.81763985956,0,0,1
1763240400,2025-11-15,2025-11-15 21:00,748828741102,748649.2127845386,748828741102,748649.2127845386,644314812208,39068.59154166765,0,0,1
1763244000,2025-11-15,2025-11-15 22:00,749130701696,748987.7236047331,749130701696,748987.7236047331,644314812208,36801.58534413331,0,0,1
1763247600,2025-11-15,2025-11-15 23:00,749434593154,749289.6866949069,749434593154,749289.6866949069,644314812208,36794.38105211803,0,0,1
1763251200,2025-11-16,2025-11-16 00:00,749740429608,749565.232070097,749740429608,749565.232070097,644314812208,40376.613051729204,0,0,1
1763254800,2025-11-16,2025-11-16 01:00,750048225224,749905.0995789452,750048225224,749905.0995789452,644314812208,36548.78113733052,0,0,1
1763258400,2025-11-16,2025-11-16 02:00,750357994204,750191.9649043299,750357994204,750191.9649043299,644314812208,36548.77513801107,0,0,1
1763262000,2025-11-16,2025-11-16 03:00,750669750783,750538.3237395182,750669750783,750538.3237395182,644314812208,37918.24848400325,0,0,1
1763265600,2025-11-16,2025-11-16 04:00,750983509232,750777.5126344104,750983509232,750777.5126344104,644314812208,41961.706461873764,0,0,1
1763269200,2025-11-16,2025-11-16 05:00,751299283858,751155.6179264657,751299283858,751155.6179264657,644314812208,40666.20332789658,0,0,1
1763272800,2025-11-16,2025-11-16 06:00,751617089004,751423.1718786802,751617089004,751423.1718786802,644314812208,41249.331997135094,0,0,1
1763276400,2025-11-16,2025-11-16 07:00,751936939051,751769.1962282818,751936939051,751769.1962282818,644314812208,40550.56113552461,0,0,1
1763280000,2025-11-16,2025-11-16 08:00,752258848413,752048.0407119015,752258848413,752048.0407119015,644314812208,40550.56113552461,0,0,1
1763283600,2025-11-16,2025-11-16 09:00,752582831543,752357.0575795461,752582831543,752357.0575795461,644314812208,42247.5318056767,0,0,1
1763287200,2025-11-16,2025-11-16 10:00,752908902935,752685.0185162369,752908902935,752685.0185162369,644314812208,37301.99103722658,0,0,1
1763290800,2025-11-16,2025-11-16 11:00,753237077115,753066.6012086162,753237077115,753066.6012086162,644314812208,35126.74276362768,0,0,1
1763294400,2025-11-16,2025-11-16 12:00,753567368649,753424.5474486541,753567368649,753424.5474486541,644314812208,40402.74379052011,0,0,1
1763298000,2025-11-16,2025-11-16 13:00,753899792145,753746.0394062905,753899792145,753746.0394062905,644314812208,40887.484983613205,0,0,1
1763301600,2025-11-16,2025-11-16 14:00,754234362246,754054.264200306,754234362246,754054.264200306,644314812208,42590.72409733727,0,0,1
1763305200,2025-11-16,2025-11-16 15:00,754571093635,754349.3094583836,754571093635,754349.3094583836,644314812208,38941.48041965339,0,0,1
1763308800,2025-11-16,2025-11-16 16:00,754910001035,754684.4949108964,754910001035,754684.4949108964,644314812208,38975.025857452914,0,0,1
1763312400,2025-11-16,2025-11-16 17:00,755251099212,755030.607375491,755251099212,755030.607375491,644314812208,38975.025857452914,0,0,1
1763316000,2025-11-16,2025-11-16 18:00,755594402967,755444.5214091763,755594402967,755444.5214091763,644314812208,38942.454359268086,0,0,1
1763319600,2025-11-16,2025-11-16 19:00,755939927145,755714.7992852444,755939927145,755714.7992852444,644314812208,38938.69800444855,0,0,1
1763323200,2025-11-16,2025-11-16 20:00,756287686634,756070.6945910443,756287686634,756070.6945910443,644314812208,38941.31401056524,0,0,1
1763326800,2025-11-16,2025-11-16 21:00,756637696358,756486.3688187284,756637696358,756486.3688187284,644314812208,38945.646143972015,0,0,1
1763330400,2025-11-16,2025-11-16 22:00,756989971289,756839.8166926407,756989971289,756839.8166926407,644314812208,41659.700670452716,0,0,1
1763334000,2025-11-16,2025-11-16 23:00,757344526438,757193.9610990622,757344526438,757193.9610990622,644314812208,41659.352610065565,0,0,1
1763337600,2025-11-17,2025-11-17 00:00,757701376858,757552.6125701516,757701376858,757552.6125701516,644314812208,37178.27997524468,0,0,1
1763341200,2025-11-17,2025-11-17 01:00,758060537650,757839.4468938994,758060537650,757839.4468938994,644314812208,35437.56166080913,0,0,1
1763344800,2025-11-17,2025-11-17 02:00,758422023952,758270.44489922,758422023952,758270.44489922,644314812208,35061.199520664515,0,0,1
1763348400,2025-11-17,2025-11-17 03:00,758785850952,758634.7157996038,758785850952,758634.7157996038,644314812208,37977.84071780737,0,0,1
1763352000,2025-11-17,2025-11-17 04:00,759152033878,758943.9463244955,759152033878,758943.9463244955,644314812208,39101.509044558225,0,0,1
1763355600,2025-11-17,2025-11-17 05:00,759520588005,759351.9586372687,759520588005,759351.9586372687,644314812208,39118.428822843234,0,0,1
1763359200,2025-11-17,2025-11-17 06:00,759891528654,759707.797251389,759891528654,759707.797251389,644314812208,36179.43856210372,0,0,1
1763362800,2025-11-17,2025-11-17 07:00,760264871189,760056.3687626922,760264871189,760056.3687626922,644314812208,42021.23765589877,0,0,1
1763366400,2025-11-17,2025-11-17 08:00,760640631020,760419.0583555625,760640631020,760419.0583555625,644314812208,42048.32231058285,0,0,1
1763370000,2025-11-17,2025-11-17 09:00,761018823610,760798.398844862,761018823610,760798.398844862,644314812208,40252.109538909746,0,0,1
1763373600,2025-11-17,2025-11-17 10:00,761399464458,761247.1416434027,761399464458,761247.1416434027,644314812208,36369.30043398055,0,0,1
1763377200,2025-11-17,2025-11-17 11:00,761782569122,761554.2064613076,761782569122,761554.2064613076,644314812208,40175.331975250214,0,0,1
1763380800,2025-11-17,2025-11-17 12:00,762168153199,761945.2061573135,762168153199,761945.2061573135,644314812208,35582.52988343266,0,0,1
1763384400,2025-11-17,2025-11-17 13:00,762556232337,762395.9001655956,762556232337,762395.9001655956,644314812208,42926.81011615714,0,0,1
1763388000,2025-11-17,2025-11-17 14:00,762946822236,762725.7719865775,762946822236,762725.7719865775,644314812208,39591.54962286414,0,0,1
1763391600,2025-11-17,2025-11-17 15:00,763339938638,763115.5230108318,763339938638,763115.5230108318,644314812208,38380.92972424171,0,0,1
1763395200,2025-11-17,2025-11-17 16:00,763735597343,763583.9560306309,763735597343,763583.9560306309,644314812208,42032.5678468166,0,0,1
1763398800,2025-11-17,2025-11-17 17:00,764133814194,763982.3944101265,764133814194,763982.3944101265,644314812208,42036.37817958195,0,0,1
1763402400,2025-11-17,2025-11-17 18:00,764534605091,764326.8292599616,764534605091,764326.8292599616,644314812208,42036.46085779761,0,0,1
1763406000,2025-11-17,2025-11-17 19:00,765183416723,765030.5298827989,765183416723,765030.5298827989,644314812208,40891.49665647204,0,0,1
1763409600,2025-11-17,2025-11-17 20:00,765590261473,765412.3311721588,765590261473,765412.3311721588,644314812208,40892.58397958988,0,0,1
1763413200,2025-11-17,2025-11-17 21:00,765999809222,765696.7797252033,765999809222,765696.7797252033,644314812208,40879.22789698469,0,0,1
1763416800,2025-11-17,2025-11-17 22:00,766412078644,766122.0290476512,766412078644,766122.0290476512,644314812208,41015.1223550925,0,0,1
1763420400,2025-11-17,2025-11-17 23:00,766827088473,766584.8118862071,766827088473,766584.8118862071,644314812208,41013.09810663431,0,0,1
1763424000,2025-11-18,2025-11-18 00:00,767244857501,767018.6056733034,767244857501,767018.6056733034,644314812208,37434.17763503875,0,0,1
1763427600,2025-11-18,2025-11-18 01:00,767665404581,767513.074587019,767665404581,767513.074587019,644314812208,38284.70226119582,0,0,1
1763431200,2025-11-18,2025-11-18 02:00,768088748632,767936.7099639046,768088748632,767936.7099639046,644314812208,37392.206421006944,0,0,1
1763434800,2025-11-18,2025-11-18 03:00,768514908629,768308.7524558796,768514908629,768308.7524558796,644314812208,37709.27692336954,0,0,1
1763438400,2025-11-18,2025-11-18 04:00,768943903613,768714.5921242994,768943903613,768714.5921242994,644314812208,41116.673980635875,0,0,1
1763442000,2025-11-18,2025-11-18 05:00,769375752691,769150.1805689082,769375752691,769150.1805689082,644314812208,40082.09242013525,0,0,1
1763445600,2025-11-18,2025-11-18 06:00,769810475027,769640.9746313186,769810475027,769640.9746313186,644314812208,37210.46693718597,0,0,1
1763449200,2025-11-18,2025-11-18 07:00,770248089856,770038.2366648145,770248089856,770038.2366648145,644314812208,36822.04478927743,0,0,1
1763452800,2025-11-18,2025-11-18 08:00,770688616475,770462.5308277166,770688616475,770462.5308277166,644314812208,39967.70506467739,0,0,1
1763456400,2025-11-18,2025-11-18 09:00,771132074248,770980.172102843,771132074248,770980.172102843,644314812208,39894.41097827319,0,0,1
1763460000,2025-11-18,2025-11-18 10:00,771578482607,771420.4738623959,771578482607,771420.4738623959,644314812208,39897.44503081519,0,0,1
1763463600,2025-11-18,2025-11-18 11:00,772027861045,771871.3982269894,772027861045,771871.3982269894,644314812208,36771.40136788401,0,0,1
1763467200,2025-11-18,2025-11-18 12:00,772480229131,772276.3796569475,772480229131,772276.3796569475,644314812208,39617.21583254772,0,0,1
1763470800,2025-11-18,2025-11-18 13:00,772935606498,772780.7233880128,772935606498,772780.7233880128,644314812208,40678.17867825555,0,0,1
1763474400,2025-11-18,2025-11-18 14:00,773394012847,773253.268971116,773394012847,773253.268971116,644314812208,40696.76402957959,0,0,1
1763478000,2025-11-18,2025-11-18 15:00,773855467950,773687.0256534029,773855467950,773687.0256534029,644314812208,40690.43205394551,0,0,1
1763481600,2025-11-18,2025-11-18 16:00,774319991652,774094.3440281245,774319991652,774094.3440281245,644314812208,40686.24749260377,0,0,1
1763485200,2025-11-18,2025-11-18 17:00,774787603863,774561.6323909119,774787603863,774561.6323909119,644314812208,40697.23347723283,0,0,1
1763488800,2025-11-18,2025-11-18 18:00,775258324571,775053.5754249125,775258324571,775053.5754249125,644314812208,40712.67059090308,0,0,1
1763492400,2025-11-18,2025-11-18 19:00,775732173831,775573.9677417666,775732173831,775573.9677417666,644314812208,40732.301237335065,0,0,1
1763496000,2025-11-18,2025-11-18 20:00,776209171777,776008.3666951541,776209171777,776008.3666951541,644314812208,40759.09019347264,0,0,1
1763499600,2025-11-18,2025-11-18 21:00,776689338610,776472.3488733331,776689338610,776472.3488733331,644314812208,40759.09019347264,0,0,1
1763503200,2025-11-18,2025-11-18 22:00,777172694610,776949.2958069915,777172694610,776949.2958069915,644314812208,41571.4202114724,0,0,1
1763506800,2025-11-18,2025-11-18 23:00,777659260128,777434.6889721602,777659260128,777434.6889721602,644314812208,41560.22266991576,0,0,1
1763510400,2025-11-19,2025-11-19 00:00,778149055600,777998.6745818874,778149055600,777998.6745818874,644314812208,36361.812478709784,0,0,1
1763514000,2025-11-19,2025-11-19 01:00,778642101525,778490.0332755529,778642101525,778490.0332755529,644314812208,36557.77672081731,0,0,1
1763517600,2025-11-19,2025-11-19 02:00,779138418491,778986.7448179311,779138418491,778986.7448179311,644314812208,40301.84642772271,0,0,1
1763521200,2025-11-19,2025-11-19 03:00,779638027157,779446.8360363613,779638027157,779446.8360363613,644314812208,36570.38722558741,0,0,1
1763524800,2025-11-19,2025-11-19 04:00,780140948262,780101.9412145868,780140948262,780101.9412145868,644314812208,36570.38722558741,0,0,1
1763528400,2025-11-19,2025-11-19 05:00,780647202626,780563.4171816767,780647202626,780563.4171816767,644314812208,35393.09995863779,0,0,1
1763532000,2025-11-19,2025-11-19 06:00,781156811150,780972.936908259,781156811150,780972.936908259,644314812208,35986.52811498188,0,0,1
1763535600,2025-11-19,2025-11-19 07:00,781669794812,781516.7957847954,781669794812,781516.7957847954,644314812208,35557.70980286634,0,0,1
1763539200,2025-11-19,2025-11-19 08:00,782186174672,782031.5821346905,782186174672,782031.5821346905,644314812208,37509.18891649776,0,0,1
1763542800,2025-11-19,2025-11-19 09:00,782705971877,782523.8173052112,782705971877,782523.8173052112,644314812208,35687.78067582892,0,0,1
1763546400,2025-11-19,2025-11-19 10:00,783229207655,782994.3531372552,783229207655,782994.3531372552,644314812208,35663.694716351274,0,0,1
1763550000,2025-11-19,2025-11-19 11:00,783755903312,783522.3212608624,783755903312,783522.3212608624,644314812208,35652.05074665317,0,0,1
1763553600,2025-11-19,2025-11-19 12:00,784286080248,783977.838948243,784286080248,783977.838948243,644314812208,36315.0776636095,0,0,1
1763557200,2025-11-19,2025-11-19 13:00,784819759939,784584.5263247875,784819759939,784584.5263247875,644314812208,35809.82514392979,0,0,1
1763560800,2025-11-19,2025-11-19 14:00,785356963958,785123.2664308492,785356963958,785123.2664308492,644314812208,36051.47649384863,0,0,1
1763564400,2025-11-19,2025-11-19 15:00,785897713956,785663.4652282936,785897713956,785663.4652282936,644314812208,37315.533753289834,0,0,1
1763568000,2025-11-19,2025-11-19 16:00,786442031673,786235.822463576,786442031673,786235.822463576,644314812208,37355.90705450445,0,0,1
1763571600,2025-11-19,2025-11-19 17:00,786989938942,786756.393897612,786989938942,786756.393897612,644314812208,37320.2365137047,0,0,1
1763575200,2025-11-19,2025-11-19 18:00,787541457679,787529.1531673075,787541457679,787529.1531673075,644314812208,37334.923324925854,0,0,1
1763578800,2025-11-19,2025-11-19 19:00,788096609899,787862.7540335312,788096609899,787862.7540335312,644314812208,37316.50518168802,0,0,1
1763582400,2025-11-19,2025-11-19 20:00,788655417697,788347.9462172416,788655417697,788347.9462172416,644314812208,37359.01242297045,0,0,1
1763586000,2025-11-19,2025-11-19 21:00,789217903267,788983.6587312996,789217903267,788983.6587312996,644314812208,37333.31764187176,0,0,1
1763589600,2025-11-19,2025-11-19 22:00,789784088896,789549.6290404849,789784088896,789549.6290404849,644314812208,37308.30352293576,0,0,1
1763593200,2025-11-19,2025-11-19 23:00,790353996958,790091.4084642383,790353996958,790091.4084642383,644314812208,37441.91349731532,0,0,1
1763596800,2025-11-20,2025-11-20 00:00,790927649932,790637.2712804896,790927649932,790637.2712804896,644314812208,36677.17311384367,0,0,1
