timestamp,date,datetime,supply_assets,supply_usd,borrow_assets,borrow_usd,collateral_assets,collateral_usd,liquidity_assets,liquidity_usd,utilization
1758672000,2025-09-24,2025-09-24 00:00,1651860063238,1651212.5340932107,1409875059136,1409322.3881128188,1527815703272659335164510,1623660.5547511321,241985004102,241890.14598039203,0.8535075642983598
1758675600,2025-09-24,2025-09-24 01:00,1651873236676,1651382.6303247074,1409888232574,1409469.4957689256,1527815703272659335164510,1622054.8573964136,241985004102,241913.13455578173,0.8535087325532696
1758679200,2025-09-24,2025-09-24 02:00,1669901353993,1669353.6263488904,1409901372064,1409438.924413963,1527815703272659335164510,1622067.8314440544,259999981929,259914.7019349273,0.8443021910801506
1758682800,2025-09-24,2025-09-24 03:00,1669914414238,1669400.0805984149,1409914432309,1409480.178663849,1527815703272659335164510,1622078.659656844,259999981929,259919.9019345659,0.8443034087782033
1758686400,2025-09-24,2025-09-24 04:00,1669915953045,1669418.3180909927,1409927488087,1409507.32969555,1527815703272659335164510,1623707.0500751329,259988464958,259910.98839544252,0.844310448987612
1758690000,2025-09-24,2025-09-24 05:00,1702379882603,1701874.2757778668,1409952983559,1409534.227522883,1527815703272659335164510,1623707.0500751329,292426899044,292340.04825498397,0.8282246506597172
1758693600,2025-09-24,2025-09-24 06:00,1776199868135,1775672.336774164,1409966293799,1409547.5338097417,1527815703272659335164510,1622105.2020852675,366233574336,366124.8029644222,0.7938106060549688
1758697200,2025-09-24,2025-09-24 07:00,1746179747845,1745664.6248193856,1409978875840,1409562.9320716274,1527815703272659335164510,1622105.2020852675,336200872005,336101.6927477585,0.8074649116622082
1758700800,2025-09-24,2025-09-24 08:00,1816222462635,1815681.2283411347,1409991348477,1409571.1710551537,1527815703272659335164510,1622128.1791621177,406231114158,406110.0572859809,0.7763318522288098
1758704400,2025-09-24,2025-09-24 09:00,1666850657761,1666353.9362649873,1410004134363,1409583.9531309598,1527815703272659335164510,1622128.1791621177,256846523398,256769.98313402737,0.8459090967735469
1758708000,2025-09-24,2025-09-24 10:00,1623446900504,1622961.4898807493,1410017253299,1409595.6581402635,1527815703272659335164510,1622128.1791621177,213429647205,213365.83174048568,0.8685330286203136
1758711600,2025-09-24,2025-09-24 11:00,1675284368953,1674791.8353485279,1410030369792,1409615.8208632811,1527815703272659335164510,1620339.2007529223,265253999161,265176.0144852467,0.8416662841982013
1758715200,2025-09-24,2025-09-24 12:00,1675297375980,1674801.48795671,1410043376819,1409626.0039794617,1527815703272659335164510,1620374.3164153777,265253999161,265175.48397724837,0.8416675135028883
1758718800,2025-09-24,2025-09-24 13:00,1709912806111,1709410.0917460034,1410056191425,1409641.634904721,1527815703272659335164510,1620374.3164153777,299856614686,299768.4568412823,0.82463631267375
1758722400,2025-09-24,2025-09-24 14:00,1709521296417,1709016.9876345568,1410068994860,1409653.0245065163,1527815703272659335164510,1620613.268346536,299452301557,299363.9631280407,0.8248326580168235
1758726000,2025-09-24,2025-09-24 15:00,1590082541637,1589615.0573697586,1410082565249,1409668.0009748167,1527815703272659335164510,1620613.268346536,179999976388,179947.05639494193,0.8867983443157053
1758729600,2025-09-24,2025-09-24 16:00,1573392667261,1572920.6494608219,1410096133543,1409673.1047029372,1527815703272659335164510,1622204.8570907817,163296533718,163247.5447578846,0.8962137442763919
1758733200,2025-09-24,2025-09-24 17:00,1589687721237,1589167.8933521556,1410111357850,1409650.2514359832,1527815703272659335164510,1622204.8570907817,179576363387,179517.64191617243,0.8870367047640876
1758736800,2025-09-24,2025-09-24 18:00,1805199811175,1804667.2772307033,1410124348937,1409708.3622540634,1527815703272659335164510,1621552.6851361627,395075462238,394958.9149766398,0.7811458544409849
1758740400,2025-09-24,2025-09-24 19:00,1749491721943,1748972.122901583,1410137020987,1409718.210291767,1527815703272659335164510,1621006.1074516326,339354700956,339253.91260981606,0.8060266895237951
1758744000,2025-09-24,2025-09-24 20:00,1749504289631,1748988.1858655587,1410149588675,1409733.5945463409,1527815703272659335164510,1621006.1074516326,339354700956,339254.591319218,0.806028082944812
1758747600,2025-09-24,2025-09-24 21:00,1772723884788,1772176.1131076005,1410161417853,1409725.6779748835,1527815703272659335164510,1621233.1462225055,362562466935,362450.4351327171,0.7954771918818261
1758751200,2025-09-24,2025-09-24 22:00,1773286639881,1772667.7628436813,1410173844437,1409681.6937652915,1527815703272659335164510,1621233.1462225055,363112795444,362986.06907839,0.7952317536952923
1758754800,2025-09-24,2025-09-24 23:00,1773299056670,1772779.4800463957,1410186261226,1409773.0766514607,1527815703272659335164510,1621279.0543759924,363112795444,363006.4033949349,0.795233187499759
1758758400,2025-09-25,2025-09-25 00:00,1773311465321,1772788.3384387302,1410198669877,1409782.661269386,1527815703272659335164510,1621279.0543759924,363112795444,363005.677169344,0.7952346203444468
1758762000,2025-09-25,2025-09-25 01:00,1643254421699,1642769.6616445987,1410213789330,1409797.7762621476,1527815703272659335164510,1621090.8944743986,233040632369,232971.88538245115,0.8581834746392748
1758765600,2025-09-25,2025-09-25 02:00,1764919923899,1764399.2725214497,1410234246681,1409818.227578229,1527815703272659335164510,1621090.8944743986,354685677218,354581.0449432207,0.799035824563394
1758769200,2025-09-25,2025-09-25 03:00,1582715275871,1582238.878572963,1410246688708,1409822.2044546988,1527815703272659335164510,1621090.8944743986,172468587163,172416.67411826394,0.8910299345736161
1758772800,2025-09-25,2025-09-25 04:00,1553590350223,1553113.3979854817,1410259506650,1409826.5569814586,1527815703272659335164510,1621812.4088374462,143330843573,143286.8410040231,0.9077421898556293
1758776400,2025-09-25,2025-09-25 05:00,1902681985619,1901924.7181887235,1410273469104,1409712.1802632965,1527815703272659335164510,1621944.096877163,492408516515,492212.537925427,0.7412029334188474
1758780000,2025-09-25,2025-09-25 06:00,1918096442554,1917532.5221998892,1410285184099,1409870.5602548749,1527815703272659335164510,1622372.13791968,507811258455,507661.96194501425,0.7352524892967139
1758783600,2025-09-25,2025-09-25 07:00,1997260420299,1996675.2229958526,1410296643026,1409883.4261095934,1527815703272659335164510,1622372.13791968,586963777273,586791.796886259,0.7061155514286271
1758787200,2025-09-25,2025-09-25 08:00,2014278324350,2013879.4972417785,1410318726522,1410039.4834141487,1527815703272659335164510,1621839.2506745139,603959597828,603840.01382763,0.7001608017487377
1758790800,2025-09-25,2025-09-25 09:00,2219627326720,2219187.840509309,1410338850251,1410059.6031586502,1527815703272659335164510,1621839.2506745139,809288476469,809128.2373506591,0.6353944345851489
1758794400,2025-09-25,2025-09-25 10:00,2005012565054,2004425.096372439,1410349463395,1409936.2310022253,1527815703272659335164510,1621996.2520473949,594663101659,594488.865370214,0.70341178303639
1758798000,2025-09-25,2025-09-25 11:00,1755880005157,1755528.8291559685,1410361035944,1410078.9637368112,1527815703272659335164510,1621996.2520473949,345518969213,345449.8654191574,0.803221764472393
1758801600,2025-09-25,2025-09-25 12:00,1811116129750,1810572.7949110752,1410373163047,1409950.051098086,1527815703272659335164510,1622252.2898253242,400742966703,400622.74381298915,0.7787314904217009
1758805200,2025-09-25,2025-09-25 13:00,1839095437130,1838433.362772633,1410384545105,1409876.8066687621,1527815703272659335164510,1622252.2898253242,428710892025,428556.556103871,0.7668903508922709
1758808800,2025-09-25,2025-09-25 14:00,1839107432032,1838483.9746125413,1410396540007,1409918.4155799379,1527815703272659335164510,1624090.4235032906,428710892025,428565.5590326035,0.7668918712642446
1758812400,2025-09-25,2025-09-25 15:00,1785929734559,1785408.2430765089,1410408633501,1409996.7941800177,1527815703272659335164510,1624090.4235032906,375521101058,375411.4488964911,0.7897335523389292
1758816000,2025-09-25,2025-09-25 16:00,1719737686328,1719230.3637105331,1410434220880,1410018.1427848402,1527815703272659335164510,1621705.4810336381,309303465448,309212.2209256928,0.8201449744882735
1758819600,2025-09-25,2025-09-25 17:00,1765668207458,1765106.7249680283,1410446775994,1409998.2539192338,1527815703272659335164510,1621705.4810336381,355221431464,355108.47104879445,0.7988175638188526
1758823200,2025-09-25,2025-09-25 18:00,1765680552428,1765007.828137525,1410459120964,1409921.7360389128,1527815703272659335164510,1621486.3671198618,355221431464,355086.0920986123,0.798818970410286
1758826800,2025-09-25,2025-09-25 19:00,1854280134946,1853733.122306191,1410471307829,1410055.2187931906,1527815703272659335164510,1621486.3671198618,443808827117,443677.90351300046,0.760657077238265
1758830400,2025-09-25,2025-09-25 20:00,1890385482395,1889824.0379067287,1410483506532,1410064.59293056,1527815703272659335164510,1621241.966385314,479901975863,479759.44497616874,0.7461353886113248
1758834000,2025-09-25,2025-09-25 21:00,1814032635141,1813359.6290333625,1410495193918,1409971.9002010564,1527815703272659335164510,1622069.4600812504,403537441223,403387.7288323063,0.7775467577562991
1758837600,2025-09-25,2025-09-25 22:00,1850507175991,1849970.5289099624,1410507199197,1410098.1521092327,1527815703272659335164510,1622069.4600812504,439999976794,439872.3768007298,0.7622273598812891
1758841200,2025-09-25,2025-09-25 23:00,1744994556214,1744481.5278144733,1410519413349,1410104.7206414754,1527815703272659335164510,1621373.6099196805,334475142865,334376.8071729977,0.8083231023994203
1758844800,2025-09-26,2025-09-26 00:00,1745006949997,1744495.6629606509,1410531807132,1410118.5213125104,1527815703272659335164510,1621373.6099196805,334475142865,334377.14164814056,0.8083244637704308
1758848400,2025-09-26,2025-09-26 01:00,1745019336692,1744494.0858716557,1410544193827,1410119.620024658,1527815703272659335164510,1622600.4337970172,334475142865,334374.4658469976,0.8083258243435525
1758852000,2025-09-26,2025-09-26 02:00,1745031716315,1744516.931958687,1410556573450,1410140.4592608323,1527815703272659335164510,1622600.4337970172,334475142865,334376.4726978548,0.8083271841205761
1758855600,2025-09-26,2025-09-26 03:00,1810569309126,1810029.7594718803,1410569338815,1410148.989152033,1527815703272659335164510,1622351.8877181679,399999970311,399880.77031984733,0.7790750299947985
1758859200,2025-09-26,2025-09-26 04:00,1747041050034,1746520.43180109,1410581556989,1410161.2036850173,1527815703272659335164510,1622351.8877181679,336459493045,336359.2281160726,0.807411798916544
1758862800,2025-09-26,2025-09-26 05:00,1634604639215,1634120.7962417924,1410594247347,1410176.7114497854,1527815703272659335164510,1621112.3351514246,224010391868,223944.08479200708,0.862957447633589
1758866400,2025-09-26,2025-09-26 06:00,1685967967288,1685467.2348017155,1410607178946,1410188.2286138532,1527815703272659335164510,1621112.3351514246,275360788342,275279.0061878624,0.8366749584305937
1758870000,2025-09-26,2025-09-26 07:00,1702552766869,1702042.0010389392,1410619827507,1410196.641558748,1527815703272659335164510,1621623.0491219433,291932939362,291845.3594801914,0.8285322222941345
1758873600,2025-09-26,2025-09-26 08:00,1700767045669,1700265.3193905274,1410632343032,1410216.2064908054,1527815703272659335164510,1621432.8359819874,290134702637,290049.11289972207,0.8294094988635702
1758877200,2025-09-26,2025-09-26 09:00,1719605327777,1719099.7638106334,1410644750441,1410230.0208843704,1527815703272659335164510,1621432.8359819874,308960577336,308869.7429262632,0.8203305302994116
1758880800,2025-09-26,2025-09-26 10:00,1734241927495,1733558.6361755668,1410660071043,1410104.270975009,1527815703272659335164510,1621424.6180764711,323581856452,323454.36520055786,0.8134159650266367
1758884400,2025-09-26,2025-09-26 11:00,1696557524845,1696053.6472601208,1410672543254,1410253.5735086536,1527815703272659335164510,1621424.6180764711,285884981591,285800.07375146745,0.8314911357826674
1758888000,2025-09-26,2025-09-26 12:00,1696470108497,1695967.953344885,1410685126906,1410267.564108436,1527815703272659335164510,1621846.0006473737,285784981591,285700.3892364491,0.8315413987198434
1758891600,2025-09-26,2025-09-26 13:00,1796437908326,1795904.366267227,1410697759120,1410278.7818855415,1527815703272659335164510,1621846.0006473737,385740149206,385625.58438168577,0.7852749892338613
1758895200,2025-09-26,2025-09-26 14:00,1796193631013,1795669.1424727442,1410709816367,1410297.889100621,1527815703272659335164510,1621784.8016359203,385483814646,385371.25337212335,0.7853884971028438
1758898800,2025-09-26,2025-09-26 15:00,1850721838677,1850048.1759277214,1410721860233,1410208.3574758752,1527815703272659335164510,1621784.8016359203,439999978444,439839.81845184637,0.7622549379119357
1758902400,2025-09-26,2025-09-26 16:00,1840733897543,1840200.0847127126,1410733925459,1410324.812620617,1527815703272659335164510,1622682.1282179547,429999972084,429875.27209209563,0.7663975370595602
1758906000,2025-09-26,2025-09-26 17:00,1840745716833,1840379.4084353503,1410745744749,1410465.006345795,1527815703272659335164510,1622682.1282179547,429999972084,429914.40208955534,0.7663990370034302
1758909600,2025-09-26,2025-09-26 18:00,1680758185160,1680262.3614953777,1410758231540,1410342.0578616958,1527815703272659335164510,1622364.9468444064,269999953620,269920.3036336821,0.8393582396302314
1758913200,2025-09-26,2025-09-26 19:00,1680770798301,1680291.778623484,1410770844681,1410368.774990266,1527815703272659335164510,1622364.9468444064,269999953620,269923.0036332183,0.8393594451468764
1758916800,2025-09-26,2025-09-26 20:00,1680783406705,1680290.9371668354,1410783453085,1410370.093533246,1527815703272659335164510,1621566.7554381115,269999953620,269920.84363358933,0.839360650192694
1758920400,2025-09-26,2025-09-26 21:00,1680796010373,1680155.627093048,1410796056753,1410258.5434553772,1527815703272659335164510,1622346.3233567956,269999953620,269897.0836376708,0.8393618547678002
1758924000,2025-09-26,2025-09-26 22:00,1726191326585,1725542.278646204,1410808638543,1410278.1744949077,1527815703272659335164510,1622346.3233567956,315382688042,315264.1041512962,0.817295636245644
1758927600,2025-09-26,2025-09-26 23:00,1680906387524,1680398.7537949677,1410821165691,1410395.0976989612,1527815703272659335164510,1621568.1694206612,270085221833,270003.65609600645,0.839321675592631
1758931200,2025-09-27,2025-09-27 00:00,1660833913269,1660231.0305584832,1410833935395,1410321.8026764516,1527815703272659335164510,1621568.1694206612,249999977874,249909.22788203173,0.849473221929863
1758934800,2025-09-27,2025-09-27 01:00,1685801924950,1685208.5226724176,1410846572599,1410349.9546054453,1527815703272659335164510,1622250.1066875958,274955352351,274858.5680669724,0.836899372173184
1758938400,2025-09-27,2025-09-27 02:00,1658963204695,1658302.9373395315,1410859274599,1410297.7526077097,1527815703272659335164510,1622250.1066875958,248103930096,248005.1847318218,0.8504463936307654
1758942000,2025-09-27,2025-09-27 03:00,1706910966851,1706235.030108127,1410871957025,1410313.251730018,1527815703272659335164510,1620592.4670756157,296039009826,295921.7783781089,0.826564469046591
1758945600,2025-09-27,2025-09-27 04:00,1730884319479,1730228.3143219175,1410884330830,1410349.6056686155,1527815703272659335164510,1620592.4670756157,319999988649,319878.70865330205,0.8151234111674657
1758949200,2025-09-27,2025-09-27 05:00,1730896618330,1730399.8510005393,1410896629681,1410491.7023482816,1527815703272659335164510,1622419.1839187227,319999988649,319908.14865225775,0.8151247248043377
1758952800,2025-09-27,2025-09-27 06:00,1700398188450,1699716.3287764315,1410911183501,1410345.408116416,1527815703272659335164510,1622419.1839187227,289487004949,289370.9206600155,0.829753403105609
1758956400,2025-09-27,2025-09-27 07:00,1767772285987,1767134.1201917587,1410923611429,1410414.2680052742,1527815703272659335164510,1622960.20819188,356848674558,356719.85218648455,0.7981365148742782
1758960000,2025-09-27,2025-09-27 08:00,1770935701596,1770361.918428683,1410935721368,1410478.5781942767,1527815703272659335164510,1622960.20819188,359999980228,359883.3402344061,0.7967176448565798
1758963600,2025-09-27,2025-09-27 09:00,1758245093212,1757668.3888214265,1410947799794,1410485.0089156677,1527815703272659335164510,1621623.8733610364,347297293418,347183.3799057589,0.8024750390268117
1758967200,2025-09-27,2025-09-27 10:00,1750965481041,1750261.5929176216,1410965492774,1410398.2846459048,1527815703272659335164510,1621623.8733610364,339999988267,339863.3082717167,0.8058214214109691
1758970800,2025-09-27,2025-09-27 11:00,1780603471296,1780078.1932719676,1410978116935,1410561.8783905043,1527815703272659335164510,1622285.8445641964,369625354361,369516.3148814635,0.7924156836041824
1758974400,2025-09-27,2025-09-27 12:00,1780615487258,1780093.7669202334,1410990132897,1410576.7127880612,1527815703272659335164510,1621250.8844375098,369625354361,369517.05413217226,0.7924170844261316
1758978000,2025-09-27,2025-09-27 13:00,1780627495128,1780100.429389442,1411002140767,1410584.484133333,1527815703272659335164510,1621250.8844375098,369625354361,369515.9452561092,0.7924184842858278
1758981600,2025-09-27,2025-09-27 14:00,1780639494911,1780115.986899496,1411014140550,1410599.302392678,1527815703272659335164510,1621583.1855937208,369625354361,369516.68450681784,0.7924198831838926
1758985200,2025-09-27,2025-09-27 15:00,1765872467284,1765360.3642684876,1411026109831,1410616.912259149,1527815703272659335164510,1621583.1855937208,354846357453,354743.4520093386,0.7990532362743209
1758988800,2025-09-27,2025-09-27 16:00,1735280450667,1734511.7214273545,1411045145647,1410420.0526474784,1527815703272659335164510,1622455.399411387,324235305020,324091.6687798762,0.8131510644891021
1758992400,2025-09-27,2025-09-27 17:00,1630031284750,1629548.7954897142,1411057574224,1410639.9011820299,1527815703272659335164510,1622455.399411387,218973710526,218908.89430768433,0.8656628786363544
1758996000,2025-09-27,2025-09-27 18:00,1741697411840,1741120.909996681,1411069849636,1410602.7855157705,1527815703272659335164510,1621758.7842304194,330627562204,330518.1244809105,0.8101693440224432
1758999600,2025-09-27,2025-09-27 19:00,1733814217442,1733158.835667807,1411082021104,1410548.6321000226,1527815703272659335164510,1621758.7842304194,322732196338,322610.2035677842,0.8138599896740112
1759003200,2025-09-27,2025-09-27 20:00,1728558208307,1727901.3561878435,1411094255417,1410558.0395999416,1527815703272659335164510,1621758.7842304194,317463952890,317343.3165879018,0.8163417631154386
1759006800,2025-09-27,2025-09-27 21:00,1728570436594,1727906.6655463479,1411106483704,1410564.6188142577,1527815703272659335164510,1621589.6035432594,317463952890,317342.04673209024,0.8163430623541523
1759010400,2025-09-27,2025-09-27 22:00,1728582658501,1727759.8531555533,1411118705611,1410447.0131071291,1527815703272659335164510,1621184.0595674827,317463952890,317312.8400484244,0.8163443608966321
1759014000,2025-09-27,2025-09-27 23:00,1728594874032,1727820.4635284338,1411130921142,1410498.7344893285,1527815703272659335164510,1621371.2399708808,317463952890,317321.7290391053,0.816345658743332
1759017600,2025-09-28,2025-09-28 00:00,1728607083191,1727858.5963239782,1411143130301,1410532.1053255796,1527815703272659335164510,1621371.2399708808,317463952890,317326.4909983986,0.8163469558947062
1759021200,2025-09-28,2025-09-28 01:00,1701674101679,1701012.150453447,1411156159825,1410607.220078828,1527815703272659335164510,1622710.8340931933,290517941854,290404.9303746188,0.829275216936455
1759024800,2025-09-28,2025-09-28 02:00,1675508793408,1674840.26539943,1411168500745,1410605.4445132029,1527815703272659335164510,1622710.8340931933,264340292663,264234.8208862275,0.8422328228279068
1759028400,2025-09-28,2025-09-28 03:00,1711563899010,1710899.812217184,1411186836896,1410639.2964032842,1527815703272659335164510,1622074.5553329452,300377062114,300260.51581389975,0.8245014034896718
1759032000,2025-09-28,2025-09-28 04:00,1722718759160,1722143.3710944406,1411199123911,1410727.7834036138,1527815703272659335164510,1622074.5553329452,311519635249,311415.58769082685,0.8191697666304526
1759035600,2025-09-28,2025-09-28 05:00,2042333060801,2041746.9112125502,1411211348806,1410806.3311488926,1527815703272659335164510,1620596.260860187,631121711995,630940.5800636575,0.6909800247039652
1759039200,2025-09-28,2025-09-28 06:00,1868216171921,1867672.5210149707,1411222234899,1410811.5692286442,1527815703272659335164510,1620596.260860187,456993937022,456860.9517863266,0.7553848725374782
1759042800,2025-09-28,2025-09-28 07:00,1868227677459,1867669.0773834395,1411233740437,1410811.7815486093,1527815703272659335164510,1622735.927862199,456993937022,456857.29583483044,0.755386379007315
1759046400,2025-09-28,2025-09-28 08:00,1721092987805,1720583.5442806098,1411245287302,1410827.5586969587,1527815703272659335164510,1622735.927862199,309847700503,309755.9855836511,0.8199703893406916
1759050000,2025-09-28,2025-09-28 09:00,1865821307253,1865285.8165378184,1411256738273,1410851.7075891157,1527815703272659335164510,1622772.1929340593,454564568980,454434.1089487027,0.7563729349573977
1759053600,2025-09-28,2025-09-28 10:00,1864155723441,1863520.0463393067,1411268228490,1410786.9860240847,1527815703272659335164510,1622772.1929340593,452887494951,452733.06031522166,0.757054901982638
1759057200,2025-09-28,2025-09-28 11:00,1881279673025,1880566.6680289235,1411279683504,1410744.808503952,1527815703272659335164510,1621369.3356986218,469999989521,469821.8595249715,0.7501700591038309
1759060800,2025-09-28,2025-09-28 12:00,1856481627361,1855779.8773058576,1411291087888,1410757.6198567785,1527815703272659335164510,1621369.3356986218,445190539473,445022.2574490792,0.7601966359851128
1759064400,2025-09-28,2025-09-28 13:00,1856493122495,1855759.8077116145,1411302583022,1410745.1185017063,1527815703272659335164510,1621938.594964084,445190539473,445014.68920990813,0.7601981208124842
1759068000,2025-09-28,2025-09-28 14:00,1843398766496,1842694.5881671987,1411314284774,1410775.1627172164,1527815703272659335164510,1621971.079629422,432084481722,431919.42544998217,0.7656044424162646
1759071600,2025-09-28,2025-09-28 15:00,1861325761477,1860588.6764754553,1411325784515,1410766.899504332,1527815703272659335164510,1621971.079629422,449999976962,449821.77697112306,0.7582368512404213
1759075200,2025-09-28,2025-09-28 16:00,1861337205404,1860797.4176144328,1411337228442,1410927.9406457518,1527815703272659335164510,1623093.1586969525,449999976962,449869.47696868103,0.7582383376555737
1759078800,2025-09-28,2025-09-28 17:00,1781208671346,1780693.902039981,1411348855505,1410940.9756857592,1527815703272659335164510,1623093.1586969525,369859815841,369752.92635422194,0.7923545838335105
1759082400,2025-09-28,2025-09-28 18:00,1781220465803,1780543.6020259948,1411360649962,1410824.3329150144,1527815703272659335164510,1621914.378057343,369859815841,369719.2691109804,0.7923559587699539
1759086000,2025-09-28,2025-09-28 19:00,1781232252311,1780534.009268094,1411372436470,1410819.1784749038,1527815703272659335164510,1621914.378057343,369859815841,369714.83079319034,0.7923573327615544
1759089600,2025-09-28,2025-09-28 20:00,1701611951547,1700953.4277217514,1411384489942,1410838.2841443925,1527815703272659335164510,1623405.463875996,290227461605,290115.14357735886,0.8294396902060172
1759093200,2025-09-28,2025-09-28 21:00,1599582938400,1599066.273110897,1411396989484,1410941.1082563968,1527815703272659335164510,1623405.463875996,188185948916,188125.16485450012,0.8823531156788688
1759096800,2025-09-28,2025-09-28 22:00,1710989215621,1710309.9529023983,1411409106017,1410848.7766019113,1527815703272659335164510,1623428.0112286175,299580109604,299461.1763004872,0.8249082420456589
1759100400,2025-09-28,2025-09-28 23:00,1713571996420,1713056.2112490775,1411421221442,1410996.383654346,1527815703272659335164510,1623428.0112286175,302150774978,302059.8275947316,0.8236719696579692
1759104000,2025-09-29,2025-09-29 00:00,1702762971880,1702260.6568032955,1411433319291,1411016.946461809,1527815703272659335164510,1620387.2182023602,291329652589,291243.71034148626,0.8289076886213079
1759107600,2025-09-29,2025-09-29 01:00,1734418273656,1733747.053784095,1411448812519,1410902.581828555,1527815703272659335164510,1620784.875290657,322969461137,322844.47195553995,0.8137880198550901
1759111200,2025-09-29,2025-09-29 02:00,1717597131856,1716930.7041688398,1411461155766,1410913.5088375628,1527815703272659335164510,1620784.875290657,306135976090,306017.1953312771,0.8217649701363929
1759114800,2025-09-29,2025-09-29 03:00,1693319707732,1692762.605548156,1411473487979,1411009.1132014547,1527815703272659335164510,1623133.100771127,281846219753,281753.49234670127,0.8335540427090998
1759118400,2025-09-29,2025-09-29 04:00,1661485898032,1660957.5455164257,1411485924127,1411037.0716031275,1527815703272659335164510,1623133.100771127,249999973905,249920.4739132982,0.8495322926296753
1759122000,2025-09-29,2025-09-29 05:00,1665781885487,1665285.4824851248,1411510135009,1411089.5049887674,1527815703272659335164510,1621189.3473156046,254271750478,254195.97749635755,0.8473559157454384
1759125600,2025-09-29,2025-09-29 06:00,1714343452465,1713830.8637727129,1411522112013,1411100.066901508,1527815703272659335164510,1621189.3473156046,302821340452,302730.7968712048,0.8233601674060219
1759129200,2025-09-29,2025-09-29 07:00,1713217891750,1712661.0959351812,1411534984095,1411076.235225169,1527815703272659335164510,1622151.9863734958,301682907655,301584.8607100121,0.8239086171655375
1759132800,2025-09-29,2025-09-29 08:00,1682441306780,1681800.296642117,1411550833613,1411013.0327453937,1527815703272659335164510,1622151.9863734958,270890473167,270787.2638967234,0.838989644348751
1759136400,2025-09-29,2025-09-29 09:00,1480660964516,1480173.827058674,1411577652438,1411113.243390348,1527815703272659335164510,1621295.305250661,69083312078,69060.58366832633,0.9533429233743715
1759140000,2025-09-29,2025-09-29 10:00,1649211249214,1648716.4858392358,1411609653166,1411186.1702700502,1527815703272659335164510,1621295.305250661,237601596048,237530.31556918562,0.855930162881657
1759143600,2025-09-29,2025-09-29 11:00,1645927772845,1645442.2241520106,1411622155477,1411205.726941134,1527815703272659335164510,1622296.6757624133,234305617368,234236.49721087643,0.8576452616976012
1759147200,2025-09-29,2025-09-29 12:00,1634241171328,1633775.4125941715,1411634684337,1411232.3684519639,1527815703272659335164510,1622296.6757624133,222606486991,222543.0441422076,0.8637860244274057
1759150800,2025-09-29,2025-09-29 13:00,1641860708770,1641305.7598504357,1411647261480,1411170.1247056199,1527815703272659335164510,1621152.0067587302,230213447290,230135.635144816,0.8597850316654058
1759154400,2025-09-29,2025-09-29 14:00,1646891599933,1646252.605992226,1411659790496,1411112.0664972875,1527815703272659335164510,1621160.804144203,235231809437,235140.53949493842,0.8571661854085783
1759158000,2025-09-29,2025-09-29 15:00,1721672028307,1721165.8567306777,1411672054378,1411257.022794013,1527815703272659335164510,1626868.5286542107,309999973929,309908.8339366649,0.8199424926280313
1759161600,2025-09-29,2025-09-29 16:00,1643400186406,1642918.6701513832,1411702904532,1411289.2755809722,1527815703272659335164510,1623644.3942105616,231697281874,231629.39457041092,0.8590134747515725
1759165200,2025-09-29,2025-09-29 17:00,1780809949730,1780245.4329759355,1411714872364,1411267.3587494607,1527815703272659335164510,1623644.3942105616,369095077366,368978.074226475,0.7927375251795056
1759168800,2025-09-29,2025-09-29 18:00,1612986600173,1612359.1483855327,1411730411987,1411181.248856737,1527815703272659335164510,1623668.7438636275,201256188186,201177.89952879568,0.8752276130722881
1759172400,2025-09-29,2025-09-29 19:00,1660599013678,1659959.683057734,1411742629726,1411199.1088135554,1527815703272659335164510,1623668.7438636275,248856383952,248760.57424417848,0.8501405927004514
1759176000,2025-09-29,2025-09-29 20:00,1679339736661,1678772.1198300086,1411755025705,1411277.8525063116,1527815703272659335164510,1622848.212770078,267584710956,267494.2673236969,0.8406607638023061
1759179600,2025-09-29,2025-09-29 21:00,1697289320661,1696663.020901676,1411767346919,1411246.4047679869,1527815703272659335164510,1622848.212770078,285521973742,285416.61613368924,0.8317776643814592
1759183200,2025-09-29,2025-09-29 22:00,1697301553409,1696802.5467522976,1411779579667,1411364.516470578,1527815703272659335164510,1623046.167481494,285521973742,285438.03028171987,0.8317788767891396
1759186800,2025-09-29,2025-09-29 23:00,1672380222248,1671811.6129724358,1411791853973,1411311.8447426492,1527815703272659335164510,1623046.167481494,260588368275,260499.76822978648,0.8441811468418831
1759190400,2025-09-30,2025-09-30 00:00,1541823186852,1541218.792162754,1411823202109,1411269.7674137733,1527815703272659335164510,1623321.866792359,129999984743,129949.02474898075,0.915684245864517
1759194000,2025-09-30,2025-09-30 01:00,1663747055476,1663222.9751535251,1411835308062,1411390.5799399605,1527815703272659335164510,1623321.866792359,251911747414,251832.39521356463,0.8485877125462874
1759197600,2025-09-30,2025-09-30 02:00,1657336030476,1656694.6414322057,1411847741310,1411301.356234113,1527815703272659335164510,1623193.456311389,245488289166,245393.28519809275,0.8518777817824345
1759201200,2025-09-30,2025-09-30 03:00,1673389839208,1672737.217170709,1411860197882,1411309.5724048258,1527815703272659335164510,1623776.4356035437,261529641326,261427.64476588287,0.8437126632430255
1759204800,2025-09-30,2025-09-30 04:00,1655399190273,1654621.1526535717,1411872639156,1411209.0590155968,1527815703272659335164510,1623776.4356035437,243526551117,243412.09363797502,0.8528895310883662
1759208400,2025-09-30,2025-09-30 05:00,1642457335156,1641974.452699464,1411885786454,1411470.6920327826,1527815703272659335164510,1623776.4356035437,230571548702,230503.7606666816,0.8596179372415172
1759212000,2025-09-30,2025-09-30 06:00,1641507121294,1641019.5936789757,1411900190695,1411480.8563383636,1527815703272659335164510,1625436.172058781,229606930599,229538.7373406121,0.860124316476921
1759215600,2025-09-30,2025-09-30 07:00,1613461081767,1612981.8838257152,1411916222864,1411496.8837458093,1527815703272659335164510,1623233.182270712,201544858903,201485.0000799058,0.8750853917825673
1759219200,2025-09-30,2025-09-30 08:00,1605499306314,1604887.6110782945,1411929970297,1411392.0249783169,1527815703272659335164510,1623233.182270712,193569336017,193495.58609997752,0.87943355985534
1759222800,2025-09-30,2025-09-30 09:00,1601888889964,1601257.7457413543,1411942747682,1411386.4422394133,1527815703272659335164510,1621709.756002887,189946142282,189871.30350194089,0.8814236471255702
1759226400,2025-09-30,2025-09-30 10:00,1620304641748,1619818.5503554756,1411955465352,1411531.8787123945,1527815703272659335164510,1621709.756002887,208349176396,208286.6716430812,0.8714135780224447
1759230000,2025-09-30,2025-09-30 11:00,1611082268377,1610441.057634186,1411968174526,1411406.2111925385,1527815703272659335164510,1623522.5588129489,199114093851,199034.8464416473,0.876409729186836
1759233600,2025-09-30,2025-09-30 12:00,1641980866541,1641491.5562427707,1411980879834,1411560.1095318096,1527815703272659335164510,1623522.5588129489,229999986707,229931.44671096132,0.8599252942627045
1759237200,2025-09-30,2025-09-30 13:00,1602534267991,1601857.9985299078,1411993761336,1411397.899968716,1527815703272659335164510,1621532.5110059467,190540506655,190460.09856119158,0.8811005103223977
1759240800,2025-09-30,2025-09-30 14:00,1598698009868,1598071.3202481319,1412006504933,1411452.9983830664,1527815703272659335164510,1621532.5110059467,186691504935,186618.3218650655,0.8832227826752505
1759244400,2025-09-30,2025-09-30 15:00,1608156824559,1607685.6346094043,1412019215323,1411605.4936929103,1527815703272659335164510,1623132.7329647276,196137609236,196080.14091649384,0.8780357697454126
1759248000,2025-09-30,2025-09-30 16:00,1602140305540,1601669.2762901713,1412031933580,1411616.7961915275,1527815703272659335164510,1623232.594100904,190108371960,190052.48009864375,0.8813409966014655
1759251600,2025-09-30,2025-09-30 17:00,1630828904472,1630160.2646211665,1412050726907,1411471.786108968,1527815703272659335164510,1623232.594100904,218778177565,218688.47851219834,0.8658484792824837
1759255200,2025-09-30,2025-09-30 18:00,1627264512221,1626732.3967255037,1412063243197,1411601.4985164746,1527815703272659335164510,1623759.0151198271,215201269024,215130.89820902917,0.8677527424657723
1759258800,2025-09-30,2025-09-30 19:00,1606898624138,1606279.9681677069,1412076617650,1411532.9681522048,1527815703272659335164510,1623759.0151198271,194822006488,194747.00001550213,0.8787589935285994
1759262400,2025-09-30,2025-09-30 20:00,1610363352170,1609885.0742544057,1412089333780,1411669.9432478673,1527815703272659335164510,1623839.2390076509,198274018390,198215.13100653817,0.8768762229202364
1759266000,2025-09-30,2025-09-30 21:00,1627417930888,1626934.5877625262,1412108964845,1411689.5684824411,1527815703272659335164510,1623839.2390076509,215308966043,215245.01928008522,0.8676990329549111
1759269600,2025-09-30,2025-09-30 22:00,1632286684011,1631798.6302924806,1412121593114,1411699.3687576589,1527815703272659335164510,1623252.719671595,220165090897,220099.26153482177,0.8651186136273619
1759273200,2025-09-30,2025-09-30 23:00,1621605079038,1621120.2191193674,1412134203820,1411711.9756930578,1527815703272659335164510,1623252.719671595,209470875218,209408.2434263098,0.8708249758675729
1759276800,2025-10-01,2025-10-01 00:00,1653349525666,1652856.8275073515,1412146832557,1411726.012800898,1527815703272659335164510,1623645.631903141,241202693109,241130.81470645353,0.8541127031128889
1759280400,2025-10-01,2025-10-01 01:00,1661656179161,1661008.1332511273,1412165728211,1411614.9835769979,1527815703272659335164510,1623645.631903141,249490450950,249393.1496741295,0.8498543476810153
1759284000,2025-10-01,2025-10-01 02:00,1652365466011,1651721.0434792559,1412178172201,1411627.4227138415,1527815703272659335164510,1623439.1994886084,240187293810,240093.6207654141,0.8546403330554713
1759287600,2025-10-01,2025-10-01 03:00,1674646674268,1673993.5620650356,1412190658281,1411639.9039242705,1527815703272659335164510,1623439.1994886084,262456015987,262353.6581407651,0.8432767818908897
1759291200,2025-10-01,2025-10-01 04:00,1680712771524,1680208.557692543,1412218531155,1411794.8655956534,1527815703272659335164510,1623392.8633460524,268494240369,268413.6920968893,0.8402497768101442
1759294800,2025-10-01,2025-10-01 05:00,1673381158953,1672733.5604444852,1412230964110,1411684.4307268895,1527815703272659335164510,1623392.8633460524,261150194843,261049.12971759576,0.8439386069062733
1759298400,2025-10-01,2025-10-01 06:00,1654507704564,1653855.8285284017,1412262978331,1411706.5467175376,1527815703272659335164510,1623728.9095126116,242244726233,242149.2818108642,0.8535850116836797
1759302000,2025-10-01,2025-10-01 07:00,1654520232367,1653931.2231642774,1412275506134,1411772.7360538163,1527815703272659335164510,1625737.4303283703,242244726233,242158.48711046105,0.853586120318131
1759305600,2025-10-01,2025-10-01 08:00,1783908343865,1783275.056402928,1412287878106,1411786.5159092722,1527815703272659335164510,1625737.4303283703,371620465759,371488.54049365554,0.7916818613259858
1759309200,2025-10-01,2025-10-01 09:00,1803919284111,1803203.128155208,1412299668456,1411738.9854876231,1527815703272659335164510,1623501.6008800676,391619615655,391464.14266758494,0.7829062424774752
1759312800,2025-10-01,2025-10-01 10:00,1654493698313,1653845.1367832613,1412311993239,1411758.3669376504,1527815703272659335164510,1623501.6008800676,242181705074,242086.769845611,0.853621863098699
1759316400,2025-10-01,2025-10-01 11:00,1640207209546,1639551.1266621817,1412336327784,1411771.3932528864,1527815703272659335164510,1623313.1955976987,227870881762,227779.7334092952,0.8610718935779624
1759320000,2025-10-01,2025-10-01 12:00,1640323050001,1639834.2337320996,1412352861718,1411931.980565208,1527815703272659335164510,1623313.1955976987,227970188283,227902.25316689166,0.8610211639208136
1759323600,2025-10-01,2025-10-01 13:00,1633561228440,1633076.0607551534,1412365478631,1411946.0060838466,1527815703272659335164510,1621548.0856284548,221195749809,221130.05467130672,0.8645929237557658
1759327200,2025-10-01,2025-10-01 14:00,1651021071343,1650428.3547783878,1412377843333,1411870.7996872435,1527815703272659335164510,1621549.40398851,238643228010,238557.5550911444,0.8554571881896825
1759330800,2025-10-01,2025-10-01 15:00,1669805303751,1669314.380991697,1412390351874,1411975.1091105489,1527815703272659335164510,1625833.2349930885,257414951877,257339.27188114816,0.8458413377303624
1759334400,2025-10-01,2025-10-01 16:00,1666013517787,1665372.102582652,1412402788763,1411859.0136893261,1527815703272659335164510,1625833.2349930885,253610729024,253513.08889332577,0.8477739068042639
1759338000,2025-10-01,2025-10-01 17:00,1680982123478,1680492.957680068,1412415084426,1412004.071636432,1527815703272659335164510,1621682.5668275491,268567039052,268488.88604363584,0.8402320671344635
1759341600,2025-10-01,2025-10-01 18:00,1682338950428,1681925.0950461947,1412427446918,1412079.9897660583,1527815703272659335164510,1621682.5668275491,269911503510,269845.1052801366,0.8395617580860668
1759345200,2025-10-01,2025-10-01 19:00,1412441797513,1412047.726251494,1412441797513,1412047.726251494,1527815703272659335164510,1623118.4864155005,0,0,1
1759348800,2025-10-01,2025-10-01 20:00,1672652799778,1672171.075771664,1412486003099,1412079.2071301076,1527815703272659335164510,1623009.471720698,260166796679,260091.86864155644,0.8444585769900782
1759352400,2025-10-01,2025-10-01 21:00,1672665260604,1672196.914331031,1412498463925,1412102.964355101,1527815703272659335164510,1623009.471720698,260166796679,260093.9499759299,0.8444597357243769
1759356000,2025-10-01,2025-10-01 22:00,1691044812715,1690716.7500213333,1412510656437,1412236.6293696512,1527815703272659335164510,1624298.6569061058,278534156278,278480.120651682,0.8352887196225103
1759359600,2025-10-01,2025-10-01 23:00,1681919256556,1681441.5914871383,1412536524088,1412135.363715159,1527815703272659335164510,1624298.6569061058,269382732468,269306.22777197906,0.8398361090058483
1759363200,2025-10-02,2025-10-02 00:00,1674246729982,1673915.2291294637,1412548976710,1412269.2920126114,1527815703272659335164510,1622433.9169534286,261697753272,261645.93711685215,0.8436922416597382
1759366800,2025-10-02,2025-10-02 01:00,1660068418725,1659743.04531493,1412561431255,1412284.569214474,1527815703272659335164510,1622433.9169534286,247506987470,247458.47610045588,0.8509055502302155
1759370400,2025-10-02,2025-10-02 02:00,1676714115869,1676382.126474058,1412573906621,1412294.216987489,1527815703272659335164510,1623780.5867322746,264140209248,264087.9094865689,0.842465565985229
1759374000,2025-10-02,2025-10-02 03:00,1659658647455,1659177.346447238,1412587080363,1412177.4301096948,1527815703272659335164510,1623780.5867322746,247071567092,246999.91633754334,0.8511310940530624
1759377600,2025-10-02,2025-10-02 04:00,1659671176148,1659204.8085475024,1412599609056,1412202.6685658551,1527815703272659335164510,1623921.882416307,247071567092,247002.13998164717,0.8511322178496594
1759381200,2025-10-02,2025-10-02 05:00,1670098787856,1669636.1704917639,1412632102570,1412240.8034775883,1527815703272659335164510,1623921.882416307,257466685286,257395.36701417578,0.8458374515578659
1759384800,2025-10-02,2025-10-02 06:00,1643593717331,1643123.649527843,1412644452918,1412240.4366044656,1527815703272659335164510,1622228.9734872964,230949264413,230883.21292337787,0.8594851866506072
1759388400,2025-10-02,2025-10-02 07:00,1412693267277,1412416.3793966137,1412693267277,1412416.3793966137,1527815703272659335164510,1622228.9734872964,0,0,1
1759392000,2025-10-02,2025-10-02 08:00,1658310849984,1657839.8897026046,1412705706480,1412304.4980593596,1527815703272659335164510,1623934.3138963173,245605143504,245535.3916432449,0.8518943878909254
1759395600,2025-10-02,2025-10-02 09:00,1644436130549,1643957.5996350104,1412719337722,1412308.2363947227,1527815703272659335164510,1623313.464181075,231716792827,231649.36324028732,0.8590904270939117
1759399200,2025-10-02,2025-10-02 10:00,1648393511027,1647925.3672698683,1412732034332,1412330.8184342498,1527815703272659335164510,1623313.464181075,235661476695,235594.54883561863,0.8570356682924725
1759402800,2025-10-02,2025-10-02 11:00,1615306334679,1614983.2734120644,1412745187410,1412462.6383725181,1527815703272659335164510,1624466.8862990914,202561147269,202520.6350395462,0.8745989272002368
1759406400,2025-10-02,2025-10-02 12:00,1646558542770,1646194.6533320476,1412758017070,1412445.7975482275,1527815703272659335164510,1624466.8862990914,233800525700,233748.8557838203,0.8580065514666255
1759410000,2025-10-02,2025-10-02 13:00,1646571221566,1646180.984186489,1412770695866,1412435.8692110796,1527815703272659335164510,1624492.2584261033,233800525700,233745.1149754091,0.858007644833219
1759413600,2025-10-02,2025-10-02 14:00,1732785129924,1732448.9696087947,1412785164489,1412511.0841670893,1527815703272659335164510,1624492.2584261033,319999965435,319937.88544170564,0.8153262283310134
1759417200,2025-10-02,2025-10-02 15:00,1412814490200,1412545.1677747727,1412814490200,1412545.1677747727,1527815703272659335164510,1621682.4266241193,0,0,1
1759420800,2025-10-02,2025-10-02 16:00,1512849564831,1512413.977593435,1412849589691,1412442.7949480363,1527815703272659335164510,1621682.4266241193,99999975140,99971.1826453988,0.9338995909013789
1759424400,2025-10-02,2025-10-02 17:00,1499538706084,1499248.616534348,1412877591310,1412604.2665718566,1527815703272659335164510,1624125.5907696087,86661114774,86644.34996249156,0.9422081507983793
1759428000,2025-10-02,2025-10-02 18:00,1562898247866,1562451.7776646677,1412898267474,1412494.6474847894,1527815703272659335164510,1624125.5907696087,149999980392,149957.13017987844,0.9040244746599392
1759431600,2025-10-02,2025-10-02 19:00,1412936554012,1412535.3578523227,1412936554012,1412535.3578523227,1527815703272659335164510,1624083.31024781,0,0,1
1759435200,2025-10-02,2025-10-02 20:00,1642960932112,1642504.456116538,1412960989827,1412568.4164177522,1527815703272659335164510,1624083.31024781,229999942285,229936.03969878587,0.8600088792194598
1759438800,2025-10-02,2025-10-02 21:00,1534385196561,1533956.9827573681,1412983339259,1412589.006094467,1527815703272659335164510,1625226.2813118324,121401857302,121367.97666290116,0.9208791523966103
1759442400,2025-10-02,2025-10-02 22:00,1534406896906,1533977.8374264452,1413005039604,1412609.9271940368,1527815703272659335164510,1624816.7825689511,121401857302,121367.91023240848,0.9208802713629635
1759446000,2025-10-02,2025-10-02 23:00,1534428623467,1533991.7684298328,1413026766165,1412624.4744904244,1527815703272659335164510,1624816.7825689511,121401857302,121367.2939394084,0.9208813916494234
1759449600,2025-10-03,2025-10-03 00:00,1534450376279,1534020.7724451288,1413048518977,1412652.9043187595,1527815703272659335164510,1624680.719145911,121401857302,121367.86812636926,0.9208825132576811
1759453200,2025-10-03,2025-10-03 01:00,1534472155377,1534181.4102793355,1413070298075,1412802.5556722584,1527815703272659335164510,1624680.719145911,121401857302,121378.85460707702,0.9208836361894276
1759456800,2025-10-03,2025-10-03 02:00,1539966680680,1539604.577425454,1413088575979,1412756.306470352,1527815703272659335164510,1625166.6773588045,126878104701,126848.27095510197,0.9176098377368953
1759460400,2025-10-03,2025-10-03 03:00,1539987183644,1539583.164539228,1413109078943,1412738.3465946508,1527815703272659335164510,1625166.6773588045,126878104701,126844.81794457702,0.9176109346567585
1759464000,2025-10-03,2025-10-03 04:00,1538928997897,1538488.7845032692,1413129679225,1412725.4509514908,1527815703272659335164510,1624600.1224783007,125799318672,125763.33355177853,0.9182552808843624
1759467600,2025-10-03,2025-10-03 05:00,1538949803595,1538645.6249828646,1413150484923,1412871.1709699144,1527815703272659335164510,1624600.1224783007,125799318672,125774.45401295014,0.9182563860249816
1759471200,2025-10-03,2025-10-03 06:00,1538970631295,1538508.812503133,1413171312623,1412747.2440572812,1527815703272659335164510,1623952.8170542992,125799318672,125761.56844585181,0.918257492304357
1759474800,2025-10-03,2025-10-03 07:00,1538991481757,1538531.827869777,1413192163085,1412770.081950143,1527815703272659335164510,1623952.8170542992,125799318672,125761.74591963389,0.9182585997627613
1759478400,2025-10-03,2025-10-03 08:00,1539012354994,1538703.013510646,1413213036322,1412928.9805016993,1527815703272659335164510,1626362.0308157043,125799318672,125774.03300894692,0.9182597084007877
1759482000,2025-10-03,2025-10-03 09:00,1539033250501,1538579.2356921022,1413233931829,1412817.0278191103,1527815703272659335164510,1626362.0308157043,125799318672,125762.20787299174,0.9182608181915182
1759485600,2025-10-03,2025-10-03 10:00,1563251861524,1562794.9723288359,1413251906736,1412838.8577947991,1527815703272659335164510,1624940.292826976,149999954788,149956.11453403675,0.9040462010761552
1759489200,2025-10-03,2025-10-03 11:00,1658034245644,1657704.668064179,1413284867008,1413003.9397549652,1527815703272659335164510,1625296.5774801488,244749378636,244700.72830921365,0.8523858121272179
1759492800,2025-10-03,2025-10-03 12:00,1478932702712,1478552.9980248755,1413308912632,1412946.0563522673,1527815703272659335164510,1625296.5774801488,65623790080,65606.94167260827,0.9556276022839565
1759496400,2025-10-03,2025-10-03 13:00,1718954266745,1718489.7589224328,1413330476665,1412948.5566366524,1527815703272659335164510,1625544.0354675485,305623790080,305541.20228578045,0.8222036525388619
1759500000,2025-10-03,2025-10-03 14:00,1692747716740,1692413.3481078763,1413343326880,1413064.1490259957,1527815703272659335164510,1625544.0354675485,279404389860,279349.1990818805,0.8349403238906182
1759503600,2025-10-03,2025-10-03 15:00,1683356480764,1682865.8791044594,1413356499910,1412944.587726038,1527815703272659335164510,1625553.7929320293,269999980854,269921.2913784216,0.839606177337162
1759507200,2025-10-03,2025-10-03 16:00,1683369426010,1683036.9205507434,1413369442333,1413090.2682858414,1527815703272659335164510,1625553.7929320293,269999983677,269946.6522649019,0.8396074091015384
1759510800,2025-10-03,2025-10-03 17:00,1683382310377,1682895.3307194086,1413382326700,1412973.4543735778,1527815703272659335164510,1625483.3577519453,269999983677,269921.87634583097,0.8396086367234473
1759514400,2025-10-03,2025-10-03 18:00,1723395024874,1722731.0864402421,1413395044284,1412850.5334327796,1527815703272659335164510,1625483.3577519453,309999980590,309880.5530074624,0.8201225046401277
1759518000,2025-10-03,2025-10-03 19:00,1793407397440,1792915.5453190685,1413407427840,1413019.7928597296,1527815703272659335164510,1625383.7767569225,379999969600,379895.75245933887,0.7881128570438423
1759521600,2025-10-03,2025-10-03 20:00,1793419679331,1793066.2515749224,1413419709731,1413141.168259551,1527815703272659335164510,1625383.7767569225,379999969600,379925.0833153712,0.7881143081123368
1759525200,2025-10-03,2025-10-03 21:00,1793431952618,1793081.8807770514,1413431983018,1413156.0858836658,1527815703272659335164510,1625371.3364082493,379999969600,379925.79489338567,0.7881157581444409
1759528800,2025-10-03,2025-10-03 22:00,1938424235953,1937873.623662711,1413444309115,1413042.8181545576,1527815703272659335164510,1625371.3364082493,524979926838,524830.8055081534,0.7291718102255873
1759532400,2025-10-03,2025-10-03 23:00,1938445854817,1938249.0291752731,1413467825546,1413324.3050493444,1527815703272659335164510,1625403.952662086,524978029271,524924.7241259287,0.7291758095969305
1759536000,2025-10-04,2025-10-04 00:00,1938457454423,1938094.9949087682,1413479425152,1413215.1278548639,1527815703272659335164510,1625243.880453538,524978029271,524879.8670539042,0.7291774301916445
1759539600,2025-10-04,2025-10-04 01:00,1938469041584,1938091.0268911386,1413491012313,1413215.3719187407,1527815703272659335164510,1625243.880453538,524978029271,524875.654972398,0.729179049028289
1759543200,2025-10-04,2025-10-04 02:00,1485983605059,1485593.9822830735,1413520086966,1413149.464020877,1527815703272659335164510,1625398.142551102,72463518093,72444.51826219658,0.9512353179090943
1759546800,2025-10-04,2025-10-04 03:00,1486017983045,1485727.3231902157,1413554464952,1413277.9787047268,1527815703272659335164510,1625398.142551102,72463518093,72449.34448548894,0.951236446045885
1759550400,2025-10-04,2025-10-04 04:00,2106047988911,2105489.967041063,1413584470818,1413209.9251980174,1527815703272659335164510,1625389.3417357265,692463518093,692280.0418430457,0.6712024029181497
1759554000,2025-10-04,2025-10-04 05:00,2038561268980,2037962.680171615,1413595650695,1413180.5723998498,1527815703272659335164510,1625389.3417357265,624965618285,624782.1077717653,0.6934280917650794
1759557600,2025-10-04,2025-10-04 06:00,2038572504609,2037967.8041679016,1413606886324,1413187.5690292916,1527815703272659335164510,1625014.682797243,624965618285,624780.2351386101,0.6934297814416618
1759561200,2025-10-04,2025-10-04 07:00,2038583725635,2038184.1736172112,1413618107350,1413341.0454074012,1527815703272659335164510,1625014.682797243,624965618285,624843.1282098098,0.6934314689035748
1759564800,2025-10-04,2025-10-04 08:00,1938584472728,1938068.8392906436,1413630204507,1413254.2007724426,1527815703272659335164510,1625061.46566419,524954268221,524814.6385182011,0.729207431708004
1759568400,2025-10-04,2025-10-04 09:00,1948574553131,1948193.3506424811,1413641819672,1413365.2668561647,1527815703272659335164510,1625061.46566419,534932733459,534828.0837863164,0.7254748438547236
1759572000,2025-10-04,2025-10-04 10:00,1908579025443,1907885.506131816,1413653515185,1413139.8366843802,1527815703272659335164510,1624833.0973178858,494925510258,494745.66944743576,0.7406837738127595
1759575600,2025-10-04,2025-10-04 11:00,2018585266680,2017995.5511764265,1413665188157,1413252.1958043464,1527815703272659335164510,1624833.0973178858,604920078523,604743.3553720802,0.7003247331147314
1759579200,2025-10-04,2025-10-04 12:00,2018596504708,2018009.9695936684,1413676426185,1413265.6601590377,1527815703272659335164510,1624502.934186586,604920078523,604744.3094346307,0.7003264014813576
1759582800,2025-10-04,2025-10-04 13:00,2038603598736,2038087.4858845796,1413687584134,1413329.6811407364,1527815703272659335164510,1624998.1892677718,624916014602,624757.8047438429,0.6934587896394041
1759586400,2025-10-04,2025-10-04 14:00,2038614730917,2038216.1688911794,1413698716315,1413422.3293078186,1527815703272659335164510,1624998.1892677718,624916014602,624793.839583361,0.6934604635565921
1759590000,2025-10-04,2025-10-04 15:00,2038625848628,2037869.7169993282,1413709834026,1413185.4853722288,1527815703272659335164510,1624550.082603049,624916014602,624684.2316270996,0.693462135279718
1759593600,2025-10-04,2025-10-04 16:00,2038636951886,2037844.9967607006,1413720937284,1413171.74506957,1527815703272659335164510,1624550.082603049,624916014602,624673.2516911306,0.6934638048114096
1759597200,2025-10-04,2025-10-04 17:00,1998632254862,1998047.0348268622,1413732053541,1413318.0982873328,1527815703272659335164510,1624972.6656451132,584900201321,584728.9365395292,0.7073497638706998
1759600800,2025-10-04,2025-10-04 18:00,1418667827700,1418390.9848183475,1413769391053,1413493.5040662303,1527815703272659335164510,1624972.6656451132,4898436647,4897.480752117161,0.9965471574449238
1759604400,2025-10-04,2025-10-04 19:00,1488403824068,1488114.1440132686,1413807298199,1413532.1364660754,1527815703272659335164510,1624834.6059584292,74596525869,74582.00754719306,0.9498815276722966
1759608000,2025-10-04,2025-10-04 20:00,2078713908177,2078308.8745543358,1413819140207,1413543.660120059,1527815703272659335164510,1624834.6059584292,664894767970,664765.2144342768,0.680141280936008
1759611600,2025-10-04,2025-10-04 21:00,2078724893068,2078107.5322438208,1413830125098,1413410.2314727346,1527815703272659335164510,1624922.556820004,664894767970,664697.3007710864,0.6801429712092981
1759615200,2025-10-04,2025-10-04 22:00,1918733060837,1918021.0345067794,1413845307261,1413320.6406952457,1527815703272659335164510,1624922.556820004,504887753576,504700.39381153375,0.7368639943298027
1759618800,2025-10-04,2025-10-04 23:00,1918744661108,1918165.0659896368,1413856907532,1413429.8238359357,1527815703272659335164510,1624716.025729398,504887753576,504735.2421537011,0.7368655851871155
1759622400,2025-10-05,2025-10-05 00:00,1918756249496,1918190.893272034,1413868495920,1413451.9034767193,1527815703272659335164510,1624716.025729398,504887753576,504738.9897953148,0.7368671743955915
1759626000,2025-10-05,2025-10-05 01:00,1918767826013,1918390.6243536384,1413880072437,1413602.1243172581,1527815703272659335164510,1624769.4786193543,504887753576,504788.5000363803,0.7368687619569355
1759629600,2025-10-05,2025-10-05 02:00,1918779390657,1918214.0418442125,1413891637081,1413475.0483046528,1527815703272659335164510,1624769.4786193543,504887753576,504738.9935395596,0.7368703478709328
1759633200,2025-10-05,2025-10-05 03:00,1868778504823,1868412.520712844,1413903387560,1413626.486808088,1527815703272659335164510,1624769.4786193543,454875117263,454786.0339047561,0.7565922788125802
1759636800,2025-10-05,2025-10-05 04:00,1867247549846,1866881.675082819,1413915152278,1413638.1049890425,1527815703272659335164510,1624927.4664417077,453332397568,453243.57009377674,0.7572189088664819
1759640400,2025-10-05,2025-10-05 05:00,1867259308794,1866710.723190111,1413926911226,1413511.5109948716,1527815703272659335164510,1624927.4664417077,453332397568,453199.2121952395,0.7572204377651264
1759644000,2025-10-05,2025-10-05 06:00,1867271057208,1866690.252786121,1413938659640,1413498.8617742246,1527815703272659335164510,1624131.1864545108,453332397568,453191.39101189666,0.7572219652749096
1759647600,2025-10-05,2025-10-05 07:00,1867282795087,1866535.8819689653,1413950397519,1413384.8173599928,1527815703272659335164510,1624131.1864545108,453332397568,453151.06460897287,0.7572234913957537
1759651200,2025-10-05,2025-10-05 08:00,1867294522443,1866923.6821300217,1413962124875,1413681.3153130235,1527815703272659335164510,1624601.8239195456,453332397568,453242.3668169981,0.757225016129271
1759654800,2025-10-05,2025-10-05 09:00,1867306239335,1866935.6868650431,1413973841767,1413693.2496024775,1527815703272659335164510,1624601.8239195456,453332397568,453242.43726256554,0.7572265394831839
1759658400,2025-10-05,2025-10-05 10:00,1417337516884,1416924.1921481648,1414024742526,1413612.3838632207,1527815703272659335164510,1624768.532991554,3312774358,3311.8082849439415,0.9976626778600463
1759662000,2025-10-05,2025-10-05 11:00,1486359088327,1485924.8302896954,1414066084352,1413652.9476024539,1527815703272659335164510,1624768.532991554,72293003975,72271.8826872415,0.9513623561474833
1759665600,2025-10-05,2025-10-05 12:00,1725355259724,1724990.547387489,1414082884175,1413783.9698095084,1527815703272659335164510,1624511.7991109379,311272375549,311206.57757798035,0.8195894012003109
1759669200,2025-10-05,2025-10-05 13:00,1725367776913,1724877.6795893598,1414095401364,1413693.722150528,1527815703272659335164510,1624511.7991109379,311272375549,311183.9574388318,0.8195907100421665
1759672800,2025-10-05,2025-10-05 14:00,1777422421275,1776886.4993230447,1414107812003,1413681.4353522877,1527815703272659335164510,1624714.1613343772,363314609272,363205.0639707568,0.7955946741060107
1759676400,2025-10-05,2025-10-05 15:00,1755822809119,1755472.0795171724,1414120142495,1413837.6687784395,1527815703272659335164510,1624714.1613343772,341702666624,341634.41073873296,0.8053888667755419
1759680000,2025-10-05,2025-10-05 16:00,1417474424225,1417061.839571985,1414163585263,1413751.9642967517,1527815703272659335164510,1624802.0822313668,3310838962,3309.8752752336077,0.9976642689946168
1759683600,2025-10-05,2025-10-05 17:00,1483192147799,1482622.8532982767,1414209072630,1413666.2559429538,1527815703272659335164510,1624560.139837389,68983075169,68956.59735532294,0.9534901291977791
1759687200,2025-10-05,2025-10-05 18:00,1723218114270,1722724.4448643131,1414235039101,1413829.8875038382,1527815703272659335164510,1624560.139837389,308983075169,308894.5573604749,0.8206941578606297
1759690800,2025-10-05,2025-10-05 19:00,1707555554184,1707053.6518371513,1414247822128,1413832.1318160729,1527815703272659335164510,1624202.2844800293,293307732056,293221.52002107847,0.8282294644310036
1759694400,2025-10-05,2025-10-05 20:00,1707568273592,1707184.548294458,1414260541536,1413942.7284473549,1527815703272659335164510,1624202.2844800293,293307732056,293241.8198471032,0.828230743922757
1759698000,2025-10-05,2025-10-05 21:00,1707580987343,1707241.6313648662,1414273255287,1413992.1897987719,1527815703272659335164510,1624969.4561166596,293307732056,293249.4415660942,0.8282320228264034
1759701600,2025-10-05,2025-10-05 22:00,1708233440488,1707729.0507975265,1414285962899,1413868.3670118337,1527815703272659335164510,1624969.4561166596,293947477589,293860.6837856928,0.8279231218509419
1759705200,2025-10-05,2025-10-05 23:00,1708246139422,1707903.3025388012,1414298661833,1414014.8188118185,1527815703272659335164510,1624891.8326104542,293947477589,293888.48372698267,0.8279244010535509
1759708800,2025-10-06,2025-10-06 00:00,1708258832680,1707751.3738860085,1414311355091,1413891.2169240825,1527815703272659335164510,1624891.8326104542,293947477589,293860.15696192614,0.8279256796653931
1759712400,2025-10-06,2025-10-06 01:00,1708271520255,1707767.6450104818,1414324042666,1413906.8707677529,1527815703272659335164510,1624697.4388815847,293947477589,293860.77424272895,0.8279269576857891
1759716000,2025-10-06,2025-10-06 02:00,1708284202147,1707946.0801961385,1414336724558,1414056.7838479697,1527815703272659335164510,1624906.9106346385,293947477589,293889.29634816886,0.8279282351147649
1759719600,2025-10-06,2025-10-06 03:00,1788278434791,1787749.198400128,1414349329914,1413930.7568773667,1527815703272659335164510,1624906.9106346385,373929104877,373818.441522761,0.7908999529367462
1759723200,2025-10-06,2025-10-06 04:00,1687765688870,1687414.592936436,1414362594987,1414068.3734851887,1527815703272659335164510,1625483.0925315272,273403093883,273346.2194512473,0.8380088565101416
1759726800,2025-10-06,2025-10-06 05:00,1798301946924,1797944.7251974263,1414377292258,1414096.3348252221,1527815703272659335164510,1625483.0925315272,383924654666,383848.39037220407,0.7865071239439494
1759730400,2025-10-06,2025-10-06 06:00,1784207739526,1783714.8702809012,1414389543899,1413998.8331698992,1527815703272659335164510,1625483.0925315272,369818195627,369716.0371110018,0.7927269412443826
1759734000,2025-10-06,2025-10-06 07:00,1784219998030,1783699.9747553302,1414401802403,1413989.5652025447,1527815703272659335164510,1625094.0554204173,369818195627,369710.4095527857,0.7927283653163146
1759737600,2025-10-06,2025-10-06 08:00,1784232248313,1783875.9920361617,1414414052686,1414131.637723041,1527815703272659335164510,1625706.4529483793,369818195627,369744.35431312077,0.7927297884136637
1759741200,2025-10-06,2025-10-06 09:00,1663664665040,1663164.126172616,1414426753124,1414001.2012806006,1527815703272659335164510,1625706.4529483793,249237911916,249162.92489201546,0.8501874102675568
1759744800,2025-10-06,2025-10-06 10:00,1663677547877,1663118.388566816,1414439635961,1413964.2451064743,1527815703272659335164510,1625225.3045333445,249237911916,249154.14346034196,0.8501885703548445
1759748400,2025-10-06,2025-10-06 11:00,1663690426776,1663034.023750865,1414452514860,1413894.4477492434,1527815703272659335164510,1625298.2647037946,249237911916,249139.57600162135,0.8501897300695609
1759752000,2025-10-06,2025-10-06 12:00,1663703301725,1663221.5070836537,1414465389809,1414055.7723943607,1527815703272659335164510,1625298.2647037946,249237911916,249165.73468929323,0.8501908894106424
1759755600,2025-10-06,2025-10-06 13:00,1872749593921,1872194.708289451,1414477529700,1414058.4276161299,1527815703272659335164510,1624710.8361245345,458272064221,458136.2806733213,0.7552945328576952
1759759200,2025-10-06,2025-10-06 14:00,1872761390950,1872044.2860538752,1414489326729,1413947.700216079,1527815703272659335164510,1624710.8361245345,458272064221,458096.5858377964,0.7552960743234186
1759762800,2025-10-06,2025-10-06 15:00,1544501912560,1544052.396298681,1414501945461,1414090.2647625292,1527815703272659335164510,1624320.0837663875,129999967099,129962.13153615172,0.9158304913436293
1759766400,2025-10-06,2025-10-06 16:00,1537524137842,1537081.3836103927,1414529229776,1414121.8938605492,1527815703272659335164510,1624320.0837663875,122994908066,122959.48974984349,0.9200045677080361
1759770000,2025-10-06,2025-10-06 17:00,1562368254695,1562016.160654707,1414550409113,1414231.6271822704,1527815703272659335164510,1625365.0090820624,147817845582,147784.5334724369,0.905388601478685
1759773600,2025-10-06,2025-10-06 18:00,1565623529634,1565224.769796373,1414565931643,1414205.6457437798,1527815703272659335164510,1625365.0090820624,151057597991,151019.12405259328,0.9035160144621018
1759777200,2025-10-06,2025-10-06 19:00,1569715738595,1569249.917704654,1414580634842,1414160.8510591234,1527815703272659335164510,1626910.6491235776,155135103753,155089.06664553058,0.9011699380093773
1759780800,2025-10-06,2025-10-06 20:00,1570535640217,1570167.6339406446,1414594522260,1414263.0559440763,1527815703272659335164510,1626910.6491235776,155941117957,155904.57799656835,0.900708322712464
1759784400,2025-10-06,2025-10-06 21:00,1570549374482,1569935.138071468,1414608256525,1414055.0081445833,1527815703272659335164510,1624325.3343061993,155941117957,155880.12992688487,0.9007091910062155
1759788000,2025-10-06,2025-10-06 22:00,1571761079427,1571206.491164257,1414621971300,1414122.8288083263,1527815703272659335164510,1624325.3343061993,157139108127,157083.66235593098,0.9000235403562185
1759791600,2025-10-06,2025-10-06 23:00,1589858313741,1589395.6470321878,1414635409267,1414223.7344005555,1527815703272659335164510,1624129.1994148574,175222904474,175171.91263163215,0.8897870942589258
1759795200,2025-10-07,2025-10-07 00:00,1574836580963,1574530.3738775502,1414648750640,1414373.6900552353,1527815703272659335164510,1624421.4121304227,160187830323,160156.683822315,0.8982828870884836
1759798800,2025-10-07,2025-10-07 01:00,1570499937179,1570177.196405954,1414662199037,1414371.4832203945,1527815703272659335164510,1624421.4121304227,155837738142,155805.71318555967,0.9007718915150532
1759802400,2025-10-07,2025-10-07 02:00,1575014933886,1574554.5352740758,1414675918666,1414262.3893620782,1527815703272659335164510,1625597.306530846,160339015220,160292.14591199768,0.8981984159195247
1759806000,2025-10-07,2025-10-07 03:00,1577960805960,1577654.7393843473,1414689347871,1414414.9499755136,1527815703272659335164510,1625597.306530846,163271458089,163239.78940883355,0.8965300928436756
1759809600,2025-10-07,2025-10-07 04:00,1577974216435,1577518.888344625,1414702758346,1414294.542610472,1527815703272659335164510,1625480.217231057,163271458089,163224.3457341528,0.8965309721866894
1759813200,2025-10-07,2025-10-07 05:00,1576301357588,1575894.9400931564,1414716169015,1414351.413000195,1527815703272659335164510,1625480.217231057,161585188573,161543.5270929616,0.8974909284984365
1759816800,2025-10-07,2025-10-07 06:00,1414743076829,1414437.7088267433,1414743076829,1414437.7088267433,1527815703272659335164510,1626793.736511242,0,0,1
1759820400,2025-10-07,2025-10-07 07:00,1562194341419,1561733.064332071,1414766113948,1414348.3687453545,1527815703272659335164510,1626793.736511242,147428227471,147384.69558671655,0.9056274731240638
1759824000,2025-10-07,2025-10-07 08:00,1563772770970,1563308.4640999807,1414783295532,1414363.2258032653,1527815703272659335164510,1625834.3039157845,148989475438,148945.23829671537,0.9047243447361073
1759827600,2025-10-07,2025-10-07 09:00,1563788183609,1563324.2442668981,1414798708171,1414378.9705180652,1527815703272659335164510,1625834.3039157845,148989475438,148945.27374883307,0.9047252837694721
1759831200,2025-10-07,2025-10-07 10:00,1573262451964,1572709.4744308891,1414838255723,1414340.9618560905,1527815703272659335164510,1626338.5241728162,158424196241,158368.51257479854,0.8993021183190196
1759834800,2025-10-07,2025-10-07 11:00,1564406074208,1563928.6876969878,1414853925573,1414422.1756646757,1527815703272659335164510,1626338.5241728162,149552148635,149506.51203231205,0.9044032421628684
1759838400,2025-10-07,2025-10-07 12:00,1577722874182,1577258.3590914847,1414869041478,1414452.4740112894,1527815703272659335164510,1626498.5162793612,162853832704,162805.88508019535,0.8967791902057358
1759842000,2025-10-07,2025-10-07 13:00,1573232485295,1572769.9091733133,1414894619838,1414478.5996553774,1527815703272659335164510,1625820.352025624,158337865457,158291.30951793576,0.8993550750210261
1759845600,2025-10-07,2025-10-07 14:00,1575104086175,1574791.266488736,1414911391776,1414630.3867671553,1527815703272659335164510,1625820.352025624,160192694399,160160.87972158057,0.8982970739489263
1759849200,2025-10-07,2025-10-07 15:00,1905117160165,1904614.8663563028,1414924465766,1414551.4137491535,1527815703272659335164510,1624700.9554956239,490192694399,490063.4526071493,0.7426968248207134
1759852800,2025-10-07,2025-10-07 16:00,1558424199714,1558028.970197689,1414937032440,1414578.1924790675,1527815703272659335164510,1624700.9554956239,143487167274,143450.7777186216,0.9079280421207957
1759856400,2025-10-07,2025-10-07 17:00,1558963221317,1558544.1887227583,1414953821866,1414573.4974538514,1527815703272659335164510,1623632.811678462,144009399451,143970.69126890693,0.907624889746057
1759860000,2025-10-07,2025-10-07 18:00,1560463875573,1560008.0350836914,1414970445777,1414557.1066216007,1527815703272659335164510,1623632.811678462,145493429796,145450.92846209055,0.9067627055816495
1759863600,2025-10-07,2025-10-07 19:00,1534987276877,1534425.3923071893,1414987299249,1414469.3408646518,1527815703272659335164510,1626501.669701081,119999977628,119956.05144253741,0.9218234708289275
1759867200,2025-10-07,2025-10-07 20:00,1563118552542,1562594.2517626577,1415009802198,1414535.180013481,1527815703272659335164510,1626501.669701081,148108750344,148059.0717491765,0.9052479096335079
1759870800,2025-10-07,2025-10-07 21:00,1565352248063,1564896.6053998324,1415026625793,1414614.7399053173,1527815703272659335164510,1625488.079679521,150325622270,150281.865494515,0.9039669042823965
1759874400,2025-10-07,2025-10-07 22:00,1560178128576,1559708.9654734975,1415041900553,1414616.3815458592,1527815703272659335164510,1625488.079679521,145136228023,145092.58392763833,0.9069745785018354
1759878000,2025-10-07,2025-10-07 23:00,1561347358936,1560946.6910550864,1415058327443,1414695.199777538,1527815703272659335164510,1625136.942877519,146289031493,146251.49127754843,0.9063059026194591
1759881600,2025-10-08,2025-10-08 00:00,1561363563450,1560793.6114810624,1415074531957,1414557.980569122,1527815703272659335164510,1625136.942877519,146289031493,146235.63091194045,0.9063068750177834
1759885200,2025-10-08,2025-10-08 01:00,1560480044642,1560018.951905359,1415091056070,1414672.9230667106,1527815703272659335164510,1625373.8813591714,145388988572,145346.02883864855,0.9068306005762767
1759888800,2025-10-08,2025-10-08 02:00,1559039500601,1558575.8627348996,1415107443347,1414686.6089838662,1527815703272659335164510,1625373.8813591714,143932057254,143889.25375103363,0.9076790182682895
1759892400,2025-10-08,2025-10-08 03:00,1567669781312,1567211.9742346779,1415123888889,1414710.6298344824,1527815703272659335164510,1625489.9091676383,152545892423,152501.3444001956,0.9026925860015413
1759896000,2025-10-08,2025-10-08 04:00,1567229415341,1566918.7782602492,1415138641515,1414858.1500105942,1527815703272659335164510,1625917.1889436708,152090773826,152060.6282496549,0.9029556411223255
1759899600,2025-10-08,2025-10-08 05:00,1415153449001,1414727.0973226277,1415153449001,1414727.0973226277,1527815703272659335164510,1625917.1889436708,0,0,1
1759903200,2025-10-08,2025-10-08 06:00,1415208206871,1414798.3657978615,1415208206871,1414798.3657978615,1527815703272659335164510,1625078.0688732085,0,0,1
1759906800,2025-10-08,2025-10-08 07:00,1565535902699,1565076.9635638192,1415223877350,1414809.0024044693,1527815703272659335164510,1625078.0688732085,150312025349,150267.96115934965,0.9039868551785618
1759910400,2025-10-08,2025-10-08 08:00,1568791839529,1568333.3364093632,1415236157982,1414822.5338305305,1527815703272659335164510,1625158.9129327794,153555681547,153510.80257883275,0.9021185107687059
1759914000,2025-10-08,2025-10-08 09:00,1549896960547,1549440.8894312754,1415256211524,1414839.7596592268,1527815703272659335164510,1625158.9129327794,134640749023,134601.1297720485,0.9131292257160878
1759917600,2025-10-08,2025-10-08 10:00,1569473259293,1568991.0638097567,1415288120300,1414853.2957274527,1527815703272659335164510,1625182.7658482634,154185138993,154137.76808230404,0.9017599452045104
1759921200,2025-10-08,2025-10-08 11:00,1415322488515,1414854.8407129112,1415322488515,1414854.8407129112,1527815703272659335164510,1625182.7658482634,0,0,1
1759924800,2025-10-08,2025-10-08 12:00,1559333057223,1558870.6542010221,1415338220235,1414918.5172939727,1527815703272659335164510,1625638.4105264386,143994836988,143952.1369070493,0.9076561377821112
1759928400,2025-10-08,2025-10-08 13:00,1554156730551,1553811.2668649761,1415362238530,1415047.6265951996,1527815703272659335164510,1625638.4105264386,138794492021,138763.64026977646,0.9106946620680961
1759932000,2025-10-08,2025-10-08 14:00,1550759159356,1550300.387761112,1415380781420,1414962.0597284026,1527815703272659335164510,1625190.3184897436,135378377936,135338.32803270954,0.9127018679082186
1759935600,2025-10-08,2025-10-08 15:00,1560401228636,1559940.1057760536,1415415932035,1414997.6545877538,1527815703272659335164510,1625190.3184897436,144985296601,144942.45118829978,0.9070846049462954
1759939200,2025-10-08,2025-10-08 16:00,1555033427019,1554640.0936649884,1415432793787,1415074.7713043415,1527815703272659335164510,1625125.314020488,139600633232,139565.32236064685,0.9102266029743075
1759942800,2025-10-08,2025-10-08 17:00,1548333318313,1547874.3069154848,1415451068086,1415031.4503168853,1527815703272659335164510,1625125.314020488,132882250227,132842.85659859955,0.9141772326053262
1759946400,2025-10-08,2025-10-08 18:00,1550117512974,1549756.4743566941,1415470818153,1415141.1401623022,1527815703272659335164510,1625989.2199140356,134646694821,134615.33419439197,0.9131377500776237
1759950000,2025-10-08,2025-10-08 19:00,1549293434865,1548834.919008015,1415486086436,1415067.171076671,1527815703272659335164510,1625655.3116232338,133807348429,133767.747931344,0.9136333083082744
1759953600,2025-10-08,2025-10-08 20:00,1547865931121,1547424.7729233934,1415505710289,1415102.2761573368,1527815703272659335164510,1625655.3116232338,132360220832,132322.49676605663,0.9144885754180649
1759957200,2025-10-08,2025-10-08 21:00,1647876042546,1647257.9785539454,1415521586903,1414990.6714092053,1527815703272659335164510,1625067.8349371136,232354455643,232267.30714474007,0.8589976129005383
1759960800,2025-10-08,2025-10-08 22:00,1550381055997,1549782.8642784061,1415535659428,1414989.4958215957,1527815703272659335164510,1625067.8349371136,134845396569,134793.3684568104,0.913024352273006
1759964400,2025-10-08,2025-10-08 23:00,1546497621255,1546047.3595316135,1415554607448,1415142.4696934137,1527815703272659335164510,1625900.7643979948,130943013807,130904.8898381999,0.9153293144410153
1759968000,2025-10-09,2025-10-09 00:00,1554033909704,1553559.2702557906,1415574690656,1415142.339993716,1527815703272659335164510,1625900.7643979948,138459219048,138416.9302620745,0.9109033476146138
1759971600,2025-10-09,2025-10-09 01:00,1535593616862,1535138.762349924,1415593645096,1415174.3354885182,1527815703272659335164510,1626774.4073614266,119999971766,119964.42686140585,0.9218543432010214
1759975200,2025-10-09,2025-10-09 02:00,1554366787594,1553910.6794232612,1415615853404,1415200.4598414777,1527815703272659335164510,1626774.4073614266,138750934190,138710.21958178346,0.9107347536646918
1759978800,2025-10-09,2025-10-09 03:00,1555547898598,1555081.2342284203,1415634261367,1415209.5710885897,1527815703272659335164510,1624741.4108495812,139913637231,139871.6631398307,0.9100550761843446
1759982400,2025-10-09,2025-10-09 04:00,1549283141542,1548828.1222583817,1415653496117,1415237.7234138814,1527815703272659335164510,1624741.4108495812,133629645425,133590.39884450022,0.9137474346412893
1759986000,2025-10-09,2025-10-09 05:00,1553681908453,1553215.803880464,1415673183198,1415248.4812430406,1527815703272659335164510,1626336.5407559671,138008725255,137967.3226374235,0.9111731143265901
1759989600,2025-10-09,2025-10-09 06:00,1553700597309,1553240.7645954303,1415691872054,1415272.8843569928,1527815703272659335164510,1627139.0364479825,138008725255,137967.88023843747,0.9111741827904101
1759993200,2025-10-09,2025-10-09 07:00,1553025146661,1552481.859170085,1415718126368,1415222.872346923,1527815703272659335164510,1627139.0364479825,137307020293,137258.98682316186,0.9115873811906976
1759996800,2025-10-09,2025-10-09 08:00,1517644614781,1517201.7341919036,1415738772410,1415325.6300870709,1527815703272659335164510,1624267.587733784,101905842371,101876.10410483278,0.9328526313878133
1760000400,2025-10-09,2025-10-09 09:00,1564335886556,1563854.3475200615,1415765495005,1415329.689397369,1527815703272659335164510,1624267.587733784,148570391551,148524.65812269264,0.9050265401261819
1760004000,2025-10-09,2025-10-09 10:00,1545249648037,1544876.1798409189,1415784170328,1415441.9923758458,1527815703272659335164510,1626666.2005544081,129465477709,129434.18746507328,0.9162171123135567
1760007600,2025-10-09,2025-10-09 11:00,1548404181405,1548098.8038363154,1415800359509,1415521.1341770603,1527815703272659335164510,1626666.2005544081,132603821896,132577.6696592551,0.9143609766180836
1760011200,2025-10-09,2025-10-09 12:00,1555562649032,1555060.8923460748,1415835404257,1415378.7174879408,1527815703272659335164510,1624092.8272573063,139727244775,139682.17485813398,0.9101757522514764
1760014800,2025-10-09,2025-10-09 13:00,1556052597312,1555599.7344490872,1415853802957,1415441.7425884875,1527815703272659335164510,1624092.8272573063,140198794355,140157.99186059958,0.9099009926803334
1760018400,2025-10-09,2025-10-09 14:00,1556070921902,1555613.1405401062,1415872127547,1415455.5913456657,1527815703272659335164510,1624981.0735556118,140198794355,140157.54919444057,0.909902053703546
1760022000,2025-10-09,2025-10-09 15:00,1552414258395,1551953.2614756182,1415891344802,1415470.8890218479,1527815703272659335164510,1624981.0735556118,136522913593,136482.37245377054,0.9120576786416872
1760025600,2025-10-09,2025-10-09 16:00,1551681202253,1551224.2412955146,1415910618940,1415493.6416181086,1527815703272659335164510,1625808.6227694298,135770583313,135730.59967740593,0.9125009807969158
1760029200,2025-10-09,2025-10-09 17:00,1560035620827,1559572.3208917982,1415925890789,1415505.388612835,1527815703272659335164510,1625808.6227694298,144109730038,144066.9322789635,0.9076240772235667
1760032800,2025-10-09,2025-10-09 18:00,1545501533751,1545053.3640781057,1415943672261,1415533.0722075056,1527815703272659335164510,1626093.5037397444,129557861490,129520.29187060018,0.9161709913185544
1760036400,2025-10-09,2025-10-09 19:00,1554408445895,1553996.608305672,1415964602762,1415589.4456080901,1527815703272659335164510,1625955.4493966294,138443843133,138407.16269758175,0.9109347073488869
1760040000,2025-10-09,2025-10-09 20:00,1463338378169,1462951.538989255,1415987620838,1415613.2990147322,1527815703272659335164510,1625955.4493966294,47350757331,47338.239974522854,0.9676419630364321
1760043600,2025-10-09,2025-10-09 21:00,1541245121189,1540820.4139740577,1416001981219,1415611.786142611,1527815703272659335164510,1625789.3818622304,125243139970,125208.62783144656,0.9187389869085972
1760047200,2025-10-09,2025-10-09 22:00,1537667076409,1537216.4649750574,1416028064193,1415613.0989210643,1527815703272659335164510,1625789.3818622304,121639012216,121603.36605399333,0.9208937915871422
1760050800,2025-10-09,2025-10-09 23:00,1544982278660,1544532.4765204324,1416050937028,1415638.6716253413,1527815703272659335164510,1626968.5272880916,128931341632,128893.80489509081,0.9165483362412252
1760054400,2025-10-10,2025-10-10 00:00,1562594107026,1562283.045721761,1416077230763,1415795.3361696927,1527815703272659335164510,1626968.5272880916,146516876263,146487.70955206818,0.9062348465259109
1760058000,2025-10-10,2025-10-10 01:00,1562235614852,1561788.8299555883,1416094149933,1415689.1601401211,1527815703272659335164510,1626077.4101278156,146141464919,146099.66981546723,0.9064536337991214
1760061600,2025-10-10,2025-10-10 02:00,1562022045613,1561567.4370103176,1416113990914,1415701.8471773244,1527815703272659335164510,1626077.4101278156,145908054699,145865.58983299308,0.9065902718154405
1760065200,2025-10-10,2025-10-10 03:00,1564083418611,1563701.795806923,1416130925535,1415785.4018574823,1527815703272659335164510,1626981.5112128425,147952493076,147916.39394944065,0.9054062645792954
1760068800,2025-10-10,2025-10-10 04:00,1572313373722,1571922.1547047817,1416145063826,1415792.702210709,1527815703272659335164510,1626981.5112128425,156168309896,156129.45249407284,0.900676091353013
1760072400,2025-10-10,2025-10-10 05:00,1581888439970,1581424.5542755262,1416167057624,1415751.769401128,1527815703272659335164510,1625566.3035843733,165721382346,165672.78487439817,0.8952382619667271
1760076000,2025-10-10,2025-10-10 06:00,1569604215997,1569180.138821513,1416181399468,1415798.7742165239,1527815703272659335164510,1625566.3035843733,153422816529,153381.36460498898,0.9022538198067039
1760079600,2025-10-10,2025-10-10 07:00,1598491634942,1598017.8291306957,1416196624772,1415776.8526717906,1527815703272659335164510,1626138.8926536322,182295010170,182240.97645890494,0.8859581081407321
1760083200,2025-10-10,2025-10-10 08:00,1660319520177,1659835.5207155396,1416209946888,1415797.1077668075,1527815703272659335164510,1627025.8551547294,244109573289,244038.41294873212,0.8529743399854888
1760086800,2025-10-10,2025-10-10 09:00,1635268421914,1634782.2718235212,1416248419338,1415827.381856951,1527815703272659335164510,1627025.8551547294,219020002576,218954.8899665702,0.8660648003465706
1760090400,2025-10-10,2025-10-10 10:00,1786262608769,1785724.3336593478,1416262610964,1415835.8322202305,1527815703272659335164510,1626046.635539669,369999997805,369888.50143911736,0.7928636047193616
1760094000,2025-10-10,2025-10-10 11:00,1662795046339,1662348.8763004772,1416275703674,1415895.681020782,1527815703272659335164510,1626046.635539669,246519342665,246453.19527969498,0.8517439998346368
1760097600,2025-10-10,2025-10-10 12:00,1658865426090,1658370.2270292635,1416289431568,1415866.6454967414,1527815703272659335164510,1626025.3752303114,242575994522,242503.58153252222,0.8537699377497067
1760101200,2025-10-10,2025-10-10 13:00,1648331449913,1647835.1607543272,1416303179132,1415876.750385989,1527815703272659335164510,1626025.3752303114,232028270781,231958.41036833826,0.8592344574913944
1760104800,2025-10-10,2025-10-10 14:00,1536566164119,1536132.6610869938,1416323671251,1415924.0915777474,1527815703272659335164510,1625698.5843735537,120242492868,120208.56950924626,0.9217459711948416
1760108400,2025-10-10,2025-10-10 15:00,2247380169364,2246723.186319763,1416341575999,1415927.532833111,1527815703272659335164510,1625698.5843735537,831038593365,830795.6534866517,0.6302189524079583
1760112000,2025-10-10,2025-10-10 16:00,1663518238676,1663138.323173092,1416352575555,1416029.1079256549,1527815703272659335164510,1623487.5757667972,247165663121,247109.21524743718,0.8514199259289637
1760115600,2025-10-10,2025-10-10 17:00,1655992282903,1655669.606951643,1416366282265,1416090.2982871046,1527815703272659335164510,1623487.5757667972,239626000638,239579.30866453852,0.8552976344684837
1760119200,2025-10-10,2025-10-10 18:00,1716005193152,1715830.8315866988,1416379609493,1416235.6925825167,1527815703272659335164510,1627288.0149704579,299625583659,299595.1390041822,0.8253935449294064
1760122800,2025-10-10,2025-10-10 19:00,1632006180743,1631688.7495425972,1416393320481,1416117.826774378,1527815703272659335164510,1627288.0149704579,215612860262,215570.92276821914,0.8678847771496562
1760126400,2025-10-10,2025-10-10 20:00,1690499167713,1690169.3394033613,1416407177892,1416130.8268625722,1527815703272659335164510,1625770.2931374412,274091989821,274038.5125407891,0.8378632802334907
1760130000,2025-10-10,2025-10-10 21:00,1806931316371,1806716.9257771187,1416420585271,1416252.52838488,1527815703272659335164510,1627135.706324823,390510731100,390464.3973922386,0.7838818069276187
1760133600,2025-10-10,2025-10-10 22:00,1756942594872,1756398.1725922893,1416433456374,1415994.547366029,1527815703272659335164510,1627135.706324823,340509138498,340403.6252262605,0.8061922230744213
1760137200,2025-10-10,2025-10-10 23:00,1626955830796,1626885.1418708798,1416447089936,1416385.5473173363,1527815703272659335164510,1628109.3241325407,210508740860,210499.59455354337,0.8706118894715126
1760140800,2025-10-11,2025-10-11 00:00,1616969749677,1616928.9759726042,1416461034717,1416425.3170645647,1527815703272659335164510,1628109.3241325407,200508714960,200503.65890803974,0.8759972380435361
1760144400,2025-10-11,2025-10-11 01:00,1812080762013,1811880.4347084165,1416474721623,1416318.1289539856,1527815703272659335164510,1627234.6099767855,395606040390,395562.30575443094,0.7816841011266351
1760148000,2025-10-11,2025-10-11 02:00,1712689092313,1712373.1066438598,1416487881923,1416226.5444314452,1527815703272659335164510,1627234.6099767855,296201210390,296146.56221241463,0.8270548859571599
1760151600,2025-10-11,2025-10-11 03:00,1617008082780,1616702.8237519513,1416501318307,1416233.9109759785,1527815703272659335164510,1624450.730585445,200506764473,200468.9127759726,0.8760013839088028
1760155200,2025-10-11,2025-10-11 04:00,1797020898565,1796667.5608501013,1416514515946,1416235.9949768868,1527815703272659335164510,1624450.730585445,380506382619,380431.5658732146,0.7882571188109994
1760158800,2025-10-11,2025-10-11 05:00,1797033783216,1796753.369006325,1416527400597,1416306.3616742867,1527815703272659335164510,1627466.5720010342,380506382619,380447.00733203825,0.7882586369978867
1760162400,2025-10-11,2025-10-11 06:00,1797046658858,1796522.7844142597,1416540276239,1416127.3268892474,1527815703272659335164510,1627466.5720010342,380506382619,380395.45752501226,0.788260154101504
1760166000,2025-10-11,2025-10-11 07:00,1847055339344,1846641.6762155057,1416553088985,1416235.8403514666,1527815703272659335164510,1625181.7609810422,430502250359,430405.83586403925,0.7669250935860443
1760169600,2025-10-11,2025-10-11 08:00,1779243295670,1778908.4516794346,1416566287356,1416299.6972220296,1527815703272659335164510,1625181.7609810422,362677008314,362608.75445740507,0.7961622172770764
1760173200,2025-10-11,2025-10-11 09:00,1540480758734,1540131.9728378332,1416580716015,1416259.982781737,1527815703272659335164510,1628007.6579481058,123900042719,123871.99005609601,0.9195705353562328
1760176800,2025-10-11,2025-10-11 10:00,1541762784383,1541318.599024416,1416596083485,1416187.958937122,1527815703272659335164510,1630002.5089866037,125166700898,125130.64008729401,0.9188158501645954
1760180400,2025-10-11,2025-10-11 11:00,1546996358697,1546556.2260585185,1416615101443,1416212.0632982715,1527815703272659335164510,1630002.5089866037,130381257254,130344.16276024691,0.9157197387563232
1760184000,2025-10-11,2025-10-11 12:00,1536877996848,1536580.6018924236,1416639538043,1416365.4099382656,1527815703272659335164510,1627035.0336982915,120238458805,120215.19195415809,0.9217644737893325
1760187600,2025-10-11,2025-10-11 13:00,1539410289754,1539120.0944835073,1416663001810,1416395.9457134262,1527815703272659335164510,1627035.0336982915,122747287944,122724.1487700811,0.9202634354460401
1760191200,2025-10-11,2025-10-11 14:00,1545726071123,1545311.576715132,1416686441030,1416306.549263613,1527815703272659335164510,1628641.0804642234,129039630093,129005.027451519,0.9165184358964391
1760194800,2025-10-11,2025-10-11 15:00,1536714040400,1536468.1103946932,1416714090800,1416487.3651407626,1527815703272659335164510,1628641.0804642234,119999949600,119980.74525393033,0.9219113338947794
1760198400,2025-10-11,2025-10-11 16:00,1553584855187,1553290.9012078198,1416761240496,1416493.174929577,1527815703272659335164510,1626306.159839105,136823614691,136797.72627824292,0.9119303884598366
1760202000,2025-10-11,2025-10-11 17:00,1545452805383,1545151.6627716564,1416781043128,1416504.973136381,1527815703272659335164510,1626306.159839105,128671762255,128646.68963527541,0.9167417071509265
1760205600,2025-10-11,2025-10-11 18:00,1552425846055,1552202.9219958002,1416802514668,1416599.065744203,1527815703272659335164510,1627972.4729554856,135623331387,135603.85625159706,0.9126378037755273
1760209200,2025-10-11,2025-10-11 19:00,1548050379187,1547748.252556736,1416822493268,1416545.977844905,1527815703272659335164510,1627972.4729554856,131227885919,131202.27471183104,0.9152302226831159
1760212800,2025-10-11,2025-10-11 20:00,1487263513741,1487114.01380885,1416844375902,1416701.9545112327,1527815703272659335164510,1624646.7293549208,70419137839,70412.0592976173,0.9526518756169371
1760216400,2025-10-11,2025-10-11 21:00,1646863846354,1646698.6084548484,1416863911642,1416721.7507604787,1527815703272659335164510,1624646.7293549208,229999934712,229976.85769436983,0.8603406497621537
1760220000,2025-10-11,2025-10-11 22:00,1532650953902,1532500.101355287,1416879791323,1416740.3336569455,1527815703272659335164510,1626723.4754264376,115771162579,115759.76769834141,0.9244634518484092
1760223600,2025-10-11,2025-10-11 23:00,1533424639360,1533247.5332785246,1416902223000,1416738.574918374,1527815703272659335164510,1627976.4823017854,116522416360,116508.95836015062,0.9240116446748681
1760227200,2025-10-12,2025-10-12 00:00,1530222380523,1529928.3318127338,1416931245624,1416658.9670254022,1527815703272659335164510,1627976.4823017854,113291134899,113269.36478733148,0.9259642674548524
1760230800,2025-10-12,2025-10-12 01:00,1536956472954,1536665.8874482673,1416956496609,1416688.5989636118,1527815703272659335164510,1627577.608744006,119999976345,119977.28848465538,0.921923633846076
1760234400,2025-10-12,2025-10-12 02:00,1541174764468,1541026.732601686,1416983319710,1416847.216595552,1527815703272659335164510,1627577.608744006,124191444758,124179.5160061338,0.9194176756450656
1760238000,2025-10-12,2025-10-12 03:00,1532588785029,1532440.539079074,1417007140695,1416870.07485472,1527815703272659335164510,1627469.9122649084,115581644334,115570.46422435436,0.9245840466385685
1760241600,2025-10-12,2025-10-12 04:00,1543552086226,1543399.7219890293,1417032525211,1416892.6497371541,1527815703272659335164510,1627469.9122649084,126519561015,126507.07225187503,0.9180335006871446
1760245200,2025-10-12,2025-10-12 05:00,1551044360150,1550880.8929824561,1417053954130,1416904.6084361628,1527815703272659335164510,1627606.0705903864,133990406020,133976.28454629306,0.913612782804586
1760248800,2025-10-12,2025-10-12 06:00,1549545645281,1549393.0586738635,1417075516638,1416935.974607858,1527815703272659335164510,1627606.0705903864,132470128643,132457.08406600537,0.914510341114232
1760252400,2025-10-12,2025-10-12 07:00,1527099763768,1526948.8372470094,1417099786668,1416959.7316789464,1527815703272659335164510,1627182.4023943574,109999977100,109989.10556806302,0.9279680478578665
1760256000,2025-10-12,2025-10-12 08:00,1546014961033,1545861.9831673496,1417128078024,1416987.853489184,1527815703272659335164510,1627182.4023943574,128886883009,128874.12967816557,0.9166328358666842
1760259600,2025-10-12,2025-10-12 09:00,1463411977832,1463269.3519024972,1417163842656,1417025.724126578,1527815703272659335164510,1627972.9731826163,46248135176,46243.62777591912,0.9683970502656981
1760263200,2025-10-12,2025-10-12 10:00,1542441799068,1542289.643431046,1417194512100,1417054.7116006836,1527815703272659335164510,1627972.9731826163,125247286968,125234.93183036248,0.9187993433245397
1760266800,2025-10-12,2025-10-12 11:00,1545644411105,1545493.8885265102,1417223807235,1417085.7908968118,1527815703272659335164510,1627324.309825445,128420603870,128408.09762969866,0.9169145225464953
1760270400,2025-10-12,2025-10-12 12:00,1547259654359,1547058.7830723494,1417259692758,1417075.698573701,1527815703272659335164510,1627022.1601872584,129999961601,129983.08449864827,0.9159805135261175
1760274000,2025-10-12,2025-10-12 13:00,1552634614817,1552483.7838510564,1417316687010,1417179.0015282326,1527815703272659335164510,1627022.1601872584,135317927807,135304.7823228237,0.9128462508077284
1760277600,2025-10-12,2025-10-12 14:00,1687331812099,1687167.8764282444,1417331833365,1417194.1300139937,1527815703272659335164510,1626053.8320215927,269999978734,269973.7464142509,0.8399840643091256
1760281200,2025-10-12,2025-10-12 15:00,1708152303647,1707819.8857874605,1417376500357,1417100.669413,1527815703272659335164510,1626053.8320215927,290775803290,290719.2163744602,0.8297717348334938
1760284800,2025-10-12,2025-10-12 16:00,1544116750185,1543874.995513115,1417392066813,1417170.1527938666,1527815703272659335164510,1627176.8663464945,126724683372,126704.84271924841,0.9179306335762388
1760288400,2025-10-12,2025-10-12 17:00,1546475924220,1546321.087082745,1417415071328,1417273.1560944621,1527815703272659335164510,1627176.8663464945,129060852892,129047.93098828297,0.9165451909915153
1760292000,2025-10-12,2025-10-12 18:00,1546498014753,1546324.131249039,1417437324669,1417277.9523540617,1527815703272659335164510,1630125.8911311831,129060690084,129046.17889497722,0.9165464883544561
1760295600,2025-10-12,2025-10-12 19:00,1568383583619,1568229.1461252756,1417453903964,1417314.328396719,1527815703272659335164510,1630125.8911311831,150929679655,150914.81772855678,0.903767368371241
1760299200,2025-10-12,2025-10-12 20:00,1568835392389,1568530.188712753,1417479995334,1417204.236572003,1527815703272659335164510,1627034.1878808308,151355397055,151325.95214075016,0.9035237235281146
1760302800,2025-10-12,2025-10-12 21:00,1558163633975,1557856.7337268451,1417500697508,1417221.5026234968,1527815703272659335164510,1627034.1878808308,140662936467,140635.23110334843,0.9097251832863295
1760306400,2025-10-12,2025-10-12 22:00,1560459743203,1560310.9236364265,1417519890176,1417384.7026477193,1527815703272659335164510,1627445.1278534608,142939853027,142926.2209887073,0.9083988845917924
1760310000,2025-10-12,2025-10-12 23:00,1557430422664,1557189.4386901679,1417540500132,1417321.1615741944,1527815703272659335164510,1627445.1278534608,139889922532,139868.27711597353,0.9101790227696227
1760313600,2025-10-13,2025-10-13 00:00,1556887690252,1556738.6962690009,1417560036856,1417424.3765143107,1527815703272659335164510,1628443.374589449,139327653396,139314.31975469025,0.9105088605502121
1760317200,2025-10-13,2025-10-13 01:00,1556328325810,1556180.033479196,1417579700370,1417444.6284867846,1527815703272659335164510,1627310.982032485,138748625440,138735.4049924112,0.9108487437136458
1760320800,2025-10-13,2025-10-13 02:00,1555190359903,1554882.9787372511,1417599720794,1417319.5342226466,1527815703272659335164510,1627310.982032485,137590639109,137563.44451460446,0.9115281044324491
1760324400,2025-10-13,2025-10-13 03:00,1588290538638,1588143.3140911588,1417617009565,1417485.6053812248,1527815703272659335164510,1627571.9604489256,170673529073,170657.708709934,0.8925426268550608
1760328000,2025-10-13,2025-10-13 04:00,1588305412238,1588161.934587797,1417631883165,1417503.8231018144,1527815703272659335164510,1627571.9604489256,170673529073,170658.1114859827,0.892543633133811
1760331600,2025-10-13,2025-10-13 05:00,1571436510849,1571435.6237056928,1417650842701,1417650.042376298,1527815703272659335164510,1627996.9769886904,153785668148,153785.58132939466,0.9021368874362514
1760335200,2025-10-13,2025-10-13 06:00,1569650387399,1569500.9651369338,1417667005586,1417532.0513232343,1527815703272659335164510,1627996.9769886904,151983381813,151968.91381369947,0.9031737366275269
1760338800,2025-10-13,2025-10-13 07:00,1553611896401,1553588.0535148182,1417682880010,1417661.1231918214,1527815703272659335164510,1627856.1553579154,135929016391,135926.93032299672,0.9125077397348176
1760342400,2025-10-13,2025-10-13 08:00,1752594469697,1752298.2293396813,1417703324550,1417463.690711883,1527815703272659335164510,1627856.1553579154,334891145147,334834.53862779855,0.8089169223471884
1760346000,2025-10-13,2025-10-13 09:00,1567290536966,1566983.9248864236,1417717240603,1417439.8898367316,1527815703272659335164510,1628206.5561447118,149573296363,149544.0350496919,0.9045656865557629
1760349600,2025-10-13,2025-10-13 10:00,1547737450225,1547441.6775980454,1417737498602,1417466.568965819,1527815703272659335164510,1628206.5561447118,129999951623,129975.10863222666,0.9160064572940964
1760353200,2025-10-13,2025-10-13 11:00,1557753803448,1557457.1041753169,1417753848182,1417483.814153087,1527815703272659335164510,1628172.3975066792,139999955266,139973.2900222297,0.9101270335812257
1760356800,2025-10-13,2025-10-13 12:00,1417782735446,1417642.1857822724,1417782735446,1417642.1857822724,1527815703272659335164510,1628172.3975066792,0,0,1
1760360400,2025-10-13,2025-10-13 13:00,1569938926490,1569781.2168883388,1417829318788,1417686.889491346,1527815703272659335164510,1627191.6516407519,152109607702,152094.32739699277,0.903111130544371
1760364000,2025-10-13,2025-10-13 14:00,1417876526334,1417640.9199691818,1417876526334,1417640.9199691818,1527815703272659335164510,1628077.7021399236,0,0,1
1760367600,2025-10-13,2025-10-13 15:00,1575214138001,1574975.244625985,1417935154036,1417720.1132321318,1527815703272659335164510,1628077.7021399236,157278983965,157255.13139385305,0.9001539027801057
1760371200,2025-10-13,2025-10-13 16:00,1567705782661,1567405.0764062232,1417956604832,1417684.6224072422,1527815703272659335164510,1625575.225826634,149749177829,149720.45399898104,0.9044787743432202
1760374800,2025-10-13,2025-10-13 17:00,1523992709262,1523816.2881083414,1417973619045,1417809.4709226312,1527815703272659335164510,1625575.225826634,106019090217,106006.81718571039,0.9304333350332494
1760378400,2025-10-13,2025-10-13 18:00,1623716064645,1623537.293468579,1417993713051,1417837.5919102663,1527815703272659335164510,1627223.4112894824,205722351594,205699.70155831252,0.8733015235400914
1760382000,2025-10-13,2025-10-13 19:00,1418013811485,1417876.4864481757,1418013811485,1417876.4864481757,1527815703272659335164510,1627223.4112894824,0,0,1
1760385600,2025-10-13,2025-10-13 20:00,1574255386614,1574103.476718058,1418074829559,1417937.9905164738,1527815703272659335164510,1627350.710329259,156180557055,156165.48620158443,0.9007908383969883
1760389200,2025-10-13,2025-10-13 21:00,1578398159144,1578179.2644212774,1418091767631,1417895.1044491073,1527815703272659335164510,1627350.710329259,160306391513,160284.15997217008,0.8984372918934866
1760392800,2025-10-13,2025-10-13 22:00,1571351030380,1571191.2284376172,1418106584478,1417962.3670610613,1527815703272659335164510,1627886.3418900734,153244445902,153228.86137655596,0.9024759948991532
1760396400,2025-10-13,2025-10-13 23:00,1571367508040,1571209.7265308904,1418123062138,1417980.6679522337,1527815703272659335164510,1627886.3418900734,153244445902,153229.0585786569,0.9024770175545089
1760400000,2025-10-14,2025-10-14 00:00,1858154955950,1857968.7182199815,1418138389404,1417996.2533169913,1527815703272659335164510,1628065.6533731832,440016566546,439972.46490299026,0.7631970546175266
1760403600,2025-10-14,2025-10-14 01:00,1575335525772,1575175.9884671974,1418152252641,1418008.6335931942,1527815703272659335164510,1628065.6533731832,157183273131,157167.3548740032,0.9002223522801774
1760407200,2025-10-14,2025-10-14 02:00,1581214757906,1580994.450868211,1418194647546,1417997.053727547,1527815703272659335164510,1629523.5008933165,163020110360,162997.3971406641,0.8969019802370886
1760410800,2025-10-14,2025-10-14 03:00,11558275023687,11557107.119207887,10418275296254,10417222.582907226,10910908417576085858363939,11635747.112795334,1139999727433,1139884.5363006617,0.9013693890224331
1760414400,2025-10-14,2025-10-14 04:00,11878391842902,11878295.310243962,10418392149968,10418307.48235474,10910908417576085858363939,11635747.112795334,1459999692934,1459987.8278892231,0.8770877647207411
1760418000,2025-10-14,2025-10-14 05:00,11735214975238,11734030.223970694,10418548968061,10417497.14335055,10910908417576085858363939,11633261.57274151,1316666007177,1316533.0806201443,0.8878021399731284
1760421600,2025-10-14,2025-10-14 06:00,11908602256435,11908507.45709292,10418660809398,10418577.870849142,10910908417576085858363939,11633261.57274151,1489941447037,1489929.586243779,0.874885279149206
1760425200,2025-10-14,2025-10-14 07:00,11983313714186,11982175.147617761,10418770900831,10417780.985644538,10910908417576085858363939,11626960.361720618,1564542813355,1564394.1619732243,0.8694398852712273
1760428800,2025-10-14,2025-10-14 08:00,11973480656295,11973099.377150102,10418881100815,10418549.325770555,10910908417576085858363939,11626960.361720618,1554599555480,1554550.051379548,0.8701631046054535
1760432400,2025-10-14,2025-10-14 09:00,12044014045483,12042824.479750592,10418991061651,10417961.996533142,10910908417576085858363939,11626319.096949514,1625022983832,1624862.4832174506,0.8650762961837087
1760436000,2025-10-14,2025-10-14 10:00,12063257553074,12063222.577719804,10419100781523,10419070.573120449,10910908417576085858363939,11626319.096949514,1644156771551,1644152.0045993547,0.8637054075719348
1760439600,2025-10-14,2025-10-14 11:00,12150961951989,12149761.497497583,10419208186345,10418178.820496127,10910908417576085858363939,11627850.3278504,1731753765644,1731582.6770014535,0.8574801096006619
1760443200,2025-10-14,2025-10-14 12:00,12180416262922,12180026.65512512,10419317125453,10418983.848896386,10910908417576085858363939,11627850.3278504,1761099137469,1761042.8062287348,0.8554155211567027
1760446800,2025-10-14,2025-10-14 13:00,12907066455725,12905524.362545293,10419425009546,10418180.131455475,10910908417576085858363939,11621960.66558067,2487641446179,2487344.2310898188,0.8072651555090125
1760450400,2025-10-14,2025-10-14 14:00,12929527998388,12928253.020503234,10419528460264,10418500.992876314,10910908417576085858363939,11621960.66558067,2509999538124,2509752.027626921,0.8058707527113955
1760454000,2025-10-14,2025-10-14 15:00,12469633297448,12469612.614065016,10419633773127,10419616.490078595,10910908417576085858363939,11637294.31201984,2049999524321,2049996.1239864216,0.8356006567778904
1760457600,2025-10-14,2025-10-14 16:00,12877240581289,12875934.526414355,10419741652185,10418684.84546531,10910908417576085858363939,11627072.116153402,2457498929104,2457249.6809490453,0.8091595079247943
1760461200,2025-10-14,2025-10-14 17:00,12738415495044,12736322.270048412,10419861763429,10418149.53202139,10910908417576085858363939,11627072.116153402,2318553731615,2318172.7380270204,0.8179872738083434
1760464800,2025-10-14,2025-10-14 18:00,12662649080173,12660699.19276563,10419967213042,10418362.670206985,10910908417576085858363939,11607585.814811654,2242681867131,2242336.5225586463,0.8228899930076591
1760468400,2025-10-14,2025-10-14 19:00,12762725963189,12760719.759511063,10420075179706,10418437.222955208,10910908417576085858363939,11607585.814811654,2342650783483,2342282.536555854,0.8164458917131175
1760472000,2025-10-14,2025-10-14 20:00,12684951418855,12682806.54977563,10420179941869,10418418.017757444,10910908417576085858363939,11635743.258031782,2264771476986,2264388.5320181847,0.8214599802392915
1760475600,2025-10-14,2025-10-14 21:00,12612981218398,12610516.698476607,10420285151610,10418249.074658956,10910908417576085858363939,11623997.606447998,2192696066788,2192267.623817652,0.8261556067657018
1760479200,2025-10-14,2025-10-14 22:00,12386603003900,12385208.414335646,10420391936606,10419218.719877677,10910908417576085858363939,11626695.907172225,1966211067294,1965989.6944579687,0.841263091529217
1760482800,2025-10-14,2025-10-14 23:00,12408978790451,12407760.35180652,10420498307523,10419475.117940115,10910908417576085858363939,11626695.907172225,1988480482928,1988285.2338664045,0.8397547037103341
1760486400,2025-10-15,2025-10-15 00:00,12409085550798,12406697.634710798,10420605067870,10418599.800811594,10910908417576085858363939,11617180.656317553,1988480482928,1988097.8338992028,0.8397560823649793
1760490000,2025-10-15,2025-10-15 01:00,12481233777768,12479219.15682574,10420711768749,10419029.740791157,10910908417576085858363939,11617180.656317553,2060522009019,2060189.4160345828,0.8349103906146464
1760493600,2025-10-15,2025-10-15 02:00,12481340003563,12478918.725742277,10420817994544,10418796.441130921,10910908417576085858363939,11625686.36495257,2060522009019,2060122.284611354,0.8349117956540891
1760497200,2025-10-15,2025-10-15 03:00,12522538867557,12521196.167560928,10420924140792,10419806.781528762,10910908417576085858363939,11625686.36495257,2101614726765,2101389.3860321646,0.8321734315227564
1760500800,2025-10-15,2025-10-15 04:00,12198853030786,12196414.145752454,10421035170386,10418951.719864301,10910908417576085858363939,11633714.130968884,1777817860400,1777462.425888152,0.854263523307203
1760504400,2025-10-15,2025-10-15 05:00,12141342606966,12140392.0583245,10421143147831,10420327.274020113,10910908417576085858363939,11633714.130968884,1720199459135,1720064.7843043886,0.8583188437374258
1760508000,2025-10-15,2025-10-15 06:00,12431550934183,12429199.4720676,10421252452018,10419281.24340005,10910908417576085858363939,11641176.548404865,2010298482165,2009918.2286675496,0.8382906129083791
1760511600,2025-10-15,2025-10-15 07:00,12548814140026,12546430.355646942,10421358697518,10419379.046549033,10910908417576085858363939,11641176.548404865,2127455442508,2127051.3090979103,0.8304656186019828
1760515200,2025-10-15,2025-10-15 08:00,12288338719660,12285990.953882711,10421467120205,10419476.03219773,10910908417576085858363939,11635203.073462842,1866871599455,1866514.9216849785,0.8480777880521628
1760518800,2025-10-15,2025-10-15 09:00,12621571753999,12620334.87457258,10421571926470,10420550.64099478,10910908417576085858363939,11635203.073462842,2199999827529,2199784.2335778,0.8256952564697851
1760522400,2025-10-15,2025-10-15 10:00,12600275347045,12599206.40725432,10421677015554,10420792.896362893,10910908417576085858363939,11632597.06002492,2178598331491,2178413.510891426,0.8270991489085259
1760526000,2025-10-15,2025-10-15 11:00,12601033264257,12598636.584582534,10421782170413,10419799.977923248,10910908417576085858363939,11631867.965970762,2179251093844,2178836.606659287,0.8270577461274168
1760529600,2025-10-15,2025-10-15 12:00,11561889827390,11560765.606670387,10421890346306,10420876.973471647,10910908417576085858363939,11631867.965970762,1139999481084,1139888.6331987395,0.9014002470095025
1760533200,2025-10-15,2025-10-15 13:00,11756584671635,11753275.571640125,10422002329154,10419068.871111784,10910908417576085858363939,11629616.27214543,1334582342481,1334206.7005283402,0.8864821391793372
1760536800,2025-10-15,2025-10-15 14:00,12123368665721,12122199.70565396,10422112808347,10421107.88685834,10910908417576085858363939,11629616.27214543,1701255857374,1701091.8187956212,0.8596713583259803
1760540400,2025-10-15,2025-10-15 15:00,12113476815535,12112289.613702554,10422220958161,10421199.510726204,10910908417576085858363939,11627901.859060207,1691255857374,1691090.1029763496,0.8603822929511832
1760544000,2025-10-15,2025-10-15 16:00,12074736465587,12073542.63249124,10422325871932,10421295.413205538,10910908417576085858363939,11627901.859060207,1652410593655,1652247.2192857035,0.863151415489326
1760547600,2025-10-15,2025-10-15 17:00,12008008927270,12005701.869594842,10422434221986,10420431.795354633,10910908417576085858363939,11635154.479786057,1585574705284,1585270.0742402093,0.8679569015240166
1760551200,2025-10-15,2025-10-15 18:00,11976391503712,11974100.935829874,10422543011220,10420549.627631614,10910908417576085858363939,11635154.479786057,1553848492492,1553551.3081982592,0.8702573732655287
1760554800,2025-10-15,2025-10-15 19:00,11952463692801,11950675.375788936,10422651982131,10421092.554189656,10910908417576085858363939,11639812.791502154,1529811710670,1529582.8215992812,0.8720086711837151
1760558400,2025-10-15,2025-10-15 20:00,11577084476791,11575940.745795479,10422776723235,10421747.029375406,10910908417576085858363939,11639812.791502154,1154307753556,1154193.7164200735,0.9002937435698873
1760562000,2025-10-15,2025-10-15 21:00,11305142037281,11302960.14589297,10172887993024,10170924.62656384,10645340815772606704486550,11359682.311475229,1132254044257,1132035.519329133,0.8998461018425807
1760565600,2025-10-15,2025-10-15 22:00,11288089276279,11285936.085575754,10172997424085,10171056.935934918,10645340815772606704486550,11359682.311475229,1115091852194,1114879.1496408358,0.9012151813383267
1760569200,2025-10-15,2025-10-15 23:00,11283919455492,11282781.901106475,10173115121589,10172089.549599882,10645340815772606704486550,11360976.80234931,1110804333903,1110692.351506593,0.9015586438484936
1760572800,2025-10-16,2025-10-16 00:00,11281474223057,11279237.602677269,10173229382667,10171212.47851821,10645340815772606704486550,11343805.035315458,1108244840390,1108025.124159059,0.9017641827231252
1760576400,2025-10-16,2025-10-16 01:00,11299080902340,11297179.18392402,10173343714530,10171631.465962064,10645340815772606704486550,11343805.035315458,1125737187810,1125547.7179619551,0.9003691364333126
1760580000,2025-10-16,2025-10-16 02:00,11596544464764,11594984.055792233,10173453533173,10172084.612610908,10645340815772606704486550,11357381.82546578,1423090931591,1422899.4431813238,0.877283191047553
1760583600,2025-10-16,2025-10-16 03:00,11536201767705,11534391.73757006,10173563694466,10171967.462253917,10645340815772606704486550,11357381.82546578,1362638073239,1362424.2753161446,0.8818815672023321
1760587200,2025-10-16,2025-10-16 04:00,12113669469479,12111292.72031215,10173670131900,10171674.018164955,10645340815772606704486550,11348742.10437357,1939999337579,1939618.702147193,0.8398503985545481
1760590800,2025-10-16,2025-10-16 05:00,11497598442832,11495410.50818602,10173788844467,10171852.824070707,10645340815772606704486550,11348742.10437357,1323809598365,1323557.6841153116,0.8848620775071242
1760594400,2025-10-16,2025-10-16 06:00,11452540348542,11450332.71200286,10173896596714,10171935.43655313,10645340815772606704486550,11355401.675842725,1278643751828,1278397.275449732,0.8883528271532541
1760598000,2025-10-16,2025-10-16 07:00,11620107144598,11618716.151781002,10174003915216,10172786.029168129,10645340815772606704486550,11355401.675842725,1446103229382,1445930.122612873,0.875551644112484
1760601600,2025-10-16,2025-10-16 08:00,11789779092043,11788047.907308586,10174109787372,10172615.84389667,10645340815772606704486550,11355211.974945243,1615669304671,1615432.063411917,0.8629601715131858
1760605200,2025-10-16,2025-10-16 09:00,11498277635614,11496055.220711084,10174220990945,10172254.49291178,10645340815772606704486550,11355211.974945243,1324056644669,1323800.7277993027,0.8848473930940791
1760608800,2025-10-16,2025-10-16 10:00,11262524109479,11260391.798085421,10174334966685,10172408.679987572,10645340815772606704486550,11348110.70186743,1088189142794,1087983.118097849,0.9033796392162095
1760612400,2025-10-16,2025-10-16 11:00,11264453005948,11263332.376821415,10174453168039,10173440.976096688,10645340815772606704486550,11348110.70186743,1089999837909,1089891.4007247277,0.903235440075657
1760616000,2025-10-16,2025-10-16 12:00,11504568662438,11502322.10398425,10174569093874,10172582.251526251,10645340815772606704486550,11353274.239139752,1329999568564,1329739.852457998,0.8843937910591642
1760619600,2025-10-16,2025-10-16 13:00,11822690491107,11821512.296188693,10174678945558,10173664.983885057,10645340815772606704486550,11354369.750926785,1648011545549,1647847.312303637,0.8606060484465333
1760623200,2025-10-16,2025-10-16 14:00,11812895350758,11811719.400717245,10174784511558,10173771.632165967,10645340815772606704486550,11355703.4334101,1638110839200,1637947.7685512793,0.8613285912928292
1760626800,2025-10-16,2025-10-16 15:00,11705745617056,11704557.531640641,10174890165337,10173857.455503404,10645340815772606704486550,11355729.381010722,1530855451719,1530700.076137238,0.8692218760086117
1760630400,2025-10-16,2025-10-16 16:00,11764996005339,11762696.790605964,10174996264080,10173007.780504795,10645340815772606704486550,11355107.668526035,1589999741259,1589689.0101011682,0.8648533547705879
1760634000,2025-10-16,2025-10-16 17:00,12167391963991,12165936.491969608,10175101295590,10173884.142785653,10645340815772606704486550,11357035.963391121,1992290668401,1992052.349183955,0.8362598431695865
1760637600,2025-10-16,2025-10-16 18:00,12515203756173,12513921.656211436,10175203983767,10174161.601326358,10645340815772606704486550,11351658.699760873,2339999772406,2339760.054885078,0.8130274330330565
1760641200,2025-10-16,2025-10-16 19:00,11943202165190,11940877.331400624,10175305324339,10173324.62491618,10645340815772606704486550,11352572.150920536,1767896840851,1767552.7064844463,0.8519746365841682
1760644800,2025-10-16,2025-10-16 20:00,11961578157976,11959239.29721114,10175409816424,10173420.207154077,10645340815772606704486550,11351925.278536156,1786168341552,1785819.090057062,0.8506745248860845
1760648400,2025-10-16,2025-10-16 21:00,11929390735138,11927052.783021236,10175513799701,10173519.576814402,10645340815772606704486550,11351925.278536156,1753876935437,1753533.2062068328,0.8529784987031267
1760652000,2025-10-16,2025-10-16 22:00,11975617935986,11973248.595171124,10175618311392,10173605.09521304,10645340815772606704486550,11356465.318579616,1799999624594,1799643.499958085,0.8496946350313072
1760655600,2025-10-16,2025-10-16 23:00,11900373440170,11898019.535826102,10175722567131,10173709.800248222,10645340815772606704486550,11356465.318579616,1724650873039,1724309.7355778806,0.8550759031462493
1760659200,2025-10-17,2025-10-17 00:00,11886636212540,11884303.91266282,10175828047512,10173831.428613177,10645340815772606704486550,11357237.825601075,1710808165028,1710472.4840496453,0.856072976876069
1760662800,2025-10-17,2025-10-17 01:00,11975931984866,11973594.619675595,10175932344961,10173946.289088849,10645340815772606704486550,11357237.825601075,1799999639905,1799648.3305867463,0.8496985752608096
1760666400,2025-10-17,2025-10-17 02:00,12116035819252,12113663.3194928,10176036059655,10174043.440661354,10645340815772606704486550,11354324.08275292,1939999759597,1939619.8788314466,0.8398816421032363
1760670000,2025-10-17,2025-10-17 03:00,12234758689758,12232500.301852986,10176144476420,10174266.083703969,10645340815772606704486550,11354324.08275292,2058614213338,2058234.2181490154,0.831740513602339
1760673600,2025-10-17,2025-10-17 04:00,12146246971043,12143809.386855738,10176247202051,10174204.969637604,10645340815772606704486550,11356289.157555308,1969999768992,1969604.417218135,0.8378100022427886
1760677200,2025-10-17,2025-10-17 05:00,12028057772223,12026815.334265223,10176350284093,10175299.118218673,10645340815772606704486550,11356289.157555308,1851707488130,1851516.2160465498,0.8460509981581364
1760680800,2025-10-17,2025-10-17 06:00,12049068651398,12046685.683848895,10176457343494,10174444.725895412,10645340815772606704486550,11356893.582281193,1872611307904,1872240.957953483,0.844584559845899
1760684400,2025-10-17,2025-10-17 07:00,11878750793659,11876384.701804176,10176561773519,10174534.7354625,10645340815772606704486550,11354146.55967257,1702189020140,1701849.966341677,0.8567030279776013
1760688000,2025-10-17,2025-10-17 08:00,11296674207060,11294938.563375229,10176674318988,10175110.7543326,10645340815772606704486550,11354146.55967257,1119999888072,1119827.8090426284,0.900855785734527
1760691600,2025-10-17,2025-10-17 09:00,11380639887016,11379501.208690094,10176793590323,10175775.36161147,10645340815772606704486550,11357988.131939482,1203846296693,1203725.8470786219,0.8942198058593832
1760695200,2025-10-17,2025-10-17 10:00,10906990121864,10905887.11748624,10176990303892,10175961.123088479,10645340815772606704486550,11357988.131939482,729999817972,729925.9943977608,0.933070461253224
1760698800,2025-10-17,2025-10-17 11:00,10947194990788,10946099.957962764,10177195280279,10176177.269463435,10645340815772606704486550,11359873.74969035,769999710509,769922.688499331,0.929662373680477
1760702400,2025-10-17,2025-10-17 12:00,11196717791866,11194533.407615371,10177386544548,10175401.023139518,10645340815772606704486550,11359873.74969035,1019331247318,1019132.3844758522,0.9089616022957633
1760706000,2025-10-17,2025-10-17 13:00,10757510103831,10755394.083430916,10177510527171,10175508.593666898,10645340815772606704486550,11353619.7534589,579999576660,579885.4897640169,0.9460842173456617
1760709600,2025-10-17,2025-10-17 14:00,11127751279789,11126639.400790561,10177751726461,10176734.77091343,10645340815772606704486550,11353619.7534589,949999553328,949904.6298771326,0.9146278947613202
1760713200,2025-10-17,2025-10-17 15:00,12937906218122,12935388.54875824,10177906541944,10175925.958451135,10645340815772606704486550,11347625.191787465,2759999676178,2759462.5903071063,0.7866733898324216
1760716800,2025-10-17,2025-10-17 16:00,12708004274109,12705522.87916135,10178037952073,10176050.564328514,10645340815772606704486550,11347625.191787465,2529966322036,2529472.3148328383,0.8009155279251443
1760720400,2025-10-17,2025-10-17 17:00,12401124549809,12399995.015350027,10178142861646,10177215.803535715,10645340815772606704486550,11352429.80785693,2222981688163,2222779.211814314,0.8207435398915304
1760724000,2025-10-17,2025-10-17 18:00,13695018715236,13692790.619616954,10178244605679,10176588.667656055,10645340815772606704486550,11352429.80785693,3516774109557,3516201.951960898,0.7432077908995836
1760727600,2025-10-17,2025-10-17 19:00,12483821136994,12481404.522377897,10178341693287,10176371.372739008,10645340815772606704486550,11353731.83244654,2305479443707,2305033.14963889,0.8153226148943256
1760731200,2025-10-17,2025-10-17 20:00,12483922574070,12481501.20295431,10178443130363,10176468.928099865,10645340815772606704486550,11356023.97495296,2305479443707,2305032.274854447,0.8153241154750794
1760734800,2025-10-17,2025-10-17 21:00,12458917373490,12457679.125633596,10178544662547,10177533.05289169,10645340815772606704486550,11356023.97495296,2280372710943,2280146.0727419043,0.816968630372719
1760738400,2025-10-17,2025-10-17 22:00,12236100881120,12233686.947754102,10178646279390,10176638.239891779,10645340815772606704486550,11350777.42478909,2057454601730,2057048.7078623218,0.8318537398703045
1760742000,2025-10-17,2025-10-17 23:00,12868721958025,12866201.712347727,10178745381172,10176751.947858993,10645340815772606704486550,11352129.568218697,2689976576853,2689449.764488735,0.7909678532470338
1760745600,2025-10-18,2025-10-18 00:00,11726296423789,11724486.657356173,10178850053931,10177279.111112684,10645340815772606704486550,11352129.568218697,1547446369858,1547207.5462434879,0.8680362226969878
1760749200,2025-10-18,2025-10-18 01:00,11726402405908,11724153.784019321,10178956036050,10177004.1481176,10645340815772606704486550,11349995.929548787,1547446369858,1547149.6359017214,0.8680374153731613
1760752800,2025-10-18,2025-10-18 02:00,13205039570501,13203869.232775332,10179060594221,10178158.44329887,10645340815772606704486550,11350684.8313739,3025978976280,3025710.7894764612,0.7708466559206839
1760756400,2025-10-18,2025-10-18 03:00,13142233152086,13140938.181292452,10179157773230,10178154.76926053,10645340815772606704486550,11350684.8313739,2963075378856,2962783.4120319225,0.7745379080886503
1760760000,2025-10-18,2025-10-18 04:00,12528510963004,12526093.306562612,10179258499240,10177294.183612075,10645340815772606704486550,11351697.958663205,2349252463764,2348799.1229505357,0.812487495864336
1760763600,2025-10-18,2025-10-18 05:00,12526343913569,12523878.141819052,10179359230612,10177355.455480438,10645340815772606704486550,11351697.958663205,2346984682957,2346522.686338615,0.8126360972402602
1760767200,2025-10-18,2025-10-18 06:00,12776094679273,12774827.244617827,10179458675430,10178448.836428331,10645340815772606704486550,11350986.109054375,2596636003843,2596378.408189496,0.7967582372369554
1760770800,2025-10-18,2025-10-18 07:00,12864848564002,12862290.798442254,10179557871616,10177533.99061904,10645340815772606704486550,11350986.109054375,2685290692386,2684756.8078232147,0.7912691564905091
1760774400,2025-10-18,2025-10-18 08:00,12849491871983,12846963.626923308,10179656505885,10177653.57327671,10645340815772606704486550,11351201.541626811,2669835366098,2669310.0536465994,0.7922224946560492
1760778000,2025-10-18,2025-10-18 09:00,12746466360142,12743935.049451275,10179758456258,10177736.866063412,10645340815772606704486550,11351201.541626811,2566707903884,2566198.1833878644,0.7986337678723214
1760781600,2025-10-18,2025-10-18 10:00,12606151070962,12603652.833211025,10179857833006,10177840.428566309,10645340815772606704486550,11351584.599343479,2426293237956,2425812.4046447156,0.8075310041662983
1760785200,2025-10-18,2025-10-18 11:00,11602945195248,11601562.552698063,10179961983702,10178748.908197587,10645340815772606704486550,11351584.599343479,1422983211546,1422813.6445004765,0.8773601712667931
1760788800,2025-10-18,2025-10-18 12:00,12597950289176,12595544.081460828,10180062807150,10178118.41579226,10645340815772606704486550,11351470.291490255,2417887482026,2417425.6656685667,0.8080729462709962
1760792400,2025-10-18,2025-10-18 13:00,12584961214245,12582516.937340826,10180162698748,10178185.48672949,10645340815772606704486550,11351470.291490255,2404798515497,2404331.4506113357,0.8089149044992691
1760796000,2025-10-18,2025-10-18 14:00,12563083105825,12561623.75103444,10180262620155,10179080.058923913,10645340815772606704486550,11351369.021611778,2382820485670,2382543.692110528,0.8103315511329237
1760799600,2025-10-18,2025-10-18 15:00,12525536503184,12523190.489443235,10180362636527,10178455.87024795,10645340815772606704486550,11351949.388416173,2345173866657,2344734.6191952834,0.8127685895082534
1760803200,2025-10-18,2025-10-18 16:00,11997005763860,11994721.638641434,10180462806987,10178524.535697328,10645340815772606704486550,11351949.388416173,1816542956873,1816197.1029441052,0.848583638898867
1760806800,2025-10-18,2025-10-18 17:00,11958955737588,11956698.596890757,10180565867822,10178644.381527927,10645340815772606704486550,11351248.008117806,1778389869766,1778054.215362832,0.851292210725693
1760810400,2025-10-18,2025-10-18 18:00,11799226936886,11796975.148080869,10180669826486,10178726.926458173,10645340815772606704486550,11351248.008117806,1618557110400,1618248.2216226961,0.8628251563379827
1760814000,2025-10-18,2025-10-18 19:00,12082494836566,12080166.43425477,10180776325027,10178814.400486914,10645340815772606704486550,11352184.430094797,1901718511539,1901352.033767855,0.8426054769927389
1760817600,2025-10-18,2025-10-18 20:00,12006202600793,12003885.920706738,10180879060120,10178914.588874307,10645340815772606704486550,11352184.430094797,1825323540673,1824971.331832431,0.8479682876122348
1760821200,2025-10-18,2025-10-18 21:00,11922212965925,11920538.091037422,10180982250314,10179551.989711318,10645340815772606704486550,11352561.851679664,1741230715611,1740986.1013261024,0.8539507119535921
1760824800,2025-10-18,2025-10-18 22:00,11906350667853,11903982.514908014,10181085906906,10179060.906194516,10645340815772606704486550,11352561.851679664,1725264760947,1724921.6087134993,0.8550970982565469
1760828400,2025-10-18,2025-10-18 23:00,11906454381468,11904135.24620989,10181189620521,10179206.531764098,10645340815772606704486550,11353815.410228651,1725264760947,1724928.714445792,0.8550983604630177
1760832000,2025-10-19,2025-10-19 00:00,11918644485763,11916323.905140521,10181293300208,10179310.984855574,10645340815772606704486550,11352677.195014402,1737351185555,1737012.9202849474,0.8542324852771394
1760835600,2025-10-19,2025-10-19 01:00,12156292604074,12153913.54013961,10181396662207,10179404.0979944,10645340815772606704486550,11352677.195014402,1974895941867,1974509.4421452102,0.8375412630981635
1760839200,2025-10-19,2025-10-19 02:00,12087610073440,12085241.84415943,10181498771892,10179503.991834968,10645340815772606704486550,11354241.18169475,1906111301548,1905737.8523244623,0.842308670616677
1760842800,2025-10-19,2025-10-19 03:00,12091600833512,12089236.127063662,10181601201486,10179610.026095157,10645340815772606704486550,11354241.18169475,1909999632026,1909626.1009685025,0.8420391428459649
1760846400,2025-10-19,2025-10-19 04:00,12021707687898,12019966.629624614,10181708981945,10180234.403697014,10645340815772606704486550,11355805.485411277,1839998705953,1839732.2259276004,0.8469436494612751
1760850000,2025-10-19,2025-10-19 05:00,11955419081066,11953098.19710077,10181812062954,10179835.486123554,10645340815772606704486550,11355805.485411277,1773607018112,1773262.7109772153,0.851648277146479
1760853600,2025-10-19,2025-10-19 06:00,12354164974694,12351715.916471535,10181913719878,10179895.283215774,10645340815772606704486550,11352907.175021723,2172251254816,2171820.6332557597,0.824168508412702
1760857200,2025-10-19,2025-10-19 07:00,12354570536316,12352704.260526806,10182014389290,10180476.298841279,10645340815772606704486550,11352907.175021723,2172556147026,2172227.961685527,0.8241496019113075
1760860800,2025-10-19,2025-10-19 08:00,12354671156624,12352225.804237133,10182115009598,10180099.669899644,10645340815772606704486550,11352955.595151385,2172556147026,2172126.1343374886,0.8241510340919778
1760864400,2025-10-19,2025-10-19 09:00,12382215058426,12379754.920485057,10182215582042,10180192.547006827,10645340815772606704486550,11352955.595151385,2199999476384,2199562.37347823,0.8223258547842037
1760868000,2025-10-19,2025-10-19 10:00,12032282337338,12030870.1266546,10182315958980,10181120.876037639,10645340815772606704486550,11347278.556864602,1849966378358,1849749.2506169612,0.846249753247788
1760871600,2025-10-19,2025-10-19 11:00,12091649189731,12089249.44169814,10182417257726,10180396.422073182,10645340815772606704486550,11347278.556864602,1909231932005,1908853.019624959,0.8421032646542176
1760875200,2025-10-19,2025-10-19 12:00,12082140161604,12079755.316313127,10182519311924,10180509.425189907,10645340815772606704486550,11352066.813696777,1899620849680,1899245.8911232206,0.8427744733737793
1760878800,2025-10-19,2025-10-19 13:00,11992624044749,11990225.575470777,10182625952111,10180589.474070277,10645340815772606704486550,11354340.937116196,1809998092638,1809636.1014004997,0.8490740570300366
1760882400,2025-10-19,2025-10-19 14:00,11871369173871,11869052.304734146,10182728562561,10180741.25602626,10645340815772606704486550,11354340.937116196,1688640611310,1688311.0487078875,0.8577551934761902
1760886000,2025-10-19,2025-10-19 15:00,11782736961249,11780380.413856748,10182831413603,10180794.84732028,10645340815772606704486550,11354731.68828344,1599905547646,1599585.5665364708,0.8642161364623719
1760889600,2025-10-19,2025-10-19 16:00,11876173889610,11874991.618801884,10182932421874,10181918.712925706,10645340815772606704486550,11354731.68828344,1693241467736,1693072.9058761785,0.8574253388780918
1760893200,2025-10-19,2025-10-19 17:00,11961563699598,11959688.453680845,10183035628003,10181439.206626562,10645340815772606704486550,11352429.433891965,1778528071595,1778249.2470542826,0.8513130794383704
1760896800,2025-10-19,2025-10-19 18:00,12052533699033,12050262.81210577,10183138223353,10181219.559937734,10645340815772606704486550,11352429.433891965,1869395475680,1869043.2521680354,0.8448960590062499
1760900400,2025-10-19,2025-10-19 19:00,12318780339812,12316741.761277825,10183237851457,10181552.674067702,10645340815772606704486550,11353681.627512103,2135542488355,2135189.087210123,0.8266433502793028
1760904000,2025-10-19,2025-10-19 20:00,12312876059818,12311708.075706422,10183338267353,10182372.288548267,10645340815772606704486550,11353681.627512103,2129537792465,2129335.7871581553,0.8270478983042344
1760907600,2025-10-19,2025-10-19 21:00,12311646786098,12310510.581300111,10183438644647,10182498.845768096,10645340815772606704486550,11358468.50041091,2128208141451,2128011.7355320165,0.8271386291024756
1760911200,2025-10-19,2025-10-19 22:00,12446819631503,12444372.382384006,10183539669927,10181537.418811992,10645340815772606704486550,11358468.50041091,2263279961576,2262834.9635720127,0.818163994612116
1760914800,2025-10-19,2025-10-19 23:00,12059748867524,12057595.28064203,10183650081100,10181831.521238916,10645340815772606704486550,11349375.24531847,1876098786424,1875763.7594031137,0.844433013735784
1760918400,2025-10-20,2025-10-20 00:00,12129873431279,12127703.997400805,10183753828032,10181932.458609896,10645340815772606704486550,11349375.24531847,1946119603247,1945771.5387909096,0.8395597765902
1760922000,2025-10-20,2025-10-20 01:00,11808926114879,11806639.59956769,10183856720888,10181884.86128841,10645340815772606704486550,11355570.48413144,1625069393991,1624754.7382792823,0.8623863526469654
1760925600,2025-10-20,2025-10-20 02:00,12246268605027,12244586.563263094,10183958261274,10182559.4806601,10645340815772606704486550,11357109.924405377,2062310343753,2062027.0826029952,0.8315968389827382
1760929200,2025-10-20,2025-10-20 03:00,11922392326669,11921292.932512768,10184060581707,10183121.483547548,10645340815772606704486550,11357109.924405377,1738331744962,1738171.4489652202,0.8541960625575494
1760932800,2025-10-20,2025-10-20 04:00,11765251842507,11763025.105932131,10184163255517,10182235.761816988,10645340815772606704486550,11354600.33966133,1581088586990,1580789.3441151439,0.8656137065185768
1760936400,2025-10-20,2025-10-20 05:00,11832504289926,11830178.90287233,10184266814169,10182265.347563073,10645340815772606704486550,11354600.33966133,1648237475757,1647913.5553092582,0.860702566813326
1760940000,2025-10-20,2025-10-20 06:00,12002733382840,12000561.744869763,10184367636799,10182524.993231282,10645340815772606704486550,11359281.536411494,1818365746041,1818036.751638481,0.8485040292038253
1760943600,2025-10-20,2025-10-20 07:00,12047028781303,12044619.37554674,10184469566237,10182432.672323754,10645340815772606704486550,11359281.536411494,1862559215066,1862186.703222987,0.845392648355195
1760947200,2025-10-20,2025-10-20 08:00,12056955908804,12054544.517622238,10184571215212,10182534.300968958,10645340815772606704486550,11354277.308641205,1872384693592,1872010.2166532816,0.8447050227475094
1760950800,2025-10-20,2025-10-20 09:00,11928839457468,11926453.689576507,10184672861718,10182635.927145658,10645340815772606704486550,11354277.308641205,1744166595750,1743817.7624308504,0.8537857264347646
1760954400,2025-10-20,2025-10-20 10:00,12673609860100,12671075.138127979,10184779354538,10182742.398667092,10645340815772606704486550,11353167.993392872,2488830505562,2488332.739460888,0.803621025656035
1760958000,2025-10-20,2025-10-20 11:00,12011479415402,12009186.055372002,10184877823526,10182933.217794841,10645340815772606704486550,11353167.993392872,1826601591876,1826252.8375771604,0.8479286748363571
1760961600,2025-10-20,2025-10-20 12:00,12058507626826,12056501.386682684,10184979545691,10183285.014704598,10645340815772606704486550,11353235.998500925,1873528081135,1873216.3719780857,0.8446301864944672
1760965200,2025-10-20,2025-10-20 13:00,12136163122274,12133809.05783777,10185080902939,10183105.291990781,10645340815772606704486550,11352719.657397926,1951082219335,1950703.765846989,0.8392340149289771
1760968800,2025-10-20,2025-10-20 14:00,12656731130017,12653998.764906757,10185181356216,10182982.555127999,10645340815772606704486550,11353118.289374633,2471549773801,2471016.209778758,0.8047244783497522
1760972400,2025-10-20,2025-10-20 15:00,13115896234544,13113321.479862103,10185279061718,10183279.610480996,10645340815772606704486550,11354011.213132115,2930617172826,2930041.8693811083,0.7765598994975665
1760976000,2025-10-20,2025-10-20 16:00,13305243992921,13302654.375785299,10185371669200,10183389.27691752,10645340815772606704486550,11354011.213132115,3119872323721,3119265.098867776,0.7655155872841629
1760979600,2025-10-20,2025-10-20 17:00,13394688861747,13392045.819763474,10185464556926,10183454.759556048,10645340815772606704486550,11358777.225397212,3209224304821,3208591.0602074265,0.7604106868069171
1760983200,2025-10-20,2025-10-20 18:00,13409808556827,13407133.178985493,10185558181896,10183526.071105773,10645340815772606704486550,11358777.225397212,3224250374931,3223607.107879722,0.759560297876921
1760986800,2025-10-20,2025-10-20 19:00,13409901911200,13407301.727511844,10154635212718,10152666.226142697,10611248199699926864619212,11321104.88799803,3255266698482,3254635.5013691466,0.757249029855827
1760990400,2025-10-20,2025-10-20 20:00,13152070496266,13149523.42816329,10154728139743,10152761.545650931,10611248199699926864619212,11321104.88799803,2997342356523,2996761.882512359,0.7721011032161077
1760994000,2025-10-20,2025-10-20 21:00,13152164620689,13150877.7253639,10154822264166,10153828.648766873,10611248199699926864619212,11324000.218946235,2997342356523,2997049.076597028,0.7721027341911435
1760997600,2025-10-20,2025-10-20 22:00,13020400621474,13019134.786116619,10154916892262,10153929.637474135,10611248199699926864619212,11324000.218946235,2865483729212,2865205.1486424855,0.7799235359558693
1761001200,2025-10-20,2025-10-20 23:00,13020495287039,13019289.067638282,10155011557827,10154070.79699682,10611248199699926864619212,11323023.18000632,2865483729212,2865218.27064146,0.7799251360227141
1761004800,2025-10-21,2025-10-21 00:00,13020589881430,13019291.314098848,10155106152218,10154093.364839414,10611248199699926864619212,11323023.18000632,2865483729212,2865197.9492594334,0.7799267348633137
1761008400,2025-10-21,2025-10-21 01:00,13194990715291,13193398.575904982,10155200579090,10153975.228109179,10611248199699926864619212,11323897.099917863,3039790136201,3039423.347795801,0.7696254433374976
1761012000,2025-10-21,2025-10-21 02:00,13195084263081,13192445.246228382,10155294126880,10153263.068054622,10611248199699926864619212,11323897.099917863,3039790136201,3039182.1781737595,0.7696270765995684
1761015600,2025-10-21,2025-10-21 03:00,13217953894975,13216637.158593088,10155387475202,10154375.82330283,10611248199699926864619212,11329212.868112605,3062566419773,3062261.3352902597,0.7683025342570396
1761019200,2025-10-21,2025-10-21 04:00,13190627782101,13188102.292340577,10155480774827,10153536.397111801,10611248199699926864619212,11327043.650358284,3035147007274,3034565.8952287757,0.7699012467478964
1761022800,2025-10-21,2025-10-21 05:00,13190721123352,13189453.089792332,10155574116078,10154597.853394827,10611248199699926864619212,11327043.650358284,3035147007274,3034855.2363975057,0.7699028749913626
1761026400,2025-10-21,2025-10-21 06:00,13157580399665,13154886.179523217,10155667413070,10153587.881509757,10611248199699926864619212,11313563.817413293,3001912986595,3001298.2980134604,0.7718491625807257
1761030000,2025-10-21,2025-10-21 07:00,13460392368973,13457772.070084685,10155773786968,10153796.789415885,10611248199699926864619212,11313563.817413293,3304618582005,3303975.2806688,0.7544931461565458
1761033600,2025-10-21,2025-10-21 08:00,13500113798170,13498768.14154881,10155863395892,10154851.085549517,10611248199699926864619212,11330951.968551002,3344250402278,3343917.055999293,0.7522798361350608
1761037200,2025-10-21,2025-10-21 09:00,13445492187506,13442823.143816033,10155955374097,10153939.331230829,10611248199699926864619212,11330951.968551002,3289536813409,3288883.8125852076,0.7553427745496928
1761040800,2025-10-21,2025-10-21 10:00,13445583893515,13442881.772087365,10156047080106,10154006.047700671,10611248199699926864619212,11315424.334498523,3289536813409,3288875.7243866934,0.7553444432416512
1761044400,2025-10-21,2025-10-21 11:00,13468598907200,13466036.607756576,10156138592849,10154206.464017851,10611248199699926864619212,11315424.334498523,3312460314351,3311830.143738726,0.7540605123684962
1761048000,2025-10-21,2025-10-21 12:00,13405905720103,13403358.089773493,10156229962309,10154299.893574694,10611248199699926864619212,11325560.789805979,3249675757794,3249058.1961987996,0.7575937183475111
1761051600,2025-10-21,2025-10-21 13:00,13414245790301,13411690.13799203,10156322728274,10154387.768229514,10611248199699926864619212,11325560.789805979,3257923062027,3257302.3697625166,0.7571296133262595
1761055200,2025-10-21,2025-10-21 14:00,13286046455790,13283787.275244819,10156414796201,10154687.783218415,10611248199699926864619212,11319907.589400541,3129631659589,3129099.492026403,0.7644422161247886
1761058800,2025-10-21,2025-10-21 15:00,13259753386166,13257200.664665764,10156506903836,10154551.608531054,10611248199699926864619212,11320589.856461843,3103246482330,3102649.05613471,0.7659649925640668
1761062400,2025-10-21,2025-10-21 16:00,13030610946839,13028126.977949478,10156599053704,10154662.945245564,10611248199699926864619212,11314569.989851028,2874011893135,2873464.032703913,0.7794415085478256
1761066000,2025-10-21,2025-10-21 17:00,13251280457703,13249925.146624899,10156691369497,10155652.566011263,10611248199699926864619212,11333346.652071208,3094589088206,3094272.5806136355,0.7664686746247901
1761069600,2025-10-21,2025-10-21 18:00,13217027229554,13214513.17609937,10156783429747,10154851.47515343,10611248199699926864619212,11333346.652071208,3060243799807,3059661.700945941,0.768462018980779
1761073200,2025-10-21,2025-10-21 19:00,13217119361210,13214616.550355127,10156875561403,10154952.242280887,10611248199699926864619212,11327746.348204644,3060243799807,3059664.3080742406,0.768463632946503
1761076800,2025-10-21,2025-10-21 20:00,13417854763242,13415192.815297052,10156967461707,10154952.436269725,10611248199699926864619212,11327746.348204644,3260887301535,3260240.379027327,0.7569740201341164
1761080400,2025-10-21,2025-10-21 21:00,13417945749660,13415410.903978923,10157058448125,10155139.631622083,10611248199699926864619212,11320206.455508087,3260887301535,3260271.272356839,0.7569756680811123
1761084000,2025-10-21,2025-10-21 22:00,11720146574537,11717934.601101318,10157156621011,10155239.634693053,10611248199699926864619212,11320206.455508087,1562989953526,1562694.9664082665,0.8666407503024129
1761087600,2025-10-21,2025-10-21 23:00,13008996041464,13007657.08624777,10157243382052,10156197.944420569,10611248199699926864619212,11334096.608215345,2851752659412,2851459.141827204,0.7807861075272439
1761091200,2025-10-22,2025-10-22 00:00,12919224283077,12916825.08766828,10157338083167,10155451.79043301,10611248199699926864619212,11334096.608215345,2761886199910,2761373.2972352696,0.7862188828529111
1761094800,2025-10-22,2025-10-22 01:00,12919317495678,12917639.613004722,10157431295768,10156112.110139048,10611248199699926864619212,11329429.389000945,2761886199910,2761527.502865675,0.7862204252791252
1761098400,2025-10-22,2025-10-22 02:00,12917523497832,12915036.97926429,10157524443476,10155569.202354517,10611248199699926864619212,11329429.389000945,2759999054356,2759467.776909772,0.7863368272703958
1761102000,2025-10-22,2025-10-22 03:00,12989449399968,12986936.83556307,10157617532174,10155652.732322644,10611248199699926864619212,11327383.463127295,2831831867794,2831284.1032404243,0.7819898457127077
1761105600,2025-10-22,2025-10-22 04:00,13022132056323,13019527.9100451,10157710154508,10155678.830990743,10611248199699926864619212,11327383.463127295,2864421901815,2863849.0790543584,0.7800343377393292
1761109200,2025-10-22,2025-10-22 05:00,13082203923344,13079649.017271742,10157802321691,10155818.540442478,10611248199699926864619212,11329188.783632884,2924401601653,2923830.4768292652,0.776459561493712
1761112800,2025-10-22,2025-10-22 06:00,13029060046082,13025273.466405641,10157894404653,10154942.259496618,10611248199699926864619212,11323096.075572954,2871165641429,2870331.206909024,0.7796337087039218
1761116400,2025-10-22,2025-10-22 07:00,13021457939739,13018718.91724888,10157986648359,10155849.947997723,10611248199699926864619212,11323096.075572954,2863471291380,2862868.969251157,0.7800959535689753
1761120000,2025-10-22,2025-10-22 08:00,12925995722928,12923428.00188795,10158078954198,10156061.07382605,10611248199699926864619212,11320867.850726826,2767916768730,2767366.9280618983,0.7858643289027013
1761123600,2025-10-22,2025-10-22 09:00,12878085693281,12874457.721499132,10158171594967,10155309.868404554,10611248199699926864619212,11320867.850726826,2719914098314,2719147.8530945773,0.7887951545676478
1761127200,2025-10-22,2025-10-22 10:00,12878178510252,12874948.975079758,10158264411938,10155716.965326574,10611248199699926864619212,11336168.21363243,2719914098314,2719232.0097531844,0.7887966767855606
1761130800,2025-10-22,2025-10-22 11:00,12878271262639,12875755.598994428,10158357164325,10156372.813375585,10611248199699926864619212,11336168.21363243,2719914098314,2719382.7856188454,0.7887981979223632
1761134400,2025-10-22,2025-10-22 12:00,13035591426961,13033068.401556112,10158449689971,10156483.532410318,10611248199699926864619212,11342446.338106092,2877141736990,2876584.8691457934,0.7792856769782366
1761138000,2025-10-22,2025-10-22 13:00,13211879096530,13209208.92141983,10158541885936,10156488.80283546,10611248199699926864619212,11342446.338106092,3053337210594,3052720.1185843684,0.7688945540384232
1761141600,2025-10-22,2025-10-22 14:00,13211969953940,13210624.660814587,10158632743346,10157598.352650223,10611248199699926864619212,11333607.455037808,3053337210594,3053026.308164362,0.7688961433277064
1761145200,2025-10-22,2025-10-22 15:00,13122242563904,13119650.652488593,10158723541089,10156716.985320512,10611248199699926864619212,11333607.455037808,2963519022815,2962933.6671680817,0.7741606277750955
1761148800,2025-10-22,2025-10-22 16:00,13122333720483,13119738.254346004,10158814697668,10156805.38590216,10611248199699926864619212,11342369.408475414,2963519022815,2962932.8684438416,0.7741621966076686
1761152400,2025-10-22,2025-10-22 17:00,13623652976215,13622293.528221404,10158904406078,10157890.691016695,10611248199699926864619212,11342369.408475414,3464748570137,3464402.8372047087,0.7456813839734491
1761156000,2025-10-22,2025-10-22 18:00,13758786514258,13756722.021414725,10158992930722,10157468.583485518,10611248199699926864619212,11337862.334033709,3599793583536,3599253.4379292075,0.7383640207073789
1761159600,2025-10-22,2025-10-22 19:00,13629662847228,13626992.354275145,10159080890912,10157090.397513099,10611248199699926864619212,11331573.260492772,3470581956316,3469901.9567620466,0.7453655313989042
1761163200,2025-10-22,2025-10-22 20:00,13629751227497,13627083.978922153,10159169271181,10157181.191625629,10611248199699926864619212,11331431.364409983,3470581956316,3469902.7872965243,0.7453671825415007
1761166800,2025-10-22,2025-10-22 21:00,13378740427337,13377395.71766245,10159259538579,10158238.42193039,10611248199699926864619212,11330538.67279345,3219480888758,3219157.2957320604,0.7593584458683732
1761170400,2025-10-22,2025-10-22 22:00,13277156943753,13275495.077921007,10159345231977,10158073.61420612,10611248199699926864619212,11330538.67279345,3117811711776,3117421.4637148874,0.7651747490080734
1761174000,2025-10-22,2025-10-22 23:00,14032573815182,14029776.581544263,10159431754288,10157406.587371532,10611248199699926864619212,11334641.005178938,3873142060894,3872369.99417273,0.72398919030067
1761177600,2025-10-23,2025-10-23 00:00,14032660032396,14029894.701529419,10159517971502,10157515.897157485,10611248199699926864619212,11334641.005178938,3873142060894,3872378.8043719353,0.7239908861219179
1761181200,2025-10-23,2025-10-23 01:00,13409604781511,13406978.488522781,10159605255508,10157615.480232714,10611248199699926864619212,11318368.144538857,3249999526003,3249363.0082900673,0.7576364420162435
1761184800,2025-10-23,2025-10-23 02:00,13290704215234,13288104.908371128,10159696986134,10157710.020682577,10611248199699926864619212,11318368.144538857,3131007229100,3130394.8876885516,0.7644212693025556
1761188400,2025-10-23,2025-10-23 03:00,13281506150283,13278900.325780114,10159786377258,10157793.032528391,10611248199699926864619212,11332826.401250202,3121719773025,3121107.293251724,0.7649573973236098
1761192000,2025-10-23,2025-10-23 04:00,12938116948823,12936772.160684545,10159875842290,10158819.824588588,10611248199699926864619212,11332826.401250202,2778241106533,2777952.336095956,0.7852669660104022
1761195600,2025-10-23,2025-10-23 05:00,12901684549530,12899174.3277967,10159966833021,10157990.05475953,10611248199699926864619212,11330793.586495094,2741717716509,2741184.27303717,0.7874914933795308
1761199200,2025-10-23,2025-10-23 06:00,12901775655681,12900243.503181087,10160057939172,10158851.37981256,10611248199699926864619212,11330793.586495094,2741717716509,2741392.1233685277,0.7874929940126693
1761202800,2025-10-23,2025-10-23 07:00,12901866697713,12900069.863168834,10160148981204,10158733.983894615,10611248199699926864619212,11325821.081993364,2741717716509,2741335.8792742183,0.787494493568516
1761206400,2025-10-23,2025-10-23 08:00,12833654310041,12832367.906982716,10160240024892,10159221.596038835,10611248199699926864619212,11333003.651286155,2673414285149,2673146.310943884,0.7916872139015517
1761210000,2025-10-23,2025-10-23 09:00,11200348865545,11198419.704924472,10160350835209,10158600.805012858,10611248199699926864619212,11333003.651286155,1039998030336,1039818.8999116144,0.9071459252903017
1761213600,2025-10-23,2025-10-23 10:00,12336102956371,12333781.061998185,10160445004820,10158532.611565387,10611248199699926864619212,11343068.643338716,2175657951551,2175248.4504327993,0.8236349064817606
1761217200,2025-10-23,2025-10-23 11:00,12336196854776,12334975.556491518,10160538903225,10159532.997687174,10611248199699926864619212,11343068.643338716,2175657951551,2175442.5588043435,0.8236362489052947
1761220800,2025-10-23,2025-10-23 12:00,12308019670631,12306533.153317735,10160632776164,10159405.612335889,10611248199699926864619212,11331431.54769748,2147386894467,2147127.5409818473,0.8255294554337588
1761224400,2025-10-23,2025-10-23 13:00,11930807570030,11928357.379347663,10160727115584,10158640.44049866,10611248199699926864619212,11331431.54769748,1770080454446,1769716.9388490035,0.8516378338971442
1761228000,2025-10-23,2025-10-23 14:00,11930479214507,11929292.499045195,10160823264147,10159812.574982263,10611248199699926864619212,11323127.862996101,1769655950360,1769479.9240629326,0.8516693320911899
1761231600,2025-10-23,2025-10-23 15:00,11824842584268,11823226.515764702,10160920710947,10159532.046040177,10611248199699926864619212,11323127.862996101,1663921873321,1663694.469724524,0.8592859176379469
1761235200,2025-10-23,2025-10-23 16:00,11721016977383,11719846.853983492,10161017420637,10160003.033893116,10611248199699926864619212,11331586.87370414,1559999556746,1559843.8200903756,0.8669057847321446
1761238800,2025-10-23,2025-10-23 17:00,11721114298596,11719951.237652766,10161114741850,10160106.476305027,10611248199699926864619212,11331586.87370414,1559999556746,1559844.761347739,0.8669068898225092
1761242400,2025-10-23,2025-10-23 18:00,11584231741679,11583087.853231262,10161212103730,10160208.73178444,10611248199699926864619212,11334789.061683357,1423019637949,1422879.1214468228,0.8771589113821759
1761246000,2025-10-23,2025-10-23 19:00,11406242045074,11404479.61582631,10161339011954,10159768.938217219,10611248199699926864619212,11334789.061683357,1244903033120,1244710.6776090933,0.8908577401566159
1761249600,2025-10-23,2025-10-23 20:00,11301580184256,11299359.06371858,10161449581855,10159452.533301767,10611248199699926864619212,11333113.536156993,1140130602401,1139906.530416813,0.8991175938397276
1761253200,2025-10-23,2025-10-23 21:00,11151583419224,11150278.364613153,10161583797088,10160394.600783821,10611248199699926864619212,11331184.423289618,989999622136,989883.7638293331,0.9112234034469617
1761256800,2025-10-23,2025-10-23 22:00,11151716875483,11150417.340141876,10161717384441,10160533.216028633,10611248199699926864619212,11331184.423289618,989999491042,989884.1241132418,0.9112244776211537
1761260400,2025-10-23,2025-10-23 23:00,11151850763209,11149652.648435233,10161851071309,10159848.093019303,10611248199699926864619212,11323496.222116679,989999691900,989804.5554159315,0.9112255254377953
1761264000,2025-10-24,2025-10-24 00:00,11639728630241,11638382.97314648,10161984360353,10160809.54375862,10611248199699926864619212,11323496.222116679,1477744269888,1477573.429387862,0.8730430651064583
1761267600,2025-10-24,2025-10-24 01:00,11290506289974,11288484.500155885,10162118539954,10160298.810416024,10611248199699926864619212,11321748.401101988,1128387750020,1128185.6897398597,0.9000587111826853
1761271200,2025-10-24,2025-10-24 02:00,11511601367072,11509308.332429675,10162229208303,10160204.959645074,10611248199699926864619212,11321748.401101988,1349372158769,1349103.372784602,0.8827815422249793
1761274800,2025-10-24,2025-10-24 03:00,11587696812333,11585429.991912637,10162328210502,10160340.225013679,10611248199699926864619212,11331847.612508707,1425368601831,1425089.7668989594,0.8769929326840901
1761278400,2025-10-24,2025-10-24 04:00,11985229774092,11982852.249350345,10162425521350,10160409.588525377,10611248199699926864619212,11331847.612508707,1822804252742,1822442.6608249675,0.847912448313483
1761282000,2025-10-24,2025-10-24 05:00,12039868836590,12038633.811702257,10162521563695,10161479.11321454,10611248199699926864619212,11328170.274481371,1877347272895,1877154.6984877177,0.8440724480993006
1761285600,2025-10-24,2025-10-24 06:00,11935301096829,11934123.213499414,10162617451927,10161614.513033003,10611248199699926864619212,11328170.274481371,1772683644902,1772508.7004664117,0.8514755823484863
1761289200,2025-10-24,2025-10-24 07:00,11734459560907,11732174.50510471,10162714555148,10160735.56585235,10611248199699926864619212,11331215.069286766,1571745005759,1571438.9392523586,0.8660573162657426
1761292800,2025-10-24,2025-10-24 08:00,11809767773285,11808605.430073667,10162812085625,10161811.839399794,10611248199699926864619212,11331215.069286766,1646955687660,1646793.5906738723,0.860542923512383
1761296400,2025-10-24,2025-10-24 09:00,11520058830832,11518820.645794777,10162909128137,10161816.81062353,10611248199699926864619212,11325363.954118198,1357149702695,1357003.8351712464,0.8821924677100816
1761300000,2025-10-24,2025-10-24 10:00,11573036991290,11571232.316749034,10163007893049,10161423.095418263,10611248199699926864619212,11325784.210369408,1410029098241,1409809.2213307705,0.878162568796574
1761303600,2025-10-24,2025-10-24 11:00,11573135441535,11571997.377038013,10163106343294,10162106.936472328,10611248199699926864619212,11325784.210369408,1410029098241,1409890.4405656853,0.8781636052421433
1761307200,2025-10-24,2025-10-24 12:00,11824767795896,11822432.866524601,10163203240181,10161196.404853443,10611248199699926864619212,11335163.535210975,1661564555715,1661236.461671161,0.8594843819012095
1761310800,2025-10-24,2025-10-24 13:00,11886255916857,11883938.677691719,10163302963568,10161321.616048602,10611248199699926864619212,11335163.535210975,1722952953289,1722617.061643117,0.8550466214642476
1761314400,2025-10-24,2025-10-24 14:00,11912178487169,11909840.028338842,10163402412411,10161407.252739633,10611248199699926864619212,11321835.178846903,1748776074758,1748432.7755992115,0.8531942686518956
1761318000,2025-10-24,2025-10-24 15:00,12586533737930,12584059.602149392,10163496204146,10161498.365015836,10611248199699926864619212,11321835.178846903,2423037533784,2422561.237133555,0.8074896882465675
1761321600,2025-10-24,2025-10-24 16:00,12354949710264,12353116.733627658,10163588639207,10162080.772242429,10611248199699926864619212,11325513.304221384,2191361071057,2191035.9613852305,0.8226329428733729
1761325200,2025-10-24,2025-10-24 17:00,11954646648237,11953430.700591238,10163691333503,10162657.549994975,10611248199699926864619212,11325513.304221384,1790955314734,1790773.150596264,0.8501875155801347
1761328800,2025-10-24,2025-10-24 18:00,11818951146151,11816691.984158946,10163792775908,10161849.99316438,10611248199699926864619212,11332318.539014261,1655158370243,1654841.9909945673,0.8599572542626149
1761332400,2025-10-24,2025-10-24 19:00,11786458799831,11784119.708120925,10163889529871,10161872.44652602,10611248199699926864619212,11332318.539014261,1622569269960,1622247.2615949058,0.8623361522306203
1761336000,2025-10-24,2025-10-24 20:00,11673754262554,11671434.654598335,10163987083645,10161967.470693566,10611248199699926864619212,11328642.439083654,1509767178909,1509467.183904768,0.8706699537310039
1761339600,2025-10-24,2025-10-24 21:00,12644084325947,12642572.286147289,10164084678690,10162869.209054902,10611248199699926864619212,11328642.439083654,2479999647257,2479703.0770923877,0.8038608741189919
1761343200,2025-10-24,2025-10-24 22:00,11894402453468,11892103.670093257,10164176675299,10162212.285708977,10611248199699926864619212,11328904.472169288,1730225778169,1729891.3843842794,0.8545344513994879
1761346800,2025-10-24,2025-10-24 23:00,11887251904147,11884924.072547363,10164272840118,10162282.412414832,10611248199699926864619212,11333495.170272872,1722979064029,1722641.6601325318,0.855056570019525
1761350400,2025-10-25,2025-10-25 00:00,11837716751597,11836542.482863324,10164369074434,10163360.79715789,10611248199699926864619212,11333495.170272872,1673347677163,1673181.6857054331,0.8586427000851112
1761354000,2025-10-25,2025-10-25 01:00,11860975061761,11859812.754688501,10164465505000,10163469.446068665,10611248199699926864619212,11334736.912631767,1696509556761,1696343.3086198382,0.8569671086966167
1761357600,2025-10-25,2025-10-25 02:00,11861071349242,11859824.526399076,10164561792481,10163493.304866515,10611248199699926864619212,11334736.912631767,1696509556761,1696331.2215325602,0.8569682698292328
1761361200,2025-10-25,2025-10-25 03:00,11825141674444,11823480.162287354,10164658210126,10163230.007094761,10611248199699926864619212,11327477.111040425,1660483464318,1660250.1551925936,0.85958024774396
1761364800,2025-10-25,2025-10-25 04:00,11656108296428,11654946.86635441,10164755720494,10163742.890766937,10611248199699926864619212,11327477.111040425,1491352575934,1491203.975587472,0.8720539876597557
1761368400,2025-10-25,2025-10-25 05:00,11340619636491,11339494.396780044,10164853277266,10163844.699522432,10611248199699926864619212,11335246.682297537,1175766359225,1175649.6972576107,0.8963225646470228
1761372000,2025-10-25,2025-10-25 06:00,12004952202309,12003756.803814022,10164952506143,10163940.326442273,10611248199699926864619212,11335246.682297537,1839999696166,1839816.4773717485,0.8467299440132632
1761375600,2025-10-25,2025-10-25 07:00,11875317747343,11873982.936741022,10165049562947,10163906.990073169,10611248199699926864619212,11334108.20995487,1710268184396,1710075.9466678547,0.855981269656666
1761379200,2025-10-25,2025-10-25 08:00,11854856046276,11853675.762574075,10165145684034,10164133.62992455,10611248199699926864619212,11334108.20995487,1689710362242,1689542.132649524,0.857466817340832
1761382800,2025-10-25,2025-10-25 09:00,11762952969912,11761569.005376788,10165241969555,10164045.982933808,10611248199699926864619212,11333300.518222695,1597711000357,1597523.0224429788,0.864174327276176
1761386400,2025-10-25,2025-10-25 10:00,11672752572078,11670828.211802693,10165339033017,10163663.183683317,10611248199699926864619212,11333300.518222695,1507413539061,1507165.0281193762,0.8708604907237704
1761390000,2025-10-25,2025-10-25 11:00,11672849845777,11671682.560792422,10165436306716,10164419.76308533,10611248199699926864619212,11333061.20109829,1507413539061,1507262.797707094,0.8708615668857976
1761393600,2025-10-25,2025-10-25 12:00,11600483979697,11599328.835646547,10165533595148,10164521.33948068,10611248199699926864619212,11332224.83311055,1434950384549,1434807.4961658681,0.8763025415956412
1761397200,2025-10-25,2025-10-25 13:00,11598977167850,11596786.423964532,10165631290658,10163711.268377617,10611248199699926864619212,11332224.83311055,1433345877192,1433075.1555869153,0.8764248039762556
1761400800,2025-10-25,2025-10-25 14:00,11731287621414,11730133.904663205,10165728628169,10164728.876753738,10611248199699926864619212,11334951.58728411,1565558993245,1565405.0279094672,0.8665484093675048
1761404400,2025-10-25,2025-10-25 15:00,11805824787105,11804666.41169319,10165825278836,10164827.818492813,10611248199699926864619212,11334951.58728411,1639999508269,1639838.593200378,0.8610855626063245
1761408000,2025-10-25,2025-10-25 16:00,11755876862199,11753651.168473518,10165921605660,10163996.931882223,10611248199699926864619212,11327367.56992723,1589955256539,1589654.2365912958,0.8647523043005411
1761411600,2025-10-25,2025-10-25 17:00,12286016318405,12284642.988110887,10166016710151,10164880.353307847,10611248199699926864619212,11327367.56992723,2119999608254,2119762.63480304,0.827446134425351
1761415200,2025-10-25,2025-10-25 18:00,12054440329673,12052062.457418198,10166110701010,10164105.322749868,10611248199699926864619212,11324259.294699222,1888329628663,1887957.1346683293,0.8433498713320833
1761418800,2025-10-25,2025-10-25 19:00,12033721520966,12031430.006007655,10166205509915,10164269.615690175,10611248199699926864619212,11324259.294699222,1867516011051,1867160.390317479,0.8448097699620785
1761422400,2025-10-25,2025-10-25 20:00,12033816412523,12031535.174367024,10166300401472,10164373.186398583,10611248199699926864619212,11329157.532998128,1867516011051,1867161.9879684413,0.8448109937004218
1761426000,2025-10-25,2025-10-25 21:00,11930606797161,11928516.102455458,10166395345791,10164613.807828577,10611248199699926864619212,11329157.532998128,1764211451370,1763902.2946268816,0.852127265497526
1761429600,2025-10-25,2025-10-25 22:00,11892132752793,11890944.674674178,10166490786310,10165475.1076677,10611248199699926864619212,11328444.241974985,1725641966483,1725469.567006479,0.8548921373184541
1761433200,2025-10-25,2025-10-25 23:00,11892228390438,11889911.860257573,10166586423955,10164606.037814591,10611248199699926864619212,11328444.241974985,1725641966483,1725305.822442983,0.8548933042800868
1761436800,2025-10-26,2025-10-26 00:00,11892324001629,11890022.097620431,10166682035146,10164714.15013653,10611248199699926864619212,11331080.86435429,1725641966483,1725307.9474838995,0.8548944709001686
1761440400,2025-10-26,2025-10-26 01:00,11980384966087,11977992.532542195,10166777592049,10164747.328428704,10611248199699926864619212,11330687.088024743,1813607374038,1813245.2041134909,0.8486186062324543
1761444000,2025-10-26,2025-10-26 02:00,11990431922273,11988057.90046927,10166872628176,10164859.658380456,10611248199699926864619212,11330687.088024743,1823559294097,1823198.2420888115,0.8479154624355424
1761447600,2025-10-26,2025-10-26 03:00,11964074586188,11962875.704788726,10166967582570,10165948.783478273,10611248199699926864619212,11331703.308616763,1797107003618,1796926.9213104532,0.8497913908282817
1761451200,2025-10-26,2025-10-26 04:00,11744798682776,11742450.754022826,10167062788133,10165030.268061744,10611248199699926864619212,11331703.308616763,1577735894643,1577420.4859610803,0.8656651393304183
1761454800,2025-10-26,2025-10-26 05:00,11844553699016,11842228.031715153,10167159024834,10165162.712445417,10611248199699926864619212,11332852.04705303,1677394674182,1677065.319269735,0.8583826189819755
1761458400,2025-10-26,2025-10-26 06:00,11817254178959,11814915.348666353,10167254804709,10165242.536616074,10611248199699926864619212,11332852.04705303,1649999374250,1649672.812050279,0.8603737087090945
1761462000,2025-10-26,2025-10-26 07:00,11791480920917,11790301.56200157,10167350694689,10166333.777834492,10611248199699926864619212,11331247.818148006,1624130226228,1623967.7841670772,0.8622624047716566
1761465600,2025-10-26,2025-10-26 08:00,11839093335792,11837914.64792597,10167446662761,10166434.402305745,10611248199699926864619212,11331247.818148006,1671646673031,1671480.2456202256,0.8588028132207328
1761469200,2025-10-26,2025-10-26 09:00,11786666018264,11784311.989761882,10167542414149,10165511.756403856,10611248199699926864619212,11333188.102600664,1619123604115,1618800.2333580249,0.8626309083835844
1761472800,2025-10-26,2025-10-26 10:00,11748758053619,11747586.925707273,10167638426651,10166624.90631945,10611248199699926864619212,11333188.102600664,1581119626968,1580962.0193878228,0.865422402967864
1761476400,2025-10-26,2025-10-26 11:00,11830785061612,11829413.678712344,10167734606748,10166555.998794654,10611248199699926864619212,11333089.65856296,1663050454864,1662857.6799176892,0.8594302536811195
1761480000,2025-10-26,2025-10-26 12:00,11814441439308,11812086.814834684,10167830297555,10165803.843559511,10611248199699926864619212,11333089.65856296,1646611141753,1646282.9712751722,0.8606272543469947
1761483600,2025-10-26,2025-10-26 13:00,11546164140453,11544784.075513225,10167926123099,10166710.79321264,10611248199699926864619212,11329769.108159002,1378238017354,1378073.282300585,0.8806323900657863
1761487200,2025-10-26,2025-10-26 14:00,11576514246725,11575310.665531104,10168023502505,10166966.358566344,10611248199699926864619212,11337742.161728732,1408490744220,1408344.3069647616,0.8783320510646404
1761490800,2025-10-26,2025-10-26 15:00,11702801586337,11701619.493445754,10168120551547,10167093.475856394,10611248199699926864619212,11337742.161728732,1534681034790,1534526.0175893605,0.8688620820007974
1761494400,2025-10-26,2025-10-26 16:00,11949891734116,11948669.009392729,10168213417726,10167172.99608755,10611248199699926864619212,11332532.345194368,1781678316390,1781496.0133051826,0.8509042294246526
1761498000,2025-10-26,2025-10-26 17:00,12075504461418,12074294.398355542,10168308129534,10167289.182945512,10611248199699926864619212,11332532.345194368,1907196331884,1907005.2154100307,0.8420607322884429
1761501600,2025-10-26,2025-10-26 18:00,12021461268244,12019074.960869603,10168400866305,10166382.398713443,10611248199699926864619212,11331241.390512498,1853060401939,1852692.5621561583,0.8458539805943508
1761505200,2025-10-26,2025-10-26 19:00,12029195033112,12027957.029328547,10168495240682,10167448.733783962,10611248199699926864619212,11331241.390512498,1860699792430,1860508.295544584,0.8453180127757368
1761508800,2025-10-26,2025-10-26 20:00,12008851175467,12006418.807760531,10168589564278,10166529.937714634,10611248199699926864619212,11332913.265764592,1840261611189,1839888.870045896,0.8467578967962823
1761512400,2025-10-26,2025-10-26 21:00,11974373244645,11973121.03669724,10168683988075,10167620.608251441,10611248199699926864619212,11332913.265764592,1805689256570,1805500.4284457997,0.8492038606381747
1761516000,2025-10-26,2025-10-26 22:00,12070625139893,12068188.35374834,10168778511544,10166725.665208548,10611248199699926864619212,11334035.420502564,1901846628349,1901462.6885397923,0.8424400885366358
1761519600,2025-10-26,2025-10-26 23:00,12063512689934,12061060.984656192,10168872484193,10166805.83254852,10611248199699926864619212,11334035.420502564,1894640205741,1894255.1521076716,0.8429445672716936
1761523200,2025-10-27,2025-10-27 00:00,12015685494943,12013280.595484694,10168966470509,10166931.185716739,10611248199699926864619212,11321552.906012736,1846719024434,1846349.409767956,0.8463076430211808
1761526800,2025-10-27,2025-10-27 01:00,12019060219565,12017904.903863063,10169060690326,10168083.203294996,10611248199699926864619212,11321552.906012736,1849999529239,1849821.7005680674,0.8460778550533
1761530400,2025-10-27,2025-10-27 02:00,12013755846768,12010996.175349195,10169155179947,10166819.230451986,10611248199699926864619212,11320582.447167194,1844600666821,1844176.9448972102,0.8464592846443402
1761534000,2025-10-27,2025-10-27 03:00,11959248186285,11957764.062372947,10169249363682,10167987.375811761,10611248199699926864619212,11335605.025548378,1789998822603,1789776.686561186,0.8503251379417152
1761537600,2025-10-27,2025-10-27 04:00,11959342651138,11956813.064513415,10169343828535,10167192.854448894,10611248199699926864619212,11335605.025548378,1789998822603,1789620.2100645218,0.8503263201984875
1761541200,2025-10-27,2025-10-27 05:00,11987067739796,11984546.65670954,10169438259728,10167299.454863297,10611248199699926864619212,11330990.656118857,1817629480068,1817247.201846243,0.8483674640434682
1761544800,2025-10-27,2025-10-27 06:00,11959531175039,11957883.108068852,10169532535648,10168131.13701217,10611248199699926864619212,11330990.656118857,1789998639391,1789751.9710566802,0.8503286948967577
1761548400,2025-10-27,2025-10-27 07:00,12014742935227,12012314.004060222,10169626852268,10167570.934488557,10611248199699926864619212,11333277.41985187,1845116082959,1844743.0695716657,0.8464290003617844
1761552000,2025-10-27,2025-10-27 08:00,12208686742973,12206252.610326743,10169720849802,10167693.240277326,10611248199699926864619212,11333277.41985187,2038965893171,2038559.3700494177,0.8329905635145749
1761555600,2025-10-27,2025-10-27 09:00,12168130140339,12166908.314112686,10169813751171,10168792.57988054,10611248199699926864619212,11337308.804179436,1998316389168,1998115.7342321472,0.8357745712676666
1761559200,2025-10-27,2025-10-27 10:00,12058851126494,12057625.001209792,10169906883724,10168872.82336142,10611248199699926864619212,11337308.804179436,1888944242770,1888752.177848373,0.8433562017678551
1761562800,2025-10-27,2025-10-27 11:00,12277198465039,12275895.380722916,10170000443340,10168921.014013348,10611248199699926864619212,11336920.386583263,2107198021699,2106974.3667095676,0.8283649134043459
1761566400,2025-10-27,2025-10-27 12:00,12200229750418,12198969.623615094,10170092878478,10169042.438700521,10611248199699926864619212,11336920.386583263,2030136871940,2029927.1849145722,0.8335984720393939
1761570000,2025-10-27,2025-10-27 13:00,12035469627192,12034225.589217337,10170185742055,10169134.507856054,10611248199699926864619212,11329364.449294485,1865283885137,1865091.081361284,0.8450177730561736
1761573600,2025-10-27,2025-10-27 14:00,12032285042020,12031053.250015235,10170279434643,10169238.263423229,10611248199699926864619212,11329364.449294485,1862005607377,1861814.9865920045,0.8452492106965243
1761577200,2025-10-27,2025-10-27 15:00,12040372632769,12039151.570489643,10170373101073,10169341.682915151,10611248199699926864619212,11333192.142817719,1869999531696,1869809.887574492,0.8446892310785613
1761580800,2025-10-27,2025-10-27 16:00,11970466587512,11968315.475418577,10170467059649,10168639.410365004,10611248199699926864619212,11335245.45378396,1799999527863,1799676.0650535736,0.8496299609790632
1761584400,2025-10-27,2025-10-27 17:00,11970560563659,11968211.800511109,10170561035796,10168565.453481603,10611248199699926864619212,11335245.45378396,1799999527863,1799646.347029506,0.8496311414748985
1761588000,2025-10-27,2025-10-27 18:00,11970654507656,11968904.65545999,10170654981553,10169168.250569081,10611248199699926864619212,11333703.61248107,1799999526103,1799736.4048909098,0.8496323216953772
1761591600,2025-10-27,2025-10-27 19:00,11970748425724,11969526.002066333,10170748899621,10169710.287528513,10611248199699926864619212,11333703.61248107,1799999526103,1799815.7145378208,0.8496335014246084
1761595200,2025-10-27,2025-10-27 20:00,11808950271022,11806604.708608,10170842970676,10168822.77866543,10611248199699926864619212,11335519.932140704,1638107300346,1637781.9299425678,0.8612825642626547
1761598800,2025-10-27,2025-10-27 21:00,11917385639134,11916208.330182403,10170937650135,10169932.871376956,10611248199699926864619212,11335519.932140704,1746447988999,1746275.4588054488,0.8534537656259055
1761602400,2025-10-27,2025-10-27 22:00,11921031313933,11919820.334617732,10171031789215,10169998.580863532,10611248199699926864619212,11335266.776106378,1749999524718,1749821.7537542004,0.8532006603595912
1761606000,2025-10-27,2025-10-27 23:00,12044857252918,12043651.983736664,10171125830307,10170108.056144523,10611248199699926864619212,11335266.776106378,1873731422611,1873543.9275921425,0.8444372246788505
1761609600,2025-10-28,2025-10-28 00:00,11922687558404,11920360.580474604,10171219264190,10169234.124293739,10611248199699926864619212,11336510.598425927,1751468294214,1751126.4561808626,0.8530978619011588
1761613200,2025-10-28,2025-10-28 01:00,11918110353109,11916058.696507761,10171313268620,10169562.316380713,10611248199699926864619212,11336510.598425927,1746797084489,1746496.380127047,0.8534333856009879
1761616800,2025-10-28,2025-10-28 02:00,11078550872054,11076414.185482807,10171422162984,10169460.431580989,10611248199699926864619212,11335842.904870676,907128709070,906953.7539018198,0.9181184687829289
1761620400,2025-10-28,2025-10-28 03:00,11131568154115,11129409.013475733,10171568501842,10169595.568054652,10611248199699926864619212,11335842.904870676,959999652273,959813.4454210805,0.9137588128660814
1761624000,2025-10-28,2025-10-28 04:00,11191705549692,11189576.346640546,10171706171393,10169771.021498065,10611248199699926864619212,11338294.577763814,1019999378299,1019805.3251424804,0.9088611316863076
1761627600,2025-10-28,2025-10-28 05:00,11159667164962,11158555.44940635,10171833717027,10170820.408511115,10611248199699926864619212,11335325.82822976,987833447935,987735.0408952355,0.911481818110445
1761631200,2025-10-28,2025-10-28 06:00,11246472341696,11245351.69800262,10171964764516,10170951.18907507,10611248199699926864619212,11337517.431293834,1074507577180,1074400.5089275497,0.9044582563728636
1761634800,2025-10-28,2025-10-28 07:00,11222080356856,11222072.039199615,10172080908812,10172073.36940121,10611248199699926864619212,11336905.836973054,1049999448044,1049998.6697984042,0.90643450994338
1761638400,2025-10-28,2025-10-28 08:00,11192200916877,11191600.907159498,10172201545978,10171656.218046408,10611248199699926864619212,11336905.836973054,1019999370899,1019944.6891130912,0.9088651661568264
1761642000,2025-10-28,2025-10-28 09:00,11138819031368,11136670.992693638,10172328763088,10170367.104896955,10611248199699926864619212,11332844.212509459,966490268280,966303.8877966817,0.9132322497063405
1761645600,2025-10-28,2025-10-28 10:00,11308239487221,11306005.530439207,10172461831088,10170452.24859545,10611248199699926864619212,11332844.212509459,1135777656133,1135553.2818437577,0.8995619382295097
1761649200,2025-10-28,2025-10-28 11:00,11398147207442,11397153.900761584,10172564964114,10171678.46242632,10611248199699926864619212,11337557.175487792,1225582243328,1225475.4383352636,0.8924753101514779
1761652800,2025-10-28,2025-10-28 12:00,11425291140450,11424164.217800014,10172662704326,10171659.333482208,10611248199699926864619212,11333485.92093154,1252628436124,1252504.884317807,0.8903635434121057
1761656400,2025-10-28,2025-10-28 13:00,11252763026151,11250930.663089585,10172763713843,10171107.214330975,10611248199699926864619212,11334198.863184735,1079999312308,1079823.4487586096,0.9040236331469771
1761660000,2025-10-28,2025-10-28 14:00,11490219976251,11487978.444543684,10172871340358,10170886.799269058,10611248199699926864619212,11334198.863184735,1317348635893,1317091.6452746266,0.8853504424966787
1761663600,2025-10-28,2025-10-28 15:00,11032999398845,11031207.333944917,10172999813687,10171347.43655585,10611248199699926864619212,11348344.151763503,859999585158,859859.8973890685,0.9220520590939187
1761667200,2025-10-28,2025-10-28 16:00,11033163058213,11031341.658399994,10173163473055,10171484.045501022,10611248199699926864619212,11348344.151763503,859999585158,859857.6128989726,0.922053215327238
1761670800,2025-10-28,2025-10-28 17:00,11139510236639,11138392.356706684,10173316987426,10172296.067595258,10611248199699926864619212,11338207.729871431,966193249213,966096.2891114254,0.9132642972008688
1761674400,2025-10-28,2025-10-28 18:00,19773560439017,19769688.364047028,18273562291745,18269983.94765364,19030407406517857991147444,20338201.190569375,1499998147272,1499704.4163933871,0.9241412212080826
1761678000,2025-10-28,2025-10-28 19:00,20129753531200,20126796.6263103,18273834947853,18271150.663029186,19030407406517857991147444,20338201.190569375,1855918583347,1855645.963281112,0.9078022202074939
1761681600,2025-10-28,2025-10-28 20:00,20030074753890,20026520.14292653,18274071846618,18270828.862408936,19030407406517857991147444,20342881.05186601,1756002907272,1755691.2805175933,0.9123316847865997
1761685200,2025-10-28,2025-10-28 21:00,20169513232741,20166686.272620235,18274309560773,18271748.232506588,19030407406517857991147444,20342881.05186601,1895203671968,1894938.0401136486,0.9060362215935122
1761688800,2025-10-28,2025-10-28 22:00,21015152696067,21010963.442658894,18274520759006,18270877.83527956,19030407406517857991147444,20323139.733009428,2740631937061,2740085.6073793294,0.869587817100472
1761692400,2025-10-28,2025-10-28 23:00,21575228153889,21571532.02242964,18274801326240,18271670.603004366,19030407406517857991147444,20323139.733009428,3300426827649,3299861.419425274,0.8470270254336064
1761696000,2025-10-29,2025-10-29 00:00,19785084304168,19783128.94463039,18275085338241,18273279.21187492,19030407406517857991147444,20330232.87834729,1509998965927,1509849.7327554643,0.9236799326850026
1761699600,2025-10-29,2025-10-29 01:00,19906506201406,19904537.85126741,18275385090142,18273578.02483325,19030407406517857991147444,20330232.87834729,1631121111264,1630959.8264341594,0.9180609045725566
1761703200,2025-10-29,2025-10-29 02:00,19805686618190,19803478.86654093,18275687761530,18273650.559762083,19030407406517857991147444,20326504.68589807,1529998856660,1529828.306778848,0.9227495170374546
1761706800,2025-10-29,2025-10-29 03:00,20316883433537,20312938.0458253,18275970073038,18272421.015527215,19030407406517857991147444,20326504.68589807,2040913360499,2040517.0302980859,0.8995459432951182
1761710400,2025-10-29,2025-10-29 04:00,19948765055583,19944922.042746045,18276185574508,18272664.77431923,19030407406517857991147444,20317171.35242182,1672579481075,1672257.2684268141,0.916156239425613
1761714000,2025-10-29,2025-10-29 05:00,26354786235606,26352012.47429051,23476528678843,23474057.845405415,24471096832358966745218699,26125739.55481689,2878257556763,2877954.628885096,0.890788051512465
1761717600,2025-10-29,2025-10-29 06:00,26403600183165,26399611.492593996,23476757263821,23473210.72017974,24471096832358966745218699,26130163.966841534,2926842919344,2926400.7724142554,0.8891498546016402
1761721200,2025-10-29,2025-10-29 07:00,26762643588386,26758631.087562878,23476985121724,23473465.236933313,24471096832358966745218699,26135199.869288404,3285658466662,3285165.8506295653,0.877229674422453
1761724800,2025-10-29,2025-10-29 08:00,26532188031669,26526893.4821089,23477211270305,23472526.347280364,24471096832358966745218699,26135199.869288404,3054976761364,3054367.1348285372,0.8848577147984343
1761728400,2025-10-29,2025-10-29 09:00,26831375432772,26826875.89836926,23477439693059,23473502.6027726,24471096832358966745218699,26131165.671210855,3353935739713,3353373.2955966624,0.8749994852810832
1761732000,2025-10-29,2025-10-29 10:00,26688620593392,26683801.937177524,23477665277510,23473426.3623778,24471096832358966745218699,26131165.671210855,3210955315882,3210375.5747997235,0.8796882250003951
1761735600,2025-10-29,2025-10-29 11:00,26483354968549,26478105.54466919,23477891708346,23473238.01528001,24471096832358966745218699,26134235.08321167,3005463260203,3004867.529389184,0.8865150105123684
1761739200,2025-10-29,2025-10-29 12:00,25790559991497,25786032.901429363,23478120356743,23473999.17575628,24471096832358966745218699,26134235.08321167,2312439634754,2312033.7256730823,0.9103377501102574
1761742800,2025-10-29,2025-10-29 13:00,25896570553196,25893763.031635407,23478414895249,23475869.53288561,24471096832358966745218699,26122690.831198927,2418155657947,2417893.4987497963,0.9066225524735141
1761746400,2025-10-29,2025-10-29 14:00,25986676203448,25983989.69072551,23478681627833,23476254.392568026,24471096832358966745218699,26122690.831198927,2507994575615,2507735.2981574833,0.9034892128573861
1761750000,2025-10-29,2025-10-29 15:00,25860793417931,25858255.340992905,23478926115068,23476621.80367504,24471096832358966745218699,26135959.554571655,2381867302863,2381633.5373178637,0.9078965883076312
1761753600,2025-10-29,2025-10-29 16:00,26059173392119,26056474.53590935,23479175945053,23476744.290032968,24471096832358966745218699,26134946.410285767,2579997447066,2579730.24587638,0.9009946551932356
1761757200,2025-10-29,2025-10-29 17:00,26057679293589,26052485.992835633,23479422803223,23474743.349509615,24471096832358966745218699,26134431.4806403,2578256490366,2577742.643326019,0.9010557900679846
1761760800,2025-10-29,2025-10-29 18:00,26449657555296,26445697.75971257,23479658641579,23476143.486481246,24471096832358966745218699,26134431.4806403,2969998913717,2969554.2732313247,0.8877112526879457
1761764400,2025-10-29,2025-10-29 19:00,26089888476662,26084932.786181524,23479889022360,23475429.092889056,24471096832358966745218699,26131903.932824153,2609999454302,2609503.6932924693,0.8999612644325136
1761768000,2025-10-29,2025-10-29 20:00,26090118999169,26087527.526428368,23480119544867,23477787.317491986,24471096832358966745218699,26130409.051711716,2609999454302,2609740.2089363844,0.899962148337264
1761771600,2025-10-29,2025-10-29 21:00,26253067153593,26248093.542521566,23480349320960,23475900.997849382,24471096832358966745218699,26130409.051711716,2772717832633,2772192.544672181,0.8943849944689787
1761775200,2025-10-29,2025-10-29 22:00,26260578191327,26258118.8442644,23480578731112,23478379.73564778,24471096832358966745218699,26136319.07364976,2779999460215,2779739.1086166194,0.8941379188241506
1761778800,2025-10-29,2025-10-29 23:00,26089778690106,26084789.826287374,23480809203039,23476319.22399945,24471096832358966745218699,26136319.07364976,2608969487067,2608470.602287925,0.9000003212730817
1761782400,2025-10-30,2025-10-30 00:00,26228988272549,26225738.236011818,23481039611259,23478130.07331287,24471096832358966745218699,26164349.292403154,2747948661290,2747608.1626989497,0.8952323805731396
1761786000,2025-10-30,2025-10-30 01:00,26229217878965,26224133.243005447,23481269217675,23476717.282257363,24471096832358966745218699,26164349.292403154,2747948661290,2747415.9607480825,0.8952332976922744
1761789600,2025-10-30,2025-10-30 02:00,26275177404122,26272553.653014608,23481498634471,23479153.850757543,24471096832358966745218699,26139321.704671264,2793678769651,2793399.8022570666,0.8936761215087844
1761793200,2025-10-30,2025-10-30 03:00,26275406699576,26271316.009507507,23481727929925,23478072.174094755,24471096832358966745218699,26139321.704671264,2793678769651,2793243.8354127505,0.8936770493567249
1761796800,2025-10-30,2025-10-30 04:00,26275635988072,26272209.875892345,23481957218421,23478895.377418764,24471096832358966745218699,26133807.214231085,2793678769651,2793314.4984735833,0.8936779771603165
1761800400,2025-10-30,2025-10-30 05:00,26250366458578,26245223.52760984,23482186606763,23477586.013285927,24471096832358966745218699,26133807.214231085,2768179851815,2767637.5143239098,0.8945470016129842
1761804000,2025-10-30,2025-10-30 06:00,26202756052544,26197597.118231673,23482416223153,23477792.88343457,24471096832358966745218699,26145900.480327256,2720339829391,2719804.234797099,0.8961811565189577
1761807600,2025-10-30,2025-10-30 07:00,26202985806550,26198992.625295445,23482645977159,23479067.35972908,24471096832358966745218699,26145900.480327256,2720339829391,2719925.265566368,0.8961820668272471
1761811200,2025-10-30,2025-10-30 08:00,26199621724674,26194466.09291079,23482875748153,23478254.724942397,24471096832358966745218699,26122190.56978938,2716745976521,2716211.3679683907,0.8963059083420868
1761814800,2025-10-30,2025-10-30 09:00,26199851496189,26194622.426025674,23483105519668,23478418.6684302,24471096832358966745218699,26136412.959062655,2716745976521,2716203.7575954758,0.89630681773459
1761818400,2025-10-30,2025-10-30 10:00,26117878069261,26112855.810005732,23483335552574,23478819.894793123,24471096832358966745218699,26136412.959062655,2634542516687,2634035.9152126103,0.8991287688187931
1761822000,2025-10-30,2025-10-30 11:00,26118108380810,26113089.763998736,23483565864123,23479053.476904303,24471096832358966745218699,26116260.084135067,2634542516687,2634036.2870944333,0.8991296583093016
1761825600,2025-10-30,2025-10-30 12:00,26072712949993,26067877.267088503,23483799465286,23479443.94586519,24471096832358966745218699,26116260.084135067,2588913484707,2588433.321223314,0.9007041005026025
1761829200,2025-10-30,2025-10-30 13:00,26074034089338,26070507.252045628,23484034646290,23480858.138624094,24471096832358966745218699,26164378.67738308,2589999443048,2589649.1134215347,0.9006674826697767
1761832800,2025-10-30,2025-10-30 14:00,26074269207337,26067190.32631831,23484269764289,23477894.040001184,24471096832358966745218699,26164378.67738308,2589999443048,2589296.286317124,0.9006683783751376
1761836400,2025-10-30,2025-10-30 15:00,26074504342924,26069429.561239474,23484504899876,23479934.19993982,24471096832358966745218699,26147128.85600069,2589999443048,2589495.361299651,0.9006692741313465
1761840000,2025-10-30,2025-10-30 16:00,26065340427141,26062671.23271319,23484743052593,23482338.121590093,24471096832358966745218699,26147128.85600069,2580597374548,2580333.1111230957,0.9009950634728366
1761843600,2025-10-30,2025-10-30 17:00,26594974810978,26589717.398710128,23484975865204,23480333.25128532,24471096832358966745218699,26148018.920625955,3109998945774,3109384.1474248087,0.8830606545831268
1761847200,2025-10-30,2025-10-30 18:00,26066421084128,26063636.03145796,23485204501519,23482695.237539403,24471096832358966745218699,26148018.920625955,2581216582609,2580940.7939185565,0.9009754129928976
1761850800,2025-10-30,2025-10-30 19:00,26075440536464,26069140.18566576,23485441097879,23479766.543028772,24471096832358966745218699,26138277.37541338,2589999438585,2589373.642636989,0.900672840600214
1761854400,2025-10-30,2025-10-30 20:00,26075675722086,26068143.980327543,23485676283501,23478892.64150931,24471096832358966745218699,26138277.37541338,2589999438585,2589251.3388182335,0.9006737364665385
1761858000,2025-10-30,2025-10-30 21:00,26075910925423,26067886.422774345,23485911486838,23478684.02086486,24471096832358966745218699,26137960.37843335,2589999438585,2589202.4019094883,0.9006746323841807
1761861600,2025-10-30,2025-10-30 22:00,26076146144556,26068605.079381287,23486146705971,23479354.653110474,24471096832358966745218699,26143741.73637136,2589999438585,2589250.4262708123,0.900675528345828
1761865200,2025-10-30,2025-10-30 23:00,26076381375095,26071180.61296421,23486381936510,23481697.732670225,24471096832358966745218699,26143741.73637136,2589999438585,2589482.880293986,0.9006764243347563
1761868800,2025-10-31,2025-10-31 00:00,26076616619766,26071461.0288373,23486617181181,23481973.65735846,24471096832358966745218699,26143873.066924147,2589999438585,2589487.371478841,0.9006773203613467
1761872400,2025-10-31,2025-10-31 01:00,23487190030941,23481917.615127753,23487092716266,23481820.322297998,24471096832358966745218699,26143873.066924147,97314675,97.29282975454258,0.9999958566914615
1761876000,2025-10-31,2025-10-31 02:00,23488116883563,23483465.77562315,23488019568888,23483368.480218366,24471096832358966745218699,26131290.35235747,97314675,97.29540478520158,0.9999958568549585
1761879600,2025-10-31,2025-10-31 03:00,23489043525800,23484393.869878232,23488950451603,23484300.81410527,24471096832358966745218699,26131290.35235747,93074197,93.05577296367133,0.9999960375484469
1761883200,2025-10-31,2025-10-31 04:00,23489983989454,23483138.127554107,23489887727505,23483041.893659446,24471096832358966745218699,26144544.453806616,96261949,96.23389465950473,0.9999959020002294
1761886800,2025-10-31,2025-10-31 05:00,21505663932991,21499296.768373422,21505564978119,21499197.84279891,22271096832358966745218699,23794098.203178547,98954872,98.92557451066422,0.9999953986599852
1761890400,2025-10-31,2025-10-31 06:00,17174818122524,17169795.688621253,17174718732799,17169696.3279608,17771096832358966745218699,18987964.60343978,99389725,99.36066045207504,0.9999942130551666
1761894000,2025-10-31,2025-10-31 07:00,15775479773709,15771062.408654844,15775380948693,15770963.611311294,16271096832358966745218699,17385252.785827175,98825016,98.7973435501971,0.9999937355302395
1761897600,2025-10-31,2025-10-31 08:00,15496117277752,15493042.459262703,15496018833381,15492944.034425536,15971280119090217635453996,17072747.042795263,98444371,98.42483716667309,0.9999936471588827
1761901200,2025-10-31,2025-10-31 09:00,15496753556039,15493298.137063563,15496655111668,15493199.71464339,15971280119090217635453996,17072747.042795263,98444371,98.42242017356735,0.9999936474197229
1761904800,2025-10-31,2025-10-31 10:00,15497393502897,15494271.199803825,15497295058526,15494172.775266686,15971280119090217635453996,17061419.688136473,98444371,98.42453713800111,0.9999936476820452
1761908400,2025-10-31,2025-10-31 11:00,15498036307722,15494619.213732652,15497937710077,15494520.637827015,15971280119090217635453996,17044185.250526246,98597645,98.5759056380961,0.9999936380556192
1761912000,2025-10-31,2025-10-31 12:00,15498683647856,15495624.835237812,15498585050211,15495526.257051993,15971280119090217635453996,17044185.250526246,98597645,98.578185817046,0.9999936383213414
1761915600,2025-10-31,2025-10-31 13:00,15499334723902,15496226.636274789,15499236126257,15496128.058401614,15971280119090217635453996,17063088.234056327,98597645,98.57787317585687,0.9999936385885745
1761919200,2025-10-31,2025-10-31 14:00,15499989559939,15496863.534588166,15499890962294,15496764.956828257,15971280119090217635453996,17063088.234056327,98597645,98.57775990674811,0.9999936388573284
1761922800,2025-10-31,2025-10-31 15:00,15500648180049,15496108.539746506,15500549582404,15496009.97097758,15971280119090217635453996,17065373.36105595,98597645,98.56876892734975,0.9999936391276123
1761926400,2025-10-31,2025-10-31 16:00,15501310608321,15497060.934820946,15501212010676,15496962.364206422,15971280119090217635453996,17065373.36105595,98597645,98.57061452433821,0.9999936393994359
1761930000,2025-10-31,2025-10-31 17:00,15501976868857,15497438.385073453,15501878271212,15497339.816294694,15971280119090217635453996,17063310.420492455,98597645,98.56877875818361,0.9999936396728085
1761933600,2025-10-31,2025-10-31 18:00,15502646985754,15498139.611200212,15502548388109,15498041.04222235,15971280119090217635453996,17063310.420492455,98597645,98.56897786228186,0.9999936399477398
1761937200,2025-10-31,2025-10-31 19:00,15503320983131,15498911.834357526,15503222385486,15498813.264753724,15971280119090217635453996,17087958.64226888,98597645,98.56960380250482,0.9999936402242392
1761940800,2025-10-31,2025-10-31 20:00,15503998885098,15499969.185873888,15503900287453,15499870.613855751,15971280119090217635453996,17087958.64226888,98597645,98.57201813711771,0.9999936405023162
1761944400,2025-10-31,2025-10-31 21:00,15504680620154,15501546.286708899,15504582022509,15501447.708995808,15971280119090217635453996,17076550.074799977,98597645,98.57771309015273,0.9999936407819409
1761948000,2025-10-31,2025-10-31 22:00,10643752573730,10642410.988009715,10643652808043,10642311.234897625,11044676367902524048388667,11801128.0890816,99765687,99.75311209090414,0.9999906268314386
1761951600,2025-10-31,2025-10-31 23:00,10644225871233,10642081.917520236,10644126105546,10641982.171927983,11044676367902524048388667,11801128.0890816,99765687,99.7455922540187,0.9999906272482183
1761955200,2025-11-01,2025-11-01 00:00,10644701901106,10641655.286510995,10644602135419,10641555.54937788,11044676367902524048388667,11803897.080619559,99765687,99.73713311460999,0.9999906276673667
1761958800,2025-11-01,2025-11-01 01:00,10645180674152,10642069.889275763,10645080908465,10641970.152742762,11044676367902524048388667,11803673.790900908,99765687,99.73653300066577,0.9999906280888926
1761962400,2025-11-01,2025-11-01 02:00,10645662210212,10643508.818113528,10645562444525,10643409.072607014,11044676367902524048388667,11803673.790900908,99765687,99.74550651354062,0.9999906285128131
1761966000,2025-11-01,2025-11-01 03:00,10646146527207,10644025.505036647,10646046761520,10643925.759225875,11044676367902524048388667,11809500.783478864,99765687,99.74581077216237,0.9999906289391429
1761969600,2025-11-01,2025-11-01 04:00,10646633643056,10643871.283640513,10646533877369,10643771.543838568,11044676367902524048388667,11809500.783478864,99765687,99.73980194618238,0.9999906293678974
1761973200,2025-11-01,2025-11-01 05:00,10695107656480,10692968.665074294,10647012735677,10644883.363119984,11044676367902524048388667,11811682.991968514,48094920803,48085.30195431143,0.9955030914743659
1761976800,2025-11-01,2025-11-01 06:00,10647549066197,10645329.759299546,10647504180347,10645284.882805264,11044676367902524048388667,11811682.991968514,44885850,44.87649428105625,0.9999957843960408
1761980400,2025-11-01,2025-11-01 07:00,8648059086885,8646328.473876035,8647959239265,8646228.64623712,8944676367902524048388667,9561447.393775417,99847620,99.82763891657423,0.9999884543318914
1761984000,2025-11-01,2025-11-01 08:00,8648463790959,8645877.603638956,8648363943339,8645777.785876818,8944676367902524048388667,9561447.393775417,99847620,99.81776213679768,0.9999884548721699
1761987600,2025-11-01,2025-11-01 09:00,9139075302428,9136587.560821554,8648680372602,8646326.121073067,8944676367902524048388667,9556025.010479061,490394929826,490261.43974848697,0.9463408590477731
1761991200,2025-11-01,2025-11-01 10:00,9461701493018,9459350.127798803,8648836552747,8646687.19583993,8944676367902524048388667,9556025.010479061,812864940271,812662.9319588726,0.9140889256683028
1761994800,2025-11-01,2025-11-01 11:00,9429102800964,9426244.648698708,8648987940006,8646366.25637448,8944676367902524048388667,9561560.031987717,780114860958,779878.3923242284,0.9172652077906879
1761998400,2025-11-01,2025-11-01 12:00,9448137363702,9446254.786231607,8649138496998,8647415.12310472,8944676367902524048388667,9556363.841385553,798998866704,798839.6631268903,0.9154331868868031
1762002000,2025-11-01,2025-11-01 13:00,9448286917262,9446362.191899009,8649288050558,8647526.09050868,8944676367902524048388667,9557915.04631086,798998866704,798836.1013903286,0.9154345254646924
1762005600,2025-11-01,2025-11-01 14:00,9448436609464,9446554.510222334,8649437742760,8647714.801612236,8944676367902524048388667,9558107.404596578,798998866704,798839.708610098,0.9154358652410617
1762009200,2025-11-01,2025-11-01 15:00,9450722471161,9448832.326666769,8649587304136,8647857.386675175,8944676367902524048388667,9558107.404596578,801135167025,800974.9399915951,0.9152302726622569
1762012800,2025-11-01,2025-11-01 16:00,9407130708289,9405289.58815778,8649736595723,8648043.70926591,8944676367902524048388667,9556554.63917436,757394112566,757245.8788918698,0.9194872340937466
1762016400,2025-11-01,2025-11-01 17:00,9424451798606,9422472.663728293,8649898339126,8648081.860474784,8944676367902524048388667,9556554.63917436,774553459480,774390.8032535091,0.9178144813054732
1762020000,2025-11-01,2025-11-01 18:00,9424609403991,9422912.037376149,8650055944511,8648498.074518997,8944676367902524048388667,9563369.33943237,774553459480,774413.9628571497,0.9178158556733393
1762023600,2025-11-01,2025-11-01 19:00,9424767172610,9423259.209862381,8650213713130,8648829.678935897,8944676367902524048388667,9563369.33943237,774553459480,774429.530926483,0.9178172314186195
1762027200,2025-11-01,2025-11-01 20:00,9424925104654,9423278.86293296,8650371645174,8648860.693888271,8944676367902524048388667,9561739.570387146,774553459480,774418.1690446901,0.9178186085428384
1762030800,2025-11-01,2025-11-01 21:00,9427378718590,9425681.790420655,8650529082482,8648971.987247154,8944676367902524048388667,9561739.570387146,776849636108,776709.8031735006,0.9175964327627872
1762034400,2025-11-01,2025-11-01 22:00,9427536296833,9425721.181429554,8650686660725,8649021.114805697,8944676367902524048388667,9559844.399720652,776849636108,776700.0666238565,0.9175978101119624
1762038000,2025-11-01,2025-11-01 23:00,9427694036322,9425818.781691503,8650844400214,8649123.668086216,8944676367902524048388667,9559844.399720652,776849636108,776695.1136052862,0.9175991888244317
1762041600,2025-11-02,2025-11-02 00:00,9427851937245,9425781.133376269,8651002301137,8649102.130328968,8944676367902524048388667,9557180.443679756,776849636108,776679.0030473003,0.9176005689016993
1762045200,2025-11-02,2025-11-02 01:00,9426845762859,9424961.802351018,8651160721980,8649431.782570317,8944676367902524048388667,9560591.119117348,775685040879,775530.0197807016,0.9177153142851732
1762048800,2025-11-02,2025-11-02 02:00,9434858674688,9432056.112003777,8651318226266,8648748.409115976,8944676367902524048388667,9557410.226332925,783540448422,783307.7028878017,0.9169526035907569
1762052400,2025-11-02,2025-11-02 03:00,9419755422704,9416960.701202376,8651475010566,8648908.228080913,8944676367902524048388667,9553238.059121687,768280412138,768052.473121462,0.9184394522296991
1762056000,2025-11-02,2025-11-02 04:00,9419916596996,9417122.75997349,8651636184858,8649070.210814636,8944676367902524048388667,9553238.059121687,768280412138,768052.5491588538,0.918440847726507
1762059600,2025-11-02,2025-11-02 05:00,9427979913961,9425217.26698979,8651795325093,8649260.120694121,8944676367902524048388667,9558934.418418473,776184588868,775957.1462956668,0.9176722271418268
1762063200,2025-11-02,2025-11-02 06:00,9430234384435,9427405.2039271,8651954297167,8649358.609779505,8944676367902524048388667,9558934.418418473,778280087268,778046.5941475936,0.9174696984676665
1762066800,2025-11-02,2025-11-02 07:00,9430393029938,9428509.115144763,8652112942670,8650384.505317103,8944676367902524048388667,9555402.328417143,778280087268,778124.609827661,0.9174710868574354
1762070400,2025-11-02,2025-11-02 08:00,9430551836644,9427751.872074768,8652271749376,8649702.858948246,8944676367902524048388667,9555402.328417143,778280087268,778049.013126525,0.9174724766111925
1762074000,2025-11-02,2025-11-02 09:00,9430710806479,9427882.89871739,8652430719211,8649836.187739328,8944676367902524048388667,9563786.715001466,778280087268,778046.7109780624,0.9174738677456514
1762077600,2025-11-02,2025-11-02 10:00,9424896735527,9422089.17902734,8652590270716,8650012.77445953,8944676367902524048388667,9563786.715001466,772306464811,772076.4045678108,0.9180567717097841
1762081200,2025-11-02,2025-11-02 11:00,9425057871467,9423303.748619968,8652751406656,8651141.01984044,8944676367902524048388667,9553281.344482508,772306464811,772162.7287795284,0.9180581726559954
1762084800,2025-11-02,2025-11-02 12:00,9430577834104,9428669.318904256,8652911710068,8651160.575215904,8944676367902524048388667,9553281.344482508,777666124036,777508.7436883525,0.9175378075748752
1762088400,2025-11-02,2025-11-02 13:00,9430737670869,9429120.072738232,8653071546833,8651587.337129787,8944676367902524048388667,9566154.991816336,777666124036,777532.7356084449,0.9175392051845355
1762092000,2025-11-02,2025-11-02 14:00,9414284315750,9411479.656539774,8653236520892,8650658.58945371,8944676367902524048388667,9561400.779046739,761047794858,760821.0670860653,0.9191603132715277
1762095600,2025-11-02,2025-11-02 15:00,9418157994943,9415790.560816504,8653401306441,8651226.108533496,8944676367902524048388667,9561400.779046739,764756688502,764564.452283007,0.9187997601109867
1762099200,2025-11-02,2025-11-02 16:00,9418322333920,9416082.190373367,8653565645418,8651507.398890788,8944676367902524048388667,9560124.213016339,764756688502,764574.7914825783,0.9188011769625111
1762102800,2025-11-02,2025-11-02 17:00,9418486852489,9416260.246010814,8653730163987,8651684.352176102,8944676367902524048388667,9560124.213016339,764756688502,764575.8938347116,0.918802595312866
1762106400,2025-11-02,2025-11-02 18:00,9411673327688,9408867.666118424,8653895036455,8651315.27195558,8944676367902524048388667,9559855.300652824,757778291233,757552.394162846,0.9194852748444097
1762110000,2025-11-02,2025-11-02 19:00,9411840379453,9409317.138977615,8654062088220,8651742.002152119,8944676367902524048388667,9559855.300652824,757778291233,757575.1368254963,0.9194867039089075
1762113600,2025-11-02,2025-11-02 20:00,9412007620368,9410126.682363883,8654229329135,8652499.828958409,8944676367902524048388667,9565263.765222743,757778291233,757626.8534054753,0.9194881345406973
1762117200,2025-11-02,2025-11-02 21:00,9412175050677,9409362.455358803,8654396759444,8651810.607393453,8944676367902524048388667,9565263.765222743,757778291233,757551.8479653518,0.9194895667416965
1762120800,2025-11-02,2025-11-02 22:00,9412342670623,9410345.354672195,8654564379390,8652727.865348052,8944676367902524048388667,9560527.875832709,757778291233,757617.4893241429,0.9194910005138133
1762124400,2025-11-02,2025-11-02 23:00,9404417947240,9402347.72974141,8654734084929,8652828.897170566,8944676367902524048388667,9560527.875832709,749683862311,749518.8325708422,0.9202838637630927
1762128000,2025-11-03,2025-11-03 00:00,9422785874192,9419960.244511664,8654903349835,8652307.986625832,8944676367902524048388667,9562272.325503564,767882524357,767652.2578858307,0.9185079089550207
1762131600,2025-11-03,2025-11-03 01:00,9422950955836,9421053.122299682,8655068431479,8653325.253656534,8944676367902524048388667,9562272.325503564,767882524357,767727.868643147,0.9185093366233197
1762135200,2025-11-03,2025-11-03 02:00,9411482627462,9408691.881323198,8655236185465,8652669.685804838,8944676367902524048388667,9561980.738120038,756246441997,756022.1955183605,0.9196464072737774
1762138800,2025-11-03,2025-11-03 03:00,9417312609123,9414442.612425325,8655405025982,8652767.226338655,8944676367902524048388667,9555549.60603721,761907583141,761675.3860866694,0.9190950099285327
1762142400,2025-11-03,2025-11-03 04:00,9417480120876,9414311.223556677,8655572537735,8652660.015461527,8944676367902524048388667,9555549.60603721,761907583141,761651.2080951493,0.9190964490116568
1762146000,2025-11-03,2025-11-03 05:00,9441954274161,9438175.96871735,8655735465385,8652271.774344135,8944676367902524048388667,9561237.080345577,786218808776,785904.1943732139,0.9167313475635464
1762149600,2025-11-03,2025-11-03 06:00,9442114562238,9439198.553980628,8655895753462,8653222.553160766,8944676367902524048388667,9561237.080345577,786218808776,785976.0008198605,0.91673276112108
1762153200,2025-11-03,2025-11-03 07:00,9417393884557,9414507.937444352,8656059701064,8653407.063741252,8944676367902524048388667,9561355.3555659,761334183493,761100.8737030999,0.9191565954630543
1762156800,2025-11-03,2025-11-03 08:00,9417594084057,9414706.630082255,8656228098894,8653574.081317179,8944676367902524048388667,9561355.3555659,761365985163,761132.5487650757,0.9191549371986724
1762160400,2025-11-03,2025-11-03 09:00,9447100840554,9444188.455879048,8656388051451,8653719.430428846,8944676367902524048388667,9561831.946581917,790712789103,790469.0254501989,0.9163010110246023
1762164000,2025-11-03,2025-11-03 10:00,9422569981596,9419751.874820337,8656550912302,8653961.906879118,8944676367902524048388667,9561831.946581917,766019069294,765789.9679412182,0.9187038068393044
1762167600,2025-11-03,2025-11-03 11:00,9422737446478,9419836.846115287,8656718377184,8654053.580397781,8944676367902524048388667,9564489.23246064,766019069294,765783.2657175065,0.9187052516696917
1762171200,2025-11-03,2025-11-03 12:00,9445828071337,9443784.763916908,8656881833011,8655009.189262811,8944676367902524048388667,9564489.23246064,788946238326,788775.5746540964,0.9164767522373155
1762174800,2025-11-03,2025-11-03 13:00,9445988693720,9443786.376239102,8657042455394,8655024.07949386,8944676367902524048388667,9563438.916952517,788946238326,788762.296745241,0.9164781724913013
1762178400,2025-11-03,2025-11-03 14:00,8658195813040,8656491.625181025,8657270562554,8655566.556811564,8944676367902524048388667,9563438.916952517,925250486,925.0683694622363,0.9998931358788853
1762182000,2025-11-03,2025-11-03 15:00,8657983969862,8655955.071114708,8657702570697,8655673.73789236,8944676367902524048388667,9563438.916952517,281399165,281.333222349223,0.9999674983037645
1762185600,2025-11-03,2025-11-03 16:00,8658418702315,8656720.209452257,8658137303150,8656438.865488384,8944676367902524048388667,9551577.755020171,281399165,281.3439638726617,0.9999674999356494
1762189200,2025-11-03,2025-11-03 17:00,8658855946212,8656357.166449513,8658574547047,8656075.848490916,8944676367902524048388667,9569064.564835541,281399165,281.31795859778583,0.9999675015767963
1762192800,2025-11-03,2025-11-03 18:00,8659295717807,8657527.437684031,8659014318642,8657246.095982429,8944676367902524048388667,9562579.575822316,281399165,281.34170160270935,0.9999675032272635
1762196400,2025-11-03,2025-11-03 19:00,8659738033358,8657553.649768602,8659456634193,8657272.321585393,8944676367902524048388667,9565025.442250598,281399165,281.32818320866534,0.9999675048871091
1762200000,2025-11-03,2025-11-03 20:00,8660182896335,8658023.02413084,8659901497170,8657741.695147526,8944676367902524048388667,9565025.442250598,281399165,281.32898331422814,0.9999675065563431
1762203600,2025-11-03,2025-11-03 21:00,8660630323876,8658929.550592829,8660348924711,8658648.206688955,8944676367902524048388667,9565025.442250598,281399165,281.34390387421115,0.9999675082350271
1762207200,2025-11-03,2025-11-03 22:00,8661080337896,8659338.530406384,8660798938731,8659057.187832844,8944676367902524048388667,9564664.898903422,281399165,281.3425735409618,0.9999675099232403
1762210800,2025-11-03,2025-11-03 23:00,8661532876476,8658879.080659375,8661251548009,8658597.83838824,8944676367902524048388667,9564664.898903422,281328467,281.2422711361189,0.999967519783044
1762214400,2025-11-04,2025-11-04 00:00,8661988100156,8659764.10207598,8661706771689,8659482.845841123,8944676367902524048388667,9557622.797030278,281328467,281.25623485615165,0.9999675214900151
1762218000,2025-11-04,2025-11-04 01:00,8662445951431,8660713.462240715,8662164622964,8660432.190039407,8944676367902524048388667,9557622.797030278,281328467,281.2722013066,0.999967523206658
1762221600,2025-11-04,2025-11-04 02:00,8662817191602,8661122.016133657,8662625151086,8660930.013196932,8944676367902524048388667,9561051.988590766,192040516,192.0029367270625,0.9999778316323948
1762225200,2025-11-04,2025-11-04 03:00,8663280384700,8661397.097909397,8663088344184,8661205.099140557,8944676367902524048388667,9561051.988590766,192040516,191.99876883830333,0.9999778328176543
1762228800,2025-11-04,2025-11-04 04:00,8663746252787,8661760.16083284,8663554212271,8661568.164340533,8944676367902524048388667,9566342.84649858,192040516,191.99649230487182,0.9999778340096308
1762232400,2025-11-04,2025-11-04 05:00,8664214812340,8662481.985056093,8664022771824,8662289.982947847,8944676367902524048388667,9566342.84649858,192040516,192.002108244312,0.9999778352083646
1762236000,2025-11-04,2025-11-04 06:00,8664686082016,8663020.051560799,8664494041500,8662828.047970008,8944676367902524048388667,9567219.2821335,192040516,192.00359079056247,0.9999778364139009
1762239600,2025-11-04,2025-11-04 07:00,8664968051821,8663282.34061294,8664968051821,8663282.34061294,8944676367902524048388667,9558560.917932373,0,0,1
1762243200,2025-11-04,2025-11-04 08:00,8665444857998,8663750.239790717,8665444857998,8663750.239790717,8944676367902524048388667,9558560.917932373,0,0,1
1762246800,2025-11-04,2025-11-04 09:00,8665924419832,8663541.960349394,8665924419832,8663541.960349394,8944676367902524048388667,9568034.69083121,0,0,1
1762250400,2025-11-04,2025-11-04 10:00,8666406753434,8663845.970874365,8666406753434,8663845.970874365,8944676367902524048388667,9568034.69083121,0,0,1
1762254000,2025-11-04,2025-11-04 11:00,8666891875024,8664592.823936239,8666891875024,8664592.823936239,8944676367902524048388667,9562683.01429251,0,0,1
1762257600,2025-11-04,2025-11-04 12:00,8667379800891,8664809.632443555,8667379800891,8664809.632443555,8944676367902524048388667,9562683.01429251,0,0,1
1762261200,2025-11-04,2025-11-04 13:00,8667870547384,8665285.16631371,8667870547384,8665285.16631371,8944676367902524048388667,9567014.572615474,0,0,1
1762264800,2025-11-04,2025-11-04 14:00,8668364130969,8665746.979304085,8668364130969,8665746.979304085,8944676367902524048388667,9567014.572615474,0,0,1
1762268400,2025-11-04,2025-11-04 15:00,8668860568197,8666683.471146317,8668860568197,8666683.471146317,8944676367902524048388667,9562383.186648421,0,0,1
1762272000,2025-11-04,2025-11-04 16:00,8669359875767,8667678.946170384,8669359875767,8667678.946170384,8944676367902524048388667,9562383.186648421,0,0,1
1762275600,2025-11-04,2025-11-04 17:00,8669862070395,8668156.791896775,8669862070395,8668156.791896775,8944676367902524048388667,9549632.212041706,0,0,1
1762279200,2025-11-04,2025-11-04 18:00,8670367169010,8667892.33943222,8670367169010,8667892.33943222,8944676367902524048388667,9549632.212041706,0,0,1
1762282800,2025-11-04,2025-11-04 19:00,8670875188521,8668714.347313518,8670875188521,8668714.347313518,8944676367902524048388667,9541165.98215059,0,0,1
1762286400,2025-11-04,2025-11-04 20:00,8671386146025,8668870.611082671,8671386146025,8668870.611082671,8944676367902524048388667,9558792.905194636,0,0,1
1762290000,2025-11-04,2025-11-04 21:00,8671900058739,8670158.605100764,8671900058739,8670158.605100764,8944676367902524048388667,9558792.905194636,0,0,1
1762293600,2025-11-04,2025-11-04 22:00,8672416943746,8671012.473265707,8672416943746,8671012.473265707,8944676367902524048388667,9547658.816649774,0,0,1
1762297200,2025-11-04,2025-11-04 23:00,8672936818999,8671193.628626993,8672936818999,8671193.628626993,8944676367902524048388667,9547658.816649774,0,0,1
1762300800,2025-11-05,2025-11-05 00:00,8673459700989,8671728.34811496,8673459700989,8671728.34811496,8944676367902524048388667,9544226.489837531,0,0,1
1762304400,2025-11-05,2025-11-05 01:00,8673985607979,8671866.314266106,8673985607979,8671866.314266106,8944676367902524048388667,9544226.489837531,0,0,1
1762308000,2025-11-05,2025-11-05 02:00,8674514559209,8672632.416135509,8674514559209,8672632.416135509,8944676367902524048388667,9573287.50285908,0,0,1
1762311600,2025-11-05,2025-11-05 03:00,8675046574468,8673152.959120328,8675046574468,8673152.959120328,8944676367902524048388667,9573287.50285908,0,0,1
1762315200,2025-11-05,2025-11-05 04:00,8675581673561,8673373.231750293,8675581673561,8673373.231750293,8944676367902524048388667,9544984.565778254,0,0,1
1762318800,2025-11-05,2025-11-05 05:00,8676119869598,8674233.52600273,8676119869598,8674233.52600273,8944676367902524048388667,9544984.565778254,0,0,1
1762322400,2025-11-05,2025-11-05 06:00,8676661167013,8674084.42928174,8676661167013,8674084.42928174,8944676367902524048388667,9566290.110533042,0,0,1
1762326000,2025-11-05,2025-11-05 07:00,8677205599649,8674649.648548095,8677205599649,8674649.648548095,8944676367902524048388667,9566290.110533042,0,0,1
1762329600,2025-11-05,2025-11-05 08:00,8677753187846,8675834.260568013,8677753187846,8675834.260568013,8944676367902524048388667,9560410.06466485,0,0,1
1762333200,2025-11-05,2025-11-05 09:00,8678303951951,8675751.56486188,8678303951951,8675751.56486188,8944676367902524048388667,9563264.74960556,0,0,1
1762336800,2025-11-05,2025-11-05 10:00,8678857899727,8676258.82785615,8678857899727,8676258.82785615,8944676367902524048388667,9563264.74960556,0,0,1
1762340400,2025-11-05,2025-11-05 11:00,8679415041411,8676850.071841838,8679415041411,8676850.071841838,8944676367902524048388667,9555866.583434261,0,0,1
1762344000,2025-11-05,2025-11-05 12:00,8679975408149,8679660.199264087,8679975408149,8679660.199264087,8944676367902524048388667,9555868.690074015,0,0,1
1762347600,2025-11-05,2025-11-05 13:00,8680539019032,8678349.567813579,8680539019032,8678349.567813579,8944676367902524048388667,9562020.103589006,0,0,1
1762351200,2025-11-05,2025-11-05 14:00,8681105893820,8679370.782863975,8681105893820,8679370.782863975,8944676367902524048388667,9562020.103589006,0,0,1
1762354800,2025-11-05,2025-11-05 15:00,8681676049916,8679506.155949876,8681676049916,8679506.155949876,8944676367902524048388667,9550873.280762788,0,0,1
1762358400,2025-11-05,2025-11-05 16:00,8682249507272,8679670.403101116,8682249507272,8679670.403101116,8944676367902524048388667,9550873.280762788,0,0,1
1762362000,2025-11-05,2025-11-05 17:00,8682826285470,8680516.523071952,8682826285470,8680516.523071952,8944676367902524048388667,9560716.955180952,0,0,1
1762365600,2025-11-05,2025-11-05 18:00,8683406404229,8680826.704497073,8683406404229,8680826.704497073,8944676367902524048388667,9560716.955180952,0,0,1
1762369200,2025-11-05,2025-11-05 19:00,8683989882907,8681390.652424,8683989882907,8681390.652424,8944676367902524048388667,9546238.9898596,0,0,1
1762372800,2025-11-05,2025-11-05 20:00,8684576740746,8682822.406129725,8684576740746,8682822.406129725,8944676367902524048388667,9546243.31988065,0,0,1
1762376400,2025-11-05,2025-11-05 21:00,8685167000307,8682595.93578714,8685167000307,8682595.93578714,8944676367902524048388667,9560122.476951582,0,0,1
1762380000,2025-11-05,2025-11-05 22:00,8685760683718,8683209.44808563,8685760683718,8683209.44808563,8944676367902524048388667,9559661.243192896,0,0,1
1762383600,2025-11-05,2025-11-05 23:00,8686357813120,8683820.519870548,8686357813120,8683820.519870548,8944676367902524048388667,9559661.243192896,0,0,1
1762387200,2025-11-06,2025-11-06 00:00,8686958410661,8684405.949219413,8686958410661,8684405.949219413,8944676367902524048388667,9547712.399456123,0,0,1
1762390800,2025-11-06,2025-11-06 01:00,8687562498501,8685426.427648395,8687562498501,8685426.427648395,8944676367902524048388667,9547712.399456123,0,0,1
1762394400,2025-11-06,2025-11-06 02:00,8688170098811,8686291.505577564,8688170098811,8686291.505577564,8944676367902524048388667,9565029.952238774,0,0,1
1762398000,2025-11-06,2025-11-06 03:00,8688781169271,8687086.97133912,8688781169271,8687086.97133912,8944676367902524048388667,9565029.952238774,0,0,1
1762401600,2025-11-06,2025-11-06 04:00,8689395779699,8687178.558470212,8689395779699,8687178.558470212,8944676367902524048388667,9566796.992484799,0,0,1
1762405200,2025-11-06,2025-11-06 05:00,8690013950738,8687459.619099567,8690013950738,8687459.619099567,8944676367902524048388667,9566796.992484799,0,0,1
1762408800,2025-11-06,2025-11-06 06:00,8690635704495,8688948.992654089,8690635704495,8688948.992654089,8944676367902524048388667,9569319.416907858,0,0,1
1762412400,2025-11-06,2025-11-06 07:00,8691261062202,8688695.596157633,8691261062202,8688695.596157633,8944676367902524048388667,9569319.416907858,0,0,1
1762416000,2025-11-06,2025-11-06 08:00,8691890044687,8689717.360933974,8691890044687,8689717.360933974,8944676367902524048388667,9581162.271970863,0,0,1
1762419600,2025-11-06,2025-11-06 09:00,8692522673350,8690674.2286462,8692522673350,8690674.2286462,8944676367902524048388667,9581162.271970863,0,0,1
1762423200,2025-11-06,2025-11-06 10:00,8693158970400,8691017.58249666,8693158970400,8691017.58249666,8944676367902524048388667,9515368.369521825,0,0,1
1762426800,2025-11-06,2025-11-06 11:00,8693798955904,8692075.179531131,8693798955904,8692075.179531131,8944676367902524048388667,9512152.277706796,0,0,1
1762430400,2025-11-06,2025-11-06 12:00,8694442652449,8692720.501699395,8694442652449,8692720.501699395,8944676367902524048388667,9512152.277706796,0,0,1
1762434000,2025-11-06,2025-11-06 13:00,8695090081502,8693363.277060738,8695090081502,8693363.277060738,8944676367902524048388667,9543110.032950522,0,0,1
1762437600,2025-11-06,2025-11-06 14:00,8695741265204,8694003.593979808,8695741265204,8694003.593979808,8944676367902524048388667,9543110.032950522,0,0,1
1762441200,2025-11-06,2025-11-06 15:00,8696396227645,8694642.84416702,8696396227645,8694642.84416702,8944676367902524048388667,9538588.191940717,0,0,1
1762444800,2025-11-06,2025-11-06 16:00,8697054993504,8695399.386482412,8697054993504,8695399.386482412,8944676367902524048388667,9538588.191940717,0,0,1
1762448400,2025-11-06,2025-11-06 17:00,8697717576925,8695975.486354284,8697717576925,8695975.486354284,8944676367902524048388667,784036.5832762539,0,0,1
1762452000,2025-11-06,2025-11-06 18:00,8698384999446,8697207.263606617,8698383999481,8697206.26377701,8944676367902524048388667,784036.583276254,999965,0.9998296076692738,0.999999885040154
1762455600,2025-11-06,2025-11-06 19:00,8699054289218,8697303.659434756,8699054289218,8697303.659434756,8944676367902524048388667,473901.842309143,0,0,1
1762459200,2025-11-06,2025-11-06 20:00,8699728467110,8698135.47203425,8699728467110,8698135.47203425,8944676367902524048388667,473901.842309143,0,0,1
1762462800,2025-11-06,2025-11-06 21:00,8700406556781,8699095.984542884,8700406556781,8699095.984542884,8944676367902524048388667,266083.68259165017,0,0,1
1762466400,2025-11-06,2025-11-06 22:00,8701088581163,8699779.550019296,8701088581163,8699779.550019296,8944676367902524048388667,266083.68259165017,0,0,1
1762470000,2025-11-06,2025-11-06 23:00,8701774563430,8700712.537550196,8701774563430,8700712.537550196,8944676367902524048388667,93978.25258812102,0,0,1
1762473600,2025-11-07,2025-11-07 00:00,8702464527089,8699885.701094132,8702464527089,8699885.701094132,8944676367902524048388667,110674.19596926558,0,0,1
1762477200,2025-11-07,2025-11-07 01:00,8703158495285,8701403.49729394,8703158495285,8701403.49729394,8944676367902524048388667,110674.19596926558,0,0,1
1762480800,2025-11-07,2025-11-07 02:00,8703856491472,8701269.939074662,8703856491472,8701269.939074662,8944676367902524048388667,143568.9358841873,0,0,1
1762484400,2025-11-07,2025-11-07 03:00,8704558539454,8702203.470763482,8704558539454,8702203.470763482,8944676367902524048388667,152271.62776748743,0,0,1
1762488000,2025-11-07,2025-11-07 04:00,8705264663167,8702697.298367715,8705264663167,8702697.298367715,8944676367902524048388667,152271.62776748743,0,0,1
1762491600,2025-11-07,2025-11-07 05:00,8705974886690,8703994.588216934,8705974886690,8703994.588216934,8944676367902524048388667,152271.62776748743,0,0,1
1762495200,2025-11-07,2025-11-07 06:00,8706689233870,8704964.194524616,8706689233870,8704964.194524616,8944676367902524048388667,152271.62776748743,0,0,1
1762498800,2025-11-07,2025-11-07 07:00,8707407729201,8705242.569596095,8707407729201,8705242.569596095,8944676367902524048388667,152271.62776748743,0,0,1
1762502400,2025-11-07,2025-11-07 08:00,8708130397051,8706386.08618487,8708130397051,8706386.08618487,8944676367902524048388667,152271.62776748743,0,0,1
1762506000,2025-11-07,2025-11-07 09:00,8708857263393,8706244.606213981,8708857263393,8706244.606213981,8944676367902524048388667,230800.03228702847,0,0,1
1762509600,2025-11-07,2025-11-07 10:00,8709588355689,8707849.21285604,8709588355689,8707849.21285604,8944676367902524048388667,265155.42563491286,0,0,1
1762513200,2025-11-07,2025-11-07 11:00,8710323701496,8707739.122842344,8710323701496,8707739.122842344,8944676367902524048388667,265155.42563491286,0,0,1
1762516800,2025-11-07,2025-11-07 12:00,8711063306093,8709220.080605589,8711063306093,8709220.080605589,8944676367902524048388667,265155.42563491286,0,0,1
1762520400,2025-11-07,2025-11-07 13:00,8711807209827,8709699.144897344,8711807209827,8709699.144897344,8944676367902524048388667,265155.42563491286,0,0,1
1762524000,2025-11-07,2025-11-07 14:00,8712555440967,8710808.547986165,8712555440967,8710808.547986165,8944676367902524048388667,265155.42563491286,0,0,1
1762527600,2025-11-07,2025-11-07 15:00,8713308022142,8711564.305629682,8713308022142,8711564.305629682,8944676367902524048388667,265155.42563491286,0,0,1
1762531200,2025-11-07,2025-11-07 16:00,8714064966573,8711465.125221202,8714064966573,8711465.125221202,8944676367902524048388667,366072.9945456816,0,0,1
1762534800,2025-11-07,2025-11-07 17:00,8714826313926,8713080.202476328,8714826313926,8713080.202476328,8944676367902524048388667,381987.8974952043,0,0,1
1762538400,2025-11-07,2025-11-07 18:00,8715592092971,8713884.714665888,8715592092971,8713884.714665888,8944676367902524048388667,381987.8974952043,0,0,1
1762542000,2025-11-07,2025-11-07 19:00,8716362332492,8714648.525265373,8716362332492,8714648.525265373,8944676367902524048388667,352400.63853741036,0,0,1
1762545600,2025-11-07,2025-11-07 20:00,8717137046193,8715409.7076185,8717137046193,8715409.7076185,8944676367902524048388667,352400.63853741036,0,0,1
1762549200,2025-11-07,2025-11-07 21:00,8717916244453,8715710.906975638,8717916244453,8715710.906975638,8944676367902524048388667,296399.8542297821,0,0,1
1762552800,2025-11-07,2025-11-07 22:00,8718699976869,8717233.151283184,8718699976869,8717233.151283184,8944676367902524048388667,296399.8542297821,0,0,1
1762556400,2025-11-07,2025-11-07 23:00,8719488268131,8719144.056019818,8719488268131,8719144.056019818,8944676367902524048388667,297030.96652260685,0,0,1
1762560000,2025-11-08,2025-11-08 00:00,8720281137869,8720275.439231222,8720281137869,8720275.439231222,8944676367902524048388667,297030.96652260685,0,0,1
1762563600,2025-11-08,2025-11-08 01:00,8721078619727,8720431.832720382,8721078619727,8720431.832720382,8944676367902524048388667,298097.61735569575,0,0,1
1762567200,2025-11-08,2025-11-08 02:00,8721880737783,8720437.146415703,8721880737783,8720437.146415703,8944676367902524048388667,298788.4175701314,0,0,1
1762570800,2025-11-08,2025-11-08 03:00,8722687522283,8720962.701143824,8722687522283,8720962.701143824,8944676367902524048388667,298788.4175701314,0,0,1
1762574400,2025-11-08,2025-11-08 04:00,8723498999343,8722198.232932245,8723498999343,8722198.232932245,8944676367902524048388667,219719.69338518757,0,0,1
1762578000,2025-11-08,2025-11-08 05:00,8724315197634,8723436.71635884,8724315197634,8723436.71635884,8944676367902524048388667,219719.69338518757,0,0,1
1762581600,2025-11-08,2025-11-08 06:00,8725136146098,8724253.45634634,8725136146098,8724253.45634634,8944676367902524048388667,219387.5068305644,0,0,1
1762585200,2025-11-08,2025-11-08 07:00,8725961876050,8724128.365297679,8725961876050,8724128.365297679,8944676367902524048388667,219387.5068305644,0,0,1
1762588800,2025-11-08,2025-11-08 08:00,8726792418777,8725049.700042127,8726792418777,8725049.700042127,8944676367902524048388667,218834.39056732244,0,0,1
1762592400,2025-11-08,2025-11-08 09:00,8727627783859,8725885.136031603,8727627783859,8725885.136031603,8944676367902524048388667,218834.39056732244,0,0,1
1762596000,2025-11-08,2025-11-08 10:00,8728468009036,8726718.485925872,8728468009036,8726718.485925872,8944676367902524048388667,218402.774182306,0,0,1
1762599600,2025-11-08,2025-11-08 11:00,8729313124740,8727572.661311265,8729313124740,8727572.661311265,8944676367902524048388667,218402.774182306,0,0,1
1762603200,2025-11-08,2025-11-08 12:00,8730163161638,8729275.027899561,8730163161638,8729275.027899561,8944676367902524048388667,216569.34156484096,0,0,1
1762606800,2025-11-08,2025-11-08 13:00,8731018152139,8729296.989907324,8731018152139,8729296.989907324,8944676367902524048388667,216569.34156484096,0,0,1
1762610400,2025-11-08,2025-11-08 14:00,8731878128695,8730154.872721333,8731878128695,8730154.872721333,8944676367902524048388667,216910.2344198092,0,0,1
1762614000,2025-11-08,2025-11-08 15:00,8732743123780,8731003.774994565,8732743123780,8731003.774994565,8944676367902524048388667,216258.3795176294,0,0,1
1762617600,2025-11-08,2025-11-08 16:00,8733613169890,8731886.802491887,8733613169890,8731886.802491887,8944676367902524048388667,216258.3795176294,0,0,1
1762621200,2025-11-08,2025-11-08 17:00,8734488299541,8732762.554214006,8734488299541,8732762.554214006,8944676367902524048388667,218409.46895931533,0,0,1
1762624800,2025-11-08,2025-11-08 18:00,8735368545271,8733643.94398765,8735368545271,8733643.94398765,8944676367902524048388667,218409.46895931533,0,0,1
1762628400,2025-11-08,2025-11-08 19:00,8736253939636,8734526.866185512,8736253939636,8734526.866185512,8944676367902524048388667,220854.26286076815,0,0,1
1762632000,2025-11-08,2025-11-08 20:00,8737144515220,8734871.521930251,8737144515220,8734871.521930251,8944676367902524048388667,220854.26286076815,0,0,1
1762635600,2025-11-08,2025-11-08 21:00,8738040304622,8736029.971933357,8738040304622,8736029.971933357,8944676367902524048388667,225333.71062544693,0,0,1
1762639200,2025-11-08,2025-11-08 22:00,8738941340468,8737213.247437876,8738941340468,8737213.247437876,8944676367902524048388667,225333.71062544693,0,0,1
1762642800,2025-11-08,2025-11-08 23:00,8739847655406,8737796.46984284,8739847655406,8737796.46984284,8944676367902524048388667,220851.67142675628,0,0,1
1762646400,2025-11-09,2025-11-09 00:00,8740759282101,8738834.467494132,8740759282101,8738834.467494132,8944676367902524048388667,220851.67142675628,0,0,1
1762650000,2025-11-09,2025-11-09 01:00,8741676253248,8739949.587911496,8741676253248,8739949.587911496,8944676367902524048388667,219155.18141581753,0,0,1
1762653600,2025-11-09,2025-11-09 02:00,8742598479124,8740005.109197529,8742598479124,8740005.109197529,8944676367902524048388667,219155.18141581753,0,0,1
1762657200,2025-11-09,2025-11-09 03:00,8743525821353,8740974.90047206,8743525821353,8740974.90047206,8944676367902524048388667,214024.64452175907,0,0,1
1762660800,2025-11-09,2025-11-09 04:00,8744458575732,8742709.668469151,8744458575732,8742709.668469151,8944676367902524048388667,214074.6854118684,0,0,1
1762664400,2025-11-09,2025-11-09 05:00,8745396777813,8743661.90348999,8745396777813,8743661.90348999,8944676367902524048388667,214074.6854118684,0,0,1
1762668000,2025-11-09,2025-11-09 06:00,8746340459980,8744604.596244391,8746340459980,8744604.596244391,8944676367902524048388667,218547.01194840457,0,0,1
1762671600,2025-11-09,2025-11-09 07:00,8747289622454,8745555.254888102,8747289622454,8745555.254888102,8944676367902524048388667,218547.01194840457,0,0,1
1762675200,2025-11-09,2025-11-09 08:00,8748244325993,8746524.760457562,8748244325993,8746524.760457562,8944676367902524048388667,216613.9987099162,0,0,1
1762678800,2025-11-09,2025-11-09 09:00,8749204607066,8746659.848251631,8749204607066,8746659.848251631,8944676367902524048388667,216613.9987099162,0,0,1
1762682400,2025-11-09,2025-11-09 10:00,8750170502170,8747604.854376648,8750170502170,8747604.854376648,8944676367902524048388667,214927.22268920654,0,0,1
1762686000,2025-11-09,2025-11-09 11:00,8751142029969,8748921.072944839,8751142029969,8748921.072944839,8944676367902524048388667,214927.22268920654,0,0,1
1762689600,2025-11-09,2025-11-09 12:00,8752119206103,8750369.91380715,8752119206103,8750369.91380715,8944676367902524048388667,218914.6432655224,0,0,1
1762693200,2025-11-09,2025-11-09 13:00,8753102084855,8751362.738898464,8753102084855,8751362.738898464,8944676367902524048388667,218914.6432655224,0,0,1
1762696800,2025-11-09,2025-11-09 14:00,8754090700268,8752174.132625168,8754090700268,8752174.132625168,8944676367902524048388667,212418.95520956395,0,0,1
1762700400,2025-11-09,2025-11-09 15:00,8755085088703,8752443.226142421,8755085088703,8752443.226142421,8944676367902524048388667,212418.95520956395,0,0,1
1762704000,2025-11-09,2025-11-09 16:00,8756085282977,8754347.878339484,8756085282977,8754347.878339484,8944676367902524048388667,214498.02004811267,0,0,1
1762707600,2025-11-09,2025-11-09 17:00,8757091315986,8754478.294037808,8757091315986,8754478.294037808,8944676367902524048388667,216406.84889887564,0,0,1
1762711200,2025-11-09,2025-11-09 18:00,8758103224720,8755500.105074998,8758103224720,8755500.105074998,8944676367902524048388667,216406.84889887564,0,0,1
1762714800,2025-11-09,2025-11-09 19:00,8759121045273,8756515.333593233,8759121045273,8756515.333593233,8944676367902524048388667,139658.02793124036,0,0,1
1762718400,2025-11-09,2025-11-09 20:00,8760144811161,8758414.222469144,8760144811161,8758414.222469144,8944676367902524048388667,139658.02793124036,0,0,1
1762722000,2025-11-09,2025-11-09 21:00,8761174555861,8758565.264831938,8761174555861,8758565.264831938,8944676367902524048388667,134496.08819421852,0,0,1
1762725600,2025-11-09,2025-11-09 22:00,8762210320173,8759611.763474116,8762210320173,8759611.763474116,8944676367902524048388667,134496.08819421852,0,0,1
1762729200,2025-11-09,2025-11-09 23:00,8763252144068,8761545.289646143,8763252144068,8761545.289646143,8944676367902524048388667,115526.92607110387,0,0,1
1762732800,2025-11-10,2025-11-10 00:00,8764300067366,8762128.236218331,8764300067366,8762128.236218331,8944676367902524048388667,115526.92607110387,0,0,1
1762736400,2025-11-10,2025-11-10 01:00,8765354129916,8762773.695527874,8765354129916,8762773.695527874,8944676367902524048388667,116711.13905346097,0,0,1
1762740000,2025-11-10,2025-11-10 02:00,8766414371599,8764685.169314941,8766414371599,8764685.169314941,8944676367902524048388667,116711.13905346097,0,0,1
1762743600,2025-11-10,2025-11-10 03:00,8767480759186,8765133.388649538,8767480759186,8765133.388649538,8944676367902524048388667,116650.44564908418,0,0,1
1762747200,2025-11-10,2025-11-10 04:00,8768553376251,8766808.678587,8768553376251,8766808.678587,8944676367902524048388667,116650.44564908418,0,0,1
1762750800,2025-11-10,2025-11-10 05:00,8769632273022,8767888.464692477,8769632273022,8767888.464692477,8944676367902524048388667,125821.03612337839,0,0,1
1762754400,2025-11-10,2025-11-10 06:00,8770717490808,8768338.435213579,8770717490808,8768338.435213579,8944676367902524048388667,131329.481047886,0,0,1
1762758000,2025-11-10,2025-11-10 07:00,8771809070952,8769206.142548328,8771809070952,8769206.142548328,8944676367902524048388667,131329.481047886,0,0,1
1762761600,2025-11-10,2025-11-10 08:00,8772907054831,8771148.855321014,8772907054831,8771148.855321014,8944676367902524048388667,130564.6184321049,0,0,1
1762765200,2025-11-10,2025-11-10 09:00,8774011483854,8772256.843018355,8774011483854,8772256.843018355,8944676367902524048388667,130564.6184321049,0,0,1
1762768800,2025-11-10,2025-11-10 10:00,8775122399464,8773659.765669147,8775122399464,8773659.765669147,8944676367902524048388667,129999.11232047509,0,0,1
1762772400,2025-11-10,2025-11-10 11:00,8776239843141,8774492.979882611,8776239843141,8774492.979882611,8944676367902524048388667,129999.11232047509,0,0,1
1762776000,2025-11-10,2025-11-10 12:00,8777363856396,8775611.126410557,8777363856396,8775611.126410557,8944676367902524048388667,129099.18605030703,0,0,1
1762779600,2025-11-10,2025-11-10 13:00,8778494480776,8776741.975087833,8778494480776,8776741.975087833,8944676367902524048388667,129099.18605030703,0,0,1
1762783200,2025-11-10,2025-11-10 14:00,8779631757860,8777889.53421972,8779631757860,8777889.53421972,8944676367902524048388667,129021.97486420619,0,0,1
1762786800,2025-11-10,2025-11-10 15:00,8780775729270,8778743.331609992,8780775729270,8778743.331609992,8944676367902524048388667,129021.97486420619,0,0,1
1762790400,2025-11-10,2025-11-10 16:00,8781926436655,8779325.864632268,8781926436655,8779325.864632268,8944676367902524048388667,158776.26608603098,0,0,1
1762794000,2025-11-10,2025-11-10 17:00,8783083921705,8780471.189543908,8783083921705,8780471.189543908,8944676367902524048388667,158776.26608603098,0,0,1
1762797600,2025-11-10,2025-11-10 18:00,8784248226143,8782497.397326082,8784248226143,8782497.397326082,8944676367902524048388667,172562.50285484325,0,0,1
1762801200,2025-11-10,2025-11-10 19:00,8785419391732,8784529.089161234,8785419391732,8784529.089161234,8944676367902524048388667,167933.7418270868,0,0,1
1762804800,2025-11-10,2025-11-10 20:00,8786597460274,8784848.308647871,8786597460274,8784848.308647871,8944676367902524048388667,167933.7418270868,0,0,1
1762808400,2025-11-10,2025-11-10 21:00,8787782473598,8786075.822611725,8787782473598,8786075.822611725,8944676367902524048388667,166489.9537271343,0,0,1
1762812000,2025-11-10,2025-11-10 22:00,8788974473577,8787128.207608923,8788974473577,8787128.207608923,8944676367902524048388667,166489.9537271343,0,0,1
1762815600,2025-11-10,2025-11-10 23:00,8790173502128,8788988.342908222,8790173502128,8788988.342908222,8944676367902524048388667,168351.87883457297,0,0,1
1762819200,2025-11-11,2025-11-11 00:00,8791379601194,8789645.71907959,8791379601194,8789645.71907959,8944676367902524048388667,168351.87883457297,0,0,1
1762822800,2025-11-11,2025-11-11 01:00,8792592812764,8791704.099767124,8792592812764,8791704.099767124,8944676367902524048388667,61822.026518873565,0,0,1
1762826400,2025-11-11,2025-11-11 02:00,8793813178866,8792087.958943909,8793813178866,8792087.958943909,8944676367902524048388667,61822.026518873565,0,0,1
1762830000,2025-11-11,2025-11-11 03:00,8795040741560,8793315.545232657,8795040741560,8793315.545232657,8944676367902524048388667,62053.017735332585,0,0,1
1762833600,2025-11-11,2025-11-11 04:00,8796274902621,8794547.974242434,8796274902621,8794547.974242434,8944676367902524048388667,62053.017735332585,0,0,1
1762837200,2025-11-11,2025-11-11 05:00,8797515542005,8795794.658373814,8797515542005,8795794.658373814,8944676367902524048388667,63267.7128696602,0,0,1
1762840800,2025-11-11,2025-11-11 06:00,8798763466427,8797030.924226604,8798763466427,8797030.924226604,8944676367902524048388667,63267.7128696602,0,0,1
1762844400,2025-11-11,2025-11-11 07:00,8800018724179,8797384.3021512,8800018724179,8797384.3021512,8944676367902524048388667,63176.386078066826,0,0,1
1762848000,2025-11-11,2025-11-11 08:00,8801281363594,8799526.291005626,8801281363594,8799526.291005626,8944676367902524048388667,63176.386078066826,0,0,1
1762851600,2025-11-11,2025-11-11 09:00,8802551433049,8800402.26056358,8802551433049,8800402.26056358,8944676367902524048388667,63176.386078066826,0,0,1
1762855200,2025-11-11,2025-11-11 10:00,8803828980969,8802084.910843551,8803828980969,8802084.910843551,8944676367902524048388667,64003.60892750057,0,0,1
1762858800,2025-11-11,2025-11-11 11:00,8805114055822,8803382.327663735,8805114055822,8803382.327663735,8944676367902524048388667,64003.60892750057,0,0,1
1762862400,2025-11-11,2025-11-11 12:00,8806406706123,8804136.798528008,8806406706123,8804136.798528008,8944676367902524048388667,27945.924285869303,0,0,1
1762866000,2025-11-11,2025-11-11 13:00,8807706980431,8805884.700883916,8807706980431,8805884.700883916,8944676367902524048388667,27945.924285869303,0,0,1
1762869600,2025-11-11,2025-11-11 14:00,8809014927353,8807158.537536593,8809014927353,8807158.537536593,8944676367902524048388667,27945.924285869303,0,0,1
1762873200,2025-11-11,2025-11-11 15:00,8810330595543,8808580.799075762,8810330595543,8808580.799075762,8944676367902524048388667,27945.924285869303,0,0,1
1762876800,2025-11-11,2025-11-11 16:00,8811654033701,8809896.804952493,8811654033701,8809896.804952493,8944676367902524048388667,27945.924285869303,0,0,1
1762880400,2025-11-11,2025-11-11 17:00,8812985290578,8810439.79429916,8812985290578,8810439.79429916,8944676367902524048388667,27945.924285869303,0,0,1
1762884000,2025-11-11,2025-11-11 18:00,8814324414967,8812581.416498082,8814324414967,8812581.416498082,8944676367902524048388667,47158.27317166301,0,0,1
1762887600,2025-11-11,2025-11-11 19:00,8815671095596,8813606.639180988,8815671095596,8813606.639180988,8944676367902524048388667,47158.27317166301,0,0,1
1762891200,2025-11-11,2025-11-11 20:00,8817025495225,8814466.401533889,8817025495225,8814466.401533889,8944676367902524048388667,61028.98137710944,0,0,1
1762894800,2025-11-11,2025-11-11 21:00,8818387866000,8816640.111352595,8818387866000,8816640.111352595,8944676367902524048388667,60960.60053910771,0,0,1
1762898400,2025-11-11,2025-11-11 22:00,8819758260892,8817205.3823113,8819758260892,8817205.3823113,8944676367902524048388667,60960.60053910771,0,0,1
1762902000,2025-11-11,2025-11-11 23:00,8821136732920,8819256.92200425,8821136732920,8819256.92200425,8944676367902524048388667,62951.828417406,0,0,1
1762905600,2025-11-12,2025-11-12 00:00,8822523335161,8820684.917011827,8822523335161,8820684.917011827,8944676367902524048388667,62951.828417406,0,0,1
1762909200,2025-11-12,2025-11-12 01:00,8823918120742,8822163.791053759,8823918120742,8822163.791053759,8944676367902524048388667,71417.16984017548,0,0,1
1762912800,2025-11-12,2025-11-12 02:00,8825321142845,8823554.940419797,8825321142845,8823554.940419797,8944676367902524048388667,71417.16984017548,0,0,1
1762916400,2025-11-12,2025-11-12 03:00,8826732454705,8824119.436620537,8826732454705,8824119.436620537,8944676367902524048388667,71417.16984017548,0,0,1
1762920000,2025-11-12,2025-11-12 04:00,8828152109615,8825530.375860045,8828152109615,8825530.375860045,8944676367902524048388667,71417.16984017548,0,0,1
1762923600,2025-11-12,2025-11-12 05:00,8829580160920,8826936.393666007,8829580160920,8826936.393666007,8944676367902524048388667,71595.39125085039,0,0,1
1762927200,2025-11-12,2025-11-12 06:00,8831016662021,8829066.55689481,8831016662021,8829066.55689481,8944676367902524048388667,71595.39125085039,0,0,1
1762930800,2025-11-12,2025-11-12 07:00,8832461666380,8829872.960506368,8832461666380,8829872.960506368,8944676367902524048388667,71595.39125085039,0,0,1
1762934400,2025-11-12,2025-11-12 08:00,8833914829886,8831797.939830702,8833914829886,8831797.939830702,8944676367902524048388667,71595.39125085039,0,0,1
1762938000,2025-11-12,2025-11-12 09:00,8835376483771,8833615.298297891,8835376483771,8833615.298297891,8944676367902524048388667,71595.39125085039,0,0,1
1762941600,2025-11-12,2025-11-12 10:00,8836846750085,8835093.420007456,8836846750085,8835093.420007456,8944676367902524048388667,66308.0677588708,0,0,1
1762945200,2025-11-12,2025-11-12 11:00,8838325686726,8835705.89162072,8838325686726,8835705.89162072,8944676367902524048388667,66308.0677588708,0,0,1
1762948800,2025-11-12,2025-11-12 12:00,8839813351620,8837706.952937631,8839813351620,8837706.952937631,8944676367902524048388667,67247.54359083624,0,0,1
1762952400,2025-11-12,2025-11-12 13:00,8841309802755,8838726.226609644,8841309802755,8838726.226609644,8944676367902524048388667,67247.54359083624,0,0,1
1762956000,2025-11-12,2025-11-12 14:00,8842815098181,8840770.17950175,8842815098181,8840770.17950175,8944676367902524048388667,67658.18435953742,0,0,1
1762959600,2025-11-12,2025-11-12 15:00,8844329296012,8842161.111344302,8844329296012,8842161.111344302,8944676367902524048388667,67658.18435953742,0,0,1
1762963200,2025-11-12,2025-11-12 16:00,8845852454426,8844831.50672508,8845852454426,8844831.50672508,8944676367902524048388667,75588.51840666281,0,0,1
1762966800,2025-11-12,2025-11-12 17:00,8847384631661,8846287.169486614,8847384631661,8846287.169486614,8944676367902524048388667,75588.51840666281,0,0,1
1762970400,2025-11-12,2025-11-12 18:00,8848925886024,8846741.893349601,8848925886024,8846741.893349601,8944676367902524048388667,75470.78065089163,0,0,1
1762974000,2025-11-12,2025-11-12 19:00,8850476275888,8848402.601103289,8850476275888,8848402.601103289,8944676367902524048388667,75470.78065089163,0,0,1
1762977600,2025-11-12,2025-11-12 20:00,8852035859686,8849442.10019123,8852035859686,8849442.10019123,8944676367902524048388667,75470.78065089163,0,0,1
1762981200,2025-11-12,2025-11-12 21:00,8853604695924,8851626.879405754,8853604695924,8851626.879405754,8944676367902524048388667,75037.73944409758,0,0,1
1762984800,2025-11-12,2025-11-12 22:00,8855182843171,8852572.47228858,8855182843171,8852572.47228858,8944676367902524048388667,75037.73944409758,0,0,1
1762988400,2025-11-12,2025-11-12 23:00,8856769929828,8854171.382053798,8856769929828,8854171.382053798,8944676367902524048388667,75037.73944409758,0,0,1
1762992000,2025-11-13,2025-11-13 00:00,8858366258099,8856590.199004868,8858366258099,8856590.199004868,8944676367902524048388667,75037.73944409758,0,0,1
1762995600,2025-11-13,2025-11-13 01:00,8859972024892,8858215.611372564,8859972024892,8858215.611372564,8944676367902524048388667,21890.250348569534,0,0,1
1762999200,2025-11-13,2025-11-13 02:00,8861587293350,8859831.510563428,8861587293350,8859831.510563428,8944676367902524048388667,21890.250348569534,0,0,1
1763002800,2025-11-13,2025-11-13 03:00,8863212126691,8861452.272465546,8863212126691,8861452.272465546,8944676367902524048388667,21890.250348569534,0,0,1
1763006400,2025-11-13,2025-11-13 04:00,8864846588204,8863085.962013723,8864846588204,8863085.962013723,8944676367902524048388667,21890.250348569534,0,0,1
1763010000,2025-11-13,2025-11-13 05:00,8866490741255,8863899.258458814,8866490741255,8863899.258458814,8944676367902524048388667,25344.82436615864,0,0,1
1763013600,2025-11-13,2025-11-13 06:00,8868144649281,8866364.124870682,8868144649281,8866364.124870682,8944676367902524048388667,25344.82436615864,0,0,1
1763017200,2025-11-13,2025-11-13 07:00,8869808375798,8867413.331030857,8869808375798,8867413.331030857,8944676367902524048388667,25344.82436615864,0,0,1
1763020800,2025-11-13,2025-11-13 08:00,8871481984395,8868861.7882085,8871481984395,8868861.7882085,8944676367902524048388667,25344.82436615864,0,0,1
1763024400,2025-11-13,2025-11-13 09:00,8873165538741,8871365.584167685,8873165538741,8871365.584167685,8944676367902524048388667,18481.074766712423,0,0,1
1763028000,2025-11-13,2025-11-13 10:00,8874858775433,8872976.73827471,8874858775433,8872976.73827471,8944676367902524048388667,18481.074766712423,0,0,1
1763031600,2025-11-13,2025-11-13 11:00,8876561957510,8874442.688275846,8876561957510,8874442.688275846,8944676367902524048388667,18481.074766712423,0,0,1
1763035200,2025-11-13,2025-11-13 12:00,8878275213836,8875629.803314928,8878275213836,8875629.803314928,8944676367902524048388667,18481.074766712423,0,0,1
1763038800,2025-11-13,2025-11-13 13:00,8879998611002,8877836.328495981,8879998611002,8877836.328495981,8944676367902524048388667,18481.074766712423,0,0,1
1763042400,2025-11-13,2025-11-13 14:00,8881732210264,8879786.23773024,8881732210264,8879786.23773024,8944676367902524048388667,17871.847180748435,0,0,1
1763046000,2025-11-13,2025-11-13 15:00,8883476073860,8880886.398876486,8883476073860,8880886.398876486,8944676367902524048388667,17871.847180748435,0,0,1
1763049600,2025-11-13,2025-11-13 16:00,8885230270099,8882641.067402039,8885230270099,8882641.067402039,8944676367902524048388667,18407.22455850414,0,0,1
1763053200,2025-11-13,2025-11-13 17:00,8886994868846,8884682.538946014,8886994868846,8884682.538946014,8944676367902524048388667,18407.22455850414,0,0,1
1763056800,2025-11-13,2025-11-13 18:00,8888769940022,8886182.930056522,8888769940022,8886182.930056522,8944676367902524048388667,20652.28586385723,0,0,1
1763060400,2025-11-13,2025-11-13 19:00,8890555553636,8888792.705239372,8890555553636,8888792.705239372,8944676367902524048388667,20652.28586385723,0,0,1
1763064000,2025-11-13,2025-11-13 20:00,8892351779783,8889758.95716997,8892351779783,8889758.95716997,8944676367902524048388667,22633.465287731535,0,0,1
1763067600,2025-11-13,2025-11-13 21:00,8894158688652,8891422.477867363,8894158688652,8891422.477867363,8944676367902524048388667,22633.465287731535,0,0,1
1763071200,2025-11-13,2025-11-13 22:00,8895976350520,8893367.117905533,8895976350520,8893367.117905533,8944676367902524048388667,20667.79430684962,0,0,1
1763074800,2025-11-13,2025-11-13 23:00,8897804835753,8895185.991170364,8897804835753,8895185.991170364,8944676367902524048388667,20667.79430684962,0,0,1
1763078400,2025-11-14,2025-11-14 00:00,8899644214814,8897001.905375,8899644214814,8897001.905375,8944676367902524048388667,20667.79430684962,0,0,1
1763082000,2025-11-14,2025-11-14 01:00,8901494558251,8899214.733581534,8901494558251,8899214.733581534,8944676367902524048388667,21072.016195789376,0,0,1
1763085600,2025-11-14,2025-11-14 02:00,8903355936713,8901577.15646187,8903355936713,8901577.15646187,8944676367902524048388667,21072.016195789376,0,0,1
1763089200,2025-11-14,2025-11-14 03:00,8905228420940,8902600.618402364,8905228420940,8902600.618402364,8944676367902524048388667,21072.016195789376,0,0,1
1763092800,2025-11-14,2025-11-14 04:00,8907112081767,8905207.218330538,8907112081767,8905207.218330538,8944676367902524048388667,21072.016195789376,0,0,1
1763096400,2025-11-14,2025-11-14 05:00,8909006990125,8906974.105693778,8909006990125,8906974.105693778,8944676367902524048388667,23578.62976766206,0,0,1
1763100000,2025-11-14,2025-11-14 06:00,8910913217043,8909138.73660451,8910913217043,8909138.73660451,8944676367902524048388667,23578.62976766206,0,0,1
1763103600,2025-11-14,2025-11-14 07:00,8912830833647,8910179.617229262,8912830833647,8910179.617229262,8944676367902524048388667,23578.62976766206,0,0,1
1763107200,2025-11-14,2025-11-14 08:00,8914759911160,8912543.842079777,8914759911160,8912543.842079777,8944676367902524048388667,23578.62976766206,0,0,1
1763110800,2025-11-14,2025-11-14 09:00,8916700520906,8914036.168476678,8916700520906,8914036.168476678,8944676367902524048388667,23558.79333809203,0,0,1
1763114400,2025-11-14,2025-11-14 10:00,8918652734312,8915977.138491707,8918652734312,8915977.138491707,8944676367902524048388667,23558.79333809203,0,0,1
1763118000,2025-11-14,2025-11-14 11:00,8920616622900,8918397.51641439,8920616622900,8918397.51641439,8944676367902524048388667,23497.124018027855,0,0,1
1763121600,2025-11-14,2025-11-14 12:00,8922592258301,8919957.547308486,8922592258301,8919957.547308486,8944676367902524048388667,23436.426294898312,0,0,1
1763125200,2025-11-14,2025-11-14 13:00,8924579712240,8922789.228979,8924579712240,8922789.228979,8944676367902524048388667,23436.426294898312,0,0,1
1763128800,2025-11-14,2025-11-14 14:00,8926578824171,8924799.07684856,8926578724172,8924798.976869497,8944676367902524048388667,23483.990216395898,99999,0.09997906257985258,0.999999988797612
1763132400,2025-11-14,2025-11-14 15:00,8928588096391,8925977.882463,8928587996392,8925977.782493236,8944676367902524048388667,23483.990216395898,99999,0.09996976595092437,0.9999999888001329
1763136000,2025-11-14,2025-11-14 16:00,8930609335148,8928838.281768776,8930609235149,8928838.181789607,8944676367902524048388667,23406.122578368217,99999,0.0999791689268646,0.9999999888026677
1763139600,2025-11-14,2025-11-14 17:00,8932642621770,8930876.981687125,8932642521771,8930876.881707892,8944676367902524048388667,23406.122578368217,99999,0.09997923404157948,0.9999999888052166
1763143200,2025-11-14,2025-11-14 18:00,8934688037701,8932086.29430713,8934687937702,8932086.19433725,8944676367902524048388667,23555.163299555785,99999,0.09996988071384857,0.9999999888077793
1763146800,2025-11-14,2025-11-14 19:00,8936745664502,8934152.544191036,8936745564503,8934152.444221051,8944676367902524048388667,23555.163299555785,99999,0.0999699839075978,0.9999999888103562
1763150400,2025-11-14,2025-11-14 20:00,8938815583850,8937037.618321627,8938815483851,8937037.518342517,8944676367902524048388667,23555.163299555785,99999,0.09997910980613663,0.9999999888129474
1763154000,2025-11-14,2025-11-14 21:00,8940897877543,8938700.704297384,8940897777544,8938700.604322957,8944676367902524048388667,23555.163299555785,99999,0.09997442583190216,0.9999999888155529
1763157600,2025-11-14,2025-11-14 22:00,8942992627496,8940446.06904873,8942992527497,8940445.969078204,8944676367902524048388667,23770.828557144458,99999,0.09997052482297865,0.9999999888181726
1763161200,2025-11-14,2025-11-14 23:00,8945099915745,8942532.227428354,8945099815746,8942532.12745806,8944676367902524048388667,23770.828557144458,99999,0.09997029531627431,0.9999999888208068
1763164800,2025-11-15,2025-11-15 00:00,8947219824451,8945446.76596818,8947219724452,8945446.665988997,8944676367902524048388667,23770.828557144458,99999,0.09997918333306856,0.9999999888234555
1763168400,2025-11-15,2025-11-15 01:00,8949352435893,8946814.80504319,8949352335894,8946814.705072546,8944676367902524048388667,23580.44299693802,99999,0.09997064481462009,0.999999988826119
1763172000,2025-11-15,2025-11-15 02:00,8951497832474,8948970.602609163,8951497732475,8948970.502638396,8944676367902524048388667,23580.44299693802,99999,0.09997076780199432,0.9999999888287969
1763175600,2025-11-15,2025-11-15 03:00,8953656096729,8951059.078634694,8953655996730,8951058.9786647,8944676367902524048388667,25286.607417780495,99999,0.0999699951767628,0.9999999888314898
1763179200,2025-11-15,2025-11-15 04:00,8955827311313,8954057.16372239,8955827211314,8954057.063743155,8944676367902524048388667,25286.607417780495,99999,0.09997923488140624,0.9999999888341974
1763182800,2025-11-15,2025-11-15 05:00,8958011559005,8956065.809079705,8958011459006,8956065.709102426,8944676367902524048388667,25285.4406722467,99999,0.09997727943785314,0.99999998883692
1763186400,2025-11-15,2025-11-15 06:00,8960208922722,8957860.68367035,8960208822723,8957860.583697556,8944676367902524048388667,25285.4406722467,99999,0.0999727928480294,0.9999999888396576
1763190000,2025-11-15,2025-11-15 07:00,8962419485502,8960812.67151166,8962419385503,8960812.571530586,8944676367902524048388667,25285.4406722467,99999,0.09998107182865297,0.9999999888424103
1763193600,2025-11-15,2025-11-15 08:00,8964643330520,8962721.823682649,8964643230521,8962721.723705085,8944676367902524048388667,25285.4406722467,99999,0.09997756593339592,0.999999988845178
1763197200,2025-11-15,2025-11-15 09:00,8966880541076,8964118.416729435,8966880441077,8964118.316761239,8944676367902524048388667,25437.5752726326,99999,0.09996819668202707,0.9999999888479612
1763200800,2025-11-15,2025-11-15 10:00,8969131200609,8966401.192213256,8969131100610,8966401.092244692,8944676367902524048388667,25437.5752726326,99999,0.09996856248008196,0.9999999888507596
1763204400,2025-11-15,2025-11-15 11:00,8971395392692,8969358.041884849,8971395292693,8969357.941908559,8944676367902524048388667,25437.5752726326,99999,0.09997629081882511,0.9999999888535734
1763208000,2025-11-15,2025-11-15 12:00,8973673201027,8971721.427666256,8973673101028,8971721.327689005,8944676367902524048388667,25437.5752726326,99999,0.09997725022374576,0.9999999888564027
1763211600,2025-11-15,2025-11-15 13:00,8975964709459,8974178.284275008,8975964609460,8974178.184295911,8944676367902524048388667,27710.58064337845,99999,0.09997909787941951,0.9999999888592477
1763215200,2025-11-15,2025-11-15 14:00,8978270001968,8975950.8151357,8978269901969,8975950.715162532,8944676367902524048388667,27710.58064337845,99999,0.09997316914795475,0.9999999888621082
1763218800,2025-11-15,2025-11-15 15:00,8980589162673,8979000.45236413,8980589062674,8979000.35238282,8944676367902524048388667,27710.58064337845,99999,0.09998130968600179,0.9999999888649844
1763222400,2025-11-15,2025-11-15 16:00,8982922275837,8980452.89335235,8982922175838,8980452.793380838,8944676367902524048388667,27710.58064337845,99999,0.09997151052925764,0.9999999888678766
1763226000,2025-11-15,2025-11-15 17:00,8985269425859,8983627.798758594,8985269325860,8983627.698777864,8944676367902524048388667,27710.58064337845,99999,0.09998072997818618,0.9999999888707845
1763229600,2025-11-15,2025-11-15 18:00,8987630697280,8985169.556090787,8987630597281,8985169.456119169,8944676367902524048388667,22726.984316653914,99999,0.09997161662544116,0.9999999888737084
1763233200,2025-11-15,2025-11-15 19:00,8990005406746,8987489.029080933,8990005406746,8987489.029080933,8944676367902524048388667,22726.984316653914,0,0,1
1763236800,2025-11-15,2025-11-15 20:00,8992391679235,8990669.397579275,8992391679235,8990669.397579275,8944676367902524048388667,22726.984316653914,0,0,1
1763240400,2025-11-15,2025-11-15 21:00,8994792260987,8992316.114955366,8994792260987,8992316.114955366,8944676367902524048388667,22726.984316653914,0,0,1
1763244000,2025-11-15,2025-11-15 22:00,8997207250295,8995609.181135936,8997207250295,8995609.181135936,8944676367902524048388667,23886.807682952014,0,0,1
1763247600,2025-11-15,2025-11-15 23:00,8999636745613,8997248.951889304,8999636745613,8997248.951889304,8944676367902524048388667,23886.807682952014,0,0,1
1763251200,2025-11-16,2025-11-16 00:00,9002080845558,8999988.67314428,9002080845558,8999988.67314428,8944676367902524048388667,23886.807682952014,0,0,1
1763254800,2025-11-16,2025-11-16 01:00,9004539648916,9002820.447991252,9004539648916,9002820.447991252,8944676367902524048388667,23886.807682952014,0,0,1
1763258400,2025-11-16,2025-11-16 02:00,9007013254636,9005020.301786378,9007013254636,9005020.301786378,8944676367902524048388667,23892.06543040759,0,0,1
1763262000,2025-11-16,2025-11-16 03:00,9009501761838,9007040.954907408,9009501761838,9007040.954907408,8944676367902524048388667,23892.06543040759,0,0,1
1763265600,2025-11-16,2025-11-16 04:00,9012005269809,9009609.687756948,9012005269809,9009609.687756948,8944676367902524048388667,23892.06543040759,0,0,1
1763269200,2025-11-16,2025-11-16 05:00,9014523878013,9012406.42440493,9014523878013,9012406.42440493,8944676367902524048388667,23894.68802086178,0,0,1
1763272800,2025-11-16,2025-11-16 06:00,9017057686081,9015318.779353108,9017057686081,9015318.779353108,8944676367902524048388667,23894.68802086178,0,0,1
1763276400,2025-11-16,2025-11-16 07:00,9019606793822,9017574.062470885,9019606793822,9017574.062470885,8944676367902524048388667,23894.68802086178,0,0,1
1763280000,2025-11-16,2025-11-16 08:00,9022171301220,9020405.878577592,9022171301220,9020405.878577592,8944676367902524048388667,23894.68802086178,0,0,1
1763283600,2025-11-16,2025-11-16 09:00,9024751308436,9022937.780449554,9024751308436,9022937.780449554,8944676367902524048388667,23898.663381246562,0,0,1
1763287200,2025-11-16,2025-11-16 10:00,9027346915814,9024778.624490665,9027346915814,9024778.624490665,8944676367902524048388667,23898.663381246562,0,0,1
1763290800,2025-11-16,2025-11-16 11:00,9029958223872,9027275.75522502,9029958223872,9027275.75522502,8944676367902524048388667,23898.663381246562,0,0,1
1763294400,2025-11-16,2025-11-16 12:00,9032585333321,9030829.25087523,9032585333321,9030829.25087523,8944676367902524048388667,23898.663381246562,0,0,1
1763298000,2025-11-16,2025-11-16 13:00,9035228345048,9033389.054578017,9035228345048,9033389.054578017,8944676367902524048388667,24270.40642975129,0,0,1
1763301600,2025-11-16,2025-11-16 14:00,9037887360125,9035696.101127755,9037887360125,9035696.101127755,8944676367902524048388667,24270.40642975129,0,0,1
1763305200,2025-11-16,2025-11-16 15:00,9040562479819,9037905.270017764,9040562479819,9037905.270017764,8944676367902524048388667,24270.40642975129,0,0,1
1763308800,2025-11-16,2025-11-16 16:00,9043253805578,9040604.726027507,9043253805578,9040604.726027507,8944676367902524048388667,25208.466229492613,0,0,1
1763312400,2025-11-16,2025-11-16 17:00,9045961439048,9043934.437042443,9045961439048,9043934.437042443,8944676367902524048388667,25208.466229492613,0,0,1
1763316000,2025-11-16,2025-11-16 18:00,9048685482062,9046882.554704597,9048685482062,9046882.554704597,8944676367902524048388667,25172.24259338505,0,0,1
1763319600,2025-11-16,2025-11-16 19:00,9051426036652,9049643.960316839,9051426036652,9049643.960316839,8944676367902524048388667,25172.24259338505,0,0,1
1763323200,2025-11-16,2025-11-16 20:00,9054183205042,9051563.227526076,9054183205042,9051563.227526076,8944676367902524048388667,25178.024815921428,0,0,1
1763326800,2025-11-16,2025-11-16 21:00,9056957089653,9055159.88814789,9056957089653,9055159.88814789,8944676367902524048388667,25178.024815921428,0,0,1
1763330400,2025-11-16,2025-11-16 22:00,9059747793114,9057115.819655504,9059747793114,9057115.819655504,8944676367902524048388667,25189.011042726626,0,0,1
1763334000,2025-11-16,2025-11-16 23:00,9062555418242,9060590.797432875,9062555418242,9060590.797432875,8944676367902524048388667,25189.011042726626,0,0,1
1763337600,2025-11-17,2025-11-17 00:00,9065380068072,9063587.43548192,9065380068072,9063587.43548192,8944676367902524048388667,25189.011042726626,0,0,1
1763341200,2025-11-17,2025-11-17 01:00,9068221845827,9066386.526237838,9068221845827,9066386.526237838,8944676367902524048388667,25189.011042726626,0,0,1
1763344800,2025-11-17,2025-11-17 02:00,9071080854950,9069267.886199038,9071080854950,9069267.886199038,8944676367902524048388667,28303.65124203735,0,0,1
1763348400,2025-11-17,2025-11-17 03:00,9073957199088,9071234.80450146,9073957199088,9071234.80450146,8944676367902524048388667,28303.65124203735,0,0,1
1763352000,2025-11-17,2025-11-17 04:00,9076850982096,9074362.9696425,9076850982096,9074362.9696425,8944676367902524048388667,28303.65124203735,0,0,1
1763355600,2025-11-17,2025-11-17 05:00,9079762308045,9077610.032475237,9079762308045,9077610.032475237,8944676367902524048388667,28303.65124203735,0,0,1
1763359200,2025-11-17,2025-11-17 06:00,9082691281216,9080495.21040108,9082691281216,9080495.21040108,8944676367902524048388667,28264.197977013824,0,0,1
1763362800,2025-11-17,2025-11-17 07:00,9085638006103,9083833.327060252,9085638006103,9083833.327060252,8944676367902524048388667,28264.197977013824,0,0,1
1763366400,2025-11-17,2025-11-17 08:00,9088602587426,9085955.100808555,9088602587426,9085955.100808555,8944676367902524048388667,28264.197977013824,0,0,1
1763370000,2025-11-17,2025-11-17 09:00,9091585130126,9089766.356806356,9091585130126,9089766.356806356,8944676367902524048388667,30296.584248862902,0,0,1
1763373600,2025-11-17,2025-11-17 10:00,9094585739349,9091960.517886631,9094585739349,9091960.517886631,8944676367902524048388667,30296.584248862902,0,0,1
1763377200,2025-11-17,2025-11-17 11:00,9097604520480,9095436.566493664,9097604520480,9095436.566493664,8944676367902524048388667,30300.052470016162,0,0,1
1763380800,2025-11-17,2025-11-17 12:00,9100641579128,9097999.774907244,9100641579128,9097999.774907244,8944676367902524048388667,30300.052470016162,0,0,1
1763384400,2025-11-17,2025-11-17 13:00,9103697021110,9101921.194441276,9103697021110,9101921.194441276,8944676367902524048388667,27564.928058814447,0,0,1
1763388000,2025-11-17,2025-11-17 14:00,9106770952502,9104647.664979625,9106770952502,9104647.664979625,8944676367902524048388667,27564.928058814447,0,0,1
1763391600,2025-11-17,2025-11-17 15:00,9109863479591,9107920.696130512,9109863479591,9107920.696130512,8944676367902524048388667,27514.3113041076,0,0,1
1763395200,2025-11-17,2025-11-17 16:00,9112974708894,9110226.36167378,9112974708894,9110226.36167378,8944676367902524048388667,27514.3113041076,0,0,1
1763398800,2025-11-17,2025-11-17 17:00,9116104747184,9114298.29598091,9116104747184,9114298.29598091,8944676367902524048388667,27500.118453402316,0,0,1
1763402400,2025-11-17,2025-11-17 18:00,9119253701445,9117608.475428082,9119253701445,9117608.475428082,8944676367902524048388667,27500.118453402316,0,0,1
1763406000,2025-11-17,2025-11-17 19:00,9122421678916,9120598.980991567,9122421678916,9120598.980991567,8944676367902524048388667,27500.118453402316,0,0,1
1763409600,2025-11-17,2025-11-17 20:00,9125608787076,9122322.529745836,9125608787076,9122322.529745836,8944676367902524048388667,27500.118453402316,0,0,1
1763413200,2025-11-17,2025-11-17 21:00,9128815133641,9125203.774704624,9128815133641,9125203.774704624,8944676367902524048388667,27618.112799375398,0,0,1
1763416800,2025-11-17,2025-11-17 22:00,9132040826576,9128648.311471356,9132040826576,9128648.311471356,8944676367902524048388667,27618.112799375398,0,0,1
1763420400,2025-11-17,2025-11-17 23:00,9135285974092,9132399.709458876,9135285974092,9132399.709458876,8944676367902524048388667,27618.112799375398,0,0,1
1763424000,2025-11-18,2025-11-18 00:00,9138550684648,9136742.937804107,9138550684648,9136742.937804107,8944676367902524048388667,27618.112799375398,0,0,1
1763427600,2025-11-18,2025-11-18 01:00,9141835066949,9139770.733842988,9141835066949,9139770.733842988,8944676367902524048388667,27618.112799375398,0,0,1
1763431200,2025-11-18,2025-11-18 02:00,9145139229972,9142435.240643239,9145139229972,9142435.240643239,8944676367902524048388667,27587.184383675307,0,0,1
1763434800,2025-11-18,2025-11-18 03:00,9148463282922,9145767.141306728,9148463282922,9145767.141306728,8944676367902524048388667,27587.184383675307,0,0,1
1763438400,2025-11-18,2025-11-18 04:00,9151807335284,9148336.81627332,9151807335284,9148336.81627332,8944676367902524048388667,27434.65099762624,0,0,1
1763442000,2025-11-18,2025-11-18 05:00,9155171496794,9152252.056187054,9155171496794,9152252.056187054,8944676367902524048388667,27434.65099762624,0,0,1
1763445600,2025-11-18,2025-11-18 06:00,9158555877450,9156573.74011806,9158555877450,9156573.74011806,8944676367902524048388667,27489.946318824823,0,0,1
1763449200,2025-11-18,2025-11-18 07:00,9161960587515,9159276.228885584,9161960587515,9159276.228885584,8944676367902524048388667,27489.946318824823,0,0,1
1763452800,2025-11-18,2025-11-18 08:00,9166135694583,9163446.759418659,9166135694583,9163446.759418659,8944676367902524048388667,27489.946318824823,0,0,1
1763456400,2025-11-18,2025-11-18 09:00,9169586588862,9167382.118138788,9169586588862,9167382.118138788,8944676367902524048388667,27489.946318824823,0,0,1
1763460000,2025-11-18,2025-11-18 10:00,9173059161996,9171180.644651309,9173059161996,9171180.644651309,8944676367902524048388667,27178.78807973361,0,0,1
1763463600,2025-11-18,2025-11-18 11:00,9176553585820,9174693.822065208,9176553585820,9174693.822065208,8944676367902524048388667,27178.78807973361,0,0,1
1763467200,2025-11-18,2025-11-18 12:00,9180070032499,9177647.507782742,9180070032499,9177647.507782742,8944676367902524048388667,27178.78807973361,0,0,1
1763470800,2025-11-18,2025-11-18 13:00,9183608674615,9181768.436100341,9183608674615,9181768.436100341,8944676367902524048388667,27204.813530932322,0,0,1
1763474400,2025-11-18,2025-11-18 14:00,9187169685140,9185497.784597185,9187169685140,9185497.784597185,8944676367902524048388667,27204.813530932322,0,0,1
1763478000,2025-11-18,2025-11-18 15:00,9190753237418,9188329.580928326,9190753237418,9188329.580928326,8944676367902524048388667,27204.813530932322,0,0,1
1763481600,2025-11-18,2025-11-18 16:00,9194359505190,9191680.140847389,9194359505190,9191680.140847389,8944676367902524048388667,27204.813530932322,0,0,1
1763485200,2025-11-18,2025-11-18 17:00,9197988662623,9195306.013819663,9197988662623,9195306.013819663,8944676367902524048388667,27204.813530932322,0,0,1
1763488800,2025-11-18,2025-11-18 18:00,9201640884260,9199210.690279564,9201640884260,9199210.690279564,8944676367902524048388667,27143.588919829363,0,0,1
1763492400,2025-11-18,2025-11-18 19:00,9205316345059,9203438.974043285,9205316345059,9203438.974043285,8944676367902524048388667,27143.588919829363,0,0,1
1763496000,2025-11-18,2025-11-18 20:00,9209015220403,9206632.850904817,9209015220403,9206632.850904817,8944676367902524048388667,27143.588919829363,0,0,1
1763499600,2025-11-18,2025-11-18 21:00,9212737686059,9210163.85193369,9212737686059,9210163.85193369,8944676367902524048388667,27143.588919829363,0,0,1
1763503200,2025-11-18,2025-11-18 22:00,9216483918252,9213834.633878574,9216483918252,9213834.633878574,8944676367902524048388667,27143.588919829363,0,0,1
1763506800,2025-11-18,2025-11-18 23:00,9220254093602,9217591.483863905,9220254093602,9217591.483863905,8944676367902524048388667,36982.708879686914,0,0,1
1763510400,2025-11-19,2025-11-19 00:00,9224048389167,9222265.797801116,9224048389167,9222265.797801116,8944676367902524048388667,36982.708879686914,0,0,1
1763514000,2025-11-19,2025-11-19 01:00,9227866982438,9226064.786569834,9227866982438,9226064.786569834,8944676367902524048388667,41090.98761426271,0,0,1
1763517600,2025-11-19,2025-11-19 02:00,9231710051341,9229912.928597514,9231710051341,9229912.928597514,8944676367902524048388667,41090.98761426271,0,0,1
1763521200,2025-11-19,2025-11-19 03:00,9235577774242,9233312.9277326,9235577774242,9233312.9277326,8944676367902524048388667,41090.98761426271,0,0,1
1763524800,2025-11-19,2025-11-19 04:00,9239470329965,9239008.356448501,9239470329965,9239008.356448501,8944676367902524048388667,41090.98761426271,0,0,1
1763528400,2025-11-19,2025-11-19 05:00,9243387897760,9242395.821749913,9243387897760,9242395.821749913,8944676367902524048388667,31633.32238582469,0,0,1
1763532000,2025-11-19,2025-11-19 06:00,9247330657331,9245153.954921862,9247330657331,9245153.954921862,8944676367902524048388667,31633.32238582469,0,0,1
1763535600,2025-11-19,2025-11-19 07:00,9251298788873,9249487.999042729,9251298788873,9249487.999042729,8944676367902524048388667,31633.32238582469,0,0,1
1763539200,2025-11-19,2025-11-19 08:00,9255292473021,9253463.242086887,9255292473021,9253463.242086887,8944676367902524048388667,31633.32238582469,0,0,1
1763542800,2025-11-19,2025-11-19 09:00,9259311890857,9257157.025488472,9259311890857,9257157.025488472,8944676367902524048388667,31650.428905273213,0,0,1
1763546400,2025-11-19,2025-11-19 10:00,9263357223965,9260579.567983495,9263357223965,9260579.567983495,8944676367902524048388667,31650.428905273213,0,0,1
1763550000,2025-11-19,2025-11-19 11:00,9267428654406,9264666.691166272,9267428654406,9264666.691166272,8944676367902524048388667,31650.428905273213,0,0,1
1763553600,2025-11-19,2025-11-19 12:00,9271526364689,9267882.455394475,9271526364689,9267882.455394475,8944676367902524048388667,31650.428905273213,0,0,1
1763557200,2025-11-19,2025-11-19 13:00,9275650537853,9272870.351991778,9275650537853,9272870.351991778,8944676367902524048388667,27206.81042237471,0,0,1
1763560800,2025-11-19,2025-11-19 14:00,9279801357392,9277039.980426876,9279801357392,9277039.980426876,8944676367902524048388667,27206.81042237471,0,0,1
1763564400,2025-11-19,2025-11-19 15:00,9283979007307,9281211.776620492,9283979007307,9281211.776620492,8944676367902524048388667,27206.81042237471,0,0,1
1763568000,2025-11-19,2025-11-19 16:00,9288183672110,9285748.261825614,9288183672110,9285748.261825614,8944676367902524048388667,27206.81042237471,0,0,1
1763571600,2025-11-19,2025-11-19 17:00,9292415536782,9289652.395226197,9292415536782,9289652.395226197,8944676367902524048388667,27206.81042237471,0,0,1
1763575200,2025-11-19,2025-11-19 18:00,9296674786860,9296529.536038598,9296674786860,9296529.536038598,8944676367902524048388667,27219.52671145255,0,0,1
1763578800,2025-11-19,2025-11-19 19:00,9300961608346,9298201.605084764,9300961608346,9298201.605084764,8944676367902524048388667,27219.52671145255,0,0,1
1763582400,2025-11-19,2025-11-19 20:00,9305276187812,9301737.718431361,9305276187812,9301737.718431361,8944676367902524048388667,27219.52671145255,0,0,1
1763586000,2025-11-19,2025-11-19 21:00,9309618712315,9306855.562488081,9309618712315,9306855.562488081,8944676367902524048388667,27219.52671145255,0,0,1
1763589600,2025-11-19,2025-11-19 22:00,9313989369466,9311218.697707854,9313989369466,9311218.697707854,8944676367902524048388667,26498.055734104913,0,0,1
1763593200,2025-11-19,2025-11-19 23:00,9318388347371,9315292.390913717,9318388347371,9315292.390913717,8944676367902524048388667,26498.055734104913,0,0,1
1763596800,2025-11-20,2025-11-20 00:00,9322815834713,9319914.980796367,9322815834713,9319914.980796367,8944676367902524048388667,26498.055734104913,0,0,1
