hash,timestamp,date,datetime,block_number,type,user_address,market_unique_key,assets,assets_usd,shares,seized_assets,seized_assets_usd,bad_debt_assets,bad_debt_assets_usd,liquidator
0xe7d1801f9e19632de55c98777a0c00163294e1090a7e6ea7e51a1d494ace41a9,1758678167,2025-09-24,2025-09-24 01:42,23429685,MarketSupply,0x777791C4d6DC2CE140D00D2828a7C93503c67777,0x0f9563442d64ab3bd3bcb27058db0b0d4046a4c46f0acd811dacae9551d2b129,18014977827,18010.334106165534,17292418186717046,,,,,
0x42a6b587df8c199191b4149cd3808c757abe6a7c6dd68bc4a77b7b0a9f25948c,1758685523,2025-09-24,2025-09-24 03:45,23430295,MarketWithdraw,0x777791C4d6DC2CE140D00D2828a7C93503c67777,0x0f9563442d64ab3bd3bcb27058db0b0d4046a4c46f0acd811dacae9551d2b129,11516971,11.51400227038533,11054862143253,,,,,
0xa443acf0546ced3a0110f859be520e3fc04f7da6b264104e16cf198349063d83,1758687647,2025-09-24,2025-09-24 04:20,23430471,MarketWithdraw,0x777791C4d6DC2CE140D00D2828a7C93503c67777,0x0f9563442d64ab3bd3bcb27058db0b0d4046a4c46f0acd811dacae9551d2b129,142512539670,142475.80421264927,136793711984269195,,,,,
0xc351e534a5be8467b69b41e4abe7f01f163905ab866b105feed6507e423f7b16,1758687767,2025-09-24,2025-09-24 04:22,23430481,MarketSupply,0x777791C4d6DC2CE140D00D2828a7C93503c67777,0x0f9563442d64ab3bd3bcb27058db0b0d4046a4c46f0acd811dacae9551d2b129,142524052920,142487.31449487878,136804694054169923,,,,,
0x0f2edb9edc46e2bbafa2715f3011984b29992fb5b00cbae2522f440f3ac30a08,1758688007,2025-09-24,2025-09-24 04:26,23430500,MarketWithdraw,0x777791C4d6DC2CE140D00D2828a7C93503c67777,0x0f9563442d64ab3bd3bcb27058db0b0d4046a4c46f0acd811dacae9551d2b129,259999978208,259932.9580136173,249566288706120979,,,,,
0xf429d38c757b9040290b8045a9154d9c9297a074096d9ce0b8c337d088d71cde,1758688235,2025-09-24,2025-09-24 04:30,23430519,MarketSupply,0x55555815a5595991C3A0Ff119B59AEF6C8B55555,0x0f9563442d64ab3bd3bcb27058db0b0d4046a4c46f0acd811dacae9551d2b129,69055695074,69037.89458748077,66284356100927019,,,,,
0x77b5330a065f9d68967e8ca1d60fca152eea62f14fbe73fec31c93c8c3716ac1,1758689747,2025-09-24,2025-09-24 04:55,23430645,MarketSupply,0xc582F04d8a82795aa2Ff9c8bb4c1c889fe7b754e,0x0f9563442d64ab3bd3bcb27058db0b0d4046a4c46f0acd811dacae9551d2b129,223371203970,223313.62557475266,214404715974131535,,,,,
0x3153564eee9486e4af236570339dad26bbadc110a9ba8e685614719d381fbd10,1758690539,2025-09-24,2025-09-24 05:08,23430710,MarketWithdraw,0x777791C4d6DC2CE140D00D2828a7C93503c67777,0x0f9563442d64ab3bd3bcb27058db0b0d4046a4c46f0acd811dacae9551d2b129,98033760036,98004.64400926932,94098366715310736,,,,,
0x44b396c97399544a75810b3badd1a6a7728b3694b520919b7bbb0c8cef63606c,1758693191,2025-09-24,2025-09-24 05:53,23430931,MarketWithdraw,0x55555815a5595991C3A0Ff119B59AEF6C8B55555,0x0f9563442d64ab3bd3bcb27058db0b0d4046a4c46f0acd811dacae9551d2b129,58159564672,58142.29128129242,55824505791939761,,,,,
0x19d174f0c3b2c3cba2b8fa2617a2ecb52f59d8a39fbd18fb66738e80c56699c5,1758693215,2025-09-24,2025-09-24 05:53,23430933,MarketSupply,0x777791C4d6DC2CE140D00D2828a7C93503c67777,0x0f9563442d64ab3bd3bcb27058db0b0d4046a4c46f0acd811dacae9551d2b129,230000000000,229931.69,220765670702555123,,,,,
0x12cfba54cdb3ee576c25ce7db74b701a2d500c1862f9524aa5f6d125a228ca81,1758695363,2025-09-24,2025-09-24 06:29,23431111,MarketWithdraw,0x777791C4d6DC2CE140D00D2828a7C93503c67777,0x0f9563442d64ab3bd3bcb27058db0b0d4046a4c46f0acd811dacae9551d2b129,10000965173,9998.387224207356,9599393560902616,,,,,
0x2a95d9e7463556f0149c8df8a4ec5ee08e77295bbd7ecb8bbd0237c885d8129b,1758696227,2025-09-24,2025-09-24 06:43,23431183,MarketWithdraw,0x777791C4d6DC2CE140D00D2828a7C93503c67777,0x0f9563442d64ab3bd3bcb27058db0b0d4046a4c46f0acd811dacae9551d2b129,50677870423,50664.80718834106,48642904524571848,,,,,
0xcf53e5766b63888ea5573848f891aa5945c104ad2ba5d71c20861ae6098bfef3,1758696383,2025-09-24,2025-09-24 06:46,23431196,MarketWithdraw,0x777791C4d6DC2CE140D00D2828a7C93503c67777,0x0f9563442d64ab3bd3bcb27058db0b0d4046a4c46f0acd811dacae9551d2b129,18120673,18.11600203412079,17393033174671,,,,,
0x215e124cc2ffc576a1c91e15722fe0fce4a46737c276ef4f917fa6e7f0046026,1758697055,2025-09-24,2025-09-24 06:57,23431252,MarketSupply,0x777791C4d6DC2CE140D00D2828a7C93503c67777,0x0f9563442d64ab3bd3bcb27058db0b0d4046a4c46f0acd811dacae9551d2b129,30695325491,30687.413156948183,29462706520232970,,,,,
0x6ffc973b493509b3dc637b99c4638d706667755db9f65d806b796278c710efed,1758697199,2025-09-24,2025-09-24 06:59,23431264,MarketWithdraw,0x777791C4d6DC2CE140D00D2828a7C93503c67777,0x0f9563442d64ab3bd3bcb27058db0b0d4046a4c46f0acd811dacae9551d2b129,31071553,31.06354368578319,29823817386586,,,,,
0xa95553676710fba7aff4dab115d364e7ee6580fe5872359d3e6ac0f8cc01a0d6,1758697523,2025-09-24,2025-09-24 07:05,23431291,MarketWithdraw,0x777791C4d6DC2CE140D00D2828a7C93503c67777,0x0f9563442d64ab3bd3bcb27058db0b0d4046a4c46f0acd811dacae9551d2b129,202588059,202.528295522595,194452634524295,,,,,
0x0244f6d3d5073dd51455cd99066e615fd8481a59203804dab0ff62f6cf6573cf,1758699119,2025-09-24,2025-09-24 07:31,23431424,MarketSupply,0x777791C4d6DC2CE140D00D2828a7C93503c67777,0x0f9563442d64ab3bd3bcb27058db0b0d4046a4c46f0acd811dacae9551d2b129,70232830212,70212.11152708746,67412240867646755,,,,,
0xa82839abed2c87907f87e329973a45e685f256f10c929316b695f5c1fdf4c49c,1758702119,2025-09-24,2025-09-24 08:21,23431672,MarketWithdraw,0x777791C4d6DC2CE140D00D2828a7C93503c67777,0x0f9563442d64ab3bd3bcb27058db0b0d4046a4c46f0acd811dacae9551d2b129,172229442298,172202.58311647363,165311681198397040,,,,,
0xf6533cbdf18af5aa4de835c5110290877056061a5cd589764152a4a4c8c61b95,1758702347,2025-09-24,2025-09-24 08:25,23431691,MarketSupply,0xc582F04d8a82795aa2Ff9c8bb4c1c889fe7b754e,0x0f9563442d64ab3bd3bcb27058db0b0d4046a4c46f0acd811dacae9551d2b129,22848458091,22844.894873960708,21930716655429715,,,,,
0x2b77444b69740351c07fb9c9084b0e9b87171f5ab97b541c015a24624932cc1c,1758702767,2025-09-24,2025-09-24 08:32,23431726,MarketWithdraw,0x777791C4d6DC2CE140D00D2828a7C93503c67777,0x0f9563442d64ab3bd3bcb27058db0b0d4046a4c46f0acd811dacae9551d2b129,3606553,3.60599055805965,3461687405221,,,,,
0x7c042070777aa1599c0a3e7105637b0f5848a83e75845f376ad459b4928c3e89,1758705539,2025-09-24,2025-09-24 09:18,23431957,MarketSupply,0x777791C4d6DC2CE140D00D2828a7C93503c67777,0x0f9563442d64ab3bd3bcb27058db0b0d4046a4c46f0acd811dacae9551d2b129,152230798438,152185.43366006546,146115212208206548,,,,,
0xc35d037a371d2111fda5fba75780b7ad53de82ffcbd10755b21e6de598bcddf1,1758705947,2025-09-24,2025-09-24 09:25,23431991,MarketWithdraw,0xc582F04d8a82795aa2Ff9c8bb4c1c889fe7b754e,0x0f9563442d64ab3bd3bcb27058db0b0d4046a4c46f0acd811dacae9551d2b129,195647674631,195589.37162395995,187787753598315452,,,,,
0xee2de523e4ca84f7f498eb501b1d337ad6715a72289bb01e63620675ce01d874,1758709523,2025-09-24,2025-09-24 10:25,23432286,MarketSupply,0x777791C4d6DC2CE140D00D2828a7C93503c67777,0x0f9563442d64ab3bd3bcb27058db0b0d4046a4c46f0acd811dacae9551d2b129,76570339122,76552.21415702644,73493614561507622,,,,,
0xebf018d1622553967e35ce8ffe56efbf7888d4696416f86016ecc3f14700a8bb,1758710159,2025-09-24,2025-09-24 10:35,23432339,MarketWithdraw,0x777791C4d6DC2CE140D00D2828a7C93503c67777,0x0f9563442d64ab3bd3bcb27058db0b0d4046a4c46f0acd811dacae9551d2b129,24745987166,24740.129543377934,23751620154637616,,,,,
0x8b5ef48b1a93d236260c8134715054f6e99cb61a5ffb4a40f4561f71e3021ad6,1758715271,2025-09-24,2025-09-24 12:01,23432761,MarketSupply,0x777791C4d6DC2CE140D00D2828a7C93503c67777,0x0f9563442d64ab3bd3bcb27058db0b0d4046a4c46f0acd811dacae9551d2b129,34745993029,34737.7683049901,33349428479311713,,,,,
0xe66e5ddec4b75a963a7e99044cc6e1a055c0f613fa825543d26db2337c827133,1758715703,2025-09-24,2025-09-24 12:08,23432797,MarketWithdraw,0x777791C4d6DC2CE140D00D2828a7C93503c67777,0x0f9563442d64ab3bd3bcb27058db0b0d4046a4c46f0acd811dacae9551d2b129,4061433834,4060.4724519971537,3898186916305505,,,,,
0xdd8c6092d06b2e8c2ec31a5ba2e6b25e682925bef827f86b43dfb854f876a61b,1758716291,2025-09-24,2025-09-24 12:18,23432846,MarketSupply,0x777791C4d6DC2CE140D00D2828a7C93503c67777,0x0f9563442d64ab3bd3bcb27058db0b0d4046a4c46f0acd811dacae9551d2b129,4061424971,4060.463591095114,3898173620818195,,,,,
0x5e76d84c7998eeef9b8b36c752d83d1d132bb70a98aef1cfc6f3a1b74cf53f6d,1758717527,2025-09-24,2025-09-24 12:38,23432949,MarketWithdraw,0x777791C4d6DC2CE140D00D2828a7C93503c67777,0x0f9563442d64ab3bd3bcb27058db0b0d4046a4c46f0acd811dacae9551d2b129,45365516,45.354777528707636,43541910612240,,,,,
0x2246fa85c0f7875cfdcf82d1f42e4f7693e5d7d1048744918bcf3f75a9446a25,1758718235,2025-09-24,2025-09-24 12:50,23433008,MarketWithdraw,0x777791C4d6DC2CE140D00D2828a7C93503c67777,0x0f9563442d64ab3bd3bcb27058db0b0d4046a4c46f0acd811dacae9551d2b129,98003125,97.97992668028124,94063451714655,,,,,
0x198becb31eb90525c7b26ed3a82473c875063108289471a1c7bc020e1a4a36da,1758719663,2025-09-24,2025-09-24 13:14,23433126,MarketWithdraw,0x777791C4d6DC2CE140D00D2828a7C93503c67777,0x0f9563442d64ab3bd3bcb27058db0b0d4046a4c46f0acd811dacae9551d2b129,404313129,404.194260940074,388058804453374,,,,,
0xdae7c24a767f0cd80ac8bf21ee21dfeac1c26e61744c7590d2f1c453a88cb4b3,1758725555,2025-09-24,2025-09-24 14:52,23433611,MarketWithdraw,0x777791C4d6DC2CE140D00D2828a7C93503c67777,0x0f9563442d64ab3bd3bcb27058db0b0d4046a4c46f0acd811dacae9551d2b129,299452301557,299381.41820269846,287410102965919951,,,,,
0x8c691e372b7248e2dc3d4391b871ebc39a2f6c62be5b5416ff59740d4b3591e3,1758725615,2025-09-24,2025-09-24 14:53,23433616,MarketSupply,0x777791C4d6DC2CE140D00D2828a7C93503c67777,0x0f9563442d64ab3bd3bcb27058db0b0d4046a4c46f0acd811dacae9551d2b129,179999976388,179957.3685935892,172761331565614159,,,,,
0x5bdaefa7a8d4e52e121a350c9c8f5b15ae484f7127ff973c5489ad6bb900f47c,1758727283,2025-09-24,2025-09-24 15:21,23433755,MarketWithdraw,0x55555815a5595991C3A0Ff119B59AEF6C8B55555,0x0f9563442d64ab3bd3bcb27058db0b0d4046a4c46f0acd811dacae9551d2b129,10898157584,10894.953525670304,10459850308987258,,,,,
0x37c56e7f690b6367e5e812f7dde30fa47eb130456d3a1fd09414ec3b46e3265c,1758727487,2025-09-24,2025-09-24 15:24,23433772,MarketWithdraw,0x777791C4d6DC2CE140D00D2828a7C93503c67777,0x0f9563442d64ab3bd3bcb27058db0b0d4046a4c46f0acd811dacae9551d2b129,5805285086,5803.578332184716,5571802660952613,,,,,
0x4e8240876e47fcc86b3b1b3a9412f6006259e0d74d3665ecbeb20be924b074d6,1758729887,2025-09-24,2025-09-24 16:04,23433971,MarketSupply,0x777791C4d6DC2CE140D00D2828a7C93503c67777,0x0f9563442d64ab3bd3bcb27058db0b0d4046a4c46f0acd811dacae9551d2b129,93154760647,93132.70998360724,89407659182206551,,,,,
0xdb4d1818cef98a8e3090139d56dcbf0c9980c40b5ee18176cee50fab0eb18af9,1758730451,2025-09-24,2025-09-24 16:14,23434018,MarketWithdraw,0x777791C4d6DC2CE140D00D2828a7C93503c67777,0x0f9563442d64ab3bd3bcb27058db0b0d4046a4c46f0acd811dacae9551d2b129,256451294365,256390.58977911086,246135373662391154,,,,,
0xcbee98d0b120ddbb08936b7bd98342abc094933918d45527705a5bf15f05efff,1758730583,2025-09-24,2025-09-24 16:16,23434029,MarketSupply,0x777791C4d6DC2CE140D00D2828a7C93503c67777,0x0f9563442d64ab3bd3bcb27058db0b0d4046a4c46f0acd811dacae9551d2b129,149999993870,149964.48737145105,143965941780979648,,,,,
0x1918e1577d22e9a0a95d577c741c6d1bc68c09f6bb9781a63362f283941a9096,1758731159,2025-09-24,2025-09-24 16:25,23434077,MarketSupply,0xc582F04d8a82795aa2Ff9c8bb4c1c889fe7b754e,0x0f9563442d64ab3bd3bcb27058db0b0d4046a4c46f0acd811dacae9551d2b129,29618000531,29610.98965409431,28426512356064957,,,,,
0x8200c4332baa2401d61b9b63a076cf5203d2d625a25b3e9be43e4e12cf7351bc,1758731591,2025-09-24,2025-09-24 16:33,23434113,MarketWithdraw,0x777791C4d6DC2CE140D00D2828a7C93503c67777,0x0f9563442d64ab3bd3bcb27058db0b0d4046a4c46f0acd811dacae9551d2b129,18804387,18.799935813553226,18047896037582,,,,,
0x7e58031609f6bcb5306508869c1369186935611d28ec5c5715a853a5e6db7fbb,1758731711,2025-09-24,2025-09-24 16:35,23434123,MarketWithdraw,0x777791C4d6DC2CE140D00D2828a7C93503c67777,0x0f9563442d64ab3bd3bcb27058db0b0d4046a4c46f0acd811dacae9551d2b129,22826627,22.821223709122826,21908317155570,,,,,
0x1ee59fe48d8063bfe70cb16fb7a333672922dc1f73a580e1c27706707cd5d32f,1758734483,2025-09-24,2025-09-24 17:21,23434351,MarketSupply,0x777791C4d6DC2CE140D00D2828a7C93503c67777,0x0f9563442d64ab3bd3bcb27058db0b0d4046a4c46f0acd811dacae9551d2b129,30423619839,30416.418263947908,29199493732939867,,,,,
0xe715899365f64c4eb877caca3e13d551e558fe20acaa2e6129577909eda2b686,1758734783,2025-09-24,2025-09-24 17:26,23434375,MarketSupply,0xc582F04d8a82795aa2Ff9c8bb4c1c889fe7b754e,0x0f9563442d64ab3bd3bcb27058db0b0d4046a4c46f0acd811dacae9551d2b129,42944819843,42934.65437469496,41216861951852916,,,,,
0x58c319fa572aea2d303082b25704fac2ef6928d82176e496707be6f2c32d0351,1758735563,2025-09-24,2025-09-24 17:39,23434440,MarketSupply,0x777791C4d6DC2CE140D00D2828a7C93503c67777,0x0f9563442d64ab3bd3bcb27058db0b0d4046a4c46f0acd811dacae9551d2b129,132131286490,132100.00969317494,126814543604396597,,,,,
0x912e82216398571f7a2ff51b06b0149e717e87e13952b13da69826dce8611855,1758736475,2025-09-24,2025-09-24 17:54,23434514,MarketSupply,0x777791C4d6DC2CE140D00D2828a7C93503c67777,0x0f9563442d64ab3bd3bcb27058db0b0d4046a4c46f0acd811dacae9551d2b129,9999372679,9997.005727493153,9596997854388333,,,,,
0x1fd3f3b7241bba3d566e9ca66e6c818dd24c1a657bc688d22e8066a5f052983a,1758738911,2025-09-24,2025-09-24 18:35,23434716,MarketWithdraw,0x777791C4d6DC2CE140D00D2828a7C93503c67777,0x0f9563442d64ab3bd3bcb27058db0b0d4046a4c46f0acd811dacae9551d2b129,10854787428,10851.58526570874,10417942696515502,,,,,
0x5d7bebdcf4e69aa26eefede58aab7d2410437aacfafc4d45bd4dd35f256079f3,1758739487,2025-09-24,2025-09-24 18:44,23434764,MarketSupply,0x777791C4d6DC2CE140D00D2828a7C93503c67777,0x0f9563442d64ab3bd3bcb27058db0b0d4046a4c46f0acd811dacae9551d2b129,10852686937,10849.485394353585,10415915273318850,,,,,
0xf0e6b5e31c5e3496f9b2893376ef7af08c791df9c69a69eafd001e4377c81cde,1758740111,2025-09-24,2025-09-24 18:55,23434816,MarketWithdraw,0x777791C4d6DC2CE140D00D2828a7C93503c67777,0x0f9563442d64ab3bd3bcb27058db0b0d4046a4c46f0acd811dacae9551d2b129,370000436601,369891.2864722027,355109170061019862,,,,,
0x1a2b06966e1ab725e800a5e8d34a2cee3a4e54d51dab43371e2f2dc510d59d13,1758740147,2025-09-24,2025-09-24 18:55,23434819,MarketSupply,0xc582F04d8a82795aa2Ff9c8bb4c1c889fe7b754e,0x0f9563442d64ab3bd3bcb27058db0b0d4046a4c46f0acd811dacae9551d2b129,314281775810,314189.06268613605,301632897331947151,,,,,
0x1417f41b2f00b6ea4bfbe2218029cd50ac9e590895761f98da74123a70391765,1758745127,2025-09-24,2025-09-24 20:18,23435233,MarketSupply,0x777791C4d6DC2CE140D00D2828a7C93503c67777,0x0f9563442d64ab3bd3bcb27058db0b0d4046a4c46f0acd811dacae9551d2b129,250000000000,249926.25,239935881874307129,,,,,
0x8e832c4a90f2d7f74b60a9bcb9a165b31b484f8da4c0eb44f3f3f4c0d0b057bf,1758746987,2025-09-24,2025-09-24 20:49,23435388,MarketSupply,0x777791C4d6DC2CE140D00D2828a7C93503c67777,0x0f9563442d64ab3bd3bcb27058db0b0d4046a4c46f0acd811dacae9551d2b129,19999262697,19993.36291450438,19194106320651208,,,,,
0x358703d5e208be2769915538bc4b6621b50a9df6f8d807b34c26d6c7a60ffdab,1758747371,2025-09-24,2025-09-24 20:56,23435420,MarketWithdraw,0xc582F04d8a82795aa2Ff9c8bb4c1c889fe7b754e,0x0f9563442d64ab3bd3bcb27058db0b0d4046a4c46f0acd811dacae9551d2b129,246791496718,246718.6932264682,236855701338797404,,,,,
0x1ca90667cc50d509db69181f0ce261c8914a78e0e459abb3739ad237f16ec5e7,1758748631,2025-09-24,2025-09-24 21:17,23435525,MarketWithdraw,0xca7c196f00e04A5e1c71B91476d0d58f82499734,0x0f9563442d64ab3bd3bcb27058db0b0d4046a4c46f0acd811dacae9551d2b129,59302367,59.28832953670742,56914721294135,,,,,
0x32572966e46420f564c7a9b3aa7491ba35a54b2bfbfec2319b93ea5e649d61ff,1758749627,2025-09-24,2025-09-24 21:33,23435607,MarketSupply,0xca7c196f00e04A5e1c71B91476d0d58f82499734,0x0f9563442d64ab3bd3bcb27058db0b0d4046a4c46f0acd811dacae9551d2b129,609630876,609.4865702753419,585084640810445,,,,,
0x778f7d0796928d79b0fd9b4ea803cd57029ec6b9765eeb0abf4f2c5c38ef61a4,1758758579,2025-09-25,2025-09-25 00:02,23436349,MarketSupply,0x777791C4d6DC2CE140D00D2828a7C93503c67777,0x0f9563442d64ab3bd3bcb27058db0b0d4046a4c46f0acd811dacae9551d2b129,79993951694,79970.35347825027,76771731182225080,,,,,
0xf612e8b882ac657d602210f0a0ea2ff14b780a1290d71381082793a9379a21ce,1758759299,2025-09-25,2025-09-25 00:14,23436409,MarketWithdraw,0x777791C4d6DC2CE140D00D2828a7C93503c67777,0x0f9563442d64ab3bd3bcb27058db0b0d4046a4c46f0acd811dacae9551d2b129,350000453789,349897.2036551322,335901719377298365,,,,,
0x8742b5933e265c77d93b9c4c3b6659a8d6a60937a64ec62df2f2ac1d5417dad5,1758759803,2025-09-25,2025-09-25 00:23,23436451,MarketSupply,0x777791C4d6DC2CE140D00D2828a7C93503c67777,0x0f9563442d64ab3bd3bcb27058db0b0d4046a4c46f0acd811dacae9551d2b129,70000000000,69979.34999999999,67180074649010206,,,,,
0xe2856728ef4c81b8afd3431f7d9ae06e760a1e98949578b7b829a994f98b1334,1758759959,2025-09-25,2025-09-25 00:25,23436464,MarketSupply,0xc582F04d8a82795aa2Ff9c8bb4c1c889fe7b754e,0x0f9563442d64ab3bd3bcb27058db0b0d4046a4c46f0acd811dacae9551d2b129,69934339020,69913.7083899891,67117033748346296,,,,,
0x90d531d8230196d88eb97506e1d56a82ae177e5ce66f0ed0abe75974f8e0911b,1758762047,2025-09-25,2025-09-25 01:00,23436638,MarketSupply,0xd63070114470f685b75B74D60EEc7c1113d33a3D,0x0f9563442d64ab3bd3bcb27058db0b0d4046a4c46f0acd811dacae9551d2b129,14315778770,14312.390082007354,13739003922579291,,,,,
0xc645a082581bfcde137dea28d54140eb5b76e1c7b994bbbaba28ff5f61bf2bc8,1758762311,2025-09-25,2025-09-25 01:05,23436660,MarketSupply,0x777791C4d6DC2CE140D00D2828a7C93503c67777,0x0f9563442d64ab3bd3bcb27058db0b0d4046a4c46f0acd811dacae9551d2b129,129999609406,129968.8371984575,124761924756422574,,,,,
0x40e7c1760f036b4182b695e4f6d7aa26789a5400d8001aecf9f4c2c99529931f,1758763547,2025-09-25,2025-09-25 01:25,23436762,MarketWithdraw,0xc582F04d8a82795aa2Ff9c8bb4c1c889fe7b754e,0x0f9563442d64ab3bd3bcb27058db0b0d4046a4c46f0acd811dacae9551d2b129,128353468940,128323.08639036721,123181815564939386,,,,,
0xbb2ed94f279b083553eaed6aebda4c22a06a84e9fd93ce34664978b06026864f,1758763655,2025-09-25,2025-09-25 01:27,23436771,MarketSupply,0x777791C4d6DC2CE140D00D2828a7C93503c67777,0x0f9563442d64ab3bd3bcb27058db0b0d4046a4c46f0acd811dacae9551d2b129,119999479261,119971.07418426413,115164400031454422,,,,,
0x0d322b50b383e78e0ba472c60e4b625aab47126d04f1b7d7afd230fe6aff370f,1758764291,2025-09-25,2025-09-25 01:38,23436823,MarketWithdraw,0x777791C4d6DC2CE140D00D2828a7C93503c67777,0x0f9563442d64ab3bd3bcb27058db0b0d4046a4c46f0acd811dacae9551d2b129,320000393052,319924.6457589607,307106399436830360,,,,,
0xeb468e51a36233a815a269b0568c889a7836ac0eed5fe4b5336b1cd0316ecea1,1758765311,2025-09-25,2025-09-25 01:55,23436908,MarketSupply,0x777791C4d6DC2CE140D00D2828a7C93503c67777,0x0f9563442d64ab3bd3bcb27058db0b0d4046a4c46f0acd811dacae9551d2b129,320000000000,319924.2528,307103596679227460,,,,,
0x1be6a75770298cd111246b5f0cf07b2db4b925db868f1722bcea01e0b4dc8049,1758765515,2025-09-25,2025-09-25 01:58,23436925,MarketWithdraw,0xd63070114470f685b75B74D60EEc7c1113d33a3D,0x0f9563442d64ab3bd3bcb27058db0b0d4046a4c46f0acd811dacae9551d2b129,14315960596,14312.571864967322,13739003922579291,,,,,
0xaed48b07c34cedf37e3564f58137d7ec749c5e85a8c671cd88dfc6adbe04026f,1758768899,2025-09-25,2025-09-25 02:54,23437205,MarketSupply,0xd63070114470f685b75B74D60EEc7c1113d33a3D,0x0f9563442d64ab3bd3bcb27058db0b0d4046a4c46f0acd811dacae9551d2b129,137785270674,137744.62401915118,132231421535475882,,,,,
0xf0739f2d45ac5e968ea9557a2849ad8f3fef1e1a84bb5a51d72e33923ebc3580,1758769103,2025-09-25,2025-09-25 02:58,23437222,MarketWithdraw,0x777791C4d6DC2CE140D00D2828a7C93503c67777,0x0f9563442d64ab3bd3bcb27058db0b0d4046a4c46f0acd811dacae9551d2b129,320002360729,319907.96003258496,307103596679138469,,,,,
0x0526c037b9fe95acea610678ea0e8a789b7845fe2c9ed6092a80837fdb5463e5,1758770567,2025-09-25,2025-09-25 03:22,23437343,MarketSupply,0x777791C4d6DC2CE140D00D2828a7C93503c67777,0x0f9563442d64ab3bd3bcb27058db0b0d4046a4c46f0acd811dacae9551d2b129,320000000000,319924.2528,307100266739571091,,,,,
0xfa7200aa2c2431dbdb84a0f1d769443b0c5fa9fc4edf615e043e89e51d14d385,1758770867,2025-09-25,2025-09-25 03:27,23437368,MarketWithdraw,0x777791C4d6DC2CE140D00D2828a7C93503c67777,0x0f9563442d64ab3bd3bcb27058db0b0d4046a4c46f0acd811dacae9551d2b129,7001757,7.000099614100529,6719501037281,,,,,
0x07c0a8c3e9e114908633fa61724da7f46746138fc881d8973b1ec7e5fde42b91,1758771431,2025-09-25,2025-09-25 03:37,23437415,MarketWithdraw,0x777791C4d6DC2CE140D00D2828a7C93503c67777,0x0f9563442d64ab3bd3bcb27058db0b0d4046a4c46f0acd811dacae9551d2b129,319993474129,319917.7284737389,307093547238592796,,,,,
0x439f1326db53267b5f225f6346fbabb717b8c6967072f2e8dddd24719b2e352d,1758771551,2025-09-25,2025-09-25 03:39,23437425,MarketSupply,0x777791C4d6DC2CE140D00D2828a7C93503c67777,0x0f9563442d64ab3bd3bcb27058db0b0d4046a4c46f0acd811dacae9551d2b129,370000000000,369912.4173,355084054499999898,,,,,
0x4f5ec6dd83d24704da8b3e008dae40496448580592283edf18670c8760628db1,1758772487,2025-09-25,2025-09-25 03:54,23437500,MarketWithdraw,0xd63070114470f685b75B74D60EEc7c1113d33a3D,0x0f9563442d64ab3bd3bcb27058db0b0d4046a4c46f0acd811dacae9551d2b129,99136658770,99113.19213150254,95139979746990651,,,,,
0x201c1971b2235794c5914728ec0603d8b5ab78655bf0ac76f9ca94bfe8f37fb3,1758772523,2025-09-25,2025-09-25 03:55,23437503,MarketWithdraw,0x0F359FD18BDa75e9c49bC027E7da59a4b01BF32a,0x0f9563442d64ab3bd3bcb27058db0b0d4046a4c46f0acd811dacae9551d2b129,300000608934,299929.59578985925,287906112261891021,,,,,
0x2cf3b6fea9eab1baee000e6dd7cd29ca7b0c68b6cf716a044537f7e06e4fc77f,1758774371,2025-09-25,2025-09-25 04:26,23437656,MarketSupply,0xc582F04d8a82795aa2Ff9c8bb4c1c889fe7b754e,0x0f9563442d64ab3bd3bcb27058db0b0d4046a4c46f0acd811dacae9551d2b129,304441894850,304348.43118828104,292166732141988421,,,,,
0xa0649f82f67b25547b21fa4f0a083f7ef0c7c7007585c5555715041d0b544f9a,1758775415,2025-09-25,2025-09-25 04:43,23437743,MarketSupply,0x777791C4d6DC2CE140D00D2828a7C93503c67777,0x0f9563442d64ab3bd3bcb27058db0b0d4046a4c46f0acd811dacae9551d2b129,83285721004,83260.15228765178,79927473258475413,,,,,
0x252ee4dceeade49fcc4ce44f806e10647542cb0d0e51a0ca7ccd08a1798a2421,1758776351,2025-09-25,2025-09-25 04:59,23437820,MarketWithdraw,0xd63070114470f685b75B74D60EEc7c1113d33a3D,0x0f9563442d64ab3bd3bcb27058db0b0d4046a4c46f0acd811dacae9551d2b129,38649942912,38638.07737952602,37091441788485231,,,,,
0x5f0aa207cf59f733553dc579e178e29228f5db64226bbe91fe7515d282c183a1,1758778475,2025-09-25,2025-09-25 05:34,23437997,MarketSupply,0x777791C4d6DC2CE140D00D2828a7C93503c67777,0x0f9563442d64ab3bd3bcb27058db0b0d4046a4c46f0acd811dacae9551d2b129,36708585294,36699.89600477505,35228237845512204,,,,,
0x5551e0fbfb763dd5107024cd4ca8a240f9bd993e2e4f03afe0ef7e4f7bfafd51,1758779747,2025-09-25,2025-09-25 05:55,23438102,MarketWithdraw,0x777791C4d6DC2CE140D00D2828a7C93503c67777,0x0f9563442d64ab3bd3bcb27058db0b0d4046a4c46f0acd811dacae9551d2b129,21305843354,21300.800047819674,20446599154205609,,,,,
0x04bf8a7eae1421af6220f2b0be141cfdb2c2bd25ecea115285baa86877dd6dcf,1758780359,2025-09-25,2025-09-25 06:05,23438153,MarketSupply,0x777791C4d6DC2CE140D00D2828a7C93503c67777,0x0f9563442d64ab3bd3bcb27058db0b0d4046a4c46f0acd811dacae9551d2b129,61304320435,61289.809089309834,58831915052249589,,,,,
0xf73072ca259d96674c4f94a41137fc85e49696ad69df0b12dad4e4f24d160ee4,1758783347,2025-09-25,2025-09-25 06:55,23438397,MarketSupply,0xc582F04d8a82795aa2Ff9c8bb4c1c889fe7b754e,0x0f9563442d64ab3bd3bcb27058db0b0d4046a4c46f0acd811dacae9551d2b129,17848198383,17843.97353596076,17128297768263752,,,,,
0x408cc8328b93133bc18e022d4d3d3a77ad8cb79487071d31935f1113b9de531b,1758785303,2025-09-25,2025-09-25 07:28,23438559,MarketWithdraw,0x777791C4d6DC2CE140D00D2828a7C93503c67777,0x0f9563442d64ab3bd3bcb27058db0b0d4046a4c46f0acd811dacae9551d2b129,530004179445,529848.8882204227,508625081501413393,,,,,
0xf6b483a0999de655d6710ac47469550628e7dd4e109d51c83ba20076f92182db,1758786731,2025-09-25,2025-09-25 07:52,23438678,MarketSupply,0x777791C4d6DC2CE140D00D2828a7C93503c67777,0x0f9563442d64ab3bd3bcb27058db0b0d4046a4c46f0acd811dacae9551d2b129,550000000000,549838.85,527808836346353315,,,,,
0x575d52905f8ced528da94f799badf835a1fb1342e6318bca9a3b3ff071d58838,1758787067,2025-09-25,2025-09-25 07:57,23438705,MarketWithdraw,0x777791C4d6DC2CE140D00D2828a7C93503c67777,0x0f9563442d64ab3bd3bcb27058db0b0d4046a4c46f0acd811dacae9551d2b129,3000000000,2999.121,2878955785428662,,,,,
0xc55b4c4056bde798ee05c1e581c6cef07b964ad81e536413bed6d5ba31f16c0d,1758787343,2025-09-25,2025-09-25 08:02,23438728,MarketSupply,0x777791C4d6DC2CE140D00D2828a7C93503c67777,0x0f9563442d64ab3bd3bcb27058db0b0d4046a4c46f0acd811dacae9551d2b129,22999477466,22996.69130929977,22071483411509448,,,,,
0xb06650aa0b5e19931eda4b44838f64029500ff910c8b9b4582ae9dcea3e970a8,1758787571,2025-09-25,2025-09-25 08:06,23438747,MarketWithdraw,0x777791C4d6DC2CE140D00D2828a7C93503c67777,0x0f9563442d64ab3bd3bcb27058db0b0d4046a4c46f0acd811dacae9551d2b129,570000198629,569931.1488049381,547001363973001499,,,,,
0xba4fca0c73c69f2cbcd7341cb63fb255154be6f80ba8d1adcd323823690aded0,1758788759,2025-09-25,2025-09-25 08:25,23438846,MarketSupply,0xc582F04d8a82795aa2Ff9c8bb4c1c889fe7b754e,0x0f9563442d64ab3bd3bcb27058db0b0d4046a4c46f0acd811dacae9551d2b129,402329599804,402280.8615962798,386092736192232444,,,,,
0xcc753d0dec97f0884a30d5c8bbfc0e70b97974855064414157977e1d8cb00d49,1758789503,2025-09-25,2025-09-25 08:38,23438907,MarketSupply,0x777791C4d6DC2CE140D00D2828a7C93503c67777,0x0f9563442d64ab3bd3bcb27058db0b0d4046a4c46f0acd811dacae9551d2b129,350000000000,349957.601,335874565612553256,,,,,
0x041f51cf3c33669025fb28ce80e7d36560dd69bf28cd74fcb3c23cd93e6e9d10,1758794159,2025-09-25,2025-09-25 09:55,23439293,MarketWithdraw,0xc582F04d8a82795aa2Ff9c8bb4c1c889fe7b754e,0x0f9563442d64ab3bd3bcb27058db0b0d4046a4c46f0acd811dacae9551d2b129,214625374810,214582.87898578763,205962173552272462,,,,,
0xe0e8a35d98b53d26e0975c68b0959fc60854b085b9ffd4108e59038a773d5645,1758794675,2025-09-25,2025-09-25 10:04,23439335,MarketWithdraw,0x777791C4d6DC2CE140D00D2828a7C93503c67777,0x0f9563442d64ab3bd3bcb27058db0b0d4046a4c46f0acd811dacae9551d2b129,49142211934,49131.15051351577,47158583187068786,,,,,
0xe9d46e3c6cffbc48ecfe6ffb7f167d0f6953ffcccb7c93a379bef7aadb6e35c4,1758797711,2025-09-25,2025-09-25 10:55,23439588,MarketWithdraw,0x0F359FD18BDa75e9c49bC027E7da59a4b01BF32a,0x0f9563442d64ab3bd3bcb27058db0b0d4046a4c46f0acd811dacae9551d2b129,200001920512,199956.90207971196,191927876503381217,,,,,
0x0ad27d03b04decf92bcef00509c8b0548210ca9e95475841d89709393045f822,1758798083,2025-09-25,2025-09-25 11:01,23439619,MarketSupply,0xd63070114470f685b75B74D60EEc7c1113d33a3D,0x0f9563442d64ab3bd3bcb27058db0b0d4046a4c46f0acd811dacae9551d2b129,72920923904,72906.33971921919,69977067226125111,,,,,
0x990581d71afa45b71c8c2638e2cd32ea168ffbacb375933a17fe4277b6945b40,1758798215,2025-09-25,2025-09-25 11:03,23439630,MarketWithdraw,0x777791C4d6DC2CE140D00D2828a7C93503c67777,0x0f9563442d64ab3bd3bcb27058db0b0d4046a4c46f0acd811dacae9551d2b129,69640038,69.6261099924,66828616265036,,,,,
0x89319bd96ea377b3daeb3c3b6c0ccdbd18a593d05aff7078bc2738bb2e6d5ff3,1758798827,2025-09-25,2025-09-25 11:13,23439681,MarketWithdraw,0x777791C4d6DC2CE140D00D2828a7C93503c67777,0x0f9563442d64ab3bd3bcb27058db0b0d4046a4c46f0acd811dacae9551d2b129,254517,0.2544660966,244241679470,,,,,
0x1784bab607a35e8183e8462fe93544ece7897933595409c5e4b750b230d24aab,1758799787,2025-09-25,2025-09-25 11:29,23439761,MarketWithdraw,0x777791C4d6DC2CE140D00D2828a7C93503c67777,0x0f9563442d64ab3bd3bcb27058db0b0d4046a4c46f0acd811dacae9551d2b129,20774535473,20770.3805659054,19935794089817654,,,,,
0x83ce8c3b9135bff99a19fb7cc4c6558af016781ae97e8f7a5b512308ea62a37c,1758801503,2025-09-25,2025-09-25 11:58,23439904,MarketWithdraw,0x777791C4d6DC2CE140D00D2828a7C93503c67777,0x0f9563442d64ab3bd3bcb27058db0b0d4046a4c46f0acd811dacae9551d2b129,15000000000,14997,14394350844263606,,,,,
0xf04ba17a802bd02c3abce427424327a1013197b14b13a163c210905c44c3d06e,1758801551,2025-09-25,2025-09-25 11:59,23439908,MarketSupply,0xd63070114470f685b75B74D60EEc7c1113d33a3D,0x0f9563442d64ab3bd3bcb27058db0b0d4046a4c46f0acd811dacae9551d2b129,18147503614,18143.8741132772,17414767346469701,,,,,
0x51caa7ba09203b7fa2d9d14626a5dd6b55fcb9d35bb0556f22d63072b2e72f59,1758801683,2025-09-25,2025-09-25 12:01,23439919,MarketSupply,0x777791C4d6DC2CE140D00D2828a7C93503c67777,0x0f9563442d64ab3bd3bcb27058db0b0d4046a4c46f0acd811dacae9551d2b129,284980563133,284916.4168580444,273473921827227126,,,,,
0xd1465548f056941f135da5775fc0d7e83d70b5160ec7a4ee28226b9e597f130c,1758803159,2025-09-25,2025-09-25 12:25,23440041,MarketWithdraw,0x777791C4d6DC2CE140D00D2828a7C93503c67777,0x0f9563442d64ab3bd3bcb27058db0b0d4046a4c46f0acd811dacae9551d2b129,550001178228,549877.3784627926,527792686460825890,,,,,
0xd7c5278093400485365980d9d9f8ccaa94213eb54047ac14a245cecd6328f0ed,1758803183,2025-09-25,2025-09-25 12:26,23440043,MarketSupply,0x777791C4d6DC2CE140D00D2828a7C93503c67777,0x0f9563442d64ab3bd3bcb27058db0b0d4046a4c46f0acd811dacae9551d2b129,400000000000,399909.964,383848373679598773,,,,,
0xc0c332bd2fe48b1d9dfb99616c5240de2268914d16dc2b7df22f359f0fe3e8c7,1758804443,2025-09-25,2025-09-25 12:47,23440147,MarketWithdraw,0x777791C4d6DC2CE140D00D2828a7C93503c67777,0x0f9563442d64ab3bd3bcb27058db0b0d4046a4c46f0acd811dacae9551d2b129,15942055328,15938.46693076622,15298298302986758,,,,,
0xa43705cc5a611e9f54d1ad3493c44fe3df0cad91fc3c24a7cdbf1b923f5b6245,1758805067,2025-09-25,2025-09-25 12:57,23440199,MarketWithdraw,0xd63070114470f685b75B74D60EEc7c1113d33a3D,0x0f9563442d64ab3bd3bcb27058db0b0d4046a4c46f0acd811dacae9551d2b129,91069404255,91048.90544279624,87391834572594812,,,,,
0xeee1b17c2852a04724c75b42775a0bea82685be1b01889825e51907b00faf318,1758809699,2025-09-25,2025-09-25 14:14,23440584,MarketSupply,0x777791C4d6DC2CE140D00D2828a7C93503c67777,0x0f9563442d64ab3bd3bcb27058db0b0d4046a4c46f0acd811dacae9551d2b129,45937603283,45927.263187877026,44082178565945038,,,,,
0x503da2ab00a0017b26e7d4e4878153b01e9bc16b031e74c31c9f0f5488b868bf,1758810383,2025-09-25,2025-09-25 14:26,23440641,MarketWithdraw,0xc582F04d8a82795aa2Ff9c8bb4c1c889fe7b754e,0x0f9563442d64ab3bd3bcb27058db0b0d4046a4c46f0acd811dacae9551d2b129,102947978213,102924.80565258402,98789781084985529,,,,,
0xfca118048b8461d8e1d3a833ff81ade26eed172e2895862149aadb8253e1477c,1758811655,2025-09-25,2025-09-25 14:47,23440747,MarketSupply,0xd63070114470f685b75B74D60EEc7c1113d33a3D,0x0f9563442d64ab3bd3bcb27058db0b0d4046a4c46f0acd811dacae9551d2b129,16411593962,16407.899876315092,15748670951380938,,,,,
0x64b12bb1311ca3cb57e5d12cdd1f753d7c7c1fad64341b3a670cea279b09dfbf,1758811775,2025-09-25,2025-09-25 14:49,23440756,MarketWithdraw,0x777791C4d6DC2CE140D00D2828a7C93503c67777,0x0f9563442d64ab3bd3bcb27058db0b0d4046a4c46f0acd811dacae9551d2b129,12591009999,12588.175888559324,12082411320231933,,,,,
0x564c20c141429b16b1c915915285e7272418646fd845ccc38ba13af53c76a3b7,1758812783,2025-09-25,2025-09-25 15:06,23440840,MarketWithdraw,0x777791C4d6DC2CE140D00D2828a7C93503c67777,0x0f9563442d64ab3bd3bcb27058db0b0d4046a4c46f0acd811dacae9551d2b129,375521101058,375411.4488964911,360351687254087921,,,,,
0xea1b24e307ee474ec4d7a49858d367d80d6df418e89088b13ce3df3e029e0eaf,1758813947,2025-09-25,2025-09-25 15:25,23440937,MarketSupply,0xc582F04d8a82795aa2Ff9c8bb4c1c889fe7b754e,0x0f9563442d64ab3bd3bcb27058db0b0d4046a4c46f0acd811dacae9551d2b129,491732737138,491589.15117875574,471863044654553687,,,,,
0xdab2883022a0c285fb2bbedb557376e1d3216d1943ef1d850b57c39c97d90ebe,1758814019,2025-09-25,2025-09-25 15:26,23440943,MarketWithdraw,0x777791C4d6DC2CE140D00D2828a7C93503c67777,0x0f9563442d64ab3bd3bcb27058db0b0d4046a4c46f0acd811dacae9551d2b129,41890865635,41878.63350223458,40198155368373802,,,,,
0xc299fb5607c9aa8389a5bc9079cac3834971fec18827f9d12e62c2378e84ac29,1758815255,2025-09-25,2025-09-25 15:47,23441044,MarketWithdraw,0xd63070114470f685b75B74D60EEc7c1113d33a3D,0x0f9563442d64ab3bd3bcb27058db0b0d4046a4c46f0acd811dacae9551d2b129,16411870194,16407.077927903352,15748670951380938,,,,,
0xfe8c62b7fdb63c05d5ca3c874c163dcc5f8b650fe3818e71607adda64e52ad89,1758815747,2025-09-25,2025-09-25 15:55,23441083,MarketWithdraw,0xc582F04d8a82795aa2Ff9c8bb4c1c889fe7b754e,0x0f9563442d64ab3bd3bcb27058db0b0d4046a4c46f0acd811dacae9551d2b129,124126535861,124090.2909125286,119110510340446148,,,,,
0xff0efa0c17a35fdc32c89f2e2de2b31914c09933881cc25f6732ea0fcf1dfea0,1758819047,2025-09-25,2025-09-25 16:50,23441356,MarketSupply,0xd63070114470f685b75B74D60EEc7c1113d33a3D,0x0f9563442d64ab3bd3bcb27058db0b0d4046a4c46f0acd811dacae9551d2b129,45917966016,45907.63034102946,44062098543155532,,,,,
0x42f356e77cebc17535ceee5fb7212dc616ebc2bd36960f6b7e4466a1b4e599e8,1758824603,2025-09-25,2025-09-25 18:23,23441817,MarketSupply,0x777791C4d6DC2CE140D00D2828a7C93503c67777,0x0f9563442d64ab3bd3bcb27058db0b0d4046a4c46f0acd811dacae9551d2b129,270000000000,269939.2257,259084608441708350,,,,,
0x6ee07c35208089fa541125c46a9ca0b77ea3e898cbc8a4c9f64c1eed63fa6adb,1758824795,2025-09-25,2025-09-25 18:26,23441833,MarketWithdraw,0xc582F04d8a82795aa2Ff9c8bb4c1c889fe7b754e,0x0f9563442d64ab3bd3bcb27058db0b0d4046a4c46f0acd811dacae9551d2b129,325493329637,325420.06434343196,312334397145159873,,,,,
0x9cf097a387d08cffccfce9541011284b621a6e234d8bb93b2d08d406b5d52a81,1758825803,2025-09-25,2025-09-25 18:43,23441917,MarketSupply,0x777791C4d6DC2CE140D00D2828a7C93503c67777,0x0f9563442d64ab3bd3bcb27058db0b0d4046a4c46f0acd811dacae9551d2b129,189999362942,189956.5959853954,182317757054999642,,,,,
0xb235da8b1b0e66d4cf7bafcde2875f4a55106b4745d38b556186bc08b7a835b4,1758826667,2025-09-25,2025-09-25 18:57,23441989,MarketWithdraw,0xd63070114470f685b75B74D60EEc7c1113d33a3D,0x0f9563442d64ab3bd3bcb27058db0b0d4046a4c46f0acd811dacae9551d2b129,45918637652,45908.301825850904,44062098543155532,,,,,
0x3516e9223365c6692d4bc0938d02cab6c0bfee5882ea17b5234d815aae49fa03,1758827435,2025-09-25,2025-09-25 19:10,23442053,MarketSupply,0x777791C4d6DC2CE140D00D2828a7C93503c67777,0x0f9563442d64ab3bd3bcb27058db0b0d4046a4c46f0acd811dacae9551d2b129,36191153199,36183.00693232643,34727859021366919,,,,,
0x30cf8d779ad4595b1ea8abf121eb65eef7bda98b42857d580cc72c0428f92787,1758828599,2025-09-25,2025-09-25 19:29,23442147,MarketWithdraw,0x777791C4d6DC2CE140D00D2828a7C93503c67777,0x0f9563442d64ab3bd3bcb27058db0b0d4046a4c46f0acd811dacae9551d2b129,479999980316,479891.93712043064,460591517854714424,,,,,
0x30dfd902463c8b2ec186f93a1c4df2b4eec1dd1835fa4256e82befadddf60eb7,1758828635,2025-09-25,2025-09-25 19:30,23442150,MarketSupply,0x777791C4d6DC2CE140D00D2828a7C93503c67777,0x0f9563442d64ab3bd3bcb27058db0b0d4046a4c46f0acd811dacae9551d2b129,462536062950,462431.95070759056,443833572294204688,,,,,
0xfcbc9654e00063e911221d3b67dc7c396e22ac9bd284ed5e76daa9264b2d14a1,1758829247,2025-09-25,2025-09-25 19:40,23442200,MarketSupply,0x777791C4d6DC2CE140D00D2828a7C93503c67777,0x0f9563442d64ab3bd3bcb27058db0b0d4046a4c46f0acd811dacae9551d2b129,17463916923,17459.9859699398,16757751329366556,,,,,
0x419b8a7b8961a5403fb8cb01f8db6e2aa54483403218543ec4e5a518c5122d5d,1758829823,2025-09-25,2025-09-25 19:50,23442248,MarketWithdraw,0x777791C4d6DC2CE140D00D2828a7C93503c67777,0x0f9563442d64ab3bd3bcb27058db0b0d4046a4c46f0acd811dacae9551d2b129,98004010,97.98195027738909,94041056496753,,,,,
0xa30bcfb39b5ad454ef8777bee41141ffeb5d1c96b885910c06f436d7ccad62e0,1758831203,2025-09-25,2025-09-25 20:13,23442362,MarketSupply,0x777791C4d6DC2CE140D00D2828a7C93503c67777,0x0f9563442d64ab3bd3bcb27058db0b0d4046a4c46f0acd811dacae9551d2b129,20098003618,20092.034510925452,19285261877878760,,,,,
0x24fc0fef35144b7e58ea5aafc98f5350278d8e95d45c02fcce8a1abc0b0bc7c6,1758833711,2025-09-25,2025-09-25 20:55,23442571,MarketWithdraw,0x777791C4d6DC2CE140D00D2828a7C93503c67777,0x0f9563442d64ab3bd3bcb27058db0b0d4046a4c46f0acd811dacae9551d2b129,73396947,73.375148106741,70428554239234,,,,,
0x0762e1e8b2d29cfe282f0d13bed7076602d8ce1f1c685c57cab285567ad9104d,1758833747,2025-09-25,2025-09-25 20:55,23442574,MarketWithdraw,0xc582F04d8a82795aa2Ff9c8bb4c1c889fe7b754e,0x0f9563442d64ab3bd3bcb27058db0b0d4046a4c46f0acd811dacae9551d2b129,96389141311,96360.51373603064,92490869593749349,,,,,
0x1d79714006ac81bf7fe5c3a86c9e5b85d0899f06871e4651c72e8ca2656cde8c,1758835559,2025-09-25,2025-09-25 21:25,23442722,MarketWithdraw,0xc582F04d8a82795aa2Ff9c8bb4c1c889fe7b754e,0x0f9563442d64ab3bd3bcb27058db0b0d4046a4c46f0acd811dacae9551d2b129,14531634297,14528.363371436088,13943883860012089,,,,,
0xb4eaaf1bd5303743176690a091bacd512786f3dd8c22a827558251a5a6da3ba4,1758836099,2025-09-25,2025-09-25 21:34,23442767,MarketSupply,0x777791C4d6DC2CE140D00D2828a7C93503c67777,0x0f9563442d64ab3bd3bcb27058db0b0d4046a4c46f0acd811dacae9551d2b129,50994169868,50982.69159030441,48931596288321400,,,,,
0xd7d30709e71ba60e1a070ce99def931de202403a0b5063784d550b4b45c3f436,1758838439,2025-09-25,2025-09-25 22:13,23442957,MarketWithdraw,0x777791C4d6DC2CE140D00D2828a7C93503c67777,0x0f9563442d64ab3bd3bcb27058db0b0d4046a4c46f0acd811dacae9551d2b129,75345915,75.32406468465,72298078501258,,,,,
0x95d3df071328b9a5476844abb3f608edc976463181c27dcb2172415b1f8c1906,1758838487,2025-09-25,2025-09-25 22:14,23442961,MarketWithdraw,0x777791C4d6DC2CE140D00D2828a7C93503c67777,0x0f9563442d64ab3bd3bcb27058db0b0d4046a4c46f0acd811dacae9551d2b129,49924643022,49910.16487552362,47905124666387243,,,,,
0xb380aa65107d1ff7523aecd01da03140cf3321e71c20976102b53066e707b672,1758838511,2025-09-25,2025-09-25 22:15,23442963,MarketWithdraw,0x777791C4d6DC2CE140D00D2828a7C93503c67777,0x0f9563442d64ab3bd3bcb27058db0b0d4046a4c46f0acd811dacae9551d2b129,64043752,64.02517931192,61453094107935,,,,,
0x791ebc13b8ab19daf5c3663ded1f1a565c49d78b5913c889e6b84aaa616b7a3a,1758839207,2025-09-25,2025-09-25 22:26,23443021,MarketWithdraw,0xc582F04d8a82795aa2Ff9c8bb4c1c889fe7b754e,0x0f9563442d64ab3bd3bcb27058db0b0d4046a4c46f0acd811dacae9551d2b129,53152806464,53137.39215012544,51002635907750683,,,,,
0xdb94391fd7502e29edd9103f7e20601d9abe878bfc6bb7a56654a84653df24d1,1758840227,2025-09-25,2025-09-25 22:43,23443105,MarketWithdraw,0x777791C4d6DC2CE140D00D2828a7C93503c67777,0x0f9563442d64ab3bd3bcb27058db0b0d4046a4c46f0acd811dacae9551d2b129,300723857,300.63664708147,288558207870330,,,,,
0x1393f2e27de596f2575c6c594580a7e7398651e0f2bc2d444dcb2760f8b750b4,1758840491,2025-09-25,2025-09-25 22:48,23443127,MarketWithdraw,0x777791C4d6DC2CE140D00D2828a7C93503c67777,0x0f9563442d64ab3bd3bcb27058db0b0d4046a4c46f0acd811dacae9551d2b129,2007270919,2006.68881043349,1926066670148907,,,,,
0xa5d7cdcd1705be8b1a34e892cd83694d787792734cadbdd6a359290a3c4cf2b0,1758855347,2025-09-26,2025-09-26 02:55,23444352,MarketSupply,0xc582F04d8a82795aa2Ff9c8bb4c1c889fe7b754e,0x0f9563442d64ab3bd3bcb27058db0b0d4046a4c46f0acd811dacae9551d2b129,63031793432,63013.199052937554,60480067706180176,,,,,
0x4761fc4c77afb1f919ef4ac26a350e3f48b4568dd1622bfb77adaa842a8ea326,1758855491,2025-09-26,2025-09-26 02:58,23444364,MarketWithdraw,0x777791C4d6DC2CE140D00D2828a7C93503c67777,0x0f9563442d64ab3bd3bcb27058db0b0d4046a4c46f0acd811dacae9551d2b129,397506936297,397389.67175079236,381414500530280408,,,,,
0xf12a9b8cf7d20bce20eb4e28da66fd3f5bd7c9e2abbffec55aaa5c83accdfb3e,1758855527,2025-09-26,2025-09-26 02:58,23444367,MarketSupply,0x777791C4d6DC2CE140D00D2828a7C93503c67777,0x0f9563442d64ab3bd3bcb27058db0b0d4046a4c46f0acd811dacae9551d2b129,399999970311,399881.9703197582,383806462267818294,,,,,
0x56dffbee1ede1409d77357f52630aa12c3f846fb2236a4ceef733ee45f490565,1758857159,2025-09-26,2025-09-26 03:25,23444502,MarketWithdraw,0xc582F04d8a82795aa2Ff9c8bb4c1c889fe7b754e,0x0f9563442d64ab3bd3bcb27058db0b0d4046a4c46f0acd811dacae9551d2b129,63540477266,63526.174939972196,60967935187402007,,,,,
0x9843cdcc1fe8e28f8e5899b09a856cbbc765a57c2c99fe58ec4b2f7a92bbd32e,1758860759,2025-09-26,2025-09-26 04:25,23444799,MarketSupply,0xc582F04d8a82795aa2Ff9c8bb4c1c889fe7b754e,0x0f9563442d64ab3bd3bcb27058db0b0d4046a4c46f0acd811dacae9551d2b129,6760430076,6758.415467837352,6486676939894675,,,,,
0x0784c55db1f3844644c651d3ab5bc96feba369563ce60166d43a651c3fed0668,1758860987,2025-09-26,2025-09-26 04:29,23444818,MarketWithdraw,0x777791C4d6DC2CE140D00D2828a7C93503c67777,0x0f9563442d64ab3bd3bcb27058db0b0d4046a4c46f0acd811dacae9551d2b129,14715227607,14710.842469173114,14119350997908487,,,,,
0xadab60356f6235034f00aca487f1db5d0724c2726165ebda9a669ec48f9fab6b,1758861275,2025-09-26,2025-09-26 04:34,23444842,MarketWithdraw,0x777791C4d6DC2CE140D00D2828a7C93503c67777,0x0f9563442d64ab3bd3bcb27058db0b0d4046a4c46f0acd811dacae9551d2b129,328504695514,328406.8011147368,315202087319791383,,,,,
0xf1184377fddb815d0f6a2ca9899fbc7dbac1c0c08c6088809dc39dd8fd4c09d1,1758861299,2025-09-26,2025-09-26 04:34,23444844,MarketSupply,0x777791C4d6DC2CE140D00D2828a7C93503c67777,0x0f9563442d64ab3bd3bcb27058db0b0d4046a4c46f0acd811dacae9551d2b129,339999977988,339898.6579945596,326231792442404930,,,,,
0xb8891023bff40fdcb90e586094444d3fbea35935cdd76015436407b420a3dce9,1758862091,2025-09-26,2025-09-26 04:48,23444909,MarketWithdraw,0x777791C4d6DC2CE140D00D2828a7C93503c67777,0x0f9563442d64ab3bd3bcb27058db0b0d4046a4c46f0acd811dacae9551d2b129,180730256,180.67639838371198,173411375970129,,,,,
0xb8b4e766afdc051d168f0ea3a19214d78d6272b44377abd794d349e01787a3fa,1758862151,2025-09-26,2025-09-26 04:49,23444914,MarketWithdraw,0x777791C4d6DC2CE140D00D2828a7C93503c67777,0x0f9563442d64ab3bd3bcb27058db0b0d4046a4c46f0acd811dacae9551d2b129,5481273588,5479.640168470776,5259302478848835,,,,,
0xb3d216dd3b16966b21244d839722b25d5f8ae7b97a9be9afb3d35e414aa7f66f,1758862391,2025-09-26,2025-09-26 04:53,23444934,MarketWithdraw,0x777791C4d6DC2CE140D00D2828a7C93503c67777,0x0f9563442d64ab3bd3bcb27058db0b0d4046a4c46f0acd811dacae9551d2b129,110327582276,110294.70465648176,105859677263075929,,,,,
0xc930de818767d223bbed99ed6f5745114100b92dcc69639ee60ad1750ef0a028,1758863819,2025-09-26,2025-09-26 05:16,23445052,MarketWithdraw,0x777791C4d6DC2CE140D00D2828a7C93503c67777,0x0f9563442d64ab3bd3bcb27058db0b0d4046a4c46f0acd811dacae9551d2b129,943578,0.94336561002798,905363339338,,,,,
0x241ad02f8b6d60af5ed140261fa1bce27acde87e630ad1ac9e749d05c1d28bc4,1758866015,2025-09-26,2025-09-26 05:53,23445234,MarketSupply,0xd63070114470f685b75B74D60EEc7c1113d33a3D,0x0f9563442d64ab3bd3bcb27058db0b0d4046a4c46f0acd811dacae9551d2b129,51351340052,51339.781378867694,49271385949868982,,,,,
0x252ce05080bde31cea83ba8b321bb6227aa412c7cb83c3232ea7569639182fea,1758869315,2025-09-26,2025-09-26 06:48,23445507,MarketSupply,0xd63070114470f685b75B74D60EEc7c1113d33a3D,0x0f9563442d64ab3bd3bcb27058db0b0d4046a4c46f0acd811dacae9551d2b129,16572151020,16567.229091147063,15900796839684677,,,,,
0xc1ca3ac1e279c42a4048b7e79a22a32c1f18de1ac0b90a1daae57d6472c15879,1758871115,2025-09-26,2025-09-26 07:18,23445654,MarketSupply,0x777791C4d6DC2CE140D00D2828a7C93503c67777,0x0f9563442d64ab3bd3bcb27058db0b0d4046a4c46f0acd811dacae9551d2b129,88067041044,88047.2180337314,84499046380863607,,,,,
0x83672ba1ead1368de45d286903bd25cf7ff3d0a7e5ef31a339884c5930a55dbe,1758871547,2025-09-26,2025-09-26 07:25,23445690,MarketWithdraw,0xc582F04d8a82795aa2Ff9c8bb4c1c889fe7b754e,0x0f9563442d64ab3bd3bcb27058db0b0d4046a4c46f0acd811dacae9551d2b129,92104732986,92084.00113165218,88373081378956102,,,,,
0xf6d254e27e32c6d3030808adb5aef431ba340dbe7b618b46214a793799cee784,1758872243,2025-09-26,2025-09-26 07:37,23445748,MarketWithdraw,0x777791C4d6DC2CE140D00D2828a7C93503c67777,0x0f9563442d64ab3bd3bcb27058db0b0d4046a4c46f0acd811dacae9551d2b129,400000000,399.909964,383793326833754,,,,,
0xe5a18fbf26d2c70605893be3f1f53f6849512ad58e10828985e742ac5b17e427,1758873347,2025-09-26,2025-09-26 07:55,23445839,MarketSupply,0xc582F04d8a82795aa2Ff9c8bb4c1c889fe7b754e,0x0f9563442d64ab3bd3bcb27058db0b0d4046a4c46f0acd811dacae9551d2b129,70563873330,70547.99010775215,67704705288386303,,,,,
0x2199c8266ef8e2a3823da4f73ddc6c0accce7d2cc4c27abd52d908df930e7271,1758873467,2025-09-26,2025-09-26 07:57,23445849,MarketWithdraw,0xd63070114470f685b75B74D60EEc7c1113d33a3D,0x0f9563442d64ab3bd3bcb27058db0b0d4046a4c46f0acd811dacae9551d2b129,67924418113,67909.12900572695,65172182789553659,,,,,
0x9d9e89129b1fe1d79e9b6c5c376e3cf333e114ae76cc8f6c956dcb2f996df0eb,1758873695,2025-09-26,2025-09-26 08:01,23445867,MarketSupply,0x777791C4d6DC2CE140D00D2828a7C93503c67777,0x0f9563442d64ab3bd3bcb27058db0b0d4046a4c46f0acd811dacae9551d2b129,49865261446,49850.714253278355,47844744233267177,,,,,
0x796a4c06825b922d6b8becb17d879572daba77604b3a38a9af24f2745f5ee48b,1758875147,2025-09-26,2025-09-26 08:25,23445987,MarketWithdraw,0xc582F04d8a82795aa2Ff9c8bb4c1c889fe7b754e,0x0f9563442d64ab3bd3bcb27058db0b0d4046a4c46f0acd811dacae9551d2b129,29984667145,29975.91971805379,28769620766007561,,,,,
0xdd7fd15af99d6c3628ac8cc61b1b10f27e09bdfd285c69f6867f2a5dbc2490a8,1758876215,2025-09-26,2025-09-26 08:43,23446075,MarketWithdraw,0x777791C4d6DC2CE140D00D2828a7C93503c67777,0x0f9563442d64ab3bd3bcb27058db0b0d4046a4c46f0acd811dacae9551d2b129,998946426,998.6550033591429,958464802516485,,,,,
0xbbd1befd83b0a010d609b329731c202bd9048c0870dad25cd8703da1fad54b35,1758876695,2025-09-26,2025-09-26 08:51,23446115,MarketWithdraw,0x777791C4d6DC2CE140D00D2828a7C93503c67777,0x0f9563442d64ab3bd3bcb27058db0b0d4046a4c46f0acd811dacae9551d2b129,53527368,53.51175246093336,51358158217588,,,,,
0xbbd1befd83b0a010d609b329731c202bd9048c0870dad25cd8703da1fad54b35,1758876695,2025-09-26,2025-09-26 08:51,23446115,MarketWithdraw,0x777791C4d6DC2CE140D00D2828a7C93503c67777,0x0f9563442d64ab3bd3bcb27058db0b0d4046a4c46f0acd811dacae9551d2b129,2245808,2.2451528304321595,2154796077221,,,,,
0xe1c1f43aa274fea488ef10909dcb255df893948f52619bad9a0a9af6483b5cc8,1758878207,2025-09-26,2025-09-26 09:16,23446239,MarketWithdraw,0x777791C4d6DC2CE140D00D2828a7C93503c67777,0x0f9563442d64ab3bd3bcb27058db0b0d4046a4c46f0acd811dacae9551d2b129,226715678138,226649.02372862742,217527306973577605,,,,,
0xbc34a02b51c40a66ab89a16b7c7fddb5f3aa64cd68138c1115e67a96e1ab947e,1758878759,2025-09-26,2025-09-26 09:25,23446285,MarketSupply,0xc582F04d8a82795aa2Ff9c8bb4c1c889fe7b754e,0x0f9563442d64ab3bd3bcb27058db0b0d4046a4c46f0acd811dacae9551d2b129,241336957254,241266.00418856734,231555266833560971,,,,,
0xdca2df76734af92b022428eba4c1c37b09883a0bc5c9f30b794766ef22bcdb78,1758882719,2025-09-26,2025-09-26 10:31,23446611,MarketWithdraw,0x777791C4d6DC2CE140D00D2828a7C93503c67777,0x0f9563442d64ab3bd3bcb27058db0b0d4046a4c46f0acd811dacae9551d2b129,4554827683,4553.676085916908,4370180440717384,,,,,
0x6bacc48e0331524d69dea466178c8051074013be76fe53b8fef284fba878d34d,1758882911,2025-09-26,2025-09-26 10:35,23446627,MarketWithdraw,0x777791C4d6DC2CE140D00D2828a7C93503c67777,0x0f9563442d64ab3bd3bcb27058db0b0d4046a4c46f0acd811dacae9551d2b129,33142047178,33133.66787421199,31798496232166759,,,,,
0xde59f9961a6c5736b8761cb6ef74c47124d234a6f70e94f83f91ccc1d1ae5e5a,1758885575,2025-09-26,2025-09-26 11:19,23446846,MarketWithdraw,0x777791C4d6DC2CE140D00D2828a7C93503c67777,0x0f9563442d64ab3bd3bcb27058db0b0d4046a4c46f0acd811dacae9551d2b129,100000000,99.9703,95945556694473,,,,,
0xab0483686bd84a9f50de8dd6f753e7b53f5ad5a1a39a8a7cdef96aaa65170776,1758890423,2025-09-26,2025-09-26 12:40,23447248,MarketWithdraw,0x777791C4d6DC2CE140D00D2828a7C93503c67777,0x0f9563442d64ab3bd3bcb27058db0b0d4046a4c46f0acd811dacae9551d2b129,98001903,97.97712517886451,94027532347700,,,,,
0x2aed7b4cac67e75c0c59c9a655cd0f22a65495c80f08f7325274ede2b419e2af,1758890567,2025-09-26,2025-09-26 12:42,23447260,MarketWithdraw,0x777791C4d6DC2CE140D00D2828a7C93503c67777,0x0f9563442d64ab3bd3bcb27058db0b0d4046a4c46f0acd811dacae9551d2b129,269947533459,269879.2826241156,259000000300469619,,,,,
0x45e80248791a4d1e415ebd8d0d34931b5cacb49b294ef985e5268e4979ddfd8e,1758890591,2025-09-26,2025-09-26 12:43,23447262,MarketSupply,0x777791C4d6DC2CE140D00D2828a7C93503c67777,0x0f9563442d64ab3bd3bcb27058db0b0d4046a4c46f0acd811dacae9551d2b129,470000000000,469881.16990000004,450939376030134046,,,,,
0x0d1a9bf574cc2dacd3e2b8bf179a5babc8bc0c9cd5c75da5329fe3d75c29eca0,1758890939,2025-09-26,2025-09-26 12:48,23447291,MarketWithdraw,0x0F359FD18BDa75e9c49bC027E7da59a4b01BF32a,0x0f9563442d64ab3bd3bcb27058db0b0d4046a4c46f0acd811dacae9551d2b129,99999297023,99974.01420073368,95943816880214579,,,,,
0x9598870ddd2c492bcdcd4e58613be707d3783dca4fbbf1e35a2c0d1a1446f418,1758892847,2025-09-26,2025-09-26 13:20,23447449,MarketWithdraw,0x777791C4d6DC2CE140D00D2828a7C93503c67777,0x0f9563442d64ab3bd3bcb27058db0b0d4046a4c46f0acd811dacae9551d2b129,256334560,256.25842863568,245938014678308,,,,,
0xf3131142d5a374f27ebfb365d787cc103aaea7af95abb71faf8ccc93ff8b9b08,1758895475,2025-09-26,2025-09-26 14:04,23447668,MarketWithdraw,0xc582F04d8a82795aa2Ff9c8bb4c1c889fe7b754e,0x0f9563442d64ab3bd3bcb27058db0b0d4046a4c46f0acd811dacae9551d2b129,26710161803,26703.408672791345,25626712135043455,,,,,
0x7dd37e3ebeb6ec178a4dfcf8405c33c7c332eab5921344eabd7b94440341b437,1758897623,2025-09-26,2025-09-26 14:40,23447846,MarketSupply,0x777791C4d6DC2CE140D00D2828a7C93503c67777,0x0f9563442d64ab3bd3bcb27058db0b0d4046a4c46f0acd811dacae9551d2b129,81226325601,81205.7891490983,77931205688980201,,,,,
0xb4b00e3180297c83975037447c75b72e7f389cce09b3c7669c4f61fbde10d8a6,1758901907,2025-09-26,2025-09-26 15:51,23448201,MarketWithdraw,0x777791C4d6DC2CE140D00D2828a7C93503c67777,0x0f9563442d64ab3bd3bcb27058db0b0d4046a4c46f0acd811dacae9551d2b129,439999978444,439839.81845184637,422147237735831427,,,,,
0x55610407791082d8b5af49907ee96d5cbb334e105b2e2461bf2fdb336fe41083,1758901931,2025-09-26,2025-09-26 15:52,23448203,MarketSupply,0x777791C4d6DC2CE140D00D2828a7C93503c67777,0x0f9563442d64ab3bd3bcb27058db0b0d4046a4c46f0acd811dacae9551d2b129,429999972084,429843.4520941614,412552871989127919,,,,,
0x0462221346ed4beb026c963929a82bb9358861d3854645b5f1940c06d4cde853,1758907547,2025-09-26,2025-09-26 17:25,23448665,MarketWithdraw,0xc582F04d8a82795aa2Ff9c8bb4c1c889fe7b754e,0x0f9563442d64ab3bd3bcb27058db0b0d4046a4c46f0acd811dacae9551d2b129,73651393381,73636.73675371718,70662305861282678,,,,,
0x41b4db2917c162b0bd0f49666033ecb1fcd4331a672d484cbb206f99824203a0,1758907979,2025-09-26,2025-09-26 17:32,23448700,MarketWithdraw,0x777791C4d6DC2CE140D00D2828a7C93503c67777,0x0f9563442d64ab3bd3bcb27058db0b0d4046a4c46f0acd811dacae9551d2b129,356348578703,356277.6653358381,341886151868526095,,,,,
0xe61c122ff3083eb4c1a189aa740819a92137fa0ae885b268d140fad7e4a30963,1758908003,2025-09-26,2025-09-26 17:33,23448702,MarketSupply,0x777791C4d6DC2CE140D00D2828a7C93503c67777,0x0f9563442d64ab3bd3bcb27058db0b0d4046a4c46f0acd811dacae9551d2b129,269999953620,269946.22362922964,259041925455057770,,,,,
0x1d181c11b85d659c3a3440eda9ab32658424f79b16854e72df645c2ea6dd5d48,1758923747,2025-09-26,2025-09-26 21:55,23450006,MarketSupply,0xc582F04d8a82795aa2Ff9c8bb4c1c889fe7b754e,0x0f9563442d64ab3bd3bcb27058db0b0d4046a4c46f0acd811dacae9551d2b129,45382734422,45371.26030525609,43539434414977838,,,,,
0xff552f7bdf11c36a40ba194431689a283e0fc6e76b4d25673cb99e81dfbc75a9,1758925559,2025-09-26,2025-09-26 22:25,23450156,MarketWithdraw,0xc582F04d8a82795aa2Ff9c8bb4c1c889fe7b754e,0x0f9563442d64ab3bd3bcb27058db0b0d4046a4c46f0acd811dacae9551d2b129,59559086314,59536.692097545936,57139782919041112,,,,,
0x36e7d93ef581e6588c648b4e74265997fb4e149c9dc845fe4ad53ea03ddc56a0,1758927347,2025-09-26,2025-09-26 22:55,23450304,MarketSupply,0xc582F04d8a82795aa2Ff9c8bb4c1c889fe7b754e,0x0f9563442d64ab3bd3bcb27058db0b0d4046a4c46f0acd811dacae9551d2b129,14261620105,14256.25773584052,13682258242615979,,,,,
0x9fe4259c4ce9d9e9d4a14af2c9f69167f3127d6b4973fcce59b8d205ee24222d,1758929159,2025-09-26,2025-09-26 23:25,23450455,MarketWithdraw,0xc582F04d8a82795aa2Ff9c8bb4c1c889fe7b754e,0x0f9563442d64ab3bd3bcb27058db0b0d4046a4c46f0acd811dacae9551d2b129,52327826649,52314.59660458834,50201879805478972,,,,,
0x6cdd18baf65c68589d49c77b4d53b7d314c7a0a307949022c479114a73a78966,1758930335,2025-09-26,2025-09-26 23:45,23450553,MarketWithdraw,0x777791C4d6DC2CE140D00D2828a7C93503c67777,0x0f9563442d64ab3bd3bcb27058db0b0d4046a4c46f0acd811dacae9551d2b129,27757407175,27750.389269743944,26629625308897684,,,,,
0x0979a484ca37b802f339906dc9195df192c7574a60f8b110053a75129c467b31,1758930827,2025-09-26,2025-09-26 23:53,23450594,MarketSupply,0xd63070114470f685b75B74D60EEc7c1113d33a3D,0x0f9563442d64ab3bd3bcb27058db0b0d4046a4c46f0acd811dacae9551d2b129,26851195037,26844.406249358795,25760203814670454,,,,,
0x577e29d9530df0462aef819d6c95bcf612cf6440067a2107fc1ef425fed8eb1e,1758930959,2025-09-26,2025-09-26 23:55,23450605,MarketSupply,0xc582F04d8a82795aa2Ff9c8bb4c1c889fe7b754e,0x0f9563442d64ab3bd3bcb27058db0b0d4046a4c46f0acd811dacae9551d2b129,17409718847,17405.317147783913,16702339504870441,,,,,
0x6264e836c2182d2c0d38b1513c95708b9d7de291f22febd5a4ea0fe12f79c528,1758931019,2025-09-26,2025-09-26 23:56,23450610,MarketSupply,0x777791C4d6DC2CE140D00D2828a7C93503c67777,0x0f9563442d64ab3bd3bcb27058db0b0d4046a4c46f0acd811dacae9551d2b129,15739075981,15735.096670419724,15099575057811321,,,,,
0x776b1c9d5b00bc908421f1854c09d4509ebed4f269825d871abd02c39d5c8bb5,1758931355,2025-09-27,2025-09-27 00:02,23450638,MarketWithdraw,0x777791C4d6DC2CE140D00D2828a7C93503c67777,0x0f9563442d64ab3bd3bcb27058db0b0d4046a4c46f0acd811dacae9551d2b129,163533095,163.473732486515,156888402032560,,,,,
0x7c21b84a71e157bc778a62559fb57e4ad74aa8ce0faae3c08b235a0c54127d16,1758933455,2025-09-27,2025-09-27 00:37,23450813,MarketSupply,0x777791C4d6DC2CE140D00D2828a7C93503c67777,0x0f9563442d64ab3bd3bcb27058db0b0d4046a4c46f0acd811dacae9551d2b129,30163532665,30152.583302642604,28937795923749299,,,,,
0x1969aba9846d624774bff03a656b8c2c455477a31e554e8dfcb6d21f645e0648,1758933467,2025-09-27,2025-09-27 00:37,23450814,MarketWithdraw,0x777791C4d6DC2CE140D00D2828a7C93503c67777,0x0f9563442d64ab3bd3bcb27058db0b0d4046a4c46f0acd811dacae9551d2b129,134157464,134.108764840568,128705787286114,,,,,
0x3b7744774f71c2c4cc4c5e70db030a726aba82b32f51d437f844f72fc3300d95,1758934655,2025-09-27,2025-09-27 00:57,23450911,MarketWithdraw,0x777791C4d6DC2CE140D00D2828a7C93503c67777,0x0f9563442d64ab3bd3bcb27058db0b0d4046a4c46f0acd811dacae9551d2b129,4910467629,4908.685129250673,4710912367908356,,,,,
0xca53fa04fb62ed995e37f7c0c958813feaff054cad765fc26e5cf6a86cc261fc,1758934847,2025-09-27,2025-09-27 01:00,23450926,MarketWithdraw,0xd63070114470f685b75B74D60EEc7c1113d33a3D,0x0f9563442d64ab3bd3bcb27058db0b0d4046a4c46f0acd811dacae9551d2b129,26851422255,26844.633409911272,25760203814670454,,,,,
0x9435d1af7ddfa03709bd13f1a805c7e0cb37333bf9f9d5ab9e0a906ece3c6d21,1758941759,2025-09-27,2025-09-27 02:55,23451500,MarketSupply,0xc582F04d8a82795aa2Ff9c8bb4c1c889fe7b754e,0x0f9563442d64ab3bd3bcb27058db0b0d4046a4c46f0acd811dacae9551d2b129,47935079730,47916.00156826746,45986363751055310,,,,,
0x270119ff27464d4fa8dc6ec8ef74e87c5d7f2dfb4ac0c23dcd19773ba12532e9,1758943955,2025-09-27,2025-09-27 03:32,23451682,MarketSupply,0x777791C4d6DC2CE140D00D2828a7C93503c67777,0x0f9563442d64ab3bd3bcb27058db0b0d4046a4c46f0acd811dacae9551d2b129,23960978823,23954.920768724183,22986785425797687,,,,,
0x2efcff96e13f5281dbedb37cd48fc2b0199110743d8b20ed0ba985013bd15a3c,1758950555,2025-09-27,2025-09-27 05:22,23452230,MarketWithdraw,0x777791C4d6DC2CE140D00D2828a7C93503c67777,0x0f9563442d64ab3bd3bcb27058db0b0d4046a4c46f0acd811dacae9551d2b129,319999988649,319919.0830518699,306985591296755170,,,,,
0x55da0ffa31f3606ad7a2476f2c5ffd21ccb712c2cd55c76c3184bd175b1c48fd,1758950747,2025-09-27,2025-09-27 05:25,23452246,MarketSupply,0xc582F04d8a82795aa2Ff9c8bb4c1c889fe7b754e,0x0f9563442d64ab3bd3bcb27058db0b0d4046a4c46f0acd811dacae9551d2b129,289487004949,289413.8139495388,277713014855726196,,,,,
0x456dd7e4df399a885819e35ef6022403aa460c5e25c76dcf0af764107b785a97,1758956147,2025-09-27,2025-09-27 06:55,23452692,MarketSupply,0xc582F04d8a82795aa2Ff9c8bb4c1c889fe7b754e,0x0f9563442d64ab3bd3bcb27058db0b0d4046a4c46f0acd811dacae9551d2b129,67361669609,67334.6575794868,64621231729373221,,,,,
0xebff932c3742f9d94373ab6d2669df21ed3bc763c7d3219d9860d2889b22e43a,1758957767,2025-09-27,2025-09-27 07:22,23452827,MarketSupply,0x777791C4d6DC2CE140D00D2828a7C93503c67777,0x0f9563442d64ab3bd3bcb27058db0b0d4046a4c46f0acd811dacae9551d2b129,238420743382,238360.4634654507,228720498482921070,,,,,
0xd026d1e28cc23431efbc8e52e3669cc519b3bc446a3e6e3a447a82a9c9ce15ac,1758957947,2025-09-27,2025-09-27 07:25,23452842,MarketWithdraw,0xc582F04d8a82795aa2Ff9c8bb4c1c889fe7b754e,0x0f9563442d64ab3bd3bcb27058db0b0d4046a4c46f0acd811dacae9551d2b129,271660996356,271592.3123062913,260608286458203931,,,,,
0x9abd61990bd7a1657d58ca5fbe63d994882dda56671e52afb0abc79c51bee78c,1758958391,2025-09-27,2025-09-27 07:33,23452879,MarketSupply,0x777791C4d6DC2CE140D00D2828a7C93503c67777,0x0f9563442d64ab3bd3bcb27058db0b0d4046a4c46f0acd811dacae9551d2b129,6391559088,6389.943110115781,6131508870819490,,,,,
0x7959ef44d748d9773bad4a5541a9c56de2ad35198618d8fd84e793dadb4c49b7,1758958775,2025-09-27,2025-09-27 07:39,23452911,MarketWithdraw,0x777791C4d6DC2CE140D00D2828a7C93503c67777,0x0f9563442d64ab3bd3bcb27058db0b0d4046a4c46f0acd811dacae9551d2b129,22179967536,22174.359774807872,21277526172720062,,,,,
0x7959ef44d748d9773bad4a5541a9c56de2ad35198618d8fd84e793dadb4c49b7,1758958775,2025-09-27,2025-09-27 07:39,23452911,MarketWithdraw,0x777791C4d6DC2CE140D00D2828a7C93503c67777,0x0f9563442d64ab3bd3bcb27058db0b0d4046a4c46f0acd811dacae9551d2b129,56851333,56.83695927747761,54538209936428,,,,,
0xeb192db1decd2a980e3395b659ec8c44bad39bc002b71d1a6611e27e38a450d2,1758958943,2025-09-27,2025-09-27 07:42,23452925,MarketWithdraw,0x777791C4d6DC2CE140D00D2828a7C93503c67777,0x0f9563442d64ab3bd3bcb27058db0b0d4046a4c46f0acd811dacae9551d2b129,14769601,14.76586680177917,14168662148546,,,,,
0x261345ae05fb2cf455cdb5a51c1f9c8ee54b332a3d81e87b2d2ea2d524df0024,1758959027,2025-09-27,2025-09-27 07:43,23452932,MarketSupply,0x777791C4d6DC2CE140D00D2828a7C93503c67777,0x0f9563442d64ab3bd3bcb27058db0b0d4046a4c46f0acd811dacae9551d2b129,32251570045,32243.415880545523,30939327550596034,,,,,
0x161c6f60990160e8455d434803af1e17a1a0235c1462d048df905a5ebe6d5ba7,1758959615,2025-09-27,2025-09-27 07:53,23452980,MarketSupply,0x777791C4d6DC2CE140D00D2828a7C93503c67777,0x0f9563442d64ab3bd3bcb27058db0b0d4046a4c46f0acd811dacae9551d2b129,20000017981,19994.961376453866,19186241272431555,,,,,
0x985207fddde2ec40bbe4280263b217fbfd31428a5583b6f93b6964d8433bb548,1758963347,2025-09-27,2025-09-27 08:55,23453290,MarketWithdraw,0xc582F04d8a82795aa2Ff9c8bb4c1c889fe7b754e,0x0f9563442d64ab3bd3bcb27058db0b0d4046a4c46f0acd811dacae9551d2b129,12702686810,12698.571139473559,12185743609729467,,,,,
0x121902f20d3e2c58618cff932cdeaa20cdb8ff1ff6b6b451e3d50266de93085c,1758965147,2025-09-27,2025-09-27 09:25,23453438,MarketWithdraw,0xc582F04d8a82795aa2Ff9c8bb4c1c889fe7b754e,0x0f9563442d64ab3bd3bcb27058db0b0d4046a4c46f0acd811dacae9551d2b129,50357914825,50342.8074505525,48308403634029152,,,,,
0xda4c70d92150f43d7b500997fc65142ad29c3d86820f61403915bf5755d8eae0,1758966227,2025-09-27,2025-09-27 09:43,23453528,MarketWithdraw,0x777791C4d6DC2CE140D00D2828a7C93503c67777,0x0f9563442d64ab3bd3bcb27058db0b0d4046a4c46f0acd811dacae9551d2b129,296939378593,296850.2967794221,284853655818221044,,,,,
0x9aeb77df938d830b1554c697abba8df579c45b580411d492008683f04343d54f,1758966371,2025-09-27,2025-09-27 09:46,23453540,MarketSupply,0x55555815a5595991C3A0Ff119B59AEF6C8B55555,0x0f9563442d64ab3bd3bcb27058db0b0d4046a4c46f0acd811dacae9551d2b129,67262961070,67242.78218167901,64525196241338794,,,,,
0xd68170e991a63904ebd23bdd70ed7f2e9468539696a4829f7509c9b08cc907c8,1758966983,2025-09-27,2025-09-27 09:56,23453591,MarketSupply,0x777791C4d6DC2CE140D00D2828a7C93503c67777,0x0f9563442d64ab3bd3bcb27058db0b0d4046a4c46f0acd811dacae9551d2b129,272737027197,272655.2060888409,261634924887681019,,,,,
0x746ac5c3dd092aae20d1f224d89f65deee9209f8b14e46093369489c622b5a55,1758967223,2025-09-27,2025-09-27 10:00,23453611,MarketWithdraw,0xca7c196f00e04A5e1c71B91476d0d58f82499734,0x0f9563442d64ab3bd3bcb27058db0b0d4046a4c46f0acd811dacae9551d2b129,581449929,581.2754940213,557781022793630,,,,,
0xe4fd0e21ab90c28d04603eb782e9593bc8e5212168658270f699ae9fb0bf0ed8,1758968279,2025-09-27,2025-09-27 10:17,23453698,MarketWithdraw,0x777791C4d6DC2CE140D00D2828a7C93503c67777,0x0f9563442d64ab3bd3bcb27058db0b0d4046a4c46f0acd811dacae9551d2b129,339418538338,339316.71277649864,325601266277658794,,,,,
0x8a832166aae52e153c63bd9b81298bf15a8ac81d02a4918908f67804ad332daa,1758968327,2025-09-27,2025-09-27 10:18,23453702,MarketSupply,0x777791C4d6DC2CE140D00D2828a7C93503c67777,0x0f9563442d64ab3bd3bcb27058db0b0d4046a4c46f0acd811dacae9551d2b129,359999979334,359891.9793401998,345344692069731025,,,,,
0x5f74b142c1b31a27f24ad55cb6a63673a7313dc272bfbe3e1714e09c10248114,1758969227,2025-09-27,2025-09-27 10:33,23453773,MarketSupply,0x777791C4d6DC2CE140D00D2828a7C93503c67777,0x0f9563442d64ab3bd3bcb27058db0b0d4046a4c46f0acd811dacae9551d2b129,9999990486,9996.9904888542,9592883189427887,,,,,
0xdaccc45324d3051761134b727a6e0e204103e5fe86036d2b644a17e135905833,1758969623,2025-09-27,2025-09-27 10:40,23453805,MarketWithdraw,0x777791C4d6DC2CE140D00D2828a7C93503c67777,0x0f9563442d64ab3bd3bcb27058db0b0d4046a4c46f0acd811dacae9551d2b129,98002183,97.9727823451,94012369023804,,,,,
0x98bfa2dbc903e32873fa6288d5b8b4c1d86a716b2cf5db584d33fa7b1dc0c488,1758970691,2025-09-27,2025-09-27 10:58,23453893,MarketWithdraw,0x777791C4d6DC2CE140D00D2828a7C93503c67777,0x0f9563442d64ab3bd3bcb27058db0b0d4046a4c46f0acd811dacae9551d2b129,176613276,176.56029201720003,169422748786808,,,,,
0xed6bc2a111139bfaba569ef568a960e3dd05011873b48d55534c105ee7f87125,1758970703,2025-09-27,2025-09-27 10:58,23453894,MarketWithdraw,0x777791C4d6DC2CE140D00D2828a7C93503c67777,0x0f9563442d64ab3bd3bcb27058db0b0d4046a4c46f0acd811dacae9551d2b129,100000000,99.97,95928657693250,,,,,
0x09aacac67ac6075137ee830b0353b5155419597bf35d86cfa56a1494b8cca048,1758982547,2025-09-27,2025-09-27 14:15,23454872,MarketSupply,0x777791C4d6DC2CE140D00D2828a7C93503c67777,0x0f9563442d64ab3bd3bcb27058db0b0d4046a4c46f0acd811dacae9551d2b129,20374635481,20368.523090355702,19544680727237801,,,,,
0x97a0a662849168abbd539afc98fd1cbade7feb1893b54be79e97848464bc5dc6,1758984143,2025-09-27,2025-09-27 14:42,23455004,MarketWithdraw,0x777791C4d6DC2CE140D00D2828a7C93503c67777,0x0f9563442d64ab3bd3bcb27058db0b0d4046a4c46f0acd811dacae9551d2b129,35071262158,35060.7407793526,33642546167984040,,,,,
0x03323a5d0546ece41009d891130ddb8eb184d96af5bd9549a10c761336c1aa1a,1758984719,2025-09-27,2025-09-27 14:51,23455052,MarketWithdraw,0x777791C4d6DC2CE140D00D2828a7C93503c67777,0x0f9563442d64ab3bd3bcb27058db0b0d4046a4c46f0acd811dacae9551d2b129,82370231,82.34551993070001,79014586314908,,,,,
0x24206bf12adf889d9d6aa4e4e36dd6309d1bc222e717baf4369ea0723537243e,1758985979,2025-09-27,2025-09-27 15:12,23455157,MarketWithdraw,0x777791C4d6DC2CE140D00D2828a7C93503c67777,0x0f9563442d64ab3bd3bcb27058db0b0d4046a4c46f0acd811dacae9551d2b129,5489456609,5487.864666583389,5265811458740921,,,,,
0xb7fb63d4c10b0afd2626880a60e3ce814ca7b4ff3a97679d71340b7c6581ffea,1758986771,2025-09-27,2025-09-27 15:26,23455223,MarketWithdraw,0xc582F04d8a82795aa2Ff9c8bb4c1c889fe7b754e,0x0f9563442d64ab3bd3bcb27058db0b0d4046a4c46f0acd811dacae9551d2b129,27818512029,27810.44466051159,26685121788771834,,,,,
0x7cdbc0e6e148d93b7a5a6e3b9d4440e0979002fc3b04f5fefa415c93b73fdc3d,1758987287,2025-09-27,2025-09-27 15:34,23455265,MarketWithdraw,0x777791C4d6DC2CE140D00D2828a7C93503c67777,0x0f9563442d64ab3bd3bcb27058db0b0d4046a4c46f0acd811dacae9551d2b129,1534020248,1533.57538212808,1471519242322706,,,,,
0x2fe8b1df53e4a7871d26666c861c50f2b3556602feb25528f6a84d52f9fe100b,1758987887,2025-09-27,2025-09-27 15:44,23455315,MarketWithdraw,0x777791C4d6DC2CE140D00D2828a7C93503c67777,0x0f9563442d64ab3bd3bcb27058db0b0d4046a4c46f0acd811dacae9551d2b129,320004368567,319911.5673001156,306965981713996196,,,,,
0xef301fb4415ebc449bccc7950cfb44efb7791491c9d2b2d81ca2134866584ae0,1758988499,2025-09-27,2025-09-27 15:54,23455366,MarketSupply,0x777791C4d6DC2CE140D00D2828a7C93503c67777,0x0f9563442d64ab3bd3bcb27058db0b0d4046a4c46f0acd811dacae9551d2b129,324235305020,324141.2767815442,311022557369669775,,,,,
0xfd60fd04a7011834a2bf3d6bd1a35cb134129af8e8af4bfe711b10ba5ddd9925,1758991163,2025-09-27,2025-09-27 16:39,23455587,MarketWithdraw,0x777791C4d6DC2CE140D00D2828a7C93503c67777,0x0f9563442d64ab3bd3bcb27058db0b0d4046a4c46f0acd811dacae9551d2b129,112796826650,112762.987602005,108199736852983391,,,,,
0x762cbfb1c984ac8366a07d1ca287165212f2f01fa8e64b96beebb8fecf720739,1758991199,2025-09-27,2025-09-27 16:39,23455590,MarketWithdraw,0x777791C4d6DC2CE140D00D2828a7C93503c67777,0x0f9563442d64ab3bd3bcb27058db0b0d4046a4c46f0acd811dacae9551d2b129,1836334065,1835.7831647805,1761493233345457,,,,,
0xe47dcbaf1e7ff584c29c81b0b1ebc499a5c3d2df3590368d4976813fdec7d5d3,1758991583,2025-09-27,2025-09-27 16:46,23455622,MarketWithdraw,0x777791C4d6DC2CE140D00D2828a7C93503c67777,0x0f9563442d64ab3bd3bcb27058db0b0d4046a4c46f0acd811dacae9551d2b129,789292,0.7890552124,757123318661,,,,,
0x6fdd639160f5bf84f1066fb4bd6733c5d538f92dc5efeeab6525dd84189841e8,1758991991,2025-09-27,2025-09-27 16:53,23455655,MarketSupply,0xd63070114470f685b75B74D60EEc7c1113d33a3D,0x0f9563442d64ab3bd3bcb27058db0b0d4046a4c46f0acd811dacae9551d2b129,9372355513,9369.5438063461,8990364192627178,,,,,
0xf0c0ebec0a8245d7a448593f055d546f5075fcc54710d100e62519dd39149bb6,1758993143,2025-09-27,2025-09-27 17:12,23455751,MarketSupply,0x777791C4d6DC2CE140D00D2828a7C93503c67777,0x0f9563442d64ab3bd3bcb27058db0b0d4046a4c46f0acd811dacae9551d2b129,121026272721,120990.44894427458,116093284626270316,,,,,
0x35546082d6da23850b0c232dc0130ecd159749e177b04b17fb9576c41b66ea0d,1758995471,2025-09-27,2025-09-27 17:51,23455944,MarketWithdraw,0xd63070114470f685b75B74D60EEc7c1113d33a3D,0x0f9563442d64ab3bd3bcb27058db0b0d4046a4c46f0acd811dacae9551d2b129,9372421043,9369.646806371273,8990364192627178,,,,,
0x98d85aaced17070fec092b676be8f19ae875b250ac82d8e3c714738dab8a439c,1758999299,2025-09-27,2025-09-27 18:54,23456262,MarketSupply,0x777791C4d6DC2CE140D00D2828a7C93503c67777,0x0f9563442d64ab3bd3bcb27058db0b0d4046a4c46f0acd811dacae9551d2b129,59372417240,59354.60551482801,56951740014152330,,,,,
0xd2fcf5826b448932e3b1a7eafab2fc19920d134623a23a2c5d049589e72a60f6,1758999359,2025-09-27,2025-09-27 18:55,23456267,MarketWithdraw,0x55555815a5595991C3A0Ff119B59AEF6C8B55555,0x0f9563442d64ab3bd3bcb27058db0b0d4046a4c46f0acd811dacae9551d2b129,67267783106,67247.60277106821,64525196241338794,,,,,
0x8c30bf7b439b7ee2fb4abb621849b4c4987efc3c4b88b62e25324e8a2a856b55,1758999647,2025-09-27,2025-09-27 19:00,23456291,MarketWithdraw,0x777791C4d6DC2CE140D00D2828a7C93503c67777,0x0f9563442d64ab3bd3bcb27058db0b0d4046a4c46f0acd811dacae9551d2b129,5268243448,5266.252051976656,5053448101064488,,,,,
0x6ea9885c60d47f7125c45d924dee7fe986ca9cde77b79b3f5140441c0b1ad860,1759020587,2025-09-28,2025-09-28 00:49,23458027,MarketWithdraw,0x777791C4d6DC2CE140D00D2828a7C93503c67777,0x0f9563442d64ab3bd3bcb27058db0b0d4046a4c46f0acd811dacae9551d2b129,317463952890,317326.4909983986,304507880586267124,,,,,
0x6d8bf104652d5afdff3202d1fa0168f73a4a8d702e96553cf43086b99284be57,1759020659,2025-09-28,2025-09-28 00:50,23458033,MarketSupply,0xd63070114470f685b75B74D60EEc7c1113d33a3D,0x0f9563442d64ab3bd3bcb27058db0b0d4046a4c46f0acd811dacae9551d2b129,290517941854,290392.1475851772,278661360330633754,,,,,
0x5a241d5126099a38d1dcbd56ae5dfb15305b467e4a218112c7aa2078aa863679,1759024775,2025-09-28,2025-09-28 01:59,23458374,MarketWithdraw,0xd63070114470f685b75B74D60EEc7c1113d33a3D,0x0f9563442d64ab3bd3bcb27058db0b0d4046a4c46f0acd811dacae9551d2b129,26177649191,26169.7958962427,25109082092878793,,,,,
0xfd1b31fe6c5b003b1c44fa306a97538482acc756e6059ebbe528e0bc7374bab1,1759026911,2025-09-28,2025-09-28 02:35,23458552,MarketWithdraw,0x777791C4d6DC2CE140D00D2828a7C93503c67777,0x0f9563442d64ab3bd3bcb27058db0b0d4046a4c46f0acd811dacae9551d2b129,177915343349,177844.35512700374,170652115867328814,,,,,
0x3344f131cb6678f6e7aad2bedd48406d232eba1f872ffff38c0ee921d95e4009,1759028135,2025-09-28,2025-09-28 02:55,23458653,MarketSupply,0xd63070114470f685b75B74D60EEc7c1113d33a3D,0x0f9563442d64ab3bd3bcb27058db0b0d4046a4c46f0acd811dacae9551d2b129,213952112800,213866.7459069928,205216331903411088,,,,,
0xd563734df9c43b9bfc0b8fb8dde3d11f5b1f5c81f327eb2c9f909d6ae0422bcb,1759031855,2025-09-28,2025-09-28 03:57,23458962,MarketSupply,0xd63070114470f685b75B74D60EEc7c1113d33a3D,0x0f9563442d64ab3bd3bcb27058db0b0d4046a4c46f0acd811dacae9551d2b129,11142573135,11139.230363059502,10687536527117522,,,,,
0x517df66c5a6d15b353b25cffdca3a338b957e7ebdcc43a9d53bac67b6e423e80,1759035551,2025-09-28,2025-09-28 04:59,23459269,MarketWithdraw,0xd63070114470f685b75B74D60EEc7c1113d33a3D,0x0f9563442d64ab3bd3bcb27058db0b0d4046a4c46f0acd811dacae9551d2b129,2338119250,2337.3383181705003,2242619592981224,,,,,
0x94b388add2a5f666ff9cc0fea395a6e578880cf0f392e59cd6b9a94a9116b975,1759035599,2025-09-28,2025-09-28 04:59,23459273,MarketSupply,0x777791C4d6DC2CE140D00D2828a7C93503c67777,0x0f9563442d64ab3bd3bcb27058db0b0d4046a4c46f0acd811dacae9551d2b129,321940195996,321832.6679705374,308790632835242510,,,,,
0x269c6e34a020204b9d8877cd900a621e6c2d5b102cad633c2f6b85c216c10a3d,1759038887,2025-09-28,2025-09-28 05:54,23459546,MarketWithdraw,0xd63070114470f685b75B74D60EEc7c1113d33a3D,0x0f9563442d64ab3bd3bcb27058db0b0d4046a4c46f0acd811dacae9551d2b129,300910918148,300820.6448725556,288618894365359135,,,,,
0x04acaac2a37a9c7545213086e1920ea0576179b0f001a8ee0a09d67735c6ada8,1759038947,2025-09-28,2025-09-28 05:55,23459551,MarketSupply,0xc582F04d8a82795aa2Ff9c8bb4c1c889fe7b754e,0x0f9563442d64ab3bd3bcb27058db0b0d4046a4c46f0acd811dacae9551d2b129,126783143175,126745.10823204751,121604116563885085,,,,,
0xaede1083746d7e43c457afd0a3600a5a64eea2f10adc41c7fcd3ee10273f301c,1759046135,2025-09-28,2025-09-28 07:55,23460147,MarketWithdraw,0xc582F04d8a82795aa2Ff9c8bb4c1c889fe7b754e,0x0f9563442d64ab3bd3bcb27058db0b0d4046a4c46f0acd811dacae9551d2b129,6378237175,6376.323703847501,6117614249042497,,,,,
0x61e7a947d5b96e5ceae255ae46ea530f92255af3164a3084ca91609d56b8ac28,1759046135,2025-09-28,2025-09-28 07:55,23460147,MarketWithdraw,0xd63070114470f685b75B74D60EEc7c1113d33a3D,0x0f9563442d64ab3bd3bcb27058db0b0d4046a4c46f0acd811dacae9551d2b129,140767999344,140725.7689441968,135016038909851179,,,,,
0xe209681ff1efec725b50c1995614439d1f6d49cd8704b5c73e78aec5ca5d3054,1759046963,2025-09-28,2025-09-28 08:09,23460216,MarketSupply,0x777791C4d6DC2CE140D00D2828a7C93503c67777,0x0f9563442d64ab3bd3bcb27058db0b0d4046a4c46f0acd811dacae9551d2b129,190152284292,190095.99921584956,182382121653300092,,,,,
0xa9f68bc19de9f4b6ad3b15e5e7e030081f6df93c2755989c9914ddce5f1651f0,1759049783,2025-09-28,2025-09-28 08:56,23460446,MarketWithdraw,0xd63070114470f685b75B74D60EEc7c1113d33a3D,0x0f9563442d64ab3bd3bcb27058db0b0d4046a4c46f0acd811dacae9551d2b129,45435415815,45421.96693191876,43578593800092033,,,,,
0x2f0ed7e0557b0e2ebc2ea18acd88ae4f005b56826e0427787b151d5008b3461b,1759051115,2025-09-28,2025-09-28 09:18,23460555,MarketWithdraw,0x777791C4d6DC2CE140D00D2828a7C93503c67777,0x0f9563442d64ab3bd3bcb27058db0b0d4046a4c46f0acd811dacae9551d2b129,1672736069,1672.4816625712658,1604372234703858,,,,,
0xc2374f926b5ac891e3b1728b5112abcd7e7b7805a4ceb168356802b96810bda3,1759051571,2025-09-28,2025-09-28 09:26,23460591,MarketWithdraw,0x777791C4d6DC2CE140D00D2828a7C93503c67777,0x0f9563442d64ab3bd3bcb27058db0b0d4046a4c46f0acd811dacae9551d2b129,4337960,4.3373002396636,4160666630436,,,,,
0xe5a042a6a753ac27ebff90fb50033aabac28c21e3213c2f55fd472a27a50e7a6,1759054403,2025-09-28,2025-09-28 10:13,23460825,MarketWithdraw,0x777791C4d6DC2CE140D00D2828a7C93503c67777,0x0f9563442d64ab3bd3bcb27058db0b0d4046a4c46f0acd811dacae9551d2b129,18275752,18.269519968568,17528733051256,,,,,
0x7650984b08077375ffaaad6662d830c0d978a543935fe16814e69028a166e842,1759055891,2025-09-28,2025-09-28 10:38,23460948,MarketSupply,0x777791C4d6DC2CE140D00D2828a7C93503c67777,0x0f9563442d64ab3bd3bcb27058db0b0d4046a4c46f0acd811dacae9551d2b129,17130770322,17124.928729320196,16430510514154304,,,,,
0xa3d39deb4733c734b04516cec79636805eed17d84660594fd73ffb5115612e36,1759060547,2025-09-28,2025-09-28 11:55,23461333,MarketWithdraw,0xc582F04d8a82795aa2Ff9c8bb4c1c889fe7b754e,0x0f9563442d64ab3bd3bcb27058db0b0d4046a4c46f0acd811dacae9551d2b129,24809450048,24805.676778742196,23795119996403809,,,,,
0x411dbf54887c5e12e98812f3e2c56c6c801e6d6e64cf1fe64a100c9206ae9e4b,1759065995,2025-09-28,2025-09-28 13:26,23461785,MarketWithdraw,0x777791C4d6DC2CE140D00D2828a7C93503c67777,0x0f9563442d64ab3bd3bcb27058db0b0d4046a4c46f0acd811dacae9551d2b129,445190539473,445014.68920990813,426985001306160150,,,,,
0xeca50a68f16fdeefc3fce081acbcc7c352096ab8e774d04153d9a6d2f0f6acb9,1759066019,2025-09-28,2025-09-28 13:26,23461787,MarketSupply,0x777791C4d6DC2CE140D00D2828a7C93503c67777,0x0f9563442d64ab3bd3bcb27058db0b0d4046a4c46f0acd811dacae9551d2b129,469999979769,469814.3297769913,450779778287507652,,,,,
0x6205d201db8d38d91e1b8c3345fdde8ae67354ec0b4faa62524c56353cd7e22b,1759067867,2025-09-28,2025-09-28 13:57,23461941,MarketWithdraw,0xc582F04d8a82795aa2Ff9c8bb4c1c889fe7b754e,0x0f9563442d64ab3bd3bcb27058db0b0d4046a4c46f0acd811dacae9551d2b129,37915498047,37900.521425271436,36364867004424389,,,,,
0x6229e636b66df816c7ef09976d991a1a48c4a17877646e6b17a8178593a9c9aa,1759070063,2025-09-28,2025-09-28 14:34,23462122,MarketSupply,0x777791C4d6DC2CE140D00D2828a7C93503c67777,0x0f9563442d64ab3bd3bcb27058db0b0d4046a4c46f0acd811dacae9551d2b129,17915495240,17912.770472328946,17182739203333503,,,,,
0xd68d7104287fc359ddacede1caa61316c4e9c0977c0b2f8ba317e79e43656b3f,1759076915,2025-09-28,2025-09-28 16:28,23462686,MarketWithdraw,0xc582F04d8a82795aa2Ff9c8bb4c1c889fe7b754e,0x0f9563442d64ab3bd3bcb27058db0b0d4046a4c46f0acd811dacae9551d2b129,80140161121,80127.9726038951,76861474162664885,,,,,
0xdbeac2aac6bdb1332febcae967b7e41e630331d10a0b3c5e644d0363205b0671,1759086911,2025-09-28,2025-09-28 19:15,23463514,MarketSupply,0x777791C4d6DC2CE140D00D2828a7C93503c67777,0x0f9563442d64ab3bd3bcb27058db0b0d4046a4c46f0acd811dacae9551d2b129,10140159014,10136.184071666514,9725126991078679,,,,,
0xc44a0202498b5905fcf63af4dd559e72f0541b31f8b7cc6d4a0580c791d1ff2b,1759087559,2025-09-28,2025-09-28 19:25,23463568,MarketWithdraw,0xc582F04d8a82795aa2Ff9c8bb4c1c889fe7b754e,0x0f9563442d64ab3bd3bcb27058db0b0d4046a4c46f0acd811dacae9551d2b129,111244354478,111200.74669104462,106691048685860433,,,,,
0x2b2b456961083665079b894f5e597538521838d3118c3b1536842c817de486b4,1759089335,2025-09-28,2025-09-28 19:55,23463715,MarketSupply,0xd63070114470f685b75B74D60EEc7c1113d33a3D,0x0f9563442d64ab3bd3bcb27058db0b0d4046a4c46f0acd811dacae9551d2b129,21471841228,21463.424266238628,20592910087303573,,,,,
0xe8d8f32f82f74e911926b6373e24df3eba4a9b73d2eaa40b81b5b4df9beb8965,1759091147,2025-09-28,2025-09-28 20:25,23463864,MarketWithdraw,0xc582F04d8a82795aa2Ff9c8bb4c1c889fe7b754e,0x0f9563442d64ab3bd3bcb27058db0b0d4046a4c46f0acd811dacae9551d2b129,102041512689,102025.99319533512,97864179688017919,,,,,
0x5c28332ab0f11216eef3b77c4139185fb2e1079efaa9d4a6fdbeeb9b034843e9,1759093259,2025-09-28,2025-09-28 21:00,23464040,MarketSupply,0xd63070114470f685b75B74D60EEc7c1113d33a3D,0x0f9563442d64ab3bd3bcb27058db0b0d4046a4c46f0acd811dacae9551d2b129,121020664102,120981.57442749506,116065828000344320,,,,,
0x46ce02cb858a589b61563379c3a2423b2c3c75618363e1c1ffc12c4ff1c6481b,1759094747,2025-09-28,2025-09-28 21:25,23464163,MarketWithdraw,0xc582F04d8a82795aa2Ff9c8bb4c1c889fe7b754e,0x0f9563442d64ab3bd3bcb27058db0b0d4046a4c46f0acd811dacae9551d2b129,12410489174,12406.480585996798,11902343577493154,,,,,
0x900aae64e3e45255f88c2a0bb723aed25f6b5b2f744b9fc35b992e5ddef3fa08,1759096079,2025-09-28,2025-09-28 21:47,23464274,MarketSupply,0xd63070114470f685b75B74D60EEc7c1113d33a3D,0x0f9563442d64ab3bd3bcb27058db0b0d4046a4c46f0acd811dacae9551d2b129,2783985760,2783.08653259952,2669988867182025,,,,,
0xb0bd75eb1cfefa42ae6b08fcb950aa4c2ca4c9822c49b469bc28f3438fd3e10f,1759100267,2025-09-28,2025-09-28 22:57,23464620,MarketSupply,0xd63070114470f685b75B74D60EEc7c1113d33a3D,0x0f9563442d64ab3bd3bcb27058db0b0d4046a4c46f0acd811dacae9551d2b129,2570665374,2570.2744015032686,2465383079211994,,,,,
0xf4e6ae9e72afa9055b06677e459249fe13590938b4f731009d61fd0b014e5989,1759103939,2025-09-28,2025-09-28 23:58,23464925,MarketWithdraw,0xd63070114470f685b75B74D60EEc7c1113d33a3D,0x0f9563442d64ab3bd3bcb27058db0b0d4046a4c46f0acd811dacae9551d2b129,10821122389,10817.865231160911,10377865670170855,,,,,
0xc96daed62e3473025ec1ebf6b8c428ad13aeeafe07241b4b2b456406a2c7c4b7,1759105247,2025-09-29,2025-09-29 00:20,23465032,MarketWithdraw,0x777791C4d6DC2CE140D00D2828a7C93503c67777,0x0f9563442d64ab3bd3bcb27058db0b0d4046a4c46f0acd811dacae9551d2b129,291329652589,291285.3442621377,279395431795528868,,,,,
0x5ebe72e13836ff9a42d71e5e19d0801ddfe91d8593f017ac6550751d22b805a9,1759105547,2025-09-29,2025-09-29 00:25,23465057,MarketSupply,0xc582F04d8a82795aa2Ff9c8bb4c1c889fe7b754e,0x0f9563442d64ab3bd3bcb27058db0b0d4046a4c46f0acd811dacae9551d2b129,262416137418,262376.22654766013,251665581306473900,,,,,
0x464f3cd500c77b3725cfab0119807a29d96d9ed2587945a5241c389a6e6e75c2,1759107275,2025-09-29,2025-09-29 00:54,23465200,MarketSupply,0x777791C4d6DC2CE140D00D2828a7C93503c67777,0x0f9563442d64ab3bd3bcb27058db0b0d4046a4c46f0acd811dacae9551d2b129,197583855496,197553.8049674176,189488652810771130,,,,,
0x4d5ad740e8102473d15f4a59f0df1b6dc2cc8419a1497759942cefaf5d6a5d5a,1759107335,2025-09-29,2025-09-29 00:55,23465205,MarketWithdraw,0xd63070114470f685b75B74D60EEc7c1113d33a3D,0x0f9563442d64ab3bd3bcb27058db0b0d4046a4c46f0acd811dacae9551d2b129,137030531777,137009.69080342204,131416244363871057,,,,,
0x85a28498b18871451372c61f60068f6e2181321c783fe3913b2fdae4c249bbe0,1759109147,2025-09-29,2025-09-29 01:25,23465356,MarketWithdraw,0xc582F04d8a82795aa2Ff9c8bb4c1c889fe7b754e,0x0f9563442d64ab3bd3bcb27058db0b0d4046a4c46f0acd811dacae9551d2b129,158283313783,158259.2404738067,151797749080487724,,,,,
0xf2ac2e012d92d132bde1a57d4fd3d50a07b9b6c9571626f29b6b6af3b6951008,1759110491,2025-09-29,2025-09-29 01:48,23465468,MarketSupply,0xd63070114470f685b75B74D60EEc7c1113d33a3D,0x0f9563442d64ab3bd3bcb27058db0b0d4046a4c46f0acd811dacae9551d2b129,124071970043,124053.09993707614,118987832212051281,,,,,
0x563d8b8933e4718728afedaafb853af2f6ef7891b1055448a685cd54d8f6e2b4,1759110947,2025-09-29,2025-09-29 01:55,23465506,MarketSupply,0xc582F04d8a82795aa2Ff9c8bb4c1c889fe7b754e,0x0f9563442d64ab3bd3bcb27058db0b0d4046a4c46f0acd811dacae9551d2b129,17377858693,17375.21569447138,16665745374504956,,,,,
0xeb888cf7622aa33b3ebfc5850148ce1f7148a4b02068fa1fe65a32d61a466be5,1759112747,2025-09-29,2025-09-29 02:25,23465655,MarketWithdraw,0xc582F04d8a82795aa2Ff9c8bb4c1c889fe7b754e,0x0f9563442d64ab3bd3bcb27058db0b0d4046a4c46f0acd811dacae9551d2b129,93203933892,93167.7707656499,89384290663568809,,,,,
0x31cb95a06e8c562a6d4bc879421cf17c693ee467974d932598f6c2fba66f9125,1759114559,2025-09-29,2025-09-29 02:55,23465805,MarketSupply,0xd63070114470f685b75B74D60EEc7c1113d33a3D,0x0f9563442d64ab3bd3bcb27058db0b0d4046a4c46f0acd811dacae9551d2b129,68914177555,68887.43885410865,66089709079985465,,,,,
0xfd7e5c8f3c920f541561c9a160b35f22d27ec3e1d26bce74c840938faee45c67,1759116347,2025-09-29,2025-09-29 03:25,23465954,MarketWithdraw,0xc582F04d8a82795aa2Ff9c8bb4c1c889fe7b754e,0x0f9563442d64ab3bd3bcb27058db0b0d4046a4c46f0acd811dacae9551d2b129,116544943782,116527.21846150019,111767914195055090,,,,,
0xf860b29ae6c44f3e5f5d75f71998bfe348866cf8b349e2c2458e104d63c4b9a9,1759117091,2025-09-29,2025-09-29 03:38,23466016,MarketSupply,0x777791C4d6DC2CE140D00D2828a7C93503c67777,0x0f9563442d64ab3bd3bcb27058db0b0d4046a4c46f0acd811dacae9551d2b129,54698697577,54690.37845208551,52456578888018624,,,,,
0x143319987d4b0506bc3d138bd47cfc0bdfab565594129cd0173e44bb3b7c93bc,1759118099,2025-09-29,2025-09-29 03:54,23466097,MarketSupply,0xd63070114470f685b75B74D60EEc7c1113d33a3D,0x0f9563442d64ab3bd3bcb27058db0b0d4046a4c46f0acd811dacae9551d2b129,57715505933,57706.72798170265,55349608183518317,,,,,
0x79f1f6c80937fd4df2e5b858a5a41e503419874df742faaeb98aaeaa3b6f09ec,1759118147,2025-09-29,2025-09-29 03:55,23466101,MarketWithdraw,0x777791C4d6DC2CE140D00D2828a7C93503c67777,0x0f9563442d64ab3bd3bcb27058db0b0d4046a4c46f0acd811dacae9551d2b129,27715505576,27711.290324756945,26579377613777437,,,,,
0x43c460f2d41f2a50c00e484aed7a4f355739dc1584853437aae858b24cda7f94,1759119995,2025-09-29,2025-09-29 04:26,23466254,MarketWithdraw,0xc582F04d8a82795aa2Ff9c8bb4c1c889fe7b754e,0x0f9563442d64ab3bd3bcb27058db0b0d4046a4c46f0acd811dacae9551d2b129,38440026181,38427.80225267444,36864132478028789,,,,,
0x4b766327899f4a02e09391c48d1c572ab2a15f5cab4b76e9bacedcc3a03f8c7a,1759120019,2025-09-29,2025-09-29 04:26,23466256,MarketWithdraw,0x777791C4d6DC2CE140D00D2828a7C93503c67777,0x0f9563442d64ab3bd3bcb27058db0b0d4046a4c46f0acd811dacae9551d2b129,211559947724,211492.67166062375,202886790459863510,,,,,
0xc9b411fdba308f8a0ca983430caab5dcba56339500610d7cd88066b407756ba1,1759120343,2025-09-29,2025-09-29 04:32,23466283,MarketSupply,0x55555815a5595991C3A0Ff119B59AEF6C8B55555,0x0f9563442d64ab3bd3bcb27058db0b0d4046a4c46f0acd811dacae9551d2b129,69189770931,69167.76858384395,66353033734079483,,,,,
0xe156340fc6010a1394cab5908e0e265c49cdfebdcf4e48595b0d754d10e3b60e,1759121759,2025-09-29,2025-09-29 04:55,23466400,MarketSupply,0xc582F04d8a82795aa2Ff9c8bb4c1c889fe7b754e,0x0f9563442d64ab3bd3bcb27058db0b0d4046a4c46f0acd811dacae9551d2b129,254272399222,254191.5405990474,243845216404870291,,,,,
0x4827b340e49e6bb876f4ad48260427f74ca81f29ce6dc55d15d443ce12ab5374,1759121999,2025-09-29,2025-09-29 04:59,23466420,MarketWithdraw,0x55555815a5595991C3A0Ff119B59AEF6C8B55555,0x0f9563442d64ab3bd3bcb27058db0b0d4046a4c46f0acd811dacae9551d2b129,69190419675,69169.52416825814,66353033734079483,,,,,
0xe505a8382f08df13c446135154f622f900cca9bcbca323bc69764683023fff1a,1759122083,2025-09-29,2025-09-29 05:01,23466427,MarketSupply,0xd63070114470f685b75B74D60EEc7c1113d33a3D,0x0f9563442d64ab3bd3bcb27058db0b0d4046a4c46f0acd811dacae9551d2b129,37963186995,37957.41317388992,36406372487671733,,,,,
0xa00eb76f68e37a80d3bc35566ca6de817f1f4f421c5462752aa2328eaf923bda,1759122419,2025-09-29,2025-09-29 05:06,23466455,MarketWithdraw,0x777791C4d6DC2CE140D00D2828a7C93503c67777,0x0f9563442d64ab3bd3bcb27058db0b0d4046a4c46f0acd811dacae9551d2b129,15445142,15.44279294835322,14811749563076,,,,,
0xd66e9f9eacc4ade85c3ab4c4fab1fc1b2e0cb19a0235dbb1ac59a62933f5ba8e,1759122623,2025-09-29,2025-09-29 05:10,23466472,MarketWithdraw,0x777791C4d6DC2CE140D00D2828a7C93503c67777,0x0f9563442d64ab3bd3bcb27058db0b0d4046a4c46f0acd811dacae9551d2b129,1585266,1.58502489689406,1520254944311,,,,,
0x319fbfc4d82e697eaeb4f65feed0fc5bb55f8b38d107dbf5d93c238e7b367a0e,1759124495,2025-09-29,2025-09-29 05:41,23466626,MarketSupply,0x777791C4d6DC2CE140D00D2828a7C93503c67777,0x0f9563442d64ab3bd3bcb27058db0b0d4046a4c46f0acd811dacae9551d2b129,157782071387,157758.07431176276,151310937390454468,,,,,
0xe021150aa7562dbc2f9513632e41d61cef1e0f99a214cd54cf515e2284e2a982,1759125347,2025-09-29,2025-09-29 05:55,23466697,MarketWithdraw,0xc582F04d8a82795aa2Ff9c8bb4c1c889fe7b754e,0x0f9563442d64ab3bd3bcb27058db0b0d4046a4c46f0acd811dacae9551d2b129,180109169805,180081.77700136436,172722081793874199,,,,,
0x54be692695f068cef03ab77ab7e55012ad9bb70c3a30696ee064856024bc0f2c,1759125419,2025-09-29,2025-09-29 05:56,23466703,MarketSupply,0xd63070114470f685b75B74D60EEc7c1113d33a3D,0x0f9563442d64ab3bd3bcb27058db0b0d4046a4c46f0acd811dacae9551d2b129,32930531805,32925.52340041778,31579897815264580,,,,,
0x43454b10e7cb135f946f6ed77785381d4e99d2ea52b9dc3cf8395caf597e1538,1759125983,2025-09-29,2025-09-29 06:06,23466750,MarketWithdraw,0x777791C4d6DC2CE140D00D2828a7C93503c67777,0x0f9563442d64ab3bd3bcb27058db0b0d4046a4c46f0acd811dacae9551d2b129,72508717,72.487036893617,69534721050909,,,,,
0x65757dea837ee03f58b620021114700a8dd81865af42ce6367b81239f1e1c762,1759126163,2025-09-29,2025-09-29 06:09,23466765,MarketWithdraw,0xc582F04d8a82795aa2Ff9c8bb4c1c889fe7b754e,0x0f9563442d64ab3bd3bcb27058db0b0d4046a4c46f0acd811dacae9551d2b129,7726031121,7723.721037694821,7409139915565594,,,,,
0x65757dea837ee03f58b620021114700a8dd81865af42ce6367b81239f1e1c762,1759126163,2025-09-29,2025-09-29 06:09,23466765,MarketWithdraw,0x777791C4d6DC2CE140D00D2828a7C93503c67777,0x0f9563442d64ab3bd3bcb27058db0b0d4046a4c46f0acd811dacae9551d2b129,18041771753,18036.377263245853,17301769711920908,,,,,
0x23970074563e6f350e4e35d489436efdfe1f2eda0efb396aec766fda083bef10,1759127147,2025-09-29,2025-09-29 06:25,23466847,MarketWithdraw,0xc582F04d8a82795aa2Ff9c8bb4c1c889fe7b754e,0x0f9563442d64ab3bd3bcb27058db0b0d4046a4c46f0acd811dacae9551d2b129,123802077201,123765.06037991689,118723971201191555,,,,,
0x1f490eb1ecc8584d1f9afd81b0fba5fe3f06b2dc267ed69e6e64d7e9a6b263c1,1759128803,2025-09-29,2025-09-29 06:53,23466985,MarketSupply,0x777791C4d6DC2CE140D00D2828a7C93503c67777,0x0f9563442d64ab3bd3bcb27058db0b0d4046a4c46f0acd811dacae9551d2b129,86821022492,86795.0630062749,83259467031085977,,,,,
0x2999969bbe336e927309829dc82975ebe5cea6095122f3aae66523b339993e6b,1759128827,2025-09-29,2025-09-29 06:53,23466987,MarketSupply,0xd63070114470f685b75B74D60EEc7c1113d33a3D,0x0f9563442d64ab3bd3bcb27058db0b0d4046a4c46f0acd811dacae9551d2b129,129337501618,129298.82970501621,124031837019609833,,,,,
0x51c041639cd407d19b0674e2ff7dddfde3de8d8329454af786dded887d7f7eff,1759128971,2025-09-29,2025-09-29 06:56,23466999,MarketWithdraw,0xc582F04d8a82795aa2Ff9c8bb4c1c889fe7b754e,0x0f9563442d64ab3bd3bcb27058db0b0d4046a4c46f0acd811dacae9551d2b129,67654568115,67634.33939913362,64879234905553867,,,,,
0xc1869b5ac37f147885bc9568f925e24c3d0e724e9446be648f00f7eed73025f1,1759131467,2025-09-29,2025-09-29 07:37,23467206,MarketWithdraw,0xc582F04d8a82795aa2Ff9c8bb4c1c889fe7b754e,0x0f9563442d64ab3bd3bcb27058db0b0d4046a4c46f0acd811dacae9551d2b129,222339075734,222305.2601839716,213217213825338850,,,,,
0x7bedc630a0687ccb153c9bab93ed7918094f786f95f054123946886b57aaceec,1759132175,2025-09-29,2025-09-29 07:49,23467265,MarketSupply,0xd63070114470f685b75B74D60EEc7c1113d33a3D,0x0f9563442d64ab3bd3bcb27058db0b0d4046a4c46f0acd811dacae9551d2b129,191546641246,191517.5089173329,183687342419047395,,,,,
0xfab62ea85c09dcb4271d171598c288a6c389d83824e3137af6c68af6f1d3f22f,1759134167,2025-09-29,2025-09-29 08:22,23467430,MarketWithdraw,0x777791C4d6DC2CE140D00D2828a7C93503c67777,0x0f9563442d64ab3bd3bcb27058db0b0d4046a4c46f0acd811dacae9551d2b129,270890473167,270787.2638967234,259774591387561612,,,,,
0x2e186dd9997b81ea31fefa9a5d8416361d2d60e94e5e3af57ad9e3980ebf053c,1759134431,2025-09-29,2025-09-29 08:27,23467452,MarketSupply,0x55555815a5595991C3A0Ff119B59AEF6C8B55555,0x0f9563442d64ab3bd3bcb27058db0b0d4046a4c46f0acd811dacae9551d2b129,69269870736,69243.47891524958,66427231080724777,,,,,
0x99a6fe2449fc35501a242f8bd60140fa8461fa6bb7e982eed95bf800a859019f,1759135811,2025-09-29,2025-09-29 08:50,23467566,MarketWithdraw,0x777791C4d6DC2CE140D00D2828a7C93503c67777,0x0f9563442d64ab3bd3bcb27058db0b0d4046a4c46f0acd811dacae9551d2b129,186558658,186.48757915130201,178901263376229,,,,,
0x08fb7217145f543403d0b2542e6f5dd20610a9089ea6650cbc2a8ff6e114e17a,1759139711,2025-09-29,2025-09-29 09:55,23467889,MarketSupply,0xd63070114470f685b75B74D60EEc7c1113d33a3D,0x0f9563442d64ab3bd3bcb27058db0b0d4046a4c46f0acd811dacae9551d2b129,168518283970,168466.11745001422,161597381843109970,,,,,
0x642debddaf128c442f1ea39e89d01749384053401d24f1a22bc536494cfb3784,1759143299,2025-09-29,2025-09-29 10:54,23468182,MarketWithdraw,0xd63070114470f685b75B74D60EEc7c1113d33a3D,0x0f9563442d64ab3bd3bcb27058db0b0d4046a4c46f0acd811dacae9551d2b129,3295978680,3294.989886396,3160591770580709,,,,,
0xddc23e5d9542b15df6d267131f0df430d35c4c850135771c0fba2a6808162e28,1759146503,2025-09-29,2025-09-29 11:48,23468449,MarketWithdraw,0xd63070114470f685b75B74D60EEc7c1113d33a3D,0x0f9563442d64ab3bd3bcb27058db0b0d4046a4c46f0acd811dacae9551d2b129,11699130377,11695.508794200496,11218496394903605,,,,,
0x274f24a7cfafdc4a3fd0b14a66bffa8096376ee23a4d964f506660b45ba5f6b5,1759150607,2025-09-29,2025-09-29 12:56,23468789,MarketSupply,0xd63070114470f685b75B74D60EEc7c1113d33a3D,0x0f9563442d64ab3bd3bcb27058db0b0d4046a4c46f0acd811dacae9551d2b129,7606960299,7604.792315314786,7294380443041352,,,,,
0x5cc79d74a9a102675bd9d83eae18d35dc3da0902e1756374cc54aa5c671fe47c,1759153859,2025-09-29,2025-09-29 13:50,23469059,MarketSupply,0xd63070114470f685b75B74D60EEc7c1113d33a3D,0x0f9563442d64ab3bd3bcb27058db0b0d4046a4c46f0acd811dacae9551d2b129,5018362147,5016.808662813774,4812117959873483,,,,,
0x62126409eef939b46a4770cd5657d4fc06c88592efb844724dfa93ff76d95eb3,1759155875,2025-09-29,2025-09-29 14:24,23469226,MarketSupply,0x777791C4d6DC2CE140D00D2828a7C93503c67777,0x0f9563442d64ab3bd3bcb27058db0b0d4046a4c46f0acd811dacae9551d2b129,74768164492,74745.01925899985,71695044519367618,,,,,
0xf9c7c66a4981595d93d64333ba8de4e10f5ad4b697ae3d87c7a09a4e22f8483e,1759158047,2025-09-29,2025-09-29 15:00,23469407,MarketWithdraw,0xd63070114470f685b75B74D60EEc7c1113d33a3D,0x0f9563442d64ab3bd3bcb27058db0b0d4046a4c46f0acd811dacae9551d2b129,60249181201,60231.46794172691,57772575328940095,,,,,
0xbf73ac90adcbbf65760b1668d9f87434012fe4e32da707597f47074b3aed1e04,1759159667,2025-09-29,2025-09-29 15:27,23469542,MarketWithdraw,0x777791C4d6DC2CE140D00D2828a7C93503c67777,0x0f9563442d64ab3bd3bcb27058db0b0d4046a4c46f0acd811dacae9551d2b129,249750792728,249677.36599493795,239483718689293943,,,,,
0xfab03d031d723c01708b01dbfadede35c08ff5144123484a851cb68ac27a88af,1759161347,2025-09-29,2025-09-29 15:55,23469680,MarketSupply,0xd63070114470f685b75B74D60EEc7c1113d33a3D,0x0f9563442d64ab3bd3bcb27058db0b0d4046a4c46f0acd811dacae9551d2b129,231697281874,231629.16287312904,222168562415685594,,,,,
0xd2acd38588522c9afb4d3240817470fe8a0225e8d0eb4c90ed162b970882cb73,1759162439,2025-09-29,2025-09-29 16:13,23469771,MarketSupply,0x777791C4d6DC2CE140D00D2828a7C93503c67777,0x0f9563442d64ab3bd3bcb27058db0b0d4046a4c46f0acd811dacae9551d2b129,147398698308,147353.06956695177,141336492104889171,,,,,
0xe87b8bcd5d18b8cfd88d46a1e2ffe2e60752845abb98110596c8526ecc1fd98e,1759164587,2025-09-29,2025-09-29 16:49,23469948,MarketWithdraw,0x777791C4d6DC2CE140D00D2828a7C93503c67777,0x0f9563442d64ab3bd3bcb27058db0b0d4046a4c46f0acd811dacae9551d2b129,10000902816,9997.806936524279,9589548549481439,,,,,
0x2cfc1849f72d78c2aeacc77c58d61c7affb9064da2d5056d6a1894de5be35afd,1759165235,2025-09-29,2025-09-29 17:00,23470002,MarketWithdraw,0xd63070114470f685b75B74D60EEc7c1113d33a3D,0x0f9563442d64ab3bd3bcb27058db0b0d4046a4c46f0acd811dacae9551d2b129,163941748392,163889.77885775975,157198355508840049,,,,,
0xfea1f40c701f6f5420502407a572fb2f67d2f70844f3c0eb686e85ad1d2b7a78,1759166003,2025-09-29,2025-09-29 17:13,23470066,MarketSupply,0x777791C4d6DC2CE140D00D2828a7C93503c67777,0x0f9563442d64ab3bd3bcb27058db0b0d4046a4c46f0acd811dacae9551d2b129,84846659510,84819.76311893533,81356537525073863,,,,,
0x9ae76727421f78fa1fcf8237c5e56bb7334cb312b8b03707a1947c3cf68094ce,1759168199,2025-09-29,2025-09-29 17:49,23470248,MarketWithdraw,0x777791C4d6DC2CE140D00D2828a7C93503c67777,0x0f9563442d64ab3bd3bcb27058db0b0d4046a4c46f0acd811dacae9551d2b129,289999988484,289908.05848765053,278069775733939515,,,,,
0x9dfe7c77d87c7128c4d1973dd82a9ec2a4376af4d351b08d60e79052b977d500,1759168487,2025-09-29,2025-09-29 17:54,23470271,MarketSupply,0xd63070114470f685b75B74D60EEc7c1113d33a3D,0x0f9563442d64ab3bd3bcb27058db0b0d4046a4c46f0acd811dacae9551d2b129,201256188186,201192.38997434505,192976209025943422,,,,,
0x80c9a782539e3324de92be28626cab84278dc82775b59c4a58a8d9b37838dd65,1759170527,2025-09-29,2025-09-29 18:28,23470441,MarketSupply,0x777791C4d6DC2CE140D00D2828a7C93503c67777,0x0f9563442d64ab3bd3bcb27058db0b0d4046a4c46f0acd811dacae9551d2b129,205151251895,205087.74527346337,196710145018256691,,,,,
0x518ffa1eaafbd49dcc8993cc6abe617b970d53066b0487e5cdf0580f75e03451,1759172147,2025-09-29,2025-09-29 18:55,23470574,MarketWithdraw,0xd63070114470f685b75B74D60EEc7c1113d33a3D,0x0f9563442d64ab3bd3bcb27058db0b0d4046a4c46f0acd811dacae9551d2b129,157551056129,157502.2846240647,151068060591181274,,,,,
0x6a468d9450485f1876ba654bcf577261fd6127c7e4d4748f5a75d5b46b8e161a,1759174655,2025-09-29,2025-09-29 19:37,23470783,MarketWithdraw,0x55555815a5595991C3A0Ff119B59AEF6C8B55555,0x0f9563442d64ab3bd3bcb27058db0b0d4046a4c46f0acd811dacae9551d2b129,69278277606,69251.6054691217,66427231080724777,,,,,
0x5eff3c1a5d4888a68214ead173b07b759d517a17c7477a7a361d9f264667c2c4,1759174703,2025-09-29,2025-09-29 19:38,23470787,MarketSupply,0x777791C4d6DC2CE140D00D2828a7C93503c67777,0x0f9563442d64ab3bd3bcb27058db0b0d4046a4c46f0acd811dacae9551d2b129,90421881819,90387.06939449969,86700691755431146,,,,,
0xf837420b41efe07a0b1dce382dc8613fa2b196b4f90fad57e0220ec533dd5f32,1759175327,2025-09-29,2025-09-29 19:48,23470839,MarketSupply,0x777791C4d6DC2CE140D00D2828a7C93503c67777,0x0f9563442d64ab3bd3bcb27058db0b0d4046a4c46f0acd811dacae9551d2b129,59999996670,59976.896671282055,57530705004136036,,,,,
0xf9359222dafc844d3598f2a2b3c5c22ece3e0fc53c8de34ca5c298909c61b371,1759175447,2025-09-29,2025-09-29 19:50,23470849,MarketWithdraw,0xd63070114470f685b75B74D60EEc7c1113d33a3D,0x0f9563442d64ab3bd3bcb27058db0b0d4046a4c46f0acd811dacae9551d2b129,62415273879,62391.24399855659,59846568053007338,,,,,
0x9cc45946244fe4690afbf113f6f6cb303e65df862323965e887d8647e6991139,1759179131,2025-09-29,2025-09-29 20:52,23471155,MarketSupply,0xd63070114470f685b75B74D60EEc7c1113d33a3D,0x0f9563442d64ab3bd3bcb27058db0b0d4046a4c46f0acd811dacae9551d2b129,17937262786,17931.710126931965,17198923963251283,,,,,
0x02ceaff7648bd401074213b9696f04a12796a78f4bf8ad5a578d4e9341db1088,1759183259,2025-09-29,2025-09-29 22:00,23471496,MarketWithdraw,0xd63070114470f685b75B74D60EEc7c1113d33a3D,0x0f9563442d64ab3bd3bcb27058db0b0d4046a4c46f0acd811dacae9551d2b129,6643592803,6641.536212411903,6370074660204256,,,,,
0x4fead4ef6a7d7b39f851830642e914ba645b919bc357de9bf24be07947dbb0d8,1759186367,2025-09-29,2025-09-29 22:52,23471755,MarketWithdraw,0xd63070114470f685b75B74D60EEc7c1113d33a3D,0x0f9563442d64ab3bd3bcb27058db0b0d4046a4c46f0acd811dacae9551d2b129,18290012664,18284.350807679733,17536899093690907,,,,,
0x37ca3acb4c50aa6e6c24b58e414cb27544afd6b3193de9e5c0b69706d6e883e1,1759186895,2025-09-29,2025-09-29 23:01,23471799,MarketWithdraw,0x777791C4d6DC2CE140D00D2828a7C93503c67777,0x0f9563442d64ab3bd3bcb27058db0b0d4046a4c46f0acd811dacae9551d2b129,260588368275,260499.76822978648,249858053680391676,,,,,
0x9fa396a169687d87e6c4ec9872ee6a7ea1ab8ba18219205736a2028e8dcc54b5,1759187459,2025-09-29,2025-09-29 23:10,23471845,MarketSupply,0x55555815a5595991C3A0Ff119B59AEF6C8B55555,0x0f9563442d64ab3bd3bcb27058db0b0d4046a4c46f0acd811dacae9551d2b129,67908482840,67885.3939558344,65111822892049808,,,,,
0x74c29ddaf3a0ada952970a9e5f3664be68824b6a51056067245b9157cd265c64,1759188167,2025-09-29,2025-09-29 23:22,23471904,MarketWithdraw,0x777791C4d6DC2CE140D00D2828a7C93503c67777,0x0f9563442d64ab3bd3bcb27058db0b0d4046a4c46f0acd811dacae9551d2b129,67908482840,67885.3939558344,65111528284133771,,,,,
0xfa8868c4e6537e281dae02a7a295c7755e0d4733f35d5fd5c34adc9eecf0d464,1759188935,2025-09-29,2025-09-29 23:35,23471967,MarketSupply,0x777791C4d6DC2CE140D00D2828a7C93503c67777,0x0f9563442d64ab3bd3bcb27058db0b0d4046a4c46f0acd811dacae9551d2b129,279999989704,279904.78970750066,268465489859878387,,,,,
0xda485208d72e77bed2f5ab6356c25fe4b2eb7bfe8f2b44f077e410da9a2b38db,1759189415,2025-09-29,2025-09-29 23:43,23472007,MarketWithdraw,0x777791C4d6DC2CE140D00D2828a7C93503c67777,0x0f9563442d64ab3bd3bcb27058db0b0d4046a4c46f0acd811dacae9551d2b129,10063540729,10060.11912515214,9648967408972639,,,,,
0x9675bab50dbe6853a335928b361d1017e7ee0717f17b9308418a0be8878a514c,1759189907,2025-09-29,2025-09-29 23:51,23472048,MarketSupply,0x777791C4d6DC2CE140D00D2828a7C93503c67777,0x0f9563442d64ab3bd3bcb27058db0b0d4046a4c46f0acd811dacae9551d2b129,60063535768,60043.11416583888,57589126279329797,,,,,
0x65b2e5488db9c1a48bf4034c15969d97a118061a334e09fb858b287b3be5709d,1759190327,2025-09-29,2025-09-29 23:58,23472082,MarketWithdraw,0x777791C4d6DC2CE140D00D2828a7C93503c67777,0x0f9563442d64ab3bd3bcb27058db0b0d4046a4c46f0acd811dacae9551d2b129,200000000000,199932,191760538739747997,,,,,
0xee56d7027c8a46c3ee186cac305d7d76200c862aeb3b376cccee11aa70e946f6,1759190483,2025-09-30,2025-09-30 00:01,23472095,MarketSupply,0xd63070114470f685b75B74D60EEc7c1113d33a3D,0x0f9563442d64ab3bd3bcb27058db0b0d4046a4c46f0acd811dacae9551d2b129,120294189007,120256.95073785099,115338330507403097,,,,,
0xab16e3b2c9c1e41296e0a818b55dd3b27bb13d062f40cb151ab241bbaf092914,1759191827,2025-09-30,2025-09-30 00:23,23472206,MarketSupply,0x777791C4d6DC2CE140D00D2828a7C93503c67777,0x0f9563442d64ab3bd3bcb27058db0b0d4046a4c46f0acd811dacae9551d2b129,168061179612,168009.1545932393,161136974657469694,,,,,
0x14c75cd32250b6b29dd38c3ae97c23493f03cef65025a27b89049840bba2d934,1759193927,2025-09-30,2025-09-30 00:58,23472381,MarketWithdraw,0xd63070114470f685b75B74D60EEc7c1113d33a3D,0x0f9563442d64ab3bd3bcb27058db0b0d4046a4c46f0acd811dacae9551d2b129,166443605948,166392.08166534273,159585455848098779,,,,,
0x4cb5bb1a61834d8543b5a9a80038ee0b63136d80ccdec28d1f314aa5280648ea,1759197251,2025-09-30,2025-09-30 01:54,23472656,MarketWithdraw,0xd63070114470f685b75B74D60EEc7c1113d33a3D,0x0f9563442d64ab3bd3bcb27058db0b0d4046a4c46f0acd811dacae9551d2b129,6423458248,6421.43485865188,6158743289873610,,,,,
0xed09b9c09a2dcac6b3ec465c3edb2ff3011c8c483b3959ff6e5f48e833664cd7,1759200995,2025-09-30,2025-09-30 02:56,23472965,MarketSupply,0xd63070114470f685b75B74D60EEc7c1113d33a3D,0x0f9563442d64ab3bd3bcb27058db0b0d4046a4c46f0acd811dacae9551d2b129,16041352160,16036.38639902535,15380157166732440,,,,,
0xa9a93ae1b44669bf7d1c526337e90e44f11f40d20131b1ad056030f2a332ea1e,1759203335,2025-09-30,2025-09-30 03:35,23473160,MarketWithdraw,0x55555815a5595991C3A0Ff119B59AEF6C8B55555,0x0f9563442d64ab3bd3bcb27058db0b0d4046a4c46f0acd811dacae9551d2b129,67911315093,67890.29246629981,65111822892049808,,,,,
0x935547dec17df37443f0de183067826185bb165d0431366e9e2beabc1a3b1866,1759203947,2025-09-30,2025-09-30 03:45,23473211,MarketSupply,0x777791C4d6DC2CE140D00D2828a7C93503c67777,0x0f9563442d64ab3bd3bcb27058db0b0d4046a4c46f0acd811dacae9551d2b129,106381655759,106348.72425364325,101996171982815918,,,,,
0x9ff43028144c4a707d7129d4977e50cee004de06613f17cb22a4966264428a0d,1759204151,2025-09-30,2025-09-30 03:49,23473228,MarketWithdraw,0xd63070114470f685b75B74D60EEc7c1113d33a3D,0x0f9563442d64ab3bd3bcb27058db0b0d4046a4c46f0acd811dacae9551d2b129,56473430875,56455.94895973833,54145344962772672,,,,,
0xff50fc628a1a23462186ff12240fc4604d0223082f381aa65cb108e252ebeea0,1759205735,2025-09-30,2025-09-30 04:15,23473358,MarketWithdraw,0x777791C4d6DC2CE140D00D2828a7C93503c67777,0x0f9563442d64ab3bd3bcb27058db0b0d4046a4c46f0acd811dacae9551d2b129,3526573528,3524.91603844184,3381181283431931,,,,,
0x00fe5020184ad702d27736f26a63c102d3f4f08d0330af6bd8dac2a2963d8aeb,1759205951,2025-09-30,2025-09-30 04:19,23473376,MarketWithdraw,0x777791C4d6DC2CE140D00D2828a7C93503c67777,0x0f9563442d64ab3bd3bcb27058db0b0d4046a4c46f0acd811dacae9551d2b129,420000000,419.8026,402684215641645,,,,,
0x39649ec2c63350323f2ab23c3e903f95b408c450f637e9d93bd3f36f4b673bef,1759207979,2025-09-30,2025-09-30 04:52,23473545,MarketWithdraw,0x777791C4d6DC2CE140D00D2828a7C93503c67777,0x0f9563442d64ab3bd3bcb27058db0b0d4046a4c46f0acd811dacae9551d2b129,239579977589,239467.37499953317,229701581987794878,,,,,
0x15c313821db0851de9092a7b86082101a9c1b53833ee7d6cf083cd9d7e130dc1,1759208039,2025-09-30,2025-09-30 04:53,23473550,MarketSupply,0x777791C4d6DC2CE140D00D2828a7C93503c67777,0x0f9563442d64ab3bd3bcb27058db0b0d4046a4c46f0acd811dacae9551d2b129,219999950288,219896.55031136464,210928751934561660,,,,,
0xb31503d86c16f75077bc22e4adc1276c5824b825a09283c0e6b002b21179176e,1759208279,2025-09-30,2025-09-30 04:57,23473570,MarketSupply,0xd63070114470f685b75B74D60EEc7c1113d33a3D,0x0f9563442d64ab3bd3bcb27058db0b0d4046a4c46f0acd811dacae9551d2b129,10571598414,10566.62976274542,10135697344018347,,,,,
0x3d538c1fb5de9ecd5038dd95a517efafcde2cedec13915adfd7c9b4d94ab6117,1759208507,2025-09-30,2025-09-30 05:01,23473589,MarketWithdraw,0x777791C4d6DC2CE140D00D2828a7C93503c67777,0x0f9563442d64ab3bd3bcb27058db0b0d4046a4c46f0acd811dacae9551d2b129,230571548702,230500.1729733838,221064233851366537,,,,,
0x15a21a60c6ec55215e8f9caf6390f1a54806b19eb3afefa823dd155e6415c1ce,1759208663,2025-09-30,2025-09-30 05:04,23473602,MarketSupply,0x777791C4d6DC2CE140D00D2828a7C93503c67777,0x0f9563442d64ab3bd3bcb27058db0b0d4046a4c46f0acd811dacae9551d2b129,204240782994,204177.55821721637,195818870736688748,,,,,
0xc7d3163bab7bc7cdf26571fbda9ef208b6a11a5c285533a9622f042e15759052,1759208711,2025-09-30,2025-09-30 05:05,23473606,MarketWithdraw,0x777791C4d6DC2CE140D00D2828a7C93503c67777,0x0f9563442d64ab3bd3bcb27058db0b0d4046a4c46f0acd811dacae9551d2b129,38262341,38.25049650972004,36684581365140,,,,,
0x631c0968bff4d776cfa8222b581139b11625428ad617c4ce68dbd51f51116d7c,1759209539,2025-09-30,2025-09-30 05:18,23473675,MarketWithdraw,0x777791C4d6DC2CE140D00D2828a7C93503c67777,0x0f9563442d64ab3bd3bcb27058db0b0d4046a4c46f0acd811dacae9551d2b129,4756369165,4754.896783361282,4560230553206847,,,,,
0xf2964b7fdb6b4d364e09ecfe015498125b365681b78a1bf3ab6715210a9cfd8b,1759211987,2025-09-30,2025-09-30 05:59,23473879,MarketSupply,0xd63070114470f685b75B74D60EEc7c1113d33a3D,0x0f9563442d64ab3bd3bcb27058db0b0d4046a4c46f0acd811dacae9551d2b129,30160779111,30151.4425402184,28916882478237866,,,,,
0x3a3400174e28eeca045adc748dfbbefc84d5b061a71d4fb7085f03004c1ba3cf,1759212527,2025-09-30,2025-09-30 06:08,23473924,MarketWithdraw,0x777791C4d6DC2CE140D00D2828a7C93503c67777,0x0f9563442d64ab3bd3bcb27058db0b0d4046a4c46f0acd811dacae9551d2b129,641242123,641.051674089469,614795187744636,,,,,
0x62ecccc16e059e8281c2676252bdb65f84e66254525d2296ee137ae45c350a5d,1759213067,2025-09-30,2025-09-30 06:17,23473969,MarketWithdraw,0x777791C4d6DC2CE140D00D2828a7C93503c67777,0x0f9563442d64ab3bd3bcb27058db0b0d4046a4c46f0acd811dacae9551d2b129,269776372,269.69624841751596,258649610008114,,,,,
0x62ecccc16e059e8281c2676252bdb65f84e66254525d2296ee137ae45c350a5d,1759213067,2025-09-30,2025-09-30 06:17,23473969,MarketWithdraw,0x777791C4d6DC2CE140D00D2828a7C93503c67777,0x0f9563442d64ab3bd3bcb27058db0b0d4046a4c46f0acd811dacae9551d2b129,775512,0.775281672936,743526480357,,,,,
0xf3eac743e34d56889121ceb352dbf876f36bf671bd5bea6a8487bc52179ab8e6,1759214111,2025-09-30,2025-09-30 06:35,23474055,MarketWithdraw,0x777791C4d6DC2CE140D00D2828a7C93503c67777,0x0f9563442d64ab3bd3bcb27058db0b0d4046a4c46f0acd811dacae9551d2b129,228695136592,228627.2141364322,219262258774198646,,,,,
0x23a79d32cab0569df3d0d34269d8d98112113c7c455233bc27c3eb658ee044bf,1759214423,2025-09-30,2025-09-30 06:40,23474081,MarketSupply,0x777791C4d6DC2CE140D00D2828a7C93503c67777,0x0f9563442d64ab3bd3bcb27058db0b0d4046a4c46f0acd811dacae9551d2b129,189999960252,189943.53026380515,182162543273750510,,,,,
0xed509dab157582d2852ab4833efdafecfde390ea7d99282878fe2837d3b118d0,1759215515,2025-09-30,2025-09-30 06:58,23474171,MarketSupply,0xd63070114470f685b75B74D60EEc7c1113d33a3D,0x0f9563442d64ab3bd3bcb27058db0b0d4046a4c46f0acd811dacae9551d2b129,11544898651,11541.469816100653,11068649743817764,,,,,
0x22ae1bef0fba047b68699a8c581efb34510ce12040e8e1db363ad76962fe1b4e,1759215731,2025-09-30,2025-09-30 07:02,23474189,MarketWithdraw,0x777791C4d6DC2CE140D00D2828a7C93503c67777,0x0f9563442d64ab3bd3bcb27058db0b0d4046a4c46f0acd811dacae9551d2b129,3603544,3.6024284869193597,3454889360742,,,,,
0xc44343564fb41be775b3e76c818f9f1daee2057e5c6863815202aeb40c018306,1759216859,2025-09-30,2025-09-30 07:20,23474283,MarketWithdraw,0x777791C4d6DC2CE140D00D2828a7C93503c67777,0x0f9563442d64ab3bd3bcb27058db0b0d4046a4c46f0acd811dacae9551d2b129,51541273851,51525.31873426668,49414953488351882,,,,,
0xbd3e8316d84d226ccad4850db64ada446ff5ad1d320b705b3849c20a6fb3e3bf,1759218911,2025-09-30,2025-09-30 07:55,23474452,MarketSupply,0xd63070114470f685b75B74D60EEc7c1113d33a3D,0x0f9563442d64ab3bd3bcb27058db0b0d4046a4c46f0acd811dacae9551d2b129,43569354509,43555.86717961819,41771691980712367,,,,,
0x68c3b27a8979f2d00a71532fe728d637aa97b9dc41eb702e430cd47d050974eb,1759219427,2025-09-30,2025-09-30 08:03,23474495,MarketWithdraw,0x777791C4d6DC2CE140D00D2828a7C93503c67777,0x0f9563442d64ab3bd3bcb27058db0b0d4046a4c46f0acd811dacae9551d2b129,3569351942,3567.992018910098,3422077323641786,,,,,
0x5baa549dc83552f330fec7f36b125e45a423b18bc28485eb96a0157ad34e4643,1759220303,2025-09-30,2025-09-30 08:18,23474568,MarketWithdraw,0x777791C4d6DC2CE140D00D2828a7C93503c67777,0x0f9563442d64ab3bd3bcb27058db0b0d4046a4c46f0acd811dacae9551d2b129,53841793,53.821279276867,51620132794741,,,,,
0x4ad493fb9e9379bff1e96a5695c1e6019e8cc54c7590fb545fb2cb11943c6b31,1759222871,2025-09-30,2025-09-30 09:01,23474780,MarketSupply,0xd63070114470f685b75B74D60EEc7c1113d33a3D,0x0f9563442d64ab3bd3bcb27058db0b0d4046a4c46f0acd811dacae9551d2b129,8458591042,8455.535122228346,8109520205293435,,,,,
0x5349c0ed86bac079d854615c758b287e4370863a2eb05fc46ab6cd36b9112097,1759225499,2025-09-30,2025-09-30 09:44,23474996,MarketSupply,0x777791C4d6DC2CE140D00D2828a7C93503c67777,0x0f9563442d64ab3bd3bcb27058db0b0d4046a4c46f0acd811dacae9551d2b129,1595251029,1594.674696708243,1529409064610442,,,,,
0x62b7b3d03b2d3a24a54f1e5761e5176f2f415dddd8e860ae990148840681cf94,1759225799,2025-09-30,2025-09-30 09:49,23475021,MarketSupply,0xd63070114470f685b75B74D60EEc7c1113d33a3D,0x0f9563442d64ab3bd3bcb27058db0b0d4046a4c46f0acd811dacae9551d2b129,8349192043,8346.175646898704,8004584460656043,,,,,
0xa4255638e83c38e7f7f1685f2d168d1f698c7b1e63342a259903e516c3e227cc,1759229339,2025-09-30,2025-09-30 10:48,23475313,MarketWithdraw,0x777791C4d6DC2CE140D00D2828a7C93503c67777,0x0f9563442d64ab3bd3bcb27058db0b0d4046a4c46f0acd811dacae9551d2b129,45000000000,44986.5,43142322009084128,,,,,
0x99e951bbbf0d8ca0c44c8b0e0e88e3e7e4c8f2a25dfbdca418dbab531362ed2e,1759229879,2025-09-30,2025-09-30 10:57,23475358,MarketSupply,0xd63070114470f685b75B74D60EEc7c1113d33a3D,0x0f9563442d64ab3bd3bcb27058db0b0d4046a4c46f0acd811dacae9551d2b129,35764917455,35754.187979763505,34288437444160868,,,,,
0x0e0b31e0db49b33a1176b4d10ef4729335dcff222b6a0d996fafb1c14d9cf71b,1759231619,2025-09-30,2025-09-30 11:26,23475502,MarketWithdraw,0x777791C4d6DC2CE140D00D2828a7C93503c67777,0x0f9563442d64ab3bd3bcb27058db0b0d4046a4c46f0acd811dacae9551d2b129,242217001,242.12949284187872,232216691240194,,,,,
0xc2d6037b3a8dec6253838408b304c58c38ab0e75c4bbc760413d3d105a83743c,1759233239,2025-09-30,2025-09-30 11:53,23475636,MarketSupply,0xd63070114470f685b75B74D60EEc7c1113d33a3D,0x0f9563442d64ab3bd3bcb27058db0b0d4046a4c46f0acd811dacae9551d2b129,3033511087,3032.4151401144886,2908257477153829,,,,,
0x9c51d78c58fec50d08fc7d820498447d43e99eb5045da0ac3bc39a5914b09b2a,1759233311,2025-09-30,2025-09-30 11:55,23475642,MarketSupply,0x777791C4d6DC2CE140D00D2828a7C93503c67777,0x0f9563442d64ab3bd3bcb27058db0b0d4046a4c46f0acd811dacae9551d2b129,28094598770,28084.448753356373,26934569129870291,,,,,
0xac12d19c2ad77fa5a459133ea234b35653186e4b6306c2934d358f01edb47459,1759235087,2025-09-30,2025-09-30 12:24,23475789,MarketWithdraw,0x777791C4d6DC2CE140D00D2828a7C93503c67777,0x0f9563442d64ab3bd3bcb27058db0b0d4046a4c46f0acd811dacae9551d2b129,229999986707,229931.44671096132,220502426570886179,,,,,
0x8fd09f95b043f7123dcd5b236da8a3a6b586a4d6f74fa828216ef1472b2befab,1759235111,2025-09-30,2025-09-30 12:25,23475791,MarketSupply,0x777791C4d6DC2CE140D00D2828a7C93503c67777,0x0f9563442d64ab3bd3bcb27058db0b0d4046a4c46f0acd811dacae9551d2b129,199999993699,199940.3937008777,191741198562133204,,,,,
0xfee31d8817183c2dc09a4bd77423eb8ba9fb9e7420dd10a93f55dae9e0ddd9e0,1759236095,2025-09-30,2025-09-30 12:41,23475873,MarketSupply,0x777791C4d6DC2CE140D00D2828a7C93503c67777,0x0f9563442d64ab3bd3bcb27058db0b0d4046a4c46f0acd811dacae9551d2b129,19999999692,19994.039692091785,19174078835365092,,,,,
0x059e3434478cd5723a4bef8aff0768351d42fe02117527869a1fd17f4f7f4ff2,1759236875,2025-09-30,2025-09-30 12:54,23475937,MarketWithdraw,0xd63070114470f685b75B74D60EEc7c1113d33a3D,0x0f9563442d64ab3bd3bcb27058db0b0d4046a4c46f0acd811dacae9551d2b129,28521098426,28512.59913866905,27343244182137324,,,,,
0x879ccf3f93ca2cb9e762bae092b2fb17270d168e377f1c46a92d95372e63bb3c,1759236971,2025-09-30,2025-09-30 12:56,23475945,MarketWithdraw,0x777791C4d6DC2CE140D00D2828a7C93503c67777,0x0f9563442d64ab3bd3bcb27058db0b0d4046a4c46f0acd811dacae9551d2b129,938388310,938.10867028362,899634890255397,,,,,
0x009e6056dbab9d2352fc33556892320df80784f99ca4fa26cc5e393746ca65b7,1759238327,2025-09-30,2025-09-30 13:18,23476057,MarketWithdraw,0x777791C4d6DC2CE140D00D2828a7C93503c67777,0x0f9563442d64ab3bd3bcb27058db0b0d4046a4c46f0acd811dacae9551d2b129,890478893,890.1571807855369,853701467414039,,,,,
0xaece49b369fbd62d5d278ab5b16b56fe19a2efa08ab250e476e25ac3fa9bcaaa,1759238471,2025-09-30,2025-09-30 13:21,23476069,MarketWithdraw,0x777791C4d6DC2CE140D00D2828a7C93503c67777,0x0f9563442d64ab3bd3bcb27058db0b0d4046a4c46f0acd811dacae9551d2b129,1000001566,999.6402854342356,958700468611806,,,,,
0x7aa657862f210f73a28ed94e1eb9210aabb19b2db909f347125af079ec5d0249,1759239479,2025-09-30,2025-09-30 13:37,23476151,MarketSupply,0x777791C4d6DC2CE140D00D2828a7C93503c67777,0x0f9563442d64ab3bd3bcb27058db0b0d4046a4c46f0acd811dacae9551d2b129,31349952362,31338.626251210655,30055099775815615,,,,,
0xf557189dfe49230e5ac6242bff418bb7a9d27fe4eafc188bf815abbf40422d4e,1759240115,2025-09-30,2025-09-30 13:48,23476203,MarketWithdraw,0xd63070114470f685b75B74D60EEc7c1113d33a3D,0x0f9563442d64ab3bd3bcb27058db0b0d4046a4c46f0acd811dacae9551d2b129,33308473623,33296.43993764948,31932684354941564,,,,,
0x5b24c0ec502f4c43c6bf0a6604c809fa674788291a7fdad315a1b8efb26279d1,1759242887,2025-09-30,2025-09-30 14:34,23476434,MarketSupply,0x777791C4d6DC2CE140D00D2828a7C93503c67777,0x0f9563442d64ab3bd3bcb27058db0b0d4046a4c46f0acd811dacae9551d2b129,33308479070,33295.42214620456,31932492895245724,,,,,
0x3398934889f767fa786b304bab94ec2aa00f485791760699b90a590cfd8ab664,1759244279,2025-09-30,2025-09-30 14:57,23476547,MarketWithdraw,0xd63070114470f685b75B74D60EEc7c1113d33a3D,0x0f9563442d64ab3bd3bcb27058db0b0d4046a4c46f0acd811dacae9551d2b129,23862374769,23853.020718090553,22876542571633720,,,,,
0xc6769acb057f7264d80a20523058c4ffb1b049e31aaf6fecdc9b0058ed691623,1759246751,2025-09-30,2025-09-30 15:39,23476752,MarketSupply,0x777791C4d6DC2CE140D00D2828a7C93503c67777,0x0f9563442d64ab3bd3bcb27058db0b0d4046a4c46f0acd811dacae9551d2b129,13862364384,13857.356188995349,13289592855319418,,,,,
0x2ab3b35d3a9e9471919e7617e77a07096b903124700f95cac559a4babf6dc636,1759247483,2025-09-30,2025-09-30 15:51,23476813,MarketWithdraw,0xd63070114470f685b75B74D60EEc7c1113d33a3D,0x0f9563442d64ab3bd3bcb27058db0b0d4046a4c46f0acd811dacae9551d2b129,19891601660,19884.415222152275,19069681105052553,,,,,
0x62b7059c95bac07767cd91ab2a995626ae578fe04a814dde66533731962f51ca,1759250303,2025-09-30,2025-09-30 16:38,23477048,MarketWithdraw,0x777791C4d6DC2CE140D00D2828a7C93503c67777,0x0f9563442d64ab3bd3bcb27058db0b0d4046a4c46f0acd811dacae9551d2b129,3622765792,3621.4569591746663,3473051512561165,,,,,
0xe78222111c0a2708551e1a14bbb76104efbd29df7e6cf38ba64d3eeb2855ec97,1759250519,2025-09-30,2025-09-30 16:41,23477066,MarketWithdraw,0x777791C4d6DC2CE140D00D2828a7C93503c67777,0x0f9563442d64ab3bd3bcb27058db0b0d4046a4c46f0acd811dacae9551d2b129,186485606168,186418.23264820362,178778823404859788,,,,,
0xed200aa5a0835d3b72a8e44355edcc7c411a468348eb745ab979e8febf7a9562,1759250627,2025-09-30,2025-09-30 16:43,23477075,MarketSupply,0x777791C4d6DC2CE140D00D2828a7C93503c67777,0x0f9563442d64ab3bd3bcb27058db0b0d4046a4c46f0acd811dacae9551d2b129,129999961546,129952.99515989267,124627391012719508,,,,,
0x4c471098e8b639a807c06fd9bb346fc250e7479a82737c3b4ce7037fd3ca331f,1759250783,2025-09-30,2025-09-30 16:46,23477088,MarketWithdraw,0x777791C4d6DC2CE140D00D2828a7C93503c67777,0x0f9563442d64ab3bd3bcb27058db0b0d4046a4c46f0acd811dacae9551d2b129,101515555523,101478.87998310065,97320121485727287,,,,,
0xde14d1d903385bb71508aa5f55fc11dd152334812dfff431f3cf4dbeefacbe15,1759251287,2025-09-30,2025-09-30 16:54,23477130,MarketSupply,0x777791C4d6DC2CE140D00D2828a7C93503c67777,0x0f9563442d64ab3bd3bcb27058db0b0d4046a4c46f0acd811dacae9551d2b129,111515499097,111475.21077748624,106906328316153165,,,,,
0xa300b2ec00f084c9efda2ddce120ab6c68b8ce7cdc8bb3648d9d8c85ebdda4be,1759251455,2025-09-30,2025-09-30 16:57,23477144,MarketSupply,0xd63070114470f685b75B74D60EEc7c1113d33a3D,0x0f9563442d64ab3bd3bcb27058db0b0d4046a4c46f0acd811dacae9551d2b129,78778272445,78749.81143073106,75522162162701846,,,,,
0x463302f4f316907bb77b7951af2d95c9927db70143c4a209ad1a0f226c14c3ed,1759252079,2025-09-30,2025-09-30 17:07,23477196,MarketSupply,0x777791C4d6DC2CE140D00D2828a7C93503c67777,0x0f9563442d64ab3bd3bcb27058db0b0d4046a4c46f0acd811dacae9551d2b129,21221799474,21213.09853621566,20344620210316190,,,,,
0x788dcbb2f75ef74f44e30c4d090cf5122c9b48a330e650359d4bc09de8390078,1759254815,2025-09-30,2025-09-30 17:53,23477423,MarketWithdraw,0xd63070114470f685b75B74D60EEc7c1113d33a3D,0x0f9563442d64ab3bd3bcb27058db0b0d4046a4c46f0acd811dacae9551d2b129,24798708015,24788.54054471385,23773544705308305,,,,,
0x1acb73200e17ef2766728f1e39a8345fca4cfab1f622d766ae1af7344c6e6759,1759255655,2025-09-30,2025-09-30 18:07,23477491,MarketWithdraw,0x777791C4d6DC2CE140D00D2828a7C93503c67777,0x0f9563442d64ab3bd3bcb27058db0b0d4046a4c46f0acd811dacae9551d2b129,215201269024,215123.521109527,206304607702735811,,,,,
0x5823278bcd824e252aa9cd8033810154088e7dc505be821c05785e265a7f7480,1759255703,2025-09-30,2025-09-30 18:08,23477495,MarketSupply,0x777791C4d6DC2CE140D00D2828a7C93503c67777,0x0f9563442d64ab3bd3bcb27058db0b0d4046a4c46f0acd811dacae9551d2b129,169999974752,169938.5571611216,162971905671152667,,,,,
0x5b7c767e63591199fc07a86d46f69fb22064209017c8e273706fb979413a5b25,1759258691,2025-09-30,2025-09-30 18:58,23477744,MarketSupply,0xd63070114470f685b75B74D60EEc7c1113d33a3D,0x0f9563442d64ab3bd3bcb27058db0b0d4046a4c46f0acd811dacae9551d2b129,24822031736,24813.06403237442,23795688547970197,,,,,
0xd94eed297e4572c039c000522dd8c58b6c0eb3f38c2583e9c6885721944971e5,1759259663,2025-09-30,2025-09-30 19:14,23477825,MarketWithdraw,0xca7c196f00e04A5e1c71B91476d0d58f82499734,0x0f9563442d64ab3bd3bcb27058db0b0d4046a4c46f0acd811dacae9551d2b129,770732929,770.4361968223351,738863025272462,,,,,
0xf872158f738e92ac883f217d4a57e48a6e47780f174bebdf40988f1af32c40b3,1759261391,2025-09-30,2025-09-30 19:43,23477968,MarketSupply,0x777791C4d6DC2CE140D00D2828a7C93503c67777,0x0f9563442d64ab3bd3bcb27058db0b0d4046a4c46f0acd811dacae9551d2b129,45948711994,45931.02173988231,44048559154726031,,,,,
0xfe17dde3bff042f9da635b736268b937e4fe39038e176e4757a5c11a13dc574e,1759261739,2025-09-30,2025-09-30 19:48,23477997,MarketWithdraw,0xd63070114470f685b75B74D60EEc7c1113d33a3D,0x0f9563442d64ab3bd3bcb27058db0b0d4046a4c46f0acd811dacae9551d2b129,41725967163,41709.90266564225,40000411560975520,,,,,
0x38a26569a71c6e1dc36a228cddedf252412e3e2967e622d2472629f4b4a1ccb0,1759262483,2025-09-30,2025-09-30 20:01,23478059,MarketSupply,0x777791C4d6DC2CE140D00D2828a7C93503c67777,0x0f9563442d64ab3bd3bcb27058db0b0d4046a4c46f0acd811dacae9551d2b129,41725964810,41710.89005343344,40000343999290129,,,,,
0xc471fae99b3d3eb3dc173ba3afbda828ebbd459fc7e363be8a42cf0ff0449b29,1759262711,2025-09-30,2025-09-30 20:05,23478078,MarketWithdraw,0x777791C4d6DC2CE140D00D2828a7C93503c67777,0x0f9563442d64ab3bd3bcb27058db0b0d4046a4c46f0acd811dacae9551d2b129,239999983200,239913.2760060695,230074423393628733,,,,,
0x75505e3e9a6f2669413d778625e425e06746c8e3018c0e86f30fed03b590361b,1759263059,2025-09-30,2025-09-30 20:10,23478107,MarketSupply,0x55555815a5595991C3A0Ff119B59AEF6C8B55555,0x0f9563442d64ab3bd3bcb27058db0b0d4046a4c46f0acd811dacae9551d2b129,67665607714,67641.16148324509,64866964406404142,,,,,
0x65f75dbfa91c6b293128dc8978d4216d2e680e624872863a5b3ec011ad12a05e,1759263107,2025-09-30,2025-09-30 20:11,23478111,MarketSupply,0x777791C4d6DC2CE140D00D2828a7C93503c67777,0x0f9563442d64ab3bd3bcb27058db0b0d4046a4c46f0acd811dacae9551d2b129,212334373732,212257.6615694581,203552181014759739,,,,,
0x48a80958bd38c9ec91108952adf7186f283f7544b183c96cf91a9bd0ef0f9652,1759263455,2025-09-30,2025-09-30 20:17,23478140,MarketWithdraw,0x777791C4d6DC2CE140D00D2828a7C93503c67777,0x0f9563442d64ab3bd3bcb27058db0b0d4046a4c46f0acd811dacae9551d2b129,279999981446,279898.82305270317,268418937324523019,,,,,
0x4b17eda9dec1c86018cb4947186eb7c974a4c4adf22ced7fe391e015ac2842c7,1759263743,2025-09-30,2025-09-30 20:22,23478164,MarketSupply,0x777791C4d6DC2CE140D00D2828a7C93503c67777,0x0f9563442d64ab3bd3bcb27058db0b0d4046a4c46f0acd811dacae9551d2b129,269999973977,269902.42838640156,258831777491285939,,,,,
0x720594bbb595eea0deab74420b8d900ed5e024b892906a49f847c6e1ed45d03a,1759264331,2025-09-30,2025-09-30 20:32,23478213,MarketSupply,0x777791C4d6DC2CE140D00D2828a7C93503c67777,0x0f9563442d64ab3bd3bcb27058db0b0d4046a4c46f0acd811dacae9551d2b129,10000010237,9996.397433301578,9586361390253918,,,,,
0x7a3a9e6e8067f78767871b421238e0076d9ea13cb3ed55dff99d7525f2ecb7cf,1759265687,2025-09-30,2025-09-30 20:54,23478326,MarketWithdraw,0xd63070114470f685b75B74D60EEc7c1113d33a3D,0x0f9563442d64ab3bd3bcb27058db0b0d4046a4c46f0acd811dacae9551d2b129,64691018171,64667.64659995518,62014914962547849,,,,,
0x70a4ce17493657be9cf8299fcf39cbdeadbb53e1e1c87b1924f233e96e5239e4,1759269287,2025-09-30,2025-09-30 21:54,23478622,MarketSupply,0xd63070114470f685b75B74D60EEc7c1113d33a3D,0x0f9563442d64ab3bd3bcb27058db0b0d4046a4c46f0acd811dacae9551d2b129,4856124854,4854.6825849183615,4655203165152721,,,,,
0xeaf289dc1bb40b6cc9d7948abe07949469cea6e1b14432236a7d05d899c8b466,1759272587,2025-09-30,2025-09-30 22:49,23478894,MarketWithdraw,0xd63070114470f685b75B74D60EEc7c1113d33a3D,0x0f9563442d64ab3bd3bcb27058db0b0d4046a4c46f0acd811dacae9551d2b129,10694215679,10690.352072759491,10251671012125376,,,,,
0xec2bc5dc210fda7a59fb197b9ec7bdd6935c8e3ed36573ab20f84d4b1c3e0041,1759276187,2025-09-30,2025-09-30 23:49,23479192,MarketSupply,0xd63070114470f685b75B74D60EEc7c1113d33a3D,0x0f9563442d64ab3bd3bcb27058db0b0d4046a4c46f0acd811dacae9551d2b129,31731817891,31722.330077450588,30418464313791311,,,,,
0xa0ea63816e7fd77fc9eae083dfd4ad85065872801e7a8f2fc160831568af471a,1759277723,2025-10-01,2025-10-01 00:15,23479320,MarketWithdraw,0x55555815a5595991C3A0Ff119B59AEF6C8B55555,0x0f9563442d64ab3bd3bcb27058db0b0d4046a4c46f0acd811dacae9551d2b129,67667891060,67643.44400431783,64866964406404142,,,,,
0xd797021ab04c75bc22e08bfedc165cc5002e714cc17dd8a59acd5c179b457df4,1759278815,2025-10-01,2025-10-01 00:33,23479410,MarketWithdraw,0x777791C4d6DC2CE140D00D2828a7C93503c67777,0x0f9563442d64ab3bd3bcb27058db0b0d4046a4c46f0acd811dacae9551d2b129,173534802049,173472.10739571572,166351395568794643,,,,,
0xbff4a1b121b81afbcb85cbd8075fac7d544a9d0c5479602a38275b09520a8e2d,1759279391,2025-10-01,2025-10-01 00:43,23479457,MarketSupply,0x777791C4d6DC2CE140D00D2828a7C93503c67777,0x0f9563442d64ab3bd3bcb27058db0b0d4046a4c46f0acd811dacae9551d2b129,249999902207,249909.58224233065,239649842670014273,,,,,
0xead0f8a0f6a583403437ac5c0e69439c8a8ef2011239d0c980dc8ee4fa362b93,1759280135,2025-10-01,2025-10-01 00:55,23479518,MarketWithdraw,0xd63070114470f685b75B74D60EEc7c1113d33a3D,0x0f9563442d64ab3bd3bcb27058db0b0d4046a4c46f0acd811dacae9551d2b129,509451257,509.26720244987104,488359090107101,,,,,
0xc5c263298e44953ef42dabd58d42ad50b3a6458596c0c6e4f99d883bf62277da,1759283639,2025-10-01,2025-10-01 01:53,23479808,MarketWithdraw,0xd63070114470f685b75B74D60EEc7c1113d33a3D,0x0f9563442d64ab3bd3bcb27058db0b0d4046a4c46f0acd811dacae9551d2b129,9303157140,9299.5289087154,8917925296756026,,,,,
0x12143a017b4a7f01ac65fd78a88a2f40618125fff3cc6d801af95d2324d6db69,1759287575,2025-10-01,2025-10-01 02:59,23480133,MarketSupply,0xd63070114470f685b75B74D60EEc7c1113d33a3D,0x0f9563442d64ab3bd3bcb27058db0b0d4046a4c46f0acd811dacae9551d2b129,22268722177,22260.03737535097,21346426487932819,,,,,
0x3db0873d5bf14105545ee71a354b90b5830604655adc20a0d474c16c33c0e296,1759287863,2025-10-01,2025-10-01 03:04,23480157,MarketWithdraw,0x777791C4d6DC2CE140D00D2828a7C93503c67777,0x0f9563442d64ab3bd3bcb27058db0b0d4046a4c46f0acd811dacae9551d2b129,262456015987,262353.6581407651,251585820617064206,,,,,
0x3328c2e2e27c3a8ca64a4cdc875f8402dfbed7c4db5268de5ec187c7a72937ac,1759287887,2025-10-01,2025-10-01 03:04,23480159,MarketSupply,0x777791C4d6DC2CE140D00D2828a7C93503c67777,0x0f9563442d64ab3bd3bcb27058db0b0d4046a4c46f0acd811dacae9551d2b129,249999963959,249902.46397305597,239645604767167137,,,,,
0x5f8c7617296026322df2497354e10706245425a23d7ac334917ad4bee13a90f9,1759287923,2025-10-01,2025-10-01 03:05,23480162,MarketWithdraw,0x777791C4d6DC2CE140D00D2828a7C93503c67777,0x0f9563442d64ab3bd3bcb27058db0b0d4046a4c46f0acd811dacae9551d2b129,249999963959,249902.46397305597,239645586845274679,,,,,
0xb761d4646d5562a4edfaf0c29a1e2f9ce1e1e151a39f673da5515e55c25cb1c8,1759288079,2025-10-01,2025-10-01 03:07,23480175,MarketSupply,0x55555815a5595991C3A0Ff119B59AEF6C8B55555,0x0f9563442d64ab3bd3bcb27058db0b0d4046a4c46f0acd811dacae9551d2b129,66955573286,66929.46061241846,64182337630432671,,,,,
0x41ec2bbfe510daccb433cc046b873e42542f8ec8316c50704ba0b12bb3e31f36,1759290299,2025-10-01,2025-10-01 03:44,23480359,MarketSupply,0x777791C4d6DC2CE140D00D2828a7C93503c67777,0x0f9563442d64ab3bd3bcb27058db0b0d4046a4c46f0acd811dacae9551d2b129,233044392548,232953.50523490628,223388720556103925,,,,,
0xa9a21197c8de81b80f7c183791864b7c99eeb9cba721fb8a37e3b9194dda24f4,1759290491,2025-10-01,2025-10-01 03:48,23480375,MarketWithdraw,0xd63070114470f685b75B74D60EEc7c1113d33a3D,0x0f9563442d64ab3bd3bcb27058db0b0d4046a4c46f0acd811dacae9551d2b129,31505725465,31493.43823206865,30200344890195093,,,,,
0xb19c76ea47437fa0b98187239848529ab29ed7ca560c19730c219844e0455235,1759291751,2025-10-01,2025-10-01 04:09,23480478,MarketWithdraw,0x55555815a5595991C3A0Ff119B59AEF6C8B55555,0x0f9563442d64ab3bd3bcb27058db0b0d4046a4c46f0acd811dacae9551d2b129,66956729114,66932.5389869057,64182337630432671,,,,,
0x5c778781ecd1f6aacd9a44b16f35be9b5fef69bc756d9c5cfe764431777cf760,1759291799,2025-10-01,2025-10-01 04:09,23480482,MarketSupply,0x777791C4d6DC2CE140D00D2828a7C93503c67777,0x0f9563442d64ab3bd3bcb27058db0b0d4046a4c46f0acd811dacae9551d2b129,48462468750,48444.96022929,46454392943502954,,,,,
0xb1fa500116234e358777d1407f806ca0f3a01d4ae29763e65715d1469e8a226a,1759294211,2025-10-01,2025-10-01 04:50,23480683,MarketSupply,0xd63070114470f685b75B74D60EEc7c1113d33a3D,0x0f9563442d64ab3bd3bcb27058db0b0d4046a4c46f0acd811dacae9551d2b129,11150214838,11146.186488383328,10688144341483249,,,,,
0x10bca4644fd98c98d3bdbb16474974b21d4ad4e1bcc47d53b30525767a0fadfe,1759295459,2025-10-01,2025-10-01 05:10,23480786,MarketWithdraw,0x777791C4d6DC2CE140D00D2828a7C93503c67777,0x0f9563442d64ab3bd3bcb27058db0b0d4046a4c46f0acd811dacae9551d2b129,31150226580,31138.171442313538,29859268912499179,,,,,
0x13a5ec6468b1f8192f042111435de02fa8affea28d523589032839b4ba1a391d,1759296179,2025-10-01,2025-10-01 05:22,23480844,MarketWithdraw,0x777791C4d6DC2CE140D00D2828a7C93503c67777,0x0f9563442d64ab3bd3bcb27058db0b0d4046a4c46f0acd811dacae9551d2b129,229999968263,229910.9582752822,220467750902172679,,,,,
0xb3aef6c4a83a0ffd618926926f282e8bfa79e77b232a20ed4ea3cb445fd4b900,1759297955,2025-10-01,2025-10-01 05:52,23480992,MarketSupply,0xd63070114470f685b75B74D60EEc7c1113d33a3D,0x0f9563442d64ab3bd3bcb27058db0b0d4046a4c46f0acd811dacae9551d2b129,242244726233,242150.9775239478,232200808825121553,,,,,
0xb0632ef3ac8f6aece01d0748be76aabe0fdf6507fe5a16f24bcbeaaa511d3de4,1759302035,2025-10-01,2025-10-01 07:00,23481332,MarketSupply,0xd63070114470f685b75B74D60EEc7c1113d33a3D,0x0f9563442d64ab3bd3bcb27058db0b0d4046a4c46f0acd811dacae9551d2b129,8989675159,8986.427369158557,8616872541127032,,,,,
0x3b5f78046fd3e701cf6b9e07af35c882647db1d74285745f9014a798794b253b,1759304963,2025-10-01,2025-10-01 07:49,23481574,MarketSupply,0x777791C4d6DC2CE140D00D2828a7C93503c67777,0x0f9563442d64ab3bd3bcb27058db0b0d4046a4c46f0acd811dacae9551d2b129,122535557447,122491.28780080554,117453280775304782,,,,,
0x89b4369a998e80820ec369c5e8bccc4a16edddc3b35f8016e0c862699ba4ea53,1759305011,2025-10-01,2025-10-01 07:50,23481578,MarketWithdraw,0xd63070114470f685b75B74D60EEc7c1113d33a3D,0x0f9563442d64ab3bd3bcb27058db0b0d4046a4c46f0acd811dacae9551d2b129,12149156218,12144.766970841561,11645257589356772,,,,,
0xe082ee78a7d42f665b49a531f4933413044ad5f6a60f050252ce8b9d190d1f16,1759305587,2025-10-01,2025-10-01 07:59,23481625,MarketSupply,0x777791C4d6DC2CE140D00D2828a7C93503c67777,0x0f9563442d64ab3bd3bcb27058db0b0d4046a4c46f0acd811dacae9551d2b129,9999663138,9996.050459701502,9584906637677971,,,,,
0x267b8a4253fa4dd1673e0b23a12aa1d44235a86acbd95d7bcadd0451cc57da38,1759307123,2025-10-01,2025-10-01 08:25,23481751,MarketSupply,0x777791C4d6DC2CE140D00D2828a7C93503c67777,0x0f9563442d64ab3bd3bcb27058db0b0d4046a4c46f0acd811dacae9551d2b129,19999149896,19992.05019778692,19169589890543274,,,,,
0x518a65ffbdec2646473562133f365f91b8d5ba5c095fa41af482ab825d67e4ae,1759309283,2025-10-01,2025-10-01 09:01,23481930,MarketWithdraw,0xd63070114470f685b75B74D60EEc7c1113d33a3D,0x0f9563442d64ab3bd3bcb27058db0b0d4046a4c46f0acd811dacae9551d2b129,140194693173,140151.19075970844,134378925378312296,,,,,
0x3b7ccecadab13dabc5ed3149660f84b3921c242349cbc374af2cd3ad6d1957bd,1759309907,2025-10-01,2025-10-01 09:11,23481981,MarketSupply,0x777791C4d6DC2CE140D00D2828a7C93503c67777,0x0f9563442d64ab3bd3bcb27058db0b0d4046a4c46f0acd811dacae9551d2b129,28575061540,28566.19469840414,27389632164084907,,,,,
0xb094dc4e1c37235f0f67b85f624398436e511e37454dd6b67fe594500cf24263,1759312667,2025-10-01,2025-10-01 09:57,23482207,MarketWithdraw,0xd63070114470f685b75B74D60EEc7c1113d33a3D,0x0f9563442d64ab3bd3bcb27058db0b0d4046a4c46f0acd811dacae9551d2b129,35239355824,35228.42105188781,33777271579945874,,,,,
0xa70634f32ed1e0ee07801826b841d6ad2ae9fee54b5f30cb5ab79555cd22e7d7,1759312763,2025-10-01,2025-10-01 09:59,23482215,MarketWithdraw,0x777791C4d6DC2CE140D00D2828a7C93503c67777,0x0f9563442d64ab3bd3bcb27058db0b0d4046a4c46f0acd811dacae9551d2b129,2578923124,2578.1228841546226,2471922859899848,,,,,
0x3944ebe7edb9eab523c89fdb4a9d4ada33f63d1822be4bf9337a23a28a55710b,1759313915,2025-10-01,2025-10-01 10:18,23482310,MarketWithdraw,0x777791C4d6DC2CE140D00D2828a7C93503c67777,0x0f9563442d64ab3bd3bcb27058db0b0d4046a4c46f0acd811dacae9551d2b129,49929980000,49910.40744784001,47858254958382671,,,,,
0xf66f50758faca5313f72a7769e4a5fbc2b50cf10e92fcd434abd25cf7145a954,1759314827,2025-10-01,2025-10-01 10:33,23482386,MarketWithdraw,0x777791C4d6DC2CE140D00D2828a7C93503c67777,0x0f9563442d64ab3bd3bcb27058db0b0d4046a4c46f0acd811dacae9551d2b129,192251725074,192176.36239777098,184274327543297390,,,,,
0xb05e7d6234dafc8ccb40f8446e9864efd2335f5fb86121b6cfb1f5d29c0364fa,1759315895,2025-10-01,2025-10-01 10:51,23482474,MarketSupply,0xd63070114470f685b75B74D60EEc7c1113d33a3D,0x0f9563442d64ab3bd3bcb27058db0b0d4046a4c46f0acd811dacae9551d2b129,227870881762,227781.55637634933,218413094153924274,,,,,
0x0d241fbe353b333e0c4bc5a9941721455e7f582c25de9d07d6e558b721b5514f,1759317515,2025-10-01,2025-10-01 11:18,23482607,MarketWithdraw,0x777791C4d6DC2CE140D00D2828a7C93503c67777,0x0f9563442d64ab3bd3bcb27058db0b0d4046a4c46f0acd811dacae9551d2b129,103821042128,103788.82645862768,99511602521725249,,,,,
0x4c7386f405855b5609d9e7b793e426df03db7f1ca9939565318894a8611a36b0,1759319291,2025-10-01,2025-10-01 11:48,23482752,MarketSupply,0xd63070114470f685b75B74D60EEc7c1113d33a3D,0x0f9563442d64ab3bd3bcb27058db0b0d4046a4c46f0acd811dacae9551d2b129,103920348649,103888.10216481422,99606129287381234,,,,,
0x4285abd97b98c4610930e0b6af2d8927f3721c93a0c03cb3662e531569467195,1759323107,2025-10-01,2025-10-01 12:51,23483067,MarketWithdraw,0xd63070114470f685b75B74D60EEc7c1113d33a3D,0x0f9563442d64ab3bd3bcb27058db0b0d4046a4c46f0acd811dacae9551d2b129,6774438474,6772.419691334748,6493146951480165,,,,,
0x71b59cb3904e57a6e082aa4a595478b9550787315eb3d31b9a257833890f9b0a,1759323923,2025-10-01,2025-10-01 13:05,23483135,MarketWithdraw,0x8eB67A509616cd6A7c1B3c8C21D48FF57df3d458,0x0f9563442d64ab3bd3bcb27058db0b0d4046a4c46f0acd811dacae9551d2b129,104393265836,104360.87260561109,100058422366007608,,,,,
0x0c7b5e3137532b463cc0642325f970f77984ddbebeecda428284eea84be4a8bc,1759323959,2025-10-01,2025-10-01 13:05,23483138,MarketSupply,0x777791C4d6DC2CE140D00D2828a7C93503c67777,0x0f9563442d64ab3bd3bcb27058db0b0d4046a4c46f0acd811dacae9551d2b129,280000000000,279913.116,268373193983619078,,,,,
0xefe5b5898f6abed868a0096034b34563b5ed0dd12d3d5dd815731e100d9610b6,1759324415,2025-10-01,2025-10-01 13:13,23483176,MarketWithdraw,0x0F359FD18BDa75e9c49bC027E7da59a4b01BF32a,0x0f9563442d64ab3bd3bcb27058db0b0d4046a4c46f0acd811dacae9551d2b129,99999330854,99968.30106163601,95846849158699362,,,,,
0x83c02849ac337fe75bf244ea045f983ff3d116d96eae73c5e73595d306fe58ac,1759326527,2025-10-01,2025-10-01 13:48,23483350,MarketWithdraw,0xd63070114470f685b75B74D60EEc7c1113d33a3D,0x0f9563442d64ab3bd3bcb27058db0b0d4046a4c46f0acd811dacae9551d2b129,58159925109,58141.878084238684,55744594681534456,,,,,
0x5f823dc5bf11867cf1ce863d6badf84659f887b88dc3a677e781ba23d8337c91,1759329755,2025-10-01,2025-10-01 14:42,23483618,MarketSupply,0x777791C4d6DC2CE140D00D2828a7C93503c67777,0x0f9563442d64ab3bd3bcb27058db0b0d4046a4c46f0acd811dacae9551d2b129,21356757810,21349.09073394621,20469691034800859,,,,,
0x95bd2f7014f0928bef4d7d7fb959971fd07a9c5671bfc85c6a2146e0897c0dc9,1759330727,2025-10-01,2025-10-01 14:58,23483697,MarketWithdraw,0xd63070114470f685b75B74D60EEc7c1113d33a3D,0x0f9563442d64ab3bd3bcb27058db0b0d4046a4c46f0acd811dacae9551d2b129,2585033943,2584.105915814463,2477657913796847,,,,,
0x743b8f5f2e99e489e967152cc5cedb71b7adf2efb64b19864825b5e36131eeb8,1759333955,2025-10-01,2025-10-01 15:52,23483965,MarketWithdraw,0xd63070114470f685b75B74D60EEc7c1113d33a3D,0x0f9563442d64ab3bd3bcb27058db0b0d4046a4c46f0acd811dacae9551d2b129,3804222853,3803.0424026487144,3646180332290101,,,,,
0xb4edb8159ef0f37bb9ba5ef58c144aa80403bdd494ffa5df38cca95a1fd18aff,1759335275,2025-10-01,2025-10-01 16:14,23484074,MarketSupply,0x777791C4d6DC2CE140D00D2828a7C93503c67777,0x0f9563442d64ab3bd3bcb27058db0b0d4046a4c46f0acd811dacae9551d2b129,46389248451,46371.38859034637,44461933039281129,,,,,
0x41eaa5800b0bbc552e352302f6bec006af15e3772fb89fa30ae28b6c4c005108,1759337267,2025-10-01,2025-10-01 16:47,23484240,MarketWithdraw,0x777791C4d6DC2CE140D00D2828a7C93503c67777,0x0f9563442d64ab3bd3bcb27058db0b0d4046a4c46f0acd811dacae9551d2b129,1630706520,1630.0786979898,1562950051115366,,,,,
0xbe1f9495c1e68d3564713c677d53dc1d006541910516760fd872a6461984e1c8,1759337279,2025-10-01,2025-10-01 16:47,23484241,MarketWithdraw,0xd63070114470f685b75B74D60EEc7c1113d33a3D,0x0f9563442d64ab3bd3bcb27058db0b0d4046a4c46f0acd811dacae9551d2b129,29802231903,29790.758043717346,28563937285399267,,,,,
0x37bc951697c6d3b409238fd74ba49dfe316bff32404402e9a7b7e68a123d9a9c,1759340867,2025-10-01,2025-10-01 17:47,23484538,MarketSupply,0xd63070114470f685b75B74D60EEc7c1113d33a3D,0x0f9563442d64ab3bd3bcb27058db0b0d4046a4c46f0acd811dacae9551d2b129,1344464458,1344.0472706786825,1288591976748342,,,,,
0xbe97071dddeb59d59676ae53442c6f800272f9ec9b6af2da0ba453462de3a894,1759344779,2025-10-01,2025-10-01 18:52,23484859,MarketWithdraw,0xd63070114470f685b75B74D60EEc7c1113d33a3D,0x0f9563442d64ab3bd3bcb27058db0b0d4046a4c46f0acd811dacae9551d2b129,9901373890,9898.938152023062,9489822564841641,,,,,
0xd247cf08c826c7d31c929c22dcbf803e418486fdd25b750d934b89eb6792ec14,1759345019,2025-10-01,2025-10-01 18:56,23484878,MarketWithdraw,0x777791C4d6DC2CE140D00D2828a7C93503c67777,0x0f9563442d64ab3bd3bcb27058db0b0d4046a4c46f0acd811dacae9551d2b129,260010129620,259946.16712811348,249202666472867801,,,,,
0xa4bf19256b71faeac51c9cd32eb2fd9ee2efe41022c416c9af15c064f2f8b6e5,1759348079,2025-10-01,2025-10-01 19:47,23485131,MarketSupply,0xd63070114470f685b75B74D60EEc7c1113d33a3D,0x0f9563442d64ab3bd3bcb27058db0b0d4046a4c46f0acd811dacae9551d2b129,260166796679,260086.0669219905,249344996615018733,,,,,
0x4ad9c71dfed22fb5b34f98adec7aa8726d71ad578c541a212f1c97a2fb3854b6,1759354775,2025-10-01,2025-10-01 21:39,23485683,MarketSupply,0x777791C4d6DC2CE140D00D2828a7C93503c67777,0x0f9563442d64ab3bd3bcb27058db0b0d4046a4c46f0acd811dacae9551d2b129,253877328656,253806.24300397633,243313771713979430,,,,,
0xaad90f3d285003e613eeb22b3921230d8bd374e00308acdd950cec5dc421f196,1759355519,2025-10-01,2025-10-01 21:51,23485745,MarketWithdraw,0xd63070114470f685b75B74D60EEc7c1113d33a3D,0x0f9563442d64ab3bd3bcb27058db0b0d4046a4c46f0acd811dacae9551d2b129,235509969057,235444.02626566406,225710385549625477,,,,,
0x49d307029365dd4b185020432afc9c874299a2a5c296349600bc92b8f35faef4,1759357031,2025-10-01,2025-10-01 22:17,23485870,MarketWithdraw,0x777791C4d6DC2CE140D00D2828a7C93503c67777,0x0f9563442d64ab3bd3bcb27058db0b0d4046a4c46f0acd811dacae9551d2b129,278534156278,278447.72712930694,266943514877806792,,,,,
0xab5f54ed4f0f0e27cb2d7f1cb845f5cb10d75bc6dad411505de55f8e10f86c9c,1759357499,2025-10-01,2025-10-01 22:24,23485908,MarketSupply,0x55555815a5595991C3A0Ff119B59AEF6C8B55555,0x0f9563442d64ab3bd3bcb27058db0b0d4046a4c46f0acd811dacae9551d2b129,71656460171,71634.22517140894,68674289825719374,,,,,
0x54d0fe9ed680509f4d0072f27050ca599eb9ef24744a554e0841d0f4ff555771,1759358363,2025-10-01,2025-10-01 22:39,23485980,MarketSupply,0x777791C4d6DC2CE140D00D2828a7C93503c67777,0x0f9563442d64ab3bd3bcb27058db0b0d4046a4c46f0acd811dacae9551d2b129,298532076096,298439.4415927874,286106342821193757,,,,,
0x3aaf80790ec41e4067bb4894136f378f268bfa6ecae83b5e15f2fdeb09cde2f4,1759358663,2025-10-01,2025-10-01 22:44,23486005,MarketWithdraw,0x777791C4d6DC2CE140D00D2828a7C93503c67777,0x0f9563442d64ab3bd3bcb27058db0b0d4046a4c46f0acd811dacae9551d2b129,360000200275,359888.4922128547,345015801191216500,,,,,
0x1757ed8988db47d645d78b243a7a8afa379f8d8afe71007aa18422990fc0bb2f,1759358987,2025-10-01,2025-10-01 22:49,23486032,MarketSupply,0x777791C4d6DC2CE140D00D2828a7C93503c67777,0x0f9563442d64ab3bd3bcb27058db0b0d4046a4c46f0acd811dacae9551d2b129,310000000000,309903.80700000003,297095844368814937,,,,,
0xde5e6c979f54d169ebb5116e891dd027d9e2230988cc45e67054a799e9439c30,1759359347,2025-10-01,2025-10-01 22:55,23486062,MarketWithdraw,0xd63070114470f685b75B74D60EEc7c1113d33a3D,0x0f9563442d64ab3bd3bcb27058db0b0d4046a4c46f0acd811dacae9551d2b129,50805603524,50789.8385452265,48690719641199540,,,,,
0x4043d06942890840611f42ce8c25fd29737d9a94547842aaa403ebcc60b542da,1759361195,2025-10-01,2025-10-01 23:26,23486216,MarketWithdraw,0x55555815a5595991C3A0Ff119B59AEF6C8B55555,0x0f9563442d64ab3bd3bcb27058db0b0d4046a4c46f0acd811dacae9551d2b129,71657432774,71637.0820630922,68674289825719374,,,,,
0x2d24ab1f30652562de30fa19118419b80dd786fb524dde2b659e8dc90d427504,1759361231,2025-10-01,2025-10-01 23:27,23486219,MarketSupply,0x777791C4d6DC2CE140D00D2828a7C93503c67777,0x0f9563442d64ab3bd3bcb27058db0b0d4046a4c46f0acd811dacae9551d2b129,62274683841,62256.99783078916,59682145739668061,,,,,
0x0816eb4b059f5dfbc3755cef118416dbb43431ee84ce26cf35c3e8eedc646a2f,1759363019,2025-10-01,2025-10-01 23:56,23486368,MarketSupply,0xd63070114470f685b75B74D60EEc7c1113d33a3D,0x0f9563442d64ab3bd3bcb27058db0b0d4046a4c46f0acd811dacae9551d2b129,1697769737,1697.2875703946922,1627084384422882,,,,,
0x6b78f95e56c66723811fdf67be33d9b7a193bfde039c7ca3c9be634de637121f,1759364699,2025-10-02,2025-10-02 00:24,23486508,MarketSupply,0x777791C4d6DC2CE140D00D2828a7C93503c67777,0x0f9563442d64ab3bd3bcb27058db0b0d4046a4c46f0acd811dacae9551d2b129,8302228259,8299.652077571232,7956543662581434,,,,,
0x5df5a5634340538aa1aa4cd317218dd22457ac71a195574e8115e90f143aafff,1759366115,2025-10-02,2025-10-02 00:48,23486626,MarketWithdraw,0x777791C4d6DC2CE140D00D2828a7C93503c67777,0x0f9563442d64ab3bd3bcb27058db0b0d4046a4c46f0acd811dacae9551d2b129,10000000247,9996.897246923356,9583596744287334,,,,,
0x4b9d56db2fc7af45d05c801ef44b64c6405b3a12070a943ba6ca189a292a6327,1759366175,2025-10-02,2025-10-02 00:49,23486631,MarketWithdraw,0xd63070114470f685b75B74D60EEc7c1113d33a3D,0x0f9563442d64ab3bd3bcb27058db0b0d4046a4c46f0acd811dacae9551d2b129,12492993814,12489.117238019515,11972779701176428,,,,,
0x613883aa83aa3cfeb8ff513214a1844b781ffc6db7640da1f2d8cd90d385ded6,1759367567,2025-10-02,2025-10-02 01:12,23486746,MarketSupply,0x777791C4d6DC2CE140D00D2828a7C93503c67777,0x0f9563442d64ab3bd3bcb27058db0b0d4046a4c46f0acd811dacae9551d2b129,12492993876,12490.545249200304,11972744804221813,,,,,
0x7f4a624e33c57f869b5a5bda1a47b4d42757b42c4b6029946b22104374218b3d,1759369907,2025-10-02,2025-10-02 01:51,23486940,MarketSupply,0xd63070114470f685b75B74D60EEc7c1113d33a3D,0x0f9563442d64ab3bd3bcb27058db0b0d4046a4c46f0acd811dacae9551d2b129,4140227902,4139.416417331207,3967796069989395,,,,,
0x574530d121039c59214cfbbfcf55fabb8b21f220af5ba09f1a1ed34813d177cd,1759371863,2025-10-02,2025-10-02 02:24,23487103,MarketWithdraw,0x777791C4d6DC2CE140D00D2828a7C93503c67777,0x0f9563442d64ab3bd3bcb27058db0b0d4046a4c46f0acd811dacae9551d2b129,264140209248,264058.24654107034,253138301738388321,,,,,
0x1e40911a1b7e3c46f7594f0f21391e218cc659cc0a476abcc30f72836d4069fc,1759371923,2025-10-02,2025-10-02 02:25,23487108,MarketSupply,0x777791C4d6DC2CE140D00D2828a7C93503c67777,0x0f9563442d64ab3bd3bcb27058db0b0d4046a4c46f0acd811dacae9551d2b129,239999955999,239925.4840126535,230003390979500763,,,,,
0x48f9409e35d0ce35bc6e70c8474c3fd4c196796b247d6a37136509737b658516,1759373567,2025-10-02,2025-10-02 02:52,23487244,MarketSupply,0xd63070114470f685b75B74D60EEc7c1113d33a3D,0x0f9563442d64ab3bd3bcb27058db0b0d4046a4c46f0acd811dacae9551d2b129,7071611093,7069.416772077842,6777038245596128,,,,,
0xccf8af6dc18ccb82cf242662bffc7d7c0cb25a60033fcf7520ef50a19b0bf5dd,1759377659,2025-10-02,2025-10-02 04:00,23487583,MarketSupply,0xd63070114470f685b75B74D60EEc7c1113d33a3D,0x0f9563442d64ab3bd3bcb27058db0b0d4046a4c46f0acd811dacae9551d2b129,6957414855,6955.255969170494,6667541718035472,,,,,
0x5b880f1ded703eca88526dc4b8e8a644519d1553a4ff99295a07758a79ccb1cb,1759378967,2025-10-02,2025-10-02 04:22,23487692,MarketWithdraw,0x777791C4d6DC2CE140D00D2828a7C93503c67777,0x0f9563442d64ab3bd3bcb27058db0b0d4046a4c46f0acd811dacae9551d2b129,254028981947,253950.15675390183,243444477457890049,,,,,
0x53e6276e08290448517495ff64aa02c988d09b711331ebc42e69fe0be6e7076e,1759380755,2025-10-02,2025-10-02 04:52,23487838,MarketSupply,0x55555815a5595991C3A0Ff119B59AEF6C8B55555,0x0f9563442d64ab3bd3bcb27058db0b0d4046a4c46f0acd811dacae9551d2b129,69907930608,69886.23817713233,66993878212173693,,,,,
0x9a24ba01a30aff2eb94eb7c837308c113936e618366841e0a3c638a05474ff22,1759380803,2025-10-02,2025-10-02 04:53,23487842,MarketSupply,0x777791C4d6DC2CE140D00D2828a7C93503c67777,0x0f9563442d64ab3bd3bcb27058db0b0d4046a4c46f0acd811dacae9551d2b129,220092053419,220023.7588548241,210917639881514426,,,,,
0x96e4dc7064f670360fc4632d49079e8c78e6df4ad5782764bf65aa6cf9337222,1759380839,2025-10-02,2025-10-02 04:53,23487845,MarketSupply,0x0F359FD18BDa75e9c49bC027E7da59a4b01BF32a,0x0f9563442d64ab3bd3bcb27058db0b0d4046a4c46f0acd811dacae9551d2b129,99998885928,99967.85627369654,95830481637113999,,,,,
0xb2a3240e80dd6804ba14cc2c31d7bfaf4b78ec7c029f714027dd184c2b6abe36,1759381127,2025-10-02,2025-10-02 04:58,23487869,MarketWithdraw,0xd63070114470f685b75B74D60EEc7c1113d33a3D,0x0f9563442d64ab3bd3bcb27058db0b0d4046a4c46f0acd811dacae9551d2b129,132532184669,132491.0599320972,127007579198149054,,,,,
0x8fc088c26f2a77d99f513cfae8ea44bdadb52f76d1c2c1f2c1c29070475398e3,1759381427,2025-10-02,2025-10-02 05:03,23487894,MarketSupply,0x777791C4d6DC2CE140D00D2828a7C93503c67777,0x0f9563442d64ab3bd3bcb27058db0b0d4046a4c46f0acd811dacae9551d2b129,32533298494,32524.28677031716,31177128164093105,,,,,
0x6f3cb32bdebae05ced4d1d5cddbdb3c9c7036bce193a06bd6a7cf6e05f37b552,1759384631,2025-10-02,2025-10-02 05:57,23488159,MarketWithdraw,0xd63070114470f685b75B74D60EEc7c1113d33a3D,0x0f9563442d64ab3bd3bcb27058db0b0d4046a4c46f0acd811dacae9551d2b129,59050719367,59034.362317735344,56588789681205677,,,,,
0xe8e7fa2c81183b7611723c7a54b1906d0289e24be8266df3510ef00dca62b2b4,1759384967,2025-10-02,2025-10-02 06:02,23488187,MarketWithdraw,0x777791C4d6DC2CE140D00D2828a7C93503c67777,0x0f9563442d64ab3bd3bcb27058db0b0d4046a4c46f0acd811dacae9551d2b129,230949264413,230877.60085625265,221320419216691352,,,,,
0x55927a5711205e6bbe12611ab7db074c378ae8405911ab7ac622ecf50c6c8b32,1759385039,2025-10-02,2025-10-02 06:03,23488193,MarketSupply,0x55555815a5595991C3A0Ff119B59AEF6C8B55555,0x0f9563442d64ab3bd3bcb27058db0b0d4046a4c46f0acd811dacae9551d2b129,24778797426,24771.108565158713,23745690565011299,,,,,
0x9077cede7a73f8c0a725d45546748fc1d1dbddc98e89461b6081319eb8988c2d,1759385087,2025-10-02,2025-10-02 06:04,23488197,MarketSupply,0x777791C4d6DC2CE140D00D2828a7C93503c67777,0x0f9563442d64ab3bd3bcb27058db0b0d4046a4c46f0acd811dacae9551d2b129,245221175805,245145.08367414773,234997025805828331,,,,,
0xe63f06d8eb56534312f018780061e9c4d3d43ceeb720fefcc5f2885dc600ba24,1759385243,2025-10-02,2025-10-02 06:07,23488210,MarketWithdraw,0x777791C4d6DC2CE140D00D2828a7C93503c67777,0x0f9563442d64ab3bd3bcb27058db0b0d4046a4c46f0acd811dacae9551d2b129,269999973231,269916.19223930646,258742623496488174,,,,,
0xc89d3303ee7617983bd0f6d5633903f24609f2afe488326f4beeef510d5d0442,1759388435,2025-10-02,2025-10-02 07:00,23488475,MarketSupply,0xd63070114470f685b75B74D60EEc7c1113d33a3D,0x0f9563442d64ab3bd3bcb27058db0b0d4046a4c46f0acd811dacae9551d2b129,219703494692,219635.32069759708,210536263888356988,,,,,
0x6119b947c54473e31494255af3997cb13e61cec74d48a7201af2ba559f6695d3,1759388747,2025-10-02,2025-10-02 07:05,23488501,MarketSupply,0x777791C4d6DC2CE140D00D2828a7C93503c67777,0x0f9563442d64ab3bd3bcb27058db0b0d4046a4c46f0acd811dacae9551d2b129,188178332479,188141.44952583412,180326381441658871,,,,,
0x51d67c62ce77d601409ca9d766cd5ff6fce3558fc569c4646843438bc6e3c518,1759391291,2025-10-02,2025-10-02 07:48,23488712,MarketWithdraw,0xd63070114470f685b75B74D60EEc7c1113d33a3D,0x0f9563442d64ab3bd3bcb27058db0b0d4046a4c46f0acd811dacae9551d2b129,162276683667,162244.87743700127,155504795976094770,,,,,
0xe7ec61a6bd026c26d87340673cec50283cb3c7421b10b0630326e1fefc76fc5b,1759393583,2025-10-02,2025-10-02 08:26,23488902,MarketWithdraw,0x55555815a5595991C3A0Ff119B59AEF6C8B55555,0x0f9563442d64ab3bd3bcb27058db0b0d4046a4c46f0acd811dacae9551d2b129,94691533842,94666.67352670513,90739568777184992,,,,,
0xb00b52116df1df7177533d2807a9346041e915a59d92b45a2c741fe097ea1e0a,1759395491,2025-10-02,2025-10-02 08:58,23489055,MarketSupply,0xd63070114470f685b75B74D60EEc7c1113d33a3D,0x0f9563442d64ab3bd3bcb27058db0b0d4046a4c46f0acd811dacae9551d2b129,80803183165,80781.96909729185,77430469302581816,,,,,
0xb0bad42c592f29242712e9feccfb07478c390fdeb62c1b0790b8db9192be890a,1759397291,2025-10-02,2025-10-02 09:28,23489205,MarketSupply,0xd63070114470f685b75B74D60EEc7c1113d33a3D,0x0f9563442d64ab3bd3bcb27058db0b0d4046a4c46f0acd811dacae9551d2b129,202360,0.202304472416,193912772378,,,,,
0xeb39924c281fdac1615b51e6f4330d49d5ed88426a1858dc932195459674583c,1759398851,2025-10-02,2025-10-02 09:54,23489335,MarketSupply,0xd63070114470f685b75B74D60EEc7c1113d33a3D,0x0f9563442d64ab3bd3bcb27058db0b0d4046a4c46f0acd811dacae9551d2b129,3944481508,3943.3991422742047,3779812143691877,,,,,
0xbe56a8f0f54c0c58d8795b15d07deae9ea2767c3c4668d8216855e25a26d2b0d,1759401611,2025-10-02,2025-10-02 10:40,23489561,MarketWithdraw,0x777791C4d6DC2CE140D00D2828a7C93503c67777,0x0f9563442d64ab3bd3bcb27058db0b0d4046a4c46f0acd811dacae9551d2b129,235661476695,235594.54883561863,225822039991181677,,,,,
0x25384f31f6e14bf073a3d045f003818a340021edebd5e53f4e37a26a42dd954e,1759401659,2025-10-02,2025-10-02 10:40,23489565,MarketSupply,0x777791C4d6DC2CE140D00D2828a7C93503c67777,0x0f9563442d64ab3bd3bcb27058db0b0d4046a4c46f0acd811dacae9551d2b129,289999986516,289917.6265198295,277891647698453571,,,,,
0x0bb8f3c55d7c79e77395a6d68612ddcbf1ffe1f085350495933e675b8ff007e2,1759402487,2025-10-02,2025-10-02 10:54,23489634,MarketWithdraw,0xd63070114470f685b75B74D60EEc7c1113d33a3D,0x0f9563442d64ab3bd3bcb27058db0b0d4046a4c46f0acd811dacae9551d2b129,87438839247,87414.00661665385,83787874586975520,,,,,
0x7c58fb395b729f44fe0b4fdc7d126a82cff230b3ce875fe3ca08ad3f75d9cb88,1759403195,2025-10-02,2025-10-02 11:06,23489692,MarketWithdraw,0x777791C4d6DC2CE140D00D2828a7C93503c67777,0x0f9563442d64ab3bd3bcb27058db0b0d4046a4c46f0acd811dacae9551d2b129,73093197,73.0731402267432,70041117699042,,,,,
0xaa8d427abcb9f38b60ac62561f4b00fd9ed04952d0644ef79c7d3021bd78d4bb,1759405727,2025-10-02,2025-10-02 11:48,23489902,MarketSupply,0xd63070114470f685b75B74D60EEc7c1113d33a3D,0x0f9563442d64ab3bd3bcb27058db0b0d4046a4c46f0acd811dacae9551d2b129,31312471628,31303.879485785277,30004820093438678,,,,,
0x3471b64844a984a30558dc6d6b6240bbe280b13b46f4f524e996a29a274ea085,1759411475,2025-10-02,2025-10-02 13:24,23490380,MarketSupply,0x777791C4d6DC2CE140D00D2828a7C93503c67777,0x0f9563442d64ab3bd3bcb27058db0b0d4046a4c46f0acd811dacae9551d2b129,216199447796,216140.12266752476,207168116912696546,,,,,
0x0007d838a663ea30c4168c0a9bc3b8d453a8aa7663de62986e9ccce01bb8b849,1759411811,2025-10-02,2025-10-02 13:30,23490408,MarketWithdraw,0x0F359FD18BDa75e9c49bC027E7da59a4b01BF32a,0x0f9563442d64ab3bd3bcb27058db0b0d4046a4c46f0acd811dacae9551d2b129,199999233765,199944.3539752549,191644525526792851,,,,,
0x7cd01a332ac33616a3557de1e1456dd9e679f3c3481e6b5b378b510c85229398,1759412063,2025-10-02,2025-10-02 13:34,23490429,MarketWithdraw,0x777791C4d6DC2CE140D00D2828a7C93503c67777,0x0f9563442d64ab3bd3bcb27058db0b0d4046a4c46f0acd811dacae9551d2b129,114214912547,114183.5719749971,109443674938412514,,,,,
0x19a01e87fb1f7739536128496022bf46f3a61778415fb9be0313268d05e69e4a,1759413371,2025-10-02,2025-10-02 13:56,23490537,MarketSupply,0x777791C4d6DC2CE140D00D2828a7C93503c67777,0x0f9563442d64ab3bd3bcb27058db0b0d4046a4c46f0acd811dacae9551d2b129,184214138251,184163.58989146393,176517993348382177,,,,,
0x30ef67070d8d4e11b2d603235d8bce2e6fa695864c1c61260b66db2a03c0534f,1759413983,2025-10-02,2025-10-02 14:06,23490588,MarketWithdraw,0x777791C4d6DC2CE140D00D2828a7C93503c67777,0x0f9563442d64ab3bd3bcb27058db0b0d4046a4c46f0acd811dacae9551d2b129,199999980243,199961.18024683284,191644100867498600,,,,,
0xc37a2a012742e77110d4cf24d80ad326e9c05f61b0bf571d7ed2bc4616af0159,1759414715,2025-10-02,2025-10-02 14:18,23490649,MarketWithdraw,0x777791C4d6DC2CE140D00D2828a7C93503c67777,0x0f9563442d64ab3bd3bcb27058db0b0d4046a4c46f0acd811dacae9551d2b129,119999985192,119976.70519487275,114986126758488924,,,,,
0x4637a210e1d995a4f61e07e31ecdd698a19d27d21c3d4618340ce99ff0504947,1759414739,2025-10-02,2025-10-02 14:18,23490651,MarketSupply,0x777791C4d6DC2CE140D00D2828a7C93503c67777,0x0f9563442d64ab3bd3bcb27058db0b0d4046a4c46f0acd811dacae9551d2b129,99999922995,99980.52300993897,95821686570051651,,,,,
0x27a9780581dd8a42e827ebd7db2a750a50b7f6da669cd7f9190496d75e295940,1759415351,2025-10-02,2025-10-02 14:29,23490702,MarketSupply,0x777791C4d6DC2CE140D00D2828a7C93503c67777,0x0f9563442d64ab3bd3bcb27058db0b0d4046a4c46f0acd811dacae9551d2b129,10000029047,9998.089041364881,9582175326376828,,,,,
0x6293471310801f59b490e59dc64a0f0380b34fb077cce1a87a529fd93f483dbd,1759416395,2025-10-02,2025-10-02 14:46,23490787,MarketWithdraw,0x777791C4d6DC2CE140D00D2828a7C93503c67777,0x0f9563442d64ab3bd3bcb27058db0b0d4046a4c46f0acd811dacae9551d2b129,109999952042,109978.61205130385,105403092739075796,,,,,
0x0463333d01263b02c1460e9dec06caf63ad62d5ad1e6aa3ac6a599e9893a0319,1759418651,2025-10-02,2025-10-02 15:24,23490973,MarketSupply,0x777791C4d6DC2CE140D00D2828a7C93503c67777,0x0f9563442d64ab3bd3bcb27058db0b0d4046a4c46f0acd811dacae9551d2b129,89999922654,89975.22667522373,86236841786720576,,,,,
0x2719775794a6336d1d0bcecf2970767ee6e21af0fd4a488ed390cb441ac6392f,1759418651,2025-10-02,2025-10-02 15:24,23490973,MarketSupply,0x55555815a5595991C3A0Ff119B59AEF6C8B55555,0x0f9563442d64ab3bd3bcb27058db0b0d4046a4c46f0acd811dacae9551d2b129,61003460773,60986.72142336389,58452781291249307,,,,,
0xacb75616f3124782ec3be8fc155ab59b8111ed273c5ddfc29a6dc79c808ca458,1759419263,2025-10-02,2025-10-02 15:34,23491023,MarketWithdraw,0x777791C4d6DC2CE140D00D2828a7C93503c67777,0x0f9563442d64ab3bd3bcb27058db0b0d4046a4c46f0acd811dacae9551d2b129,51003408287,50989.41295176605,48870774100787486,,,,,
0xf6ecbe595fac115d850b9c602191ce7a932ab06235b8ef7612fe268443164fef,1759422947,2025-10-02,2025-10-02 16:35,23491330,MarketWithdraw,0x55555815a5595991C3A0Ff119B59AEF6C8B55555,0x0f9563442d64ab3bd3bcb27058db0b0d4046a4c46f0acd811dacae9551d2b129,13338860366,13335.01977439449,12780884716848608,,,,,
0xdc6717b7658e7927eb7118f0683d8b743bc872366dab8dec8098c56276da50bc,1759424891,2025-10-02,2025-10-02 17:08,23491492,MarketSupply,0x777791C4d6DC2CE140D00D2828a7C93503c67777,0x0f9563442d64ab3bd3bcb27058db0b0d4046a4c46f0acd811dacae9551d2b129,23338861911,23332.45772729162,22362336346760533,,,,,
0x0ef5f88fff52fc6e9eb4b0bd865619c7c7d7c3bbe7deb100aea8d63a71c6856f,1759425395,2025-10-02,2025-10-02 17:16,23491534,MarketSupply,0xd63070114470f685b75B74D60EEc7c1113d33a3D,0x0f9563442d64ab3bd3bcb27058db0b0d4046a4c46f0acd811dacae9551d2b129,106037008246,106007.9116909373,101600067757233465,,,,,
0x3e029ddadd36d969985d803114cf0c383ea6184e0c5b114268d57ede9c85372f,1759427447,2025-10-02,2025-10-02 17:50,23491705,MarketWithdraw,0x777791C4d6DC2CE140D00D2828a7C93503c67777,0x0f9563442d64ab3bd3bcb27058db0b0d4046a4c46f0acd811dacae9551d2b129,216036984931,215977.70438233495,206996346932290689,,,,,
0x4885455f33cb1b731a8cb26434612de751fdd1caf7f7c8ad6572e8bd718dc307,1759427783,2025-10-02,2025-10-02 17:56,23491733,MarketSupply,0x777791C4d6DC2CE140D00D2828a7C93503c67777,0x0f9563442d64ab3bd3bcb27058db0b0d4046a4c46f0acd811dacae9551d2b129,149999980392,149958.82039738042,143722332108065595,,,,,
0x0172f15844b7ba03c9aa95a21dd0134c228eebaf151f2a6d152a3da73fae468a,1759428155,2025-10-02,2025-10-02 18:02,23491764,MarketSupply,0x0404fD1a77756EB029F06b5CDea88B2B2ddC2fEE,0x0f9563442d64ab3bd3bcb27058db0b0d4046a4c46f0acd811dacae9551d2b129,3764024179,3762.948917296103,3606492484367187,,,,,
0xc5d58ea6996d41688bcc5138495c7a9699bd64812d7d513d6995c6a40fa872ea,1759429367,2025-10-02,2025-10-02 18:22,23491864,MarketWithdraw,0x777791C4d6DC2CE140D00D2828a7C93503c67777,0x0f9563442d64ab3bd3bcb27058db0b0d4046a4c46f0acd811dacae9551d2b129,153764004571,153720.07909717454,147328240612547957,,,,,
0x9123a930916354eb143615643c821cb04ae3a4ee17f02f89a3bd685902fb7ed1,1759432631,2025-10-02,2025-10-02 19:17,23492134,MarketSupply,0x777791C4d6DC2CE140D00D2828a7C93503c67777,0x0f9563442d64ab3bd3bcb27058db0b0d4046a4c46f0acd811dacae9551d2b129,229999942285,229936.830300837,220365821972566126,,,,,
0x2be57419435cfe3d26d497cb3813d4f6dd9dfb6774cfb5e1f9803a67e3c5d6bc,1759436891,2025-10-02,2025-10-02 20:28,23492486,MarketSupply,0x777791C4d6DC2CE140D00D2828a7C93503c67777,0x0f9563442d64ab3bd3bcb27058db0b0d4046a4c46f0acd811dacae9551d2b129,10000037706,9997.259321513013,9581072376787061,,,,,
0x9d466da0d0638cbe667cf32a1bde385cefbd4f67dac039cc031b50c495ae46d5,1759436951,2025-10-02,2025-10-02 20:29,23492491,MarketWithdraw,0x777791C4d6DC2CE140D00D2828a7C93503c67777,0x0f9563442d64ab3bd3bcb27058db0b0d4046a4c46f0acd811dacae9551d2b129,239999979991,239933.29902029887,229944821129209191,,,,,
0xb176104e2a0ed9e06039e202116a645dd34e8ed82424f84b18326506a130790d,1759437515,2025-10-02,2025-10-02 20:38,23492536,MarketSupply,0x777791C4d6DC2CE140D00D2828a7C93503c67777,0x0f9563442d64ab3bd3bcb27058db0b0d4046a4c46f0acd811dacae9551d2b129,121401857302,121368.12732548034,116314857242618345,,,,,
0x4900cf2bf1c8071f200076979cc801dad68b3ef2b5f432e988707fffbab8cf17,1759454279,2025-10-03,2025-10-03 01:17,23493918,MarketSupply,0x777791C4d6DC2CE140D00D2828a7C93503c67777,0x0f9563442d64ab3bd3bcb27058db0b0d4046a4c46f0acd811dacae9551d2b129,28598090706,28592.672064386854,27397961340853182,,,,,
0xeb947768cc4df8db32b26fdd4d9e4bbe44c6879fa2f39356ce0d82add872a562,1759455995,2025-10-03,2025-10-03 01:46,23494059,MarketWithdraw,0x55555815a5595991C3A0Ff119B59AEF6C8B55555,0x0f9563442d64ab3bd3bcb27058db0b0d4046a4c46f0acd811dacae9551d2b129,23121843307,23117.46228088172,22151425156893862,,,,,
0x20e7bf5118253d977a8491cd354c714ae45e21a2a033555551e637a5d8212a23,1759462943,2025-10-03,2025-10-03 03:42,23494634,MarketWithdraw,0x55555815a5595991C3A0Ff119B59AEF6C8B55555,0x0f9563442d64ab3bd3bcb27058db0b0d4046a4c46f0acd811dacae9551d2b129,1078786029,1078.503007056502,1033483078444584,,,,,
0xf91e0305f75aa9ceff25c4c697f3a407b6d44d28ed811de8fef4caade1570be5,1759483439,2025-10-03,2025-10-03 09:23,23496336,MarketWithdraw,0x777791C4d6DC2CE140D00D2828a7C93503c67777,0x0f9563442d64ab3bd3bcb27058db0b0d4046a4c46f0acd811dacae9551d2b129,125799318672,125762.20787299174,120507158077114376,,,,,
0x53ac8fa99d143ab3e55f667756730d99a054bb198a44467cfd92f8595944c4da,1759483487,2025-10-03,2025-10-03 09:24,23496340,MarketSupply,0x777791C4d6DC2CE140D00D2828a7C93503c67777,0x0f9563442d64ab3bd3bcb27058db0b0d4046a4c46f0acd811dacae9551d2b129,149999954788,149955.70480133753,143689641847850404,,,,,
0x4049b85b95566d96ea38fbba001e269f59f2aad8c12d5c6e26ceae443d201a8e,1759486139,2025-10-03,2025-10-03 10:08,23496560,MarketWithdraw,0x777791C4d6DC2CE140D00D2828a7C93503c67777,0x0f9563442d64ab3bd3bcb27058db0b0d4046a4c46f0acd811dacae9551d2b129,149999954788,149948.6578034616,143688615613946801,,,,,
0x588f13fd1ca874cd6232cbc5ac18482a3bd4621a4505c6262ae70bdc349fa683,1759486199,2025-10-03,2025-10-03 10:09,23496565,MarketSupply,0x55555815a5595991C3A0Ff119B59AEF6C8B55555,0x0f9563442d64ab3bd3bcb27058db0b0d4046a4c46f0acd811dacae9551d2b129,54444672768,54426.053778806796,52153846848210813,,,,,
0x790a856e9bf93bffb63e1a1fe8f2d1e817110c2d67e753b536f57c724bf7e573,1759488815,2025-10-03,2025-10-03 10:53,23496783,MarketSupply,0xd63070114470f685b75B74D60EEc7c1113d33a3D,0x0f9563442d64ab3bd3bcb27058db0b0d4046a4c46f0acd811dacae9551d2b129,190304705868,190239.62546468727,182293876458030908,,,,,
0x30abc3833d6519cb27f5e290a2a661e5fbb458f8b40b979fa11fa3c1dd5829c9,1759490843,2025-10-03,2025-10-03 11:27,23496950,MarketSupply,0x777791C4d6DC2CE140D00D2828a7C93503c67777,0x0f9563442d64ab3bd3bcb27058db0b0d4046a4c46f0acd811dacae9551d2b129,92688486569,92656.78896036313,88786395105962898,,,,,
0xedfa856b2766f0daa0d5bae1d280420fd7c2c5bac1e4b1e620380fd3cbf5932c,1759491071,2025-10-03,2025-10-03 11:31,23496969,MarketWithdraw,0x777791C4d6DC2CE140D00D2828a7C93503c67777,0x0f9563442d64ab3bd3bcb27058db0b0d4046a4c46f0acd811dacae9551d2b129,270000122128,269907.7874862347,258633273299757448,,,,,
0xb83f9b7aa8c96e7cd23e32e04e7237c542acb94524010a90acde1800425718bf,1759491587,2025-10-03,2025-10-03 11:39,23497011,MarketWithdraw,0x55555815a5595991C3A0Ff119B59AEF6C8B55555,0x0f9563442d64ab3bd3bcb27058db0b0d4046a4c46f0acd811dacae9551d2b129,1813952997,1813.3326613540862,1737580621945106,,,,,
0x3a3dd38f915f0dd591e9d6f4f23ca472218269f70aaf7ee0ad4bb03f631bb2dc,1759494155,2025-10-03,2025-10-03 12:22,23497224,MarketSupply,0x777791C4d6DC2CE140D00D2828a7C93503c67777,0x0f9563442d64ab3bd3bcb27058db0b0d4046a4c46f0acd811dacae9551d2b129,240000000000,239938.38183120653,229891328079478314,,,,,
0x70be2c9620446c0bc30cd544d961678f161125030476ecc3e272bdc7bab94117,1759496447,2025-10-03,2025-10-03 13:00,23497414,MarketWithdraw,0x777791C4d6DC2CE140D00D2828a7C93503c67777,0x0f9563442d64ab3bd3bcb27058db0b0d4046a4c46f0acd811dacae9551d2b129,146950729173,146900.4749626374,140760580504803365,,,,,
0x4d1e01ca22dfcef7fe3ec4250ced729e584871c7b1369d14afa839940166cab7,1759497059,2025-10-03,2025-10-03 13:10,23497464,MarketWithdraw,0x55555815a5595991C3A0Ff119B59AEF6C8B55555,0x0f9563442d64ab3bd3bcb27058db0b0d4046a4c46f0acd811dacae9551d2b129,46216394731,46200.58964832989,44269511549538014,,,,,
0xd64f76d140a572a623e10644e990f1603a76cf4e80810f64fc505be11fa81239,1759497119,2025-10-03,2025-10-03 13:11,23497469,MarketSupply,0x777791C4d6DC2CE140D00D2828a7C93503c67777,0x0f9563442d64ab3bd3bcb27058db0b0d4046a4c46f0acd811dacae9551d2b129,246949438523,246864.9867540139,236546536843623937,,,,,
0x9a1db69d08a82536003de41b0096aa0ea226286d66dbe16a2399734ab422bffc,1759499711,2025-10-03,2025-10-03 13:55,23497683,MarketWithdraw,0x777791C4d6DC2CE140D00D2828a7C93503c67777,0x0f9563442d64ab3bd3bcb27058db0b0d4046a4c46f0acd811dacae9551d2b129,80001714839,79974.35585255935,76631205374805708,,,,,
0xaac810f051eae97ccbe82c42041c2dbd7786228ac4676a2242133cdb904c8a01,1759500239,2025-10-03,2025-10-03 14:03,23497727,MarketWithdraw,0x0F359FD18BDa75e9c49bC027E7da59a4b01BF32a,0x0f9563442d64ab3bd3bcb27058db0b0d4046a4c46f0acd811dacae9551d2b129,99999225629,99979.47277158577,95786105158640194,,,,,
0xca532cad22b37df5a2f403adf4a43614b1ce31806f2eb7c1f025bddae832b4c9,1759500335,2025-10-03,2025-10-03 14:05,23497735,MarketWithdraw,0x777791C4d6DC2CE140D00D2828a7C93503c67777,0x0f9563442d64ab3bd3bcb27058db0b0d4046a4c46f0acd811dacae9551d2b129,19405186160,19401.353051564372,18587611777866565,,,,,
0xe4ce68d71eccf662c62272a36a321b86bbab01cb89eff9fb93958e782f0a944f,1759502243,2025-10-03,2025-10-03 14:37,23497893,MarketSupply,0x777791C4d6DC2CE140D00D2828a7C93503c67777,0x0f9563442d64ab3bd3bcb27058db0b0d4046a4c46f0acd811dacae9551d2b129,150000008107,149970.37858983493,143679589607308075,,,,,
0xeb5e06f41fda941b430f35f7213c703bc79ce761b844e6fb5a0a21e46d024f97,1759503599,2025-10-03,2025-10-03 14:59,23498006,MarketWithdraw,0x777791C4d6DC2CE140D00D2828a7C93503c67777,0x0f9563442d64ab3bd3bcb27058db0b0d4046a4c46f0acd811dacae9551d2b129,40000005324,39992.10411879803,38314454139504305,,,,,
0x1f68ddd3e5b4b840a1019249b4bc522b5eda1cafca742b60bceb8bed527d9c48,1759504151,2025-10-03,2025-10-03 15:09,23498052,MarketWithdraw,0x777791C4d6DC2CE140D00D2828a7C93503c67777,0x0f9563442d64ab3bd3bcb27058db0b0d4046a4c46f0acd811dacae9551d2b129,59999952300,59979.43351631245,57471560386798436,,,,,
0x255a4c46ae24c3bba388610b45d38e6ccfdf4751333941adbac4be7f4adc684d,1759504643,2025-10-03,2025-10-03 15:17,23498093,MarketWithdraw,0x55555815a5595991C3A0Ff119B59AEF6C8B55555,0x0f9563442d64ab3bd3bcb27058db0b0d4046a4c46f0acd811dacae9551d2b129,29893483293,29883.260319583464,28633743015789946,,,,,
0xa1439b005a326bc062fb7a72753c02b0689f81f15d6237e12164db8174878983,1759504679,2025-10-03,2025-10-03 15:17,23498096,MarketSupply,0x777791C4d6DC2CE140D00D2828a7C93503c67777,0x0f9563442d64ab3bd3bcb27058db0b0d4046a4c46f0acd811dacae9551d2b129,89893438416,89862.6966579305,86105234784276856,,,,,
0x9fe16da247422e5cec72b01958082ed2c609e41b906e5cc4653be625bc37865b,1759511759,2025-10-03,2025-10-03 17:15,23498684,MarketSupply,0x777791C4d6DC2CE140D00D2828a7C93503c67777,0x0f9563442d64ab3bd3bcb27058db0b0d4046a4c46f0acd811dacae9551d2b129,39999996913,39986.317714055695,38313778379205538,,,,,
0x44ab9dab1ac1c8c80210fead874f086d8f2e848f4f75a1d2e0fee7519a6a3fa5,1759514531,2025-10-03,2025-10-03 18:02,23498913,MarketSupply,0xd63070114470f685b75B74D60EEc7c1113d33a3D,0x0f9563442d64ab3bd3bcb27058db0b0d4046a4c46f0acd811dacae9551d2b129,15491955098,15485.986817800069,14838800580946555,,,,,
0xda4e4ca4755532e7641b1071a00ee411fcf7e3d48ccc28c0487c018899d9680e,1759515563,2025-10-03,2025-10-03 18:19,23498999,MarketSupply,0x777791C4d6DC2CE140D00D2828a7C93503c67777,0x0f9563442d64ab3bd3bcb27058db0b0d4046a4c46f0acd811dacae9551d2b129,54508033912,54487.0346761078,52209818824652482,,,,,
0x07d4c14704f0b6cf5f2691be8f9edb6ff1913f2c289dc4e76a97aa06734729eb,1759525487,2025-10-03,2025-10-03 21:04,23499823,MarketWithdraw,0x777791C4d6DC2CE140D00D2828a7C93503c67777,0x0f9563442d64ab3bd3bcb27058db0b0d4046a4c46f0acd811dacae9551d2b129,379999969600,379870.01721039624,363971210362648586,,,,,
0x01c4785c33bd8bd96fec7e37654881c215c3116b2bc1e2ece1ff124affa20a38,1759525499,2025-10-03,2025-10-03 21:04,23499824,MarketSupply,0x777791C4d6DC2CE140D00D2828a7C93503c67777,0x0f9563442d64ab3bd3bcb27058db0b0d4046a4c46f0acd811dacae9551d2b129,239999987872,239917.91267614753,229876531347391457,,,,,
0x502950d127fd07cfa75b5603f38c400aff9118fda7efa531bea74ec932741aff,1759525547,2025-10-03,2025-10-03 21:05,23499828,MarketSupply,0x0F359FD18BDa75e9c49bC027E7da59a4b01BF32a,0x0f9563442d64ab3bd3bcb27058db0b0d4046a4c46f0acd811dacae9551d2b129,99998976086,99964.77843615811,95780902120297688,,,,,
0x482c951471530c2375b1fa32076774cc8e0f113231a944d497fa1624c61332f2,1759527671,2025-10-03,2025-10-03 21:41,23500003,MarketSupply,0x777791C4d6DC2CE140D00D2828a7C93503c67777,0x0f9563442d64ab3bd3bcb27058db0b0d4046a4c46f0acd811dacae9551d2b129,184980962880,184917.70309031432,177177505778519629,,,,,
0x8eab370ddf1ff273f5ec8734ba9e3b509f69f9bca1e5285a34556b25cf1a9638,1759529867,2025-10-03,2025-10-03 22:17,23500186,MarketWithdraw,0x777791C4d6DC2CE140D00D2828a7C93503c67777,0x0f9563442d64ab3bd3bcb27058db0b0d4046a4c46f0acd811dacae9551d2b129,520001897567,519854.1902537795,498063701098293396,,,,,
0xf5c4dfbb4e05a28576176e26c5cba64b31fad389ab78d56e406d3f07b2b93391,1759530911,2025-10-03,2025-10-03 22:35,23500272,MarketSupply,0x777791C4d6DC2CE140D00D2828a7C93503c67777,0x0f9563442d64ab3bd3bcb27058db0b0d4046a4c46f0acd811dacae9551d2b129,520000000000,519852.29322578624,498056518732816180,,,,,
0x25ae8f5355146c0215502d5bc7b32810c10d534cc01b80a7d9890d2af173f3f0,1759540475,2025-10-04,2025-10-04 01:14,23501066,MarketWithdraw,0x777791C4d6DC2CE140D00D2828a7C93503c67777,0x0f9563442d64ab3bd3bcb27058db0b0d4046a4c46f0acd811dacae9551d2b129,520008263002,519906.8578417384,498056518732905872,,,,,
0x8664cf8f204d6535769b515fb7cce8cda29a3ff0c951de75a91de5f5000c99c6,1759540535,2025-10-04,2025-10-04 01:15,23501071,MarketSupply,0x55555815a5595991C3A0Ff119B59AEF6C8B55555,0x0f9563442d64ab3bd3bcb27058db0b0d4046a4c46f0acd811dacae9551d2b129,67493751824,67480.59008175987,64644515660092956,,,,,
0x84848ddd7d74d5df887a8da5c84767cf73b5c2bbf1cba4fbf7b4e31eb30f0dd4,1759549715,2025-10-04,2025-10-04 03:48,23501829,MarketSupply,0x777791C4d6DC2CE140D00D2828a7C93503c67777,0x0f9563442d64ab3bd3bcb27058db0b0d4046a4c46f0acd811dacae9551d2b129,620000000000,619878.7301957161,593791781089623629,,,,,
0x51fa39902cd7a20180fe2d676afa1287b3f2e50be07602452e7e5a334d244863,1759551407,2025-10-04,2025-10-04 04:16,23501970,MarketWithdraw,0x55555815a5595991C3A0Ff119B59AEF6C8B55555,0x0f9563442d64ab3bd3bcb27058db0b0d4046a4c46f0acd811dacae9551d2b129,67497899808,67474.81687622366,64644515660092956,,,,,
0xe3a3b6523f99218aea5355b91e441163a5177f0a7f7eb6dcdec99b0238415a32,1759561763,2025-10-04,2025-10-04 07:09,23502826,MarketWithdraw,0x777791C4d6DC2CE140D00D2828a7C93503c67777,0x0f9563442d64ab3bd3bcb27058db0b0d4046a4c46f0acd811dacae9551d2b129,620011350064,619889.8310001249,593791781089789899,,,,,
0xe0e663eedbd1653c8c1a17742fb0f048cdec62476b58c2b2b4e9792ba06be25f,1759561811,2025-10-04,2025-10-04 07:10,23502830,MarketSupply,0x777791C4d6DC2CE140D00D2828a7C93503c67777,0x0f9563442d64ab3bd3bcb27058db0b0d4046a4c46f0acd811dacae9551d2b129,520000000000,519898.0826508926,498009549396010746,,,,,
0x4c2bfbabf83fcaa1d6545dedde51d0be28ba40f33d7f9d75a79db90662f9fecd,1759565807,2025-10-04,2025-10-04 08:16,23503161,MarketWithdraw,0x777791C4d6DC2CE140D00D2828a7C93503c67777,0x0f9563442d64ab3bd3bcb27058db0b0d4046a4c46f0acd811dacae9551d2b129,50003456554,49984.50524396603,47888525648843781,,,,,
0xf66028924410e2e0573a9a34d155dea6a81573c218f5f15ad58a143fd5ecce89,1759566443,2025-10-04,2025-10-04 08:27,23503214,MarketSupply,0x777791C4d6DC2CE140D00D2828a7C93503c67777,0x0f9563442d64ab3bd3bcb27058db0b0d4046a4c46f0acd811dacae9551d2b129,59999480372,59976.74056893901,57461697171548454,,,,,
0xc68dfa14d2814eaed6388f20ec6a15aba6db7a308a7646c15ecd725205762769,1759566527,2025-10-04,2025-10-04 08:28,23503221,MarketWithdraw,0xd63070114470f685b75B74D60EEc7c1113d33a3D,0x0f9563442d64ab3bd3bcb27058db0b0d4046a4c46f0acd811dacae9551d2b129,17558580,17.55192529818,16815906751666,,,,,
0x1d32702fa04d52cd4f03211d9326d747edff64a76894f9ec4a16ef3bdf716327,1759568843,2025-10-04,2025-10-04 09:07,23503413,MarketWithdraw,0x777791C4d6DC2CE140D00D2828a7C93503c67777,0x0f9563442d64ab3bd3bcb27058db0b0d4046a4c46f0acd811dacae9551d2b129,40002095073,39994.269404660394,38309984900687589,,,,,
0xb446a2611ab382d37db182a1e41ce6b169a9e741ea965e232800b91793c03ef3,1759569095,2025-10-04,2025-10-04 09:11,23503434,MarketWithdraw,0xd63070114470f685b75B74D60EEc7c1113d33a3D,0x0f9563442d64ab3bd3bcb27058db0b0d4046a4c46f0acd811dacae9551d2b129,5128128,5.127124776822369,4911203311691,,,,,
0x5b8c962b2f3a4e2658c62642add13a661bba244926047483bde346dd5cbe2983,1759575347,2025-10-04,2025-10-04 10:55,23503955,MarketSupply,0x777791C4d6DC2CE140D00D2828a7C93503c67777,0x0f9563442d64ab3bd3bcb27058db0b0d4046a4c46f0acd811dacae9551d2b129,109994568265,109952.77032905929,105340571050474011,,,,,
0xf7066afc6563460a0f5925db8e60cca5c1e6c871fa737de38958b103141a595c,1759579727,2025-10-04,2025-10-04 12:08,23504318,MarketSupply,0x777791C4d6DC2CE140D00D2828a7C93503c67777,0x0f9563442d64ab3bd3bcb27058db0b0d4046a4c46f0acd811dacae9551d2b129,19995936079,19988.33762328998,19149755225296389,,,,,
0xbba1ec6d0ba71890b9cf0c5c91d8a2755ba120c6f8696083f145ef4721f6662b,1759596563,2025-10-04,2025-10-04 16:49,23505708,MarketWithdraw,0x777791C4d6DC2CE140D00D2828a7C93503c67777,0x0f9563442d64ab3bd3bcb27058db0b0d4046a4c46f0acd811dacae9551d2b129,40015813281,40000.26822360683,38321461041706039,,,,,
0x4204327933e039d5480bedd49b74ba171a6b534d75a69160b3532cb6d62a993c,1759598123,2025-10-04,2025-10-04 17:15,23505838,MarketSupply,0x777791C4d6DC2CE140D00D2828a7C93503c67777,0x0f9563442d64ab3bd3bcb27058db0b0d4046a4c46f0acd811dacae9551d2b129,13371914187,13366.83285960894,12805688506376201,,,,,
0xf11891ad2bf8c7b4bfa079133eba8add75fe12f01247584845b15c66c093f36d,1759598507,2025-10-04,2025-10-04 17:21,23505870,MarketWithdraw,0x777791C4d6DC2CE140D00D2828a7C93503c67777,0x0f9563442d64ab3bd3bcb27058db0b0d4046a4c46f0acd811dacae9551d2b129,593373678861,593148.1968630328,568247289758065038,,,,,
0xccd0b73afd70c46032452fac5a45ae3b1690fb24b866295b19834a5873159526,1759601627,2025-10-04,2025-10-04 18:13,23506129,MarketSupply,0x55555815a5595991C3A0Ff119B59AEF6C8B55555,0x0f9563442d64ab3bd3bcb27058db0b0d4046a4c46f0acd811dacae9551d2b129,69698089222,69684.4881383008,66744595050397524,,,,,
0xd553bcd748c99dbd281450266882b036825a8a630abc9c5bcb237fef1dc9f932,1759604507,2025-10-04,2025-10-04 19:01,23506367,MarketSupply,0x777791C4d6DC2CE140D00D2828a7C93503c67777,0x0f9563442d64ab3bd3bcb27058db0b0d4046a4c46f0acd811dacae9551d2b129,530000000000,529798.6,507531797505241870,,,,,
0xd10f1ed71887b0f19a6314e3f93591f7488ce89b933d4c6d8444a267aa657907,1759607051,2025-10-04,2025-10-04 19:44,23506577,MarketWithdraw,0x55555815a5595991C3A0Ff119B59AEF6C8B55555,0x0f9563442d64ab3bd3bcb27058db0b0d4046a4c46f0acd811dacae9551d2b129,69699622028,69673.13617162936,66744595050397524,,,,,
0xc313df442ab49e003841734b18125011f88e8a07fc7583cef27415a70ddea4ee,1759607111,2025-10-04,2025-10-04 19:45,23506582,MarketSupply,0x777791C4d6DC2CE140D00D2828a7C93503c67777,0x0f9563442d64ab3bd3bcb27058db0b0d4046a4c46f0acd811dacae9551d2b129,129997864129,129948.46494063096,124486384464911399,,,,,
0x01df89c01b8d213d1e6be887eb68bf8b3cb1ef07fbd9deede78e17c380de1031,1759612115,2025-10-04,2025-10-04 21:08,23506997,MarketWithdraw,0x777791C4d6DC2CE140D00D2828a7C93503c67777,0x0f9563442d64ab3bd3bcb27058db0b0d4046a4c46f0acd811dacae9551d2b129,660004848324,659754.0464816368,632018181970684660,,,,,
0x86d54d4a457336483a4ddfd6c0efbd2243f67d0bd7147727390d39cd3497f90c,1759612451,2025-10-04,2025-10-04 21:14,23507025,MarketSupply,0x777791C4d6DC2CE140D00D2828a7C93503c67777,0x0f9563442d64ab3bd3bcb27058db0b0d4046a4c46f0acd811dacae9551d2b129,550000000000,549791,526676134755341257,,,,,
0x2cea425e4c221be11e03123efb19097d90aa81be732fc417012a5e78c5cdad2a,1759614899,2025-10-04,2025-10-04 21:54,23507229,MarketWithdraw,0x777791C4d6DC2CE140D00D2828a7C93503c67777,0x0f9563442d64ab3bd3bcb27058db0b0d4046a4c46f0acd811dacae9551d2b129,50002166070,49983.1652468934,47881534255212897,,,,,
0x1689d7c004c81a2305ea50beb8bdfbe20924248092a7bdc9d4267fa6e826e8ec,1759629971,2025-10-05,2025-10-05 02:06,23508476,MarketWithdraw,0x777791C4d6DC2CE140D00D2828a7C93503c67777,0x0f9563442d64ab3bd3bcb27058db0b0d4046a4c46f0acd811dacae9551d2b129,50012636313,49997.90059887799,47890350131971446,,,,,
0x504b6f802a2e7eb865244d048fb8d5c5e6229ac781735dcd54a3df8291c8ef8b,1759635671,2025-10-05,2025-10-05 03:41,23508947,MarketWithdraw,0xca7c196f00e04A5e1c71B91476d0d58f82499734,0x0f9563442d64ab3bd3bcb27058db0b0d4046a4c46f0acd811dacae9551d2b129,1542719695,1542.1334615158999,1477239655913097,,,,,
0xb3a3addd60408014da1bb587aa2bf59b6752cc64019010b5dcea83fca1f99696,1759654931,2025-10-05,2025-10-05 09:02,23510539,MarketWithdraw,0x777791C4d6DC2CE140D00D2828a7C93503c67777,0x0f9563442d64ab3bd3bcb27058db0b0d4046a4c46f0acd811dacae9551d2b129,450019623210,449930.3202989955,430904250367418166,,,,,
0xb336dc3529eeb49a0642578b80b25cc7ca5f950de2b4adcdd94037758f9facec,1759656431,2025-10-05,2025-10-05 09:27,23510663,MarketSupplyCollateral,0x656C596CFa222741D3c84653c637bc6BFDE8FE4a,0x0f9563442d64ab3bd3bcb27058db0b0d4046a4c46f0acd811dacae9551d2b129,94003639210278528263,99.95870797044606,,,,,,
0xf5b65c621d6cc22e189d7a253f79f39a6b82902557e77f53a638e52d2d7206be,1759656827,2025-10-05,2025-10-05 09:33,23510696,MarketWithdrawCollateral,0x656C596CFa222741D3c84653c637bc6BFDE8FE4a,0x0f9563442d64ab3bd3bcb27058db0b0d4046a4c46f0acd811dacae9551d2b129,94003639210278528263,99.95870797044606,,,,,,
0xfac9bde8e216014aaa79cbbd4be5938449f662b80fbc609c07115288e172a9c5,1759659815,2025-10-05,2025-10-05 10:23,23510944,MarketSupply,0x55555815a5595991C3A0Ff119B59AEF6C8B55555,0x0f9563442d64ab3bd3bcb27058db0b0d4046a4c46f0acd811dacae9551d2b129,68980229617,68959.53278890572,66046858107340238,,,,,
0x10c7bd141b2ec921fdcd5d946dc71e8b09dd3d3c965278521747f94a9e03d38b,1759662755,2025-10-05,2025-10-05 11:12,23511189,MarketSupply,0x777791C4d6DC2CE140D00D2828a7C93503c67777,0x0f9563442d64ab3bd3bcb27058db0b0d4046a4c46f0acd811dacae9551d2b129,310000000000,309909.4296979636,296811750383818736,,,,,
0x34b35a7a9b234db5173360701a89f668ede7d546f1a0ea49ee28e83b976f76f1,1759664543,2025-10-05,2025-10-05 11:42,23511338,MarketWithdraw,0x777791C4d6DC2CE140D00D2828a7C93503c67777,0x0f9563442d64ab3bd3bcb27058db0b0d4046a4c46f0acd811dacae9551d2b129,35651131,35.64071508483029,34134319394877,,,,,
0x38762dada28c574030feee6165f63bae62481630f01e7d4e8f580677ffaafa8d,1759664723,2025-10-05,2025-10-05 11:45,23511353,MarketWithdraw,0x777791C4d6DC2CE140D00D2828a7C93503c67777,0x0f9563442d64ab3bd3bcb27058db0b0d4046a4c46f0acd811dacae9551d2b129,2003132296,2002.5470563320398,1917906459648538,,,,,
0x9d898d99fa95a150c6b3d06eb540b94ff5e5876aacab65001b91666b6dd67d58,1759665251,2025-10-05,2025-10-05 11:54,23511397,MarketWithdraw,0x55555815a5595991C3A0Ff119B59AEF6C8B55555,0x0f9563442d64ab3bd3bcb27058db0b0d4046a4c46f0acd811dacae9551d2b129,68981844999,68961.69110694647,66046858107340238,,,,,
0x2e6f95cd4f4335bc512b0e24474734babd943ec7f9dd344776c792aed6cbe5e0,1759671455,2025-10-05,2025-10-05 13:37,23511914,MarketSupply,0x777791C4d6DC2CE140D00D2828a7C93503c67777,0x0f9563442d64ab3bd3bcb27058db0b0d4046a4c46f0acd811dacae9551d2b129,52033479946,52018.69963677987,49818976374211157,,,,,
0xa67a42042755c121c4cf91d56aa0fc8635ccd3b392c78ed288484dd0e4e1e4cd,1759672691,2025-10-05,2025-10-05 13:58,23512017,MarketSupply,0xd63070114470f685b75B74D60EEc7c1113d33a3D,0x0f9563442d64ab3bd3bcb27058db0b0d4046a4c46f0acd811dacae9551d2b129,8753777,8.75129045612405,8381203387654,,,,,
0x9ef3fac1842fb40764d07ecb5417763b606a33f87c3935124d56338245519968,1759673267,2025-10-05,2025-10-05 14:07,23512065,MarketWithdraw,0x777791C4d6DC2CE140D00D2828a7C93503c67777,0x0f9563442d64ab3bd3bcb27058db0b0d4046a4c46f0acd811dacae9551d2b129,21611942648,21605.458200727895,20692083814861084,,,,,
0xb08ec90610b8961af7c373fe59560003269446dab2e31259e0d0ca8a6bade04c,1759676879,2025-10-05,2025-10-05 15:07,23512364,MarketWithdraw,0x777791C4d6DC2CE140D00D2828a7C93503c67777,0x0f9563442d64ab3bd3bcb27058db0b0d4046a4c46f0acd811dacae9551d2b129,338391692049,338324.0975384391,323986602164250782,,,,,
0xe02965548aa1717e245030ba3843d60342644860b0943fad7b88cd588c2ad92c,1759677515,2025-10-05,2025-10-05 15:18,23512417,MarketSupply,0x777791C4d6DC2CE140D00D2828a7C93503c67777,0x0f9563442d64ab3bd3bcb27058db0b0d4046a4c46f0acd811dacae9551d2b129,160000000000,159968.0396358898,153187909900550694,,,,,
0x911e149bdccef1807bcf55410bcba32a28e89de71b1acea4d4e4a9909dd8f241,1759677875,2025-10-05,2025-10-05 15:24,23512446,MarketWithdraw,0x777791C4d6DC2CE140D00D2828a7C93503c67777,0x0f9563442d64ab3bd3bcb27058db0b0d4046a4c46f0acd811dacae9551d2b129,160000135613,159968.1752218008,153187909900581463,,,,,
0xa2c6a6bf66ae06b4bf974d5f7eb3177e16a5659e05da58eb0822412ffb81950f,1759682087,2025-10-05,2025-10-05 16:34,23512794,MarketSupply,0x55555815a5595991C3A0Ff119B59AEF6C8B55555,0x0f9563442d64ab3bd3bcb27058db0b0d4046a4c46f0acd811dacae9551d2b129,65672236207,65652.53190924846,62873406553108303,,,,,
0x31adfd0d90a86868500f5ea47f33669f2571f21f70bd60b03143b34907808821,1759685723,2025-10-05,2025-10-05 17:35,23513096,MarketSupply,0x777791C4d6DC2CE140D00D2828a7C93503c67777,0x0f9563442d64ab3bd3bcb27058db0b0d4046a4c46f0acd811dacae9551d2b129,240000000000,239927.9904,229766132907968086,,,,,
0x386b8e89d9690a57896b76616b07091406aed436466a925577681e6d961897f7,1759687487,2025-10-05,2025-10-05 18:04,23513241,MarketWithdraw,0x55555815a5595991C3A0Ff119B59AEF6C8B55555,0x0f9563442d64ab3bd3bcb27058db0b0d4046a4c46f0acd811dacae9551d2b129,65674047050,65655.23267734006,62873406553108303,,,,,
0x6d953bd7561c3f1d699eb393eef800fb4bf6ff3db7cd479af4298ccaa9aacee3,1759688315,2025-10-05,2025-10-05 18:18,23513310,MarketSupply,0x777791C4d6DC2CE140D00D2828a7C93503c67777,0x0f9563442d64ab3bd3bcb27058db0b0d4046a4c46f0acd811dacae9551d2b129,49998703937,49984.38025373942,47866445067012368,,,,,
0xbc88462dca75de2652e2b0dbdc6a285d2b2ed79518103993d5219a561c70e3d4,1759701107,2025-10-05,2025-10-05 21:51,23514373,MarketSupply,0xca7c196f00e04A5e1c71B91476d0d58f82499734,0x0f9563442d64ab3bd3bcb27058db0b0d4046a4c46f0acd811dacae9551d2b129,639745533,639.5535837502788,612446557702166,,,,,
0xb7d724077837e6f9c6030e549621c008ec94ea29c9cc07c74a2ab81357affb4f,1759718987,2025-10-06,2025-10-06 02:49,23515854,MarketSupply,0x777791C4d6DC2CE140D00D2828a7C93503c67777,0x0f9563442d64ab3bd3bcb27058db0b0d4046a4c46f0acd811dacae9551d2b129,79981627288,79957.720813615,76565857421269172,,,,,
0x02fed70e795eb96e85c4b4358f9ca6974a89fccca9285e8f53d38b24c04a57ad,1759719755,2025-10-06,2025-10-06 03:02,23515917,MarketWithdraw,0x777791C4d6DC2CE140D00D2828a7C93503c67777,0x0f9563442d64ab3bd3bcb27058db0b0d4046a4c46f0acd811dacae9551d2b129,370000541033,369889.5260706685,354198435396128851,,,,,
0xffa82553d680b74da17a96c03dbb177865619fd6dba382cc1be09b551b2852a0,1759719803,2025-10-06,2025-10-06 03:03,23515921,MarketSupply,0x777791C4d6DC2CE140D00D2828a7C93503c67777,0x0f9563442d64ab3bd3bcb27058db0b0d4046a4c46f0acd811dacae9551d2b129,320000000000,319903.98720000003,306333181940641748,,,,,
0x5fa5b2d8060587e47bfa045357dcd8715e0dcba86c294b22e246a24c7eee63eb,1759720199,2025-10-06,2025-10-06 03:09,23515954,MarketWithdraw,0x777791C4d6DC2CE140D00D2828a7C93503c67777,0x0f9563442d64ab3bd3bcb27058db0b0d4046a4c46f0acd811dacae9551d2b129,50525469961,50510.31029899291,48367549146291499,,,,,
0x7d4e31ac1861ee603065ef2bde6038f68c7357be7690439b8d15ee173a86830f,1759724903,2025-10-06,2025-10-06 04:28,23516344,MarketSupply,0x777791C4d6DC2CE140D00D2828a7C93503c67777,0x0f9563442d64ab3bd3bcb27058db0b0d4046a4c46f0acd811dacae9551d2b129,110522549732,110499.55837838147,105801132715717206,,,,,
0xdb1f2a4803386d21356f92d883dc6f22be2a61a3ba6a03173b917c3e276e7577,1759725335,2025-10-06,2025-10-06 04:35,23516380,MarketWithdraw,0x777791C4d6DC2CE140D00D2828a7C93503c67777,0x0f9563442d64ab3bd3bcb27058db0b0d4046a4c46f0acd811dacae9551d2b129,380000309377,379921.26015573955,363766765510666490,,,,,
0x65cd9d44111327adba4096fa83dd5b540a781f0579c111ad4fadaeb680f5be60,1759725527,2025-10-06,2025-10-06 04:38,23516396,MarketSupply,0x777791C4d6DC2CE140D00D2828a7C93503c67777,0x0f9563442d64ab3bd3bcb27058db0b0d4046a4c46f0acd811dacae9551d2b129,340000000000,339929.2718069819,325474615981558368,,,,,
0x7e47084a916cb6246312f029e35768a8e4070ba784c459033834d83b2c186cb6,1759726547,2025-10-06,2025-10-06 04:55,23516480,MarketSupply,0x777791C4d6DC2CE140D00D2828a7C93503c67777,0x0f9563442d64ab3bd3bcb27058db0b0d4046a4c46f0acd811dacae9551d2b129,39999320428,39990.999605482866,38290404219760933,,,,,
0x76299cf46dcec17855dde2fa148b137f693da44b0a96059966856eddacfd25ab,1759727579,2025-10-06,2025-10-06 05:12,23516566,MarketWithdraw,0x777791C4d6DC2CE140D00D2828a7C93503c67777,0x0f9563442d64ab3bd3bcb27058db0b0d4046a4c46f0acd811dacae9551d2b129,14106459039,14102.22653702994,13503753624443770,,,,,
0xe0429b677a55aebb443321730dd7bb8a2d6f87516300e09ee9547a4dc9e3315e,1759738643,2025-10-06,2025-10-06 08:17,23517483,MarketWithdraw,0x777791C4d6DC2CE140D00D2828a7C93503c67777,0x0f9563442d64ab3bd3bcb27058db0b0d4046a4c46f0acd811dacae9551d2b129,120580283711,120556.20753875526,115425994783411929,,,,,
0xf32ca76d1d2fe3a2a2d830f1d6271c019caefe345d7474a7869eb3ff60c41daa,1759753127,2025-10-06,2025-10-06 12:18,23518682,MarketSupply,0x777791C4d6DC2CE140D00D2828a7C93503c67777,0x0f9563442d64ab3bd3bcb27058db0b0d4046a4c46f0acd811dacae9551d2b129,209034152305,208985.03764057442,200092608182374552,,,,,
0x49cba7e87ed3b461a148f75c2a733e736d7c371dd958e535f58aab058587a495,1759762403,2025-10-06,2025-10-06 14:53,23519449,MarketWithdraw,0xd63070114470f685b75B74D60EEc7c1113d33a3D,0x0f9563442d64ab3bd3bcb27058db0b0d4046a4c46f0acd811dacae9551d2b129,316202344236,316128.0493331983,302671712901035452,,,,,
0xafc257b49503cb85ca85ee3c905cb48fb0a023a313a6adc8d7042b349b9fd665,1759762463,2025-10-06,2025-10-06 14:54,23519454,MarketWithdraw,0x777791C4d6DC2CE140D00D2828a7C93503c67777,0x0f9563442d64ab3bd3bcb27058db0b0d4046a4c46f0acd811dacae9551d2b129,12069752886,12066.916976861905,11553273356734538,,,,,
0x4729c6325dd28e5788adc5536040e11c8453871b36c96b0e652d54b23ccf3a3c,1759765043,2025-10-06,2025-10-06 15:37,23519666,MarketWithdraw,0x777791C4d6DC2CE140D00D2828a7C93503c67777,0x0f9563442d64ab3bd3bcb27058db0b0d4046a4c46f0acd811dacae9551d2b129,129999967099,129962.13153615172,124435967710266296,,,,,
0xde212d656aafbc41eef149a700ca3b601e6d65e6050b8f0070ee05d739caffa0,1759765859,2025-10-06,2025-10-06 15:50,23519734,MarketSupply,0xd63070114470f685b75B74D60EEc7c1113d33a3D,0x0f9563442d64ab3bd3bcb27058db0b0d4046a4c46f0acd811dacae9551d2b129,143556453124,143514.67204262238,137411054462948830,,,,,
0xaee7f3822592beb421e766e7e63bf6cdae9471e72dd057be9bf23b88a9fad533,1759766171,2025-10-06,2025-10-06 15:56,23519760,MarketWithdraw,0x777791C4d6DC2CE140D00D2828a7C93503c67777,0x0f9563442d64ab3bd3bcb27058db0b0d4046a4c46f0acd811dacae9551d2b129,20561545058,20555.560767021623,19681323401780301,,,,,
0x5b9fcc7943e10cb7385b06176bd48a3b4ae9e366fb7662cdb490510938637b10,1759769807,2025-10-06,2025-10-06 16:56,23520060,MarketSupply,0xd63070114470f685b75B74D60EEc7c1113d33a3D,0x0f9563442d64ab3bd3bcb27058db0b0d4046a4c46f0acd811dacae9551d2b129,24822937516,24817.10511860124,23759953922672134,,,,,
0xbd8725400277e1b73a05077eed4945e37ecd8230ba0a79a7a6b226963d7909dc,1759773155,2025-10-06,2025-10-06 17:52,23520338,MarketSupply,0xd63070114470f685b75B74D60EEc7c1113d33a3D,0x0f9563442d64ab3bd3bcb27058db0b0d4046a4c46f0acd811dacae9551d2b129,3239752409,3239.022301029741,3100988849987676,,,,,
0x48356351046121d1c7452e1239e84b24de81312ed0225855913f65c2e55f1c8b,1759776587,2025-10-06,2025-10-06 18:49,23520620,MarketSupply,0xd63070114470f685b75B74D60EEc7c1113d33a3D,0x0f9563442d64ab3bd3bcb27058db0b0d4046a4c46f0acd811dacae9551d2b129,4077505762,4076.5477112461604,3902824619377248,,,,,
0xae75ef2e459d4e0ab0536b2a7581ab151b99957e1891260236c8c0e013f9d50c,1759780175,2025-10-06,2025-10-06 19:49,23520918,MarketSupply,0xd63070114470f685b75B74D60EEc7c1113d33a3D,0x0f9563442d64ab3bd3bcb27058db0b0d4046a4c46f0acd811dacae9551d2b129,806014204,805.7750153081195,771477579853843,,,,,
0x259558eac5cb9146c64b579abe8de15043bb077a39ce7bc4972e30d7e426c5d6,1759787735,2025-10-06,2025-10-06 21:55,23521543,MarketSupply,0xd63070114470f685b75B74D60EEc7c1113d33a3D,0x0f9563442d64ab3bd3bcb27058db0b0d4046a4c46f0acd811dacae9551d2b129,1197990170,1197.5216402015556,1146636845264781,,,,,
0xdbca2153bc72a76124ba09a99578375930099e49a09c416b040e4fe77d4e1df9,1759790987,2025-10-06,2025-10-06 22:49,23521812,MarketSupply,0xd63070114470f685b75B74D60EEc7c1113d33a3D,0x0f9563442d64ab3bd3bcb27058db0b0d4046a4c46f0acd811dacae9551d2b129,18083796347,18079.547378210307,17308478248554260,,,,,
0xd836e65dc395f9f9204dfcf614fb2ae53b9f98e8945c795f62540c5b54c97708,1759794947,2025-10-06,2025-10-06 23:55,23522141,MarketWithdraw,0xd63070114470f685b75B74D60EEc7c1113d33a3D,0x0f9563442d64ab3bd3bcb27058db0b0d4046a4c46f0acd811dacae9551d2b129,15035074151,15031.541509977482,14390333090314709,,,,,
0x6c8429b52b01b0cf199b944786f58076b46fb6bc03f060f8b07f5172c677f2a1,1759798595,2025-10-07,2025-10-07 00:56,23522444,MarketWithdraw,0xd63070114470f685b75B74D60EEc7c1113d33a3D,0x0f9563442d64ab3bd3bcb27058db0b0d4046a4c46f0acd811dacae9551d2b129,4350092181,4349.246360510253,4163513521447019,,,,,
0x4682d93f3460e835855b30aa99c327f32bdc042a711b5a5f89248d7aac5a7915,1759801955,2025-10-07,2025-10-07 01:52,23522722,MarketSupply,0xd63070114470f685b75B74D60EEc7c1113d33a3D,0x0f9563442d64ab3bd3bcb27058db0b0d4046a4c46f0acd811dacae9551d2b129,4501277078,4500.219457937753,4308178755477873,,,,,
0xc597c1707980eb5b9ac5ed4dc5834c08a39fc2db4797627fbf5a8bb98840f77d,1759805987,2025-10-07,2025-10-07 02:59,23523053,MarketSupply,0xd63070114470f685b75B74D60EEc7c1113d33a3D,0x0f9563442d64ab3bd3bcb27058db0b0d4046a4c46f0acd811dacae9551d2b129,2932442869,2931.5856754601878,2806618478943158,,,,,
0x124bcf7ae4a27cf8bab5d2e9e512ee02aee9290851c1b8a0013acd86e8b73e60,1759813079,2025-10-07,2025-10-07 04:57,23523640,MarketWithdraw,0xd63070114470f685b75B74D60EEc7c1113d33a3D,0x0f9563442d64ab3bd3bcb27058db0b0d4046a4c46f0acd811dacae9551d2b129,1686269516,1685.7829390517957,1613888543081206,,,,,
0x3e498a51f243563beef7ea12cbd195e38dba6d629ee340d42fac9a99010487e2,1759815599,2025-10-07,2025-10-07 05:39,23523848,MarketWithdraw,0x777791C4d6DC2CE140D00D2828a7C93503c67777,0x0f9563442d64ab3bd3bcb27058db0b0d4046a4c46f0acd811dacae9551d2b129,161585188573,161547.2225170929,154648428300213277,,,,,
0x3e3d4885238930fa4731a71d47370bef10643fd7514f445d1524dfbb94796472,1759817507,2025-10-07,2025-10-07 06:11,23524004,MarketSupply,0x55555815a5595991C3A0Ff119B59AEF6C8B55555,0x0f9563442d64ab3bd3bcb27058db0b0d4046a4c46f0acd811dacae9551d2b129,68375458364,68360.69972869303,65438817965599403,,,,,
0x468478b1019432b6c9dc4638b37ca1d85466fa70b7c95c9fc0727283979852e7,1759817591,2025-10-07,2025-10-07 06:13,23524011,MarketWithdraw,0x777791C4d6DC2CE140D00D2828a7C93503c67777,0x0f9563442d64ab3bd3bcb27058db0b0d4046a4c46f0acd811dacae9551d2b129,68375458364,68360.69972869303,65438781619661003,,,,,
0xbd1cb112f6cdc3a6e221f485b3847b51913496327e034d456a3eec733057fbe4,1759817711,2025-10-07,2025-10-07 06:15,23524021,MarketSupply,0x777791C4d6DC2CE140D00D2828a7C93503c67777,0x0f9563442d64ab3bd3bcb27058db0b0d4046a4c46f0acd811dacae9551d2b129,299999984276,299935.23018928576,287114835694296657,,,,,
0x08272fcc37d5b0ed29cfb3f9004cb725f78be2aa155139064f4359912a3a2810,1759819967,2025-10-07,2025-10-07 06:52,23524207,MarketWithdraw,0xd63070114470f685b75B74D60EEc7c1113d33a3D,0x0f9563442d64ab3bd3bcb27058db0b0d4046a4c46f0acd811dacae9551d2b129,152571756805,152538.8246540396,146018048954075349,,,,,
0x7a4cf16d2148a86f8ac3c966bf375d0bed646053becabebf4f8ef65807b84e5c,1759822967,2025-10-07,2025-10-07 07:42,23524456,MarketWithdraw,0x55555815a5595991C3A0Ff119B59AEF6C8B55555,0x0f9563442d64ab3bd3bcb27058db0b0d4046a4c46f0acd811dacae9551d2b129,33578425202,33570.53561521454,32135796256962368,,,,,
0xd78c95c45d04af6ac22c7af4ef8171af4132d6c27ed895fd191d81fedc2214ca,1759823615,2025-10-07,2025-10-07 07:53,23524510,MarketSupply,0xd63070114470f685b75B74D60EEc7c1113d33a3D,0x0f9563442d64ab3bd3bcb27058db0b0d4046a4c46f0acd811dacae9551d2b129,35139673169,35131.416751392215,33629874012838007,,,,,
0x14e4fb39fe581fad15623eba7ee95b3e2b8cf17ce91dc0a95b76cec3f37a7abc,1759827647,2025-10-07,2025-10-07 09:00,23524846,MarketSupply,0xd63070114470f685b75B74D60EEc7c1113d33a3D,0x0f9563442d64ab3bd3bcb27058db0b0d4046a4c46f0acd811dacae9551d2b129,4833689398,4832.431140312807,4625955691379227,,,,,
0x5d3487ba9c02d004c4c516f47e60dd2c73d50f94c897043c43e98c9b8c864da1,1759828067,2025-10-07,2025-10-07 09:07,23524881,MarketWithdraw,0x777791C4d6DC2CE140D00D2828a7C93503c67777,0x0f9563442d64ab3bd3bcb27058db0b0d4046a4c46f0acd811dacae9551d2b129,153823164836,153783.12312796153,147212270002310056,,,,,
0x426195e001e547bb7f95c85a790cae67971391c8eb4b1bdb0806f21d44209042,1759828451,2025-10-07,2025-10-07 09:14,23524912,MarketSupply,0x55555815a5595991C3A0Ff119B59AEF6C8B55555,0x0f9563442d64ab3bd3bcb27058db0b0d4046a4c46f0acd811dacae9551d2b129,48747649843,48734.96034226937,46652420460090070,,,,,
0x0e7732357865c72d563a4f51a754718752bb45e60d97218edce0201c2a38abf5,1759828523,2025-10-07,2025-10-07 09:15,23524918,MarketWithdraw,0x777791C4d6DC2CE140D00D2828a7C93503c67777,0x0f9563442d64ab3bd3bcb27058db0b0d4046a4c46f0acd811dacae9551d2b129,40354669726,40344.165001923626,38620158769696121,,,,,
0xe81c784e75230185381060f487ee501387aa0ccb1145b0ec8f9b2cbf65f2bff7,1759829843,2025-10-07,2025-10-07 09:37,23525028,MarketWithdraw,0x777791C4d6DC2CE140D00D2828a7C93503c67777,0x0f9563442d64ab3bd3bcb27058db0b0d4046a4c46f0acd811dacae9551d2b129,8392980117,8390.795340345743,8032128850427300,,,,,
0x61ff28914b41b725307f0b74816af47927cd9c7bc608009f3ffe9f78078312bc,1759830467,2025-10-07,2025-10-07 09:47,23525080,MarketSupply,0xd63070114470f685b75B74D60EEc7c1113d33a3D,0x0f9563442d64ab3bd3bcb27058db0b0d4046a4c46f0acd811dacae9551d2b129,158424196241,158382.9568384765,151611834367030891,,,,,
0x097cd2442293ca9c7dde2f0e96e9532933af4e2384ed1ba8ebe0448ccd8d50e4,1759833851,2025-10-07,2025-10-07 10:44,23525361,MarketWithdraw,0x55555815a5595991C3A0Ff119B59AEF6C8B55555,0x0f9563442d64ab3bd3bcb27058db0b0d4046a4c46f0acd811dacae9551d2b129,51595528180,51577.393146104725,49376481370901880,,,,,
0xf4773957fddb3ca1b20409fddbcebea3ff20d3f09bd77a890297432105db01ca,1759834427,2025-10-07,2025-10-07 10:53,23525409,MarketSupply,0xd63070114470f685b75B74D60EEc7c1113d33a3D,0x0f9563442d64ab3bd3bcb27058db0b0d4046a4c46f0acd811dacae9551d2b129,42723480574,42708.4639282622,40885896970893926,,,,,
0xa1991751253fe4ad81ba03883a77b778bc8a08d36cc928cf4b50cadfc5743693,1759837943,2025-10-07,2025-10-07 11:52,23525700,MarketSupply,0xd63070114470f685b75B74D60EEc7c1113d33a3D,0x0f9563442d64ab3bd3bcb27058db0b0d4046a4c46f0acd811dacae9551d2b129,13301684069,13298.22150762,12729442129139947,,,,,
0xeba6b12f6e871ae40815accd7989d14df463feb3bfab858ffe1fc401315d5019,1759838639,2025-10-07,2025-10-07 12:03,23525757,MarketSupplyCollateral,0x00000000F51340906F767C6999Fe512b1275955C,0x0f9563442d64ab3bd3bcb27058db0b0d4046a4c46f0acd811dacae9551d2b129,10000000000000000000,10.641735358255996,,,,,,
0xeba6b12f6e871ae40815accd7989d14df463feb3bfab858ffe1fc401315d5019,1759838639,2025-10-07,2025-10-07 12:03,23525757,MarketBorrow,0x00000000F51340906F767C6999Fe512b1275955C,0x0f9563442d64ab3bd3bcb27058db0b0d4046a4c46f0acd811dacae9551d2b129,5000000,4.99869845,4759323841916,,,,,
0x6faa0cb751070b873d761043877c7a749b339cd523d7ec68df6ec6b7db1acd82,1759839335,2025-10-07,2025-10-07 12:15,23525814,MarketWithdraw,0x55555815a5595991C3A0Ff119B59AEF6C8B55555,0x0f9563442d64ab3bd3bcb27058db0b0d4046a4c46f0acd811dacae9551d2b129,23473568930,23467.45852527183,22463655390293918,,,,,
0x3e4f2625677236e9e2597f9a7a90bca3ecc14b026a429e1aea3ceeb1ae78e301,1759840451,2025-10-07,2025-10-07 12:34,23525907,MarketWithdraw,0x777791C4d6DC2CE140D00D2828a7C93503c67777,0x0f9563442d64ab3bd3bcb27058db0b0d4046a4c46f0acd811dacae9551d2b129,139375263774,139338.98299908696,133378388863838982,,,,,
0x812c7342f4721366d567e114258ffb3436249309e297e7d281652519fa3836f9,1759840871,2025-10-07,2025-10-07 12:41,23525942,MarketRepay,0x00000000F51340906F767C6999Fe512b1275955C,0x0f9563442d64ab3bd3bcb27058db0b0d4046a4c46f0acd811dacae9551d2b129,5000052,4.99875043646388,4759323841916,,,,,
0x812c7342f4721366d567e114258ffb3436249309e297e7d281652519fa3836f9,1759840871,2025-10-07,2025-10-07 12:41,23525942,MarketWithdrawCollateral,0x00000000F51340906F767C6999Fe512b1275955C,0x0f9563442d64ab3bd3bcb27058db0b0d4046a4c46f0acd811dacae9551d2b129,10000000000000000000,10.641735358255996,,,,,,
0x780114f839d49b1f74c6d68c11e885c075dced8302e526b20f6b0a63bdd330f7,1759841399,2025-10-07,2025-10-07 12:49,23525986,MarketSupply,0xd63070114470f685b75B74D60EEc7c1113d33a3D,0x0f9563442d64ab3bd3bcb27058db0b0d4046a4c46f0acd811dacae9551d2b129,158332865405,158291.64977680641,151518774305716851,,,,,
0xc5f432d54a66c556cd6ef48d4227d4b3c8ab460b181dd7f66985efeffeecb8ba,1759842455,2025-10-07,2025-10-07 13:07,23526074,MarketWithdraw,0x777791C4d6DC2CE140D00D2828a7C93503c67777,0x0f9563442d64ab3bd3bcb27058db0b0d4046a4c46f0acd811dacae9551d2b129,19898400336,19892.549627384946,19041994794875841,,,,,
0x01070ed5728bb8f3022ba0c95fdf50b0da448cf1b67fa16cfcd97e165806ab4d,1759845047,2025-10-07,2025-10-07 13:50,23526288,MarketSupply,0xd63070114470f685b75B74D60EEc7c1113d33a3D,0x0f9563442d64ab3bd3bcb27058db0b0d4046a4c46f0acd811dacae9551d2b129,21753229278,21746.83319571233,20816820069759219,,,,,
0x01258c8b56f7dd0c0c0c24abfff2cfd2219b38f53f37f1d2617619d950617062,1759848191,2025-10-07,2025-10-07 14:43,23526550,MarketSupply,0x777791C4d6DC2CE140D00D2828a7C93503c67777,0x0f9563442d64ab3bd3bcb27058db0b0d4046a4c46f0acd811dacae9551d2b129,330000000000,329914.0977,315792145407896435,,,,,
0xb4d93389c344bbc6b34b9f06e30f1400f647f72095274624b885d87d4b3578f0,1759852247,2025-10-07,2025-10-07 15:50,23526883,MarketWithdraw,0xd63070114470f685b75B74D60EEc7c1113d33a3D,0x0f9563442d64ab3bd3bcb27058db0b0d4046a4c46f0acd811dacae9551d2b129,346705527125,346614.11645307,331776115782417713,,,,,
0x931707ea825840c8890f050b1b639b02ead249d0021ac0892d8322d8dc34e863,1759855931,2025-10-07,2025-10-07 16:52,23527189,MarketSupply,0xd63070114470f685b75B74D60EEc7c1113d33a3D,0x0f9563442d64ab3bd3bcb27058db0b0d4046a4c46f0acd811dacae9551d2b129,522232177,522.0962347420051,499738936336334,,,,,
0x0d8f6c591ff808905fc9e1ea00c64cb6ec3942ec8ffdaa9bd027ccccc759eb79,1759859327,2025-10-07,2025-10-07 17:48,23527472,MarketSupply,0xd63070114470f685b75B74D60EEc7c1113d33a3D,0x0f9563442d64ab3bd3bcb27058db0b0d4046a4c46f0acd811dacae9551d2b129,1484030345,1483.6314535592683,1420096826098263,,,,,
0xe94a0c3b78d3ac53291fb9a1886d172fb71e739a179d51b2ca5d91ef4cdca3bf,1759862915,2025-10-07,2025-10-07 18:48,23527769,MarketSupply,0xd63070114470f685b75B74D60EEc7c1113d33a3D,0x0f9563442d64ab3bd3bcb27058db0b0d4046a4c46f0acd811dacae9551d2b129,1944661590,1944.155375141507,1860864188905960,,,,,
0x2e11f0d077812a59151108497d397bc7c77de6382b14fe05da5fad30ee7c99dc,1759863275,2025-10-07,2025-10-07 18:54,23527799,MarketWithdraw,0x777791C4d6DC2CE140D00D2828a7C93503c67777,0x0f9563442d64ab3bd3bcb27058db0b0d4046a4c46f0acd811dacae9551d2b129,27438113758,27430.971342607652,26255751461754144,,,,,
0x051d8b46f8ab7203562471da0887d40ead40d55bc0354fcb8d92a4a397d95daa,1759867199,2025-10-07,2025-10-07 19:59,23528124,MarketSupply,0xd63070114470f685b75B74D60EEc7c1113d33a3D,0x0f9563442d64ab3bd3bcb27058db0b0d4046a4c46f0acd811dacae9551d2b129,28108772716,28098.483454386336,26897080594174591,,,,,
0x6604d9bac836921847595ed4b654de80f4fd2d6e5cccc078c5eb0d1efb9f3b01,1759868423,2025-10-07,2025-10-07 20:20,23528225,MarketWithdraw,0x55555815a5595991C3A0Ff119B59AEF6C8B55555,0x0f9563442d64ab3bd3bcb27058db0b0d4046a4c46f0acd811dacae9551d2b129,8480922530,8478.714861056214,8115305407531307,,,,,
0x604fa903a87ac94c57df72db208fe2dbd8be066017e8f7e499a85b51115e276e,1759870427,2025-10-07,2025-10-07 20:53,23528392,MarketSupply,0xd63070114470f685b75B74D60EEc7c1113d33a3D,0x0f9563442d64ab3bd3bcb27058db0b0d4046a4c46f0acd811dacae9551d2b129,10697794456,10695.009713125159,10236541650059560,,,,,
0x257f611a077eb9dca96002bfd7a10264ff277591c4777d4e390f1138e92a9c82,1759874291,2025-10-07,2025-10-07 21:58,23528712,MarketWithdraw,0xd63070114470f685b75B74D60EEc7c1113d33a3D,0x0f9563442d64ab3bd3bcb27058db0b0d4046a4c46f0acd811dacae9551d2b129,5189394247,5187.883718351988,4965593194177055,,,,,
0x89b03cf26bf4c354dc4946a6583f760131b6fd62c4b4928081e749bd8d65c8df,1759877411,2025-10-07,2025-10-07 22:50,23528972,MarketSupply,0xd63070114470f685b75B74D60EEc7c1113d33a3D,0x0f9563442d64ab3bd3bcb27058db0b0d4046a4c46f0acd811dacae9551d2b129,1152803470,1152.5033837287242,1103076855971694,,,,,
0xa7e624a5c83498b096dbd46631fd0d040b832bc785102ebb7d76837bab6454e3,1759881611,2025-10-08,2025-10-08 00:00,23529321,MarketWithdraw,0xd63070114470f685b75B74D60EEc7c1113d33a3D,0x0f9563442d64ab3bd3bcb27058db0b0d4046a4c46f0acd811dacae9551d2b129,1425291072,1424.9200544810476,1363794089352956,,,,,
0x64a91b03fa0bdb1dd94d48a7c485f2647e718a95a1a8fd7aff7c7f02a8132e25,1759884479,2025-10-08,2025-10-08 00:47,23529558,MarketSupply,0xd63070114470f685b75B74D60EEc7c1113d33a3D,0x0f9563442d64ab3bd3bcb27058db0b0d4046a4c46f0acd811dacae9551d2b129,525248151,525.1114236538132,502581040164063,,,,,
0x2d070785d050804d456b44653bc19603c22433f98a9c9cf15b4f8cc65fe1cc70,1759887287,2025-10-08,2025-10-08 01:34,23529791,MarketSupply,0x55555815a5595991C3A0Ff119B59AEF6C8B55555,0x0f9563442d64ab3bd3bcb27058db0b0d4046a4c46f0acd811dacae9551d2b129,1795366897,1794.899545043042,1717873638561668,,,,,
0x57fbf0e3107b8be0cf47d69ab103caaf0f83b70aa6bbe9c1d7b200266698cd32,1759888175,2025-10-08,2025-10-08 01:49,23529864,MarketWithdraw,0xd63070114470f685b75B74D60EEc7c1113d33a3D,0x0f9563442d64ab3bd3bcb27058db0b0d4046a4c46f0acd811dacae9551d2b129,3252298215,3251.451609251653,3111911697363157,,,,,
0xf35ed1b0231bd954cd7cba41d9387e0f964b862bd449366ac4f1d64d6c7e445b,1759891799,2025-10-08,2025-10-08 02:49,23530165,MarketSupply,0xd63070114470f685b75B74D60EEc7c1113d33a3D,0x0f9563442d64ab3bd3bcb27058db0b0d4046a4c46f0acd811dacae9551d2b129,8613835169,8611.27352758222,8241926825871207,,,,,
0x11a7b3a2c8c5ad6a06341caf39973730282404160b33070e09a134021d81a7c0,1759895891,2025-10-08,2025-10-08 03:58,23530505,MarketWithdraw,0xd63070114470f685b75B74D60EEc7c1113d33a3D,0x0f9563442d64ab3bd3bcb27058db0b0d4046a4c46f0acd811dacae9551d2b129,455118597,455.00012507801495,435463877145580,,,,,
0xb198344b5b42e72231b9542cd520bb2079ab4852a5438fa2541157d3d5b082c5,1759899047,2025-10-08,2025-10-08 04:50,23530765,MarketWithdraw,0xd63070114470f685b75B74D60EEc7c1113d33a3D,0x0f9563442d64ab3bd3bcb27058db0b0d4046a4c46f0acd811dacae9551d2b129,1001749101,1001.5505465233334,958479667712569,,,,,
0xa4513213b7cd690c89fe0c3ab9696d6fdb6760ac7f5cb6e48d94cf56b14f1154,1759899443,2025-10-08,2025-10-08 04:57,23530798,MarketSupply,0x777791C4d6DC2CE140D00D2828a7C93503c67777,0x0f9563442d64ab3bd3bcb27058db0b0d4046a4c46f0acd811dacae9551d2b129,148910955828,148881.4405163568,142478762377510238,,,,,
0xcf60dba2fac2d9d4f6db69227c8fbf67017a1e2015fa210ba76228523b3fff91,1759899503,2025-10-08,2025-10-08 04:58,23530803,MarketWithdraw,0x55555815a5595991C3A0Ff119B59AEF6C8B55555,0x0f9563442d64ab3bd3bcb27058db0b0d4046a4c46f0acd811dacae9551d2b129,1795427143,1795.0712753516882,1717873638561668,,,,,
0x922804cbdf08013d501c07c69bab1bb3d50393a0e12046b472edf8dd1b6f6ca7,1759899599,2025-10-08,2025-10-08 04:59,23530811,MarketWithdraw,0x777791C4d6DC2CE140D00D2828a7C93503c67777,0x0f9563442d64ab3bd3bcb27058db0b0d4046a4c46f0acd811dacae9551d2b129,298204553410,298145.44694413664,285323545976795777,,,,,
0x4d6983a8dfdd4c5f56f34776bff7e2dfa6f1b0322b5ba2622a6e9f2286b21102,1759903247,2025-10-08,2025-10-08 06:00,23531111,MarketSupply,0xd63070114470f685b75B74D60EEc7c1113d33a3D,0x0f9563442d64ab3bd3bcb27058db0b0d4046a4c46f0acd811dacae9551d2b129,151355249417,151311.41728152693,144811749819783502,,,,,
0xdcdd6743ddfcd5d38dcb187715bda5811be8a9c4c3dd588658f391fab7e12ea0,1759906427,2025-10-08,2025-10-08 06:53,23531375,MarketWithdraw,0xd63070114470f685b75B74D60EEc7c1113d33a3D,0x0f9563442d64ab3bd3bcb27058db0b0d4046a4c46f0acd811dacae9551d2b129,1043224068,1042.9219526861705,998114138228363,,,,,
0xa1de4aacde26b5859e24917de5f658b1852e003f9b65169240cec75810f333d0,1759906859,2025-10-08,2025-10-08 07:00,23531411,MarketSupply,0x777791C4d6DC2CE140D00D2828a7C93503c67777,0x0f9563442d64ab3bd3bcb27058db0b0d4046a4c46f0acd811dacae9551d2b129,319687964612,319604.7466379318,305864014303149211,,,,,
0x2dafec9f94abec72eebf37465ad2806fa738c0e821140d53aac193ccee583a9d,1759910111,2025-10-08,2025-10-08 07:55,23531678,MarketWithdraw,0xd63070114470f685b75B74D60EEc7c1113d33a3D,0x0f9563442d64ab3bd3bcb27058db0b0d4046a4c46f0acd811dacae9551d2b129,316444308414,316361.9347960768,302758876710123592,,,,,
0x49cff53aa371ae3d31fadce853ebd09192e8cb3a019c7ca2d3d723d81f72dbac,1759910951,2025-10-08,2025-10-08 08:09,23531748,MarketWithdraw,0x777791C4d6DC2CE140D00D2828a7C93503c67777,0x0f9563442d64ab3bd3bcb27058db0b0d4046a4c46f0acd811dacae9551d2b129,33555710881,33545.90371746632,32104439904239172,,,,,
0x58d4457fb3357ecc4a3e8c9104189f9284e9b0c4f5d15cf88f9014c05266395b,1759912571,2025-10-08,2025-10-08 08:36,23531883,MarketSupply,0x55555815a5595991C3A0Ff119B59AEF6C8B55555,0x0f9563442d64ab3bd3bcb27058db0b0d4046a4c46f0acd811dacae9551d2b129,14640778357,14636.499368302168,14007477321258806,,,,,
0x53b675c8f105bbe2300ba74969ad3c331ecae47b2e9fdc65d0eb32f1822e275b,1759915247,2025-10-08,2025-10-08 09:20,23532106,MarketWithdraw,0x777791C4d6DC2CE140D00D2828a7C93503c67777,0x0f9563442d64ab3bd3bcb27058db0b0d4046a4c46f0acd811dacae9551d2b129,4640785217,4640.082880565258,4440002799260611,,,,,
0xa1a5194285938713cab73c986584e509b71e4932a2fde06262d4eb6593d3142d,1759916255,2025-10-08,2025-10-08 09:37,23532190,MarketWithdraw,0x777791C4d6DC2CE140D00D2828a7C93503c67777,0x0f9563442d64ab3bd3bcb27058db0b0d4046a4c46f0acd811dacae9551d2b129,129999963806,129980.2896114776,124375090657112354,,,,,
0x4130642fb3ea38159b8fca2bc6ab053ed790ec875acbd4a9bf58457ff6c0d1a7,1759917515,2025-10-08,2025-10-08 09:58,23532293,MarketSupply,0xd63070114470f685b75B74D60EEc7c1113d33a3D,0x0f9563442d64ab3bd3bcb27058db0b0d4046a4c46f0acd811dacae9551d2b129,154185138993,154161.80461406478,147511808168269430,,,,,
0x3957a97ff621a2282354988a6c823f5ce17400148c8712e0a909c9c84f84a523,1759918019,2025-10-08,2025-10-08 10:06,23532335,MarketWithdraw,0x55555815a5595991C3A0Ff119B59AEF6C8B55555,0x0f9563442d64ab3bd3bcb27058db0b0d4046a4c46f0acd811dacae9551d2b129,8902050191,8899.315178875207,8516747014192270,,,,,
0x7d9efb696e5ad290102e8342a48aa7d4f0245dd13b2c1af00ff825c069f2e833,1759919519,2025-10-08,2025-10-08 10:31,23532458,MarketWithdraw,0x777791C4d6DC2CE140D00D2828a7C93503c67777,0x0f9563442d64ab3bd3bcb27058db0b0d4046a4c46f0acd811dacae9551d2b129,145283088802,145238.45290342884,138994253574754308,,,,,
0xa0cd41114f940f97d3fcac83ba16530d719a57c277e9bcc9fd008f093db2592f,1759921247,2025-10-08,2025-10-08 11:00,23532599,MarketSupply,0xd63070114470f685b75B74D60EEc7c1113d33a3D,0x0f9563442d64ab3bd3bcb27058db0b0d4046a4c46f0acd811dacae9551d2b129,152467406475,152420.56331006633,145864856609314787,,,,,
0xfe5f69eff4eac3ec8c2ecd0a4e13ffa350c6a8948afe6499ca126448c475fa79,1759924367,2025-10-08,2025-10-08 11:52,23532854,MarketWithdraw,0xd63070114470f685b75B74D60EEc7c1113d33a3D,0x0f9563442d64ab3bd3bcb27058db0b0d4046a4c46f0acd811dacae9551d2b129,10576227702,10572.978325690172,10118144095900826,,,,,
0x013708a5fd6f98e430224c4c418697cf28ef14c395b62ed609c3c24e78110773,1759924451,2025-10-08,2025-10-08 11:54,23532861,MarketSupply,0x55555815a5595991C3A0Ff119B59AEF6C8B55555,0x0f9563442d64ab3bd3bcb27058db0b0d4046a4c46f0acd811dacae9551d2b129,2103658215,2103.011899757893,2012542843169029,,,,,
0x34891c8f14905424093e7952a6639b9395f3cf6eea18d8bccfc49b34f2b209c1,1759925087,2025-10-08,2025-10-08 12:04,23532913,MarketWithdraw,0x777791C4d6DC2CE140D00D2828a7C93503c67777,0x0f9563442d64ab3bd3bcb27058db0b0d4046a4c46f0acd811dacae9551d2b129,36180755822,36170.0268178581,34613598615440301,,,,,
0x9c24d73fc3199abb410a6f74cf3572b7e118050d735be0e2ef6c48e79aac7710,1759927835,2025-10-08,2025-10-08 12:50,23533140,MarketSupply,0xd63070114470f685b75B74D60EEc7c1113d33a3D,0x0f9563442d64ab3bd3bcb27058db0b0d4046a4c46f0acd811dacae9551d2b129,30980410855,30971.223955809273,29638119610597851,,,,,
0x2e1a13dd562c2757129868dcc5cb797f113abca1c24eeca165b2cc118e380450,1759930523,2025-10-08,2025-10-08 13:35,23533361,MarketWithdraw,0x55555815a5595991C3A0Ff119B59AEF6C8B55555,0x0f9563442d64ab3bd3bcb27058db0b0d4046a4c46f0acd811dacae9551d2b129,2537198416,2536.4460377896607,2427247669101071,,,,,
0x481d1d9e996708a9126a818b69a3857d72427867908b5c96126204ccfc91dea2,1759931759,2025-10-08,2025-10-08 13:55,23533463,MarketWithdraw,0xd63070114470f685b75B74D60EEc7c1113d33a3D,0x0f9563442d64ab3bd3bcb27058db0b0d4046a4c46f0acd811dacae9551d2b129,878915669,878.7203003857874,840823908554936,,,,,
0x8b5cc133ec019013dcfd6419c8a8d82eddecc93ea51fd835598e9d6f8bea15c8,1759933379,2025-10-08,2025-10-08 14:22,23533598,MarketWithdraw,0x777791C4d6DC2CE140D00D2828a7C93503c67777,0x0f9563442d64ab3bd3bcb27058db0b0d4046a4c46f0acd811dacae9551d2b129,123375944869,123348.52040926355,118028239099275155,,,,,
0xe7324278bc833258fa63fa3a5fa8c5bf6f2d06661a54d36c7a004088ce7c287c,1759935167,2025-10-08,2025-10-08 14:52,23533746,MarketSupply,0xd63070114470f685b75B74D60EEc7c1113d33a3D,0x0f9563442d64ab3bd3bcb27058db0b0d4046a4c46f0acd811dacae9551d2b129,132982863534,132953.3036129757,127216448064611740,,,,,
0x88f2f0717adc6ddb0169f2138ea9ab408b29e1c6b6eb68fc1b3f9a116bf8685a,1759939127,2025-10-08,2025-10-08 15:58,23534073,MarketWithdraw,0xd63070114470f685b75B74D60EEc7c1113d33a3D,0x0f9563442d64ab3bd3bcb27058db0b0d4046a4c46f0acd811dacae9551d2b129,5384663369,5383.072117130291,5151111956939317,,,,,
0xf8844bc790c37bd645a53851d15bd2ad427f42e8a5bbd8633683dc0822099932,1759942535,2025-10-08,2025-10-08 16:55,23534355,MarketWithdraw,0xd63070114470f685b75B74D60EEc7c1113d33a3D,0x0f9563442d64ab3bd3bcb27058db0b0d4046a4c46f0acd811dacae9551d2b129,6718383005,6716.39761821061,6426912552021310,,,,,
0x21089534449a401a24f5e7e41a7093dc93135ae474865cacda4c478e42ca3f7a,1759945871,2025-10-08,2025-10-08 17:51,23534628,MarketSupply,0xd63070114470f685b75B74D60EEc7c1113d33a3D,0x0f9563442d64ab3bd3bcb27058db0b0d4046a4c46f0acd811dacae9551d2b129,1764444594,1763.9215153002453,1687875883235020,,,,,
0x8451ca2d86d95e88c31f44b817e57ca771341ac4be3708e2c451e9cb3c5ae996,1759947671,2025-10-08,2025-10-08 18:21,23534778,MarketSupply,0x777791C4d6DC2CE140D00D2828a7C93503c67777,0x0f9563442d64ab3bd3bcb27058db0b0d4046a4c46f0acd811dacae9551d2b129,330000000000,329902.16979807353,315677556424169290,,,,,
0x4eea1c28ee1893a8a3e5e3336f2fe77105f725aea1d801c042a946563e68ec37,1759948415,2025-10-08,2025-10-08 18:33,23534840,MarketWithdraw,0x55555815a5595991C3A0Ff119B59AEF6C8B55555,0x0f9563442d64ab3bd3bcb27058db0b0d4046a4c46f0acd811dacae9551d2b129,5306334333,5304.761242820343,5076025481134494,,,,,
0x504903873e89ff716d12c911e0a51017e3d6eb80002063f711f072dd8f024bd6,1759949747,2025-10-08,2025-10-08 18:55,23534951,MarketWithdraw,0xd63070114470f685b75B74D60EEc7c1113d33a3D,0x0f9563442d64ab3bd3bcb27058db0b0d4046a4c46f0acd811dacae9551d2b129,325533012059,325436.50611868646,311403272699343963,,,,,
0xc33d5ef70d22c63ca6ba2f4863ece8761132db999c59e91c5c3e52a9ea714d63,1759953347,2025-10-08,2025-10-08 19:55,23535247,MarketWithdraw,0xd63070114470f685b75B74D60EEc7c1113d33a3D,0x0f9563442d64ab3bd3bcb27058db0b0d4046a4c46f0acd811dacae9551d2b129,1447127597,1446.6993172852776,1384297606551261,,,,,
0x972141b37a900de76f262dbb10874769e0977a0de864117ae552a8f97456cc28,1759954943,2025-10-08,2025-10-08 20:22,23535380,MarketSupply,0xd63070114470f685b75B74D60EEc7c1113d33a3D,0x0f9563442d64ab3bd3bcb27058db0b0d4046a4c46f0acd811dacae9551d2b129,99994234811,99964.64135811616,95652234558018446,,,,,
0x8237cef8de6c1dab76880ea42f22688b3893ce66642fbe7c6adf1fa603f49a26,1759960415,2025-10-08,2025-10-08 21:53,23535832,MarketWithdraw,0xd63070114470f685b75B74D60EEc7c1113d33a3D,0x0f9563442d64ab3bd3bcb27058db0b0d4046a4c46f0acd811dacae9551d2b129,97509059074,97472.4866396926,93273814933715051,,,,,
0x855903f98f78c1af00619c80a21dc2ba461854ea6514893c25f3d91568d7d895,1759962011,2025-10-08,2025-10-08 22:20,23535963,MarketSupply,0x55555815a5595991C3A0Ff119B59AEF6C8B55555,0x0f9563442d64ab3bd3bcb27058db0b0d4046a4c46f0acd811dacae9551d2b129,3093020314,3091.8602240214946,2958660563962687,,,,,
0xdba564d500573ec0fe67545f158ec3a105a9dc80b0b145f968a64644ce8b5bdc,1759964207,2025-10-08,2025-10-08 22:56,23536146,MarketWithdraw,0xd63070114470f685b75B74D60EEc7c1113d33a3D,0x0f9563442d64ab3bd3bcb27058db0b0d4046a4c46f0acd811dacae9551d2b129,6995403076,6992.779330864108,6691476268742209,,,,,
0xea68eee0a1267018c16f00f26f8be54dd5a0d3808a4a4c78fc5438fd6af52c6f,1759967495,2025-10-08,2025-10-08 23:51,23536418,MarketSupply,0xd63070114470f685b75B74D60EEc7c1113d33a3D,0x0f9563442d64ab3bd3bcb27058db0b0d4046a4c46f0acd811dacae9551d2b129,1676736417,1676.2482363404201,1603868579099193,,,,,
0xce3701c4bf9d731bba67c78bad90eb0af41085532430b77ed6d942e24b1ae235,1759967507,2025-10-08,2025-10-08 23:51,23536419,MarketSupply,0x55555815a5595991C3A0Ff119B59AEF6C8B55555,0x0f9563442d64ab3bd3bcb27058db0b0d4046a4c46f0acd811dacae9551d2b129,5839468824,5837.7686666507625,5585696158674399,,,,,
0x2dc56d35d4114c94d0af93d64fa3770b625d4d9c6b745264edbe8b85e1da22b0,1759971059,2025-10-09,2025-10-09 00:50,23536715,MarketWithdraw,0xd63070114470f685b75B74D60EEc7c1113d33a3D,0x0f9563442d64ab3bd3bcb27058db0b0d4046a4c46f0acd811dacae9551d2b129,5543612969,5541.998949880343,5302635375646603,,,,,
0x8856de0b21d6d24f7241cba743da7ebb7259b034bc50c4f3d0098eaf09ea2478,1759971323,2025-10-09,2025-10-09 00:55,23536737,MarketWithdraw,0x777791C4d6DC2CE140D00D2828a7C93503c67777,0x0f9563442d64ab3bd3bcb27058db0b0d4046a4c46f0acd811dacae9551d2b129,12915634313,12911.873934914402,12354187664440034,,,,,
0x29e6fef21232f3aad6e63ee81409aaad573db218b378cf8dc41388c14ed94773,1759973783,2025-10-09,2025-10-09 01:36,23536942,MarketSupply,0x55555815a5595991C3A0Ff119B59AEF6C8B55555,0x0f9563442d64ab3bd3bcb27058db0b0d4046a4c46f0acd811dacae9551d2b129,8682686682,8680.114804147108,8305162219766346,,,,,
0xb796f41c6af5f5aab629a8aa057a5cb11a92ccdfcf4af1fcf239a6369ece1750,1759975139,2025-10-09,2025-10-09 01:58,23537054,MarketSupply,0xd63070114470f685b75B74D60EEc7c1113d33a3D,0x0f9563442d64ab3bd3bcb27058db0b0d4046a4c46f0acd811dacae9551d2b129,10068275742,10065.293442126005,9630456476308239,,,,,
0xa3051c128be7e200666316c883a8453c6f7597001403d39dec6d30875a88b391,1759978079,2025-10-09,2025-10-09 02:47,23537298,MarketSupply,0xd63070114470f685b75B74D60EEc7c1113d33a3D,0x0f9563442d64ab3bd3bcb27058db0b0d4046a4c46f0acd811dacae9551d2b129,1162703041,1162.3586395134373,1112132076501120,,,,,
0x8c8647a8d9fafbc1a241c1ed23f60584dab8ff69d934425fce770bda10e93ddc,1759979975,2025-10-09,2025-10-09 03:19,23537456,MarketWithdraw,0x55555815a5595991C3A0Ff119B59AEF6C8B55555,0x0f9563442d64ab3bd3bcb27058db0b0d4046a4c46f0acd811dacae9551d2b129,6283991806,6282.147852545481,6010636919065906,,,,,
0x0e027a7c5c8d06c920761820fd50398dcda232bc536a4b6184eed6b380c3edd5,1759985579,2025-10-09,2025-10-09 04:52,23537917,MarketSupply,0x55555815a5595991C3A0Ff119B59AEF6C8B55555,0x0f9563442d64ab3bd3bcb27058db0b0d4046a4c46f0acd811dacae9551d2b129,2370685405,2369.989142615325,2267515125071045,,,,,
0x4bfd99c7f8a8c2cc2e791e9a6e114412935a927f8bd2d525e617091360a3c3a0,1759985999,2025-10-09,2025-10-09 04:59,23537952,MarketSupply,0xd63070114470f685b75B74D60EEc7c1113d33a3D,0x0f9563442d64ab3bd3bcb27058db0b0d4046a4c46f0acd811dacae9551d2b129,2008394425,2007.7194793910924,1920987980865877,,,,,
0xade36de9c874ae535594d21c3d4f99289fe9adc7f92a2481f7e4cc804e7890aa,1759989611,2025-10-09,2025-10-09 06:00,23538252,MarketSupply,0xd63070114470f685b75B74D60EEc7c1113d33a3D,0x0f9563442d64ab3bd3bcb27058db0b0d4046a4c46f0acd811dacae9551d2b129,10380084703,10377.012616573355,9928217812330205,,,,,
0x3cbeb4cde8b0ae043e59f91679b1b2fc83db5bf586833f8522a5231164d9d539,1759990127,2025-10-09,2025-10-09 06:08,23538294,MarketWithdraw,0x777791C4d6DC2CE140D00D2828a7C93503c67777,0x0f9563442d64ab3bd3bcb27058db0b0d4046a4c46f0acd811dacae9551d2b129,148388809958,148344.8928550108,141928923238811005,,,,,
0x4a1180a565117692bfa08f8da392928fc83ae082737e6c1a16fda52fa4df8711,1759990715,2025-10-09,2025-10-09 06:18,23538342,MarketSupply,0x777791C4d6DC2CE140D00D2828a7C93503c67777,0x0f9563442d64ab3bd3bcb27058db0b0d4046a4c46f0acd811dacae9551d2b129,119999955453,119964.44030597633,114775193380036664,,,,,
0x0ce8e29b86759eb9d860b735c3f4cd4ad252a40c82d175297e1947cf44594754,1759991027,2025-10-09,2025-10-09 06:23,23538367,MarketSupply,0x55555815a5595991C3A0Ff119B59AEF6C8B55555,0x0f9563442d64ab3bd3bcb27058db0b0d4046a4c46f0acd811dacae9551d2b129,6005138189,6003.360910292899,5743668750486902,,,,,
0xed81ee1070304a5fa668d82cec00d012e28f88156d91f0a213dcefcc3bef51da,1759991279,2025-10-09,2025-10-09 06:27,23538388,MarketWithdraw,0x777791C4d6DC2CE140D00D2828a7C93503c67777,0x0f9563442d64ab3bd3bcb27058db0b0d4046a4c46f0acd811dacae9551d2b129,1746969329,1746.4522965366873,1670902973577443,,,,,
0x2c30e07aec3feaca7a0a199108cdbf5bf9c0f03fd6d8f2123481136bcd543cac,1759992515,2025-10-09,2025-10-09 06:48,23538491,MarketSupply,0xd63070114470f685b75B74D60EEc7c1113d33a3D,0x0f9563442d64ab3bd3bcb27058db0b0d4046a4c46f0acd811dacae9551d2b129,13048895980,13045.034033072796,12480660703884052,,,,,
0x5b4e697af6b5036570ee2837e057e2ca8fd57afc8380bbe435762bdb043d3130,1759994483,2025-10-09,2025-10-09 07:21,23538654,MarketWithdraw,0x777791C4d6DC2CE140D00D2828a7C93503c67777,0x0f9563442d64ab3bd3bcb27058db0b0d4046a4c46f0acd811dacae9551d2b129,75494,0.07547165682079394,72206011276,,,,,
0x5b4e697af6b5036570ee2837e057e2ca8fd57afc8380bbe435762bdb043d3130,1759994483,2025-10-09,2025-10-09 07:21,23538654,MarketWithdraw,0x777791C4d6DC2CE140D00D2828a7C93503c67777,0x0f9563442d64ab3bd3bcb27058db0b0d4046a4c46f0acd811dacae9551d2b129,1874326283,1873.7715580148133,1792693786591893,,,,,
0x5332d950e07ee75ae407ea166ef827cf082ebec195ee9f4955281bac360b26b8,1759994891,2025-10-09,2025-10-09 07:28,23538686,MarketWithdraw,0x777791C4d6DC2CE140D00D2828a7C93503c67777,0x0f9563442d64ab3bd3bcb27058db0b0d4046a4c46f0acd811dacae9551d2b129,12787939,12.784154285814063,12230968830062,,,,,
0x924912088fe461d08ba616461111326e14cd475640658db16077bbbfcb9d0083,1759996319,2025-10-09,2025-10-09 07:51,23538804,MarketSupply,0xd63070114470f685b75B74D60EEc7c1113d33a3D,0x0f9563442d64ab3bd3bcb27058db0b0d4046a4c46f0acd811dacae9551d2b129,10172037793,10169.027280067849,9728953250815482,,,,,
0x3c851c97af231b88a0af065435f14ba36cb66de76810356285fd3b5224da0266,1759996331,2025-10-09,2025-10-09 07:52,23538805,MarketWithdraw,0x777791C4d6DC2CE140D00D2828a7C93503c67777,0x0f9563442d64ab3bd3bcb27058db0b0d4046a4c46f0acd811dacae9551d2b129,61437211884,61419.028947143495,58761061736871981,,,,,
0x9fdc20d1511486329b2d3e7f8c67db14bb2f1d27709ef9764999b82ea95ab76d,1759996595,2025-10-09,2025-10-09 07:56,23538827,MarketSupply,0x55555815a5595991C3A0Ff119B59AEF6C8B55555,0x0f9563442d64ab3bd3bcb27058db0b0d4046a4c46f0acd811dacae9551d2b129,17751185885,17745.9322499118,16977933070346159,,,,,
0x83ebcd17ef1e0c451c3543461342dfe3c8d875be8c4f2ec5e5c4f4e8ddcc9b31,1760000039,2025-10-09,2025-10-09 08:53,23539113,MarketSupply,0xd63070114470f685b75B74D60EEc7c1113d33a3D,0x0f9563442d64ab3bd3bcb27058db0b0d4046a4c46f0acd811dacae9551d2b129,46664549180,46650.93148397982,44631027272483457,,,,,
0xc0385bb35ce3139c539e26424da6cbbe9696e84922fec1becbf7b94948973352,1760002103,2025-10-09,2025-10-09 09:28,23539282,MarketWithdraw,0x55555815a5595991C3A0Ff119B59AEF6C8B55555,0x0f9563442d64ab3bd3bcb27058db0b0d4046a4c46f0acd811dacae9551d2b129,19104913842,19099.66782370813,18272262095909495,,,,,
0xd6c522e825b33a6ebec7533da535d753d705cc77cd3be7b0b0c4dc9656361ed1,1760004059,2025-10-09,2025-10-09 10:00,23539445,MarketSupply,0xd63070114470f685b75B74D60EEc7c1113d33a3D,0x0f9563442d64ab3bd3bcb27058db0b0d4046a4c46f0acd811dacae9551d2b129,19573657085,19568.926368243952,18720438394102187,,,,,
0x45f17ba766fa94c40a1694884e2185b0388ee8c1988f918c4b777f63572cdf9f,1760007575,2025-10-09,2025-10-09 10:59,23539738,MarketWithdraw,0x55555815a5595991C3A0Ff119B59AEF6C8B55555,0x0f9563442d64ab3bd3bcb27058db0b0d4046a4c46f0acd811dacae9551d2b129,9557442932,9555.133013356435,9140740792401054,,,,,
0x74701d89fe38c102783d6c87e5d54616fa8a0a086040b104d9e0a2566d781e7c,1760007575,2025-10-09,2025-10-09 10:59,23539738,MarketWithdraw,0xd63070114470f685b75B74D60EEc7c1113d33a3D,0x0f9563442d64ab3bd3bcb27058db0b0d4046a4c46f0acd811dacae9551d2b129,6877869966,6876.207667812555,6577996542626518,,,,,
0x04ae497212d182a71f16c87b3fd1e022ede74d124ec31ebf15a05873e6bf1d55,1760009039,2025-10-09,2025-10-09 11:23,23539858,MarketWithdraw,0x777791C4d6DC2CE140D00D2828a7C93503c67777,0x0f9563442d64ab3bd3bcb27058db0b0d4046a4c46f0acd811dacae9551d2b129,10718727130,10715.783874717374,10251339055279951,,,,,
0xc2ea704a1221aa38b3c9aa9c3e9b29346a32fa85de64333d37e5b70b24e09961,1760009543,2025-10-09,2025-10-09 11:32,23539900,MarketWithdraw,0x777791C4d6DC2CE140D00D2828a7C93503c67777,0x0f9563442d64ab3bd3bcb27058db0b0d4046a4c46f0acd811dacae9551d2b129,121885094766,121851.6263378282,116570075785706644,,,,,
0x8c770956ef2efa42762e0dde24a25cd74c9313c13d7c0a02cfe0b5af7efc2595,1760010995,2025-10-09,2025-10-09 11:56,23540019,MarketSupply,0xd63070114470f685b75B74D60EEc7c1113d33a3D,0x0f9563442d64ab3bd3bcb27058db0b0d4046a4c46f0acd811dacae9551d2b129,139727244775,139688.87707085724,133632039807896862,,,,,
0x29d83c5acaf9e6d238a0bc602114d72c861ba2a5f325118de158e4c57c70ee89,1760014427,2025-10-09,2025-10-09 12:53,23540304,MarketSupply,0xd63070114470f685b75B74D60EEc7c1113d33a3D,0x0f9563442d64ab3bd3bcb27058db0b0d4046a4c46f0acd811dacae9551d2b129,5223963159,5222.278136256823,4996026146591585,,,,,
0xd7f52d2b60293311b9bd2dd423ab12f182ae3a1db16878b89c561ce025c7ae0b,1760014487,2025-10-09,2025-10-09 12:54,23540309,MarketWithdraw,0x55555815a5595991C3A0Ff119B59AEF6C8B55555,0x0f9563442d64ab3bd3bcb27058db0b0d4046a4c46f0acd811dacae9551d2b129,4752413579,4750.880657591127,4545050841806657,,,,,
0xe7d023308a787d82e56c8cb3143bfd8aca73e5c99aaa11ea65d98f2bdfda030f,1760018531,2025-10-09,2025-10-09 14:02,23540645,MarketWithdraw,0xd63070114470f685b75B74D60EEc7c1113d33a3D,0x0f9563442d64ab3bd3bcb27058db0b0d4046a4c46f0acd811dacae9551d2b129,3675880762,3674.7993526132536,3515444029947379,,,,,
0x0488f9eae1773f5de542c3559ced970e9c69bd0fb1d8ffb3992b81849ae73929,1760025407,2025-10-09,2025-10-09 15:56,23541212,MarketWithdraw,0xd63070114470f685b75B74D60EEc7c1113d33a3D,0x0f9563442d64ab3bd3bcb27058db0b0d4046a4c46f0acd811dacae9551d2b129,752330280,752.1236976284148,719477181393427,,,,,
0x974ffb8470398ad58b573af2d3c34d42dfeb48c8ab4cc855981238bda60b6345,1760026319,2025-10-09,2025-10-09 16:11,23541287,MarketSupply,0xd63070114470f685b75B74D60EEc7c1113d33a3D,0x0f9563442d64ab3bd3bcb27058db0b0d4046a4c46f0acd811dacae9551d2b129,99996038748,99968.58083572019,95629062712894572,,,,,
0xe070427dd016f0178a5b00bc475f23134b1e765f4830f3e199cb3c38f71d543f,1760028755,2025-10-09,2025-10-09 16:52,23541490,MarketWithdraw,0xd63070114470f685b75B74D60EEc7c1113d33a3D,0x0f9563442d64ab3bd3bcb27058db0b0d4046a4c46f0acd811dacae9551d2b129,91656892023,91631.7239570194,87653608824162205,,,,,
0x420f12b74e47347804ad9b6f4bb60989a12e60a421c1e456969cd2788ab767f3,1760032415,2025-10-09,2025-10-09 17:53,23541794,MarketWithdraw,0xd63070114470f685b75B74D60EEc7c1113d33a3D,0x0f9563442d64ab3bd3bcb27058db0b0d4046a4c46f0acd811dacae9551d2b129,14551868548,14547.54692888737,13916131214997371,,,,,
0x2dd569ad7bc3303e2ee0aa31d748a4918cfd200e09cecab2595f466708cab91a,1760036195,2025-10-09,2025-10-09 18:56,23542109,MarketSupply,0xd63070114470f685b75B74D60EEc7c1113d33a3D,0x0f9563442d64ab3bd3bcb27058db0b0d4046a4c46f0acd811dacae9551d2b129,4358857415,4357.660516342416,4168369484771066,,,,,
0x8daf5114dc8b7abffc3fef76646a3c910164d0ffce12708fdb4e244fc6e95bd4,1760036255,2025-10-09,2025-10-09 18:57,23542114,MarketSupply,0x55555815a5595991C3A0Ff119B59AEF6C8B55555,0x0f9563442d64ab3bd3bcb27058db0b0d4046a4c46f0acd811dacae9551d2b129,4527124228,4525.881124958233,4329281882902139,,,,,
0xf15b8017005a3d682a08085e218f735f0fb5b6c6e486c6de9920b0232f0c61a5,1760039375,2025-10-09,2025-10-09 19:49,23542373,MarketWithdraw,0x777791C4d6DC2CE140D00D2828a7C93503c67777,0x0f9563442d64ab3bd3bcb27058db0b0d4046a4c46f0acd811dacae9551d2b129,91093085802,91068.95086053065,87111262388281101,,,,,
0x511c32ff43b14adfd05f50281ff0af38feaacbc421e72cb47622528076c5664b,1760040095,2025-10-09,2025-10-09 20:01,23542433,MarketSupply,0x777791C4d6DC2CE140D00D2828a7C93503c67777,0x0f9563442d64ab3bd3bcb27058db0b0d4046a4c46f0acd811dacae9551d2b129,270000000000,269925.8607,258196354891019026,,,,,
0x74a878d6f95a4c696c4136f14670490db167be65c6443bd46b1ecfe221c71903,1760041427,2025-10-09,2025-10-09 20:23,23542544,MarketWithdraw,0x777791C4d6DC2CE140D00D2828a7C93503c67777,0x0f9563442d64ab3bd3bcb27058db0b0d4046a4c46f0acd811dacae9551d2b129,83749801873,83726.8050149037,80088268904185204,,,,,
0x2516e4b383d1cf2370a87d687a16974a38cb77d107670a877be1398333600035,1760041595,2025-10-09,2025-10-09 20:26,23542558,MarketSupply,0x0F359FD18BDa75e9c49bC027E7da59a4b01BF32a,0x0f9563442d64ab3bd3bcb27058db0b0d4046a4c46f0acd811dacae9551d2b129,99998921297,99971.46259320105,95626941398824661,,,,,
0x32934d90f5a715f682f4ba967366c2de9205aca048fc55758ff5cdaf2f77d798,1760041763,2025-10-09,2025-10-09 20:29,23542572,MarketWithdraw,0x55555815a5595991C3A0Ff119B59AEF6C8B55555,0x0f9563442d64ab3bd3bcb27058db0b0d4046a4c46f0acd811dacae9551d2b129,8574091595,8571.73723518893,8199227122026565,,,,,
0xbb4529a846a5818e6327c8f844743ee7e6b140eaa1c339c90cec0a954e1e8ef0,1760042039,2025-10-09,2025-10-09 20:33,23542595,MarketSupply,0x777791C4d6DC2CE140D00D2828a7C93503c67777,0x0f9563442d64ab3bd3bcb27058db0b0d4046a4c46f0acd811dacae9551d2b129,23748795406,23742.27422426947,22710470536129176,,,,,
0x5dc9f69ea59af652b658cab90b98dacec263805fd60d2f824e5fcfe2f5daf727,1760043431,2025-10-09,2025-10-09 20:57,23542710,MarketWithdraw,0xd63070114470f685b75B74D60EEc7c1113d33a3D,0x0f9563442d64ab3bd3bcb27058db0b0d4046a4c46f0acd811dacae9551d2b129,223531440596,223470.06109772675,213757776522701806,,,,,
0x01be124638c64b555cf7241a08182e3aa1d6ba936e22cb4a27e465675008e2f3,1760044055,2025-10-09,2025-10-09 21:07,23542762,MarketWithdraw,0x777791C4d6DC2CE140D00D2828a7C93503c67777,0x0f9563442d64ab3bd3bcb27058db0b0d4046a4c46f0acd811dacae9551d2b129,18019733455,18014.76791726401,17231797671254173,,,,,
0xc2ade8447e6961250b35933de9fd97ce2097b9c34bc38ff60e9069be540e63e8,1760044799,2025-10-09,2025-10-09 21:19,23542822,MarketWithdraw,0xca7c196f00e04A5e1c71B91476d0d58f82499734,0x0f9563442d64ab3bd3bcb27058db0b0d4046a4c46f0acd811dacae9551d2b129,265667,0.2655937925068369,254049448753,,,,,
0xb25f353b74832e96464e766123e5a0d826c61c73ae17922bcac3efbf69606370,1760047067,2025-10-09,2025-10-09 21:57,23543008,MarketSupply,0xd63070114470f685b75B74D60EEc7c1113d33a3D,0x0f9563442d64ab3bd3bcb27058db0b0d4046a4c46f0acd811dacae9551d2b129,14415871368,14411.898914497635,13785316063957558,,,,,
0x7197e8351f29faa01e58fd0f7c213d9a8b0fce879a40b3f095244f52e91e9344,1760050307,2025-10-09,2025-10-09 22:51,23543276,MarketSupply,0xd63070114470f685b75B74D60EEc7c1113d33a3D,0x0f9563442d64ab3bd3bcb27058db0b0d4046a4c46f0acd811dacae9551d2b129,7292329416,7290.3270152656605,6973265970837997,,,,,
0x4374fe27006f32e5a2fbc9dafb82ee171aeec958718b01a1adb59d7f0271a1e9,1760050907,2025-10-09,2025-10-09 23:01,23543326,MarketWithdraw,0x777791C4d6DC2CE140D00D2828a7C93503c67777,0x0f9563442d64ab3bd3bcb27058db0b0d4046a4c46f0acd811dacae9551d2b129,28931350449,28922.927450553812,27665444995682602,,,,,
0x6f605940c117d5a93dc75c85b8585349d790eac1cbf2fb3ccbb6f44bfddc1e50,1760052623,2025-10-09,2025-10-09 23:30,23543467,MarketSupply,0x55555815a5595991C3A0Ff119B59AEF6C8B55555,0x0f9563442d64ab3bd3bcb27058db0b0d4046a4c46f0acd811dacae9551d2b129,15518197573,15513.67964514608,14839057013544534,,,,,
0x130a72b1827c82573aaf5b6ae64133112918212d6cb44f13bf2d9a62a22164ce,1760054279,2025-10-09,2025-10-09 23:57,23543605,MarketSupply,0xd63070114470f685b75B74D60EEc7c1113d33a3D,0x0f9563442d64ab3bd3bcb27058db0b0d4046a4c46f0acd811dacae9551d2b129,30998687507,30989.662629396527,29641836348666395,,,,,
0xa435c2c29fd1d6e0a0be83bf1b6d78cfae9becf6fd234b360741f2e5f59f286a,1760057855,2025-10-10,2025-10-10 00:57,23543898,MarketWithdraw,0xd63070114470f685b75B74D60EEc7c1113d33a3D,0x0f9563442d64ab3bd3bcb27058db0b0d4046a4c46f0acd811dacae9551d2b129,375411344,375.30825979905103,358975261907677,,,,,
0x5787b8a855b929679e3aa2fb333a30e669b5ce58127877fa7ab82369ef616e31,1760058059,2025-10-10,2025-10-10 01:00,23543914,MarketWithdraw,0x55555815a5595991C3A0Ff119B59AEF6C8B55555,0x0f9563442d64ab3bd3bcb27058db0b0d4046a4c46f0acd811dacae9551d2b129,12695370997,12691.74023864199,12139540771242409,,,,,
0x9cf1d50d81f8b66699668c523044c499c6ae3856362a6ea6ed84af92772b39bf,1760061251,2025-10-10,2025-10-10 01:54,23544179,MarketSupply,0xd63070114470f685b75B74D60EEc7c1113d33a3D,0x0f9563442d64ab3bd3bcb27058db0b0d4046a4c46f0acd811dacae9551d2b129,12461960777,12458.396771800077,11916212044456047,,,,,
0xa5a08637211861e3347c9d8931bff3d16530159d780f62241ec193badfd03a41,1760064467,2025-10-10,2025-10-10 02:47,23544445,MarketSupply,0xd63070114470f685b75B74D60EEc7c1113d33a3D,0x0f9563442d64ab3bd3bcb27058db0b0d4046a4c46f0acd811dacae9551d2b129,4867618931,4866.282331517737,4654405000573661,,,,,
0x1cb7f7912516c2a78e736e01b0744f991576b3ad10c045b1923e63eca232284a,1760064719,2025-10-10,2025-10-10 02:51,23544466,MarketWithdraw,0x55555815a5595991C3A0Ff119B59AEF6C8B55555,0x0f9563442d64ab3bd3bcb27058db0b0d4046a4c46f0acd811dacae9551d2b129,2823180554,2822.4053368516775,2699516242302125,,,,,
0x0e02c7cfefcc1344fff2b8f810185c10e4c1a72ace76099f48d111d1fc7c3f24,1760065415,2025-10-10,2025-10-10 03:03,23544523,MarketSupply,0x777791C4d6DC2CE140D00D2828a7C93503c67777,0x0f9563442d64ab3bd3bcb27058db0b0d4046a4c46f0acd811dacae9551d2b129,132047501161,132015.2827146788,126263140672658762,,,,,
0x13c1fa00062a405d50be0dbca195f7bd719989f17646a78a51de9545d97a1935,1760065463,2025-10-10,2025-10-10 03:04,23544527,MarketWithdraw,0x777791C4d6DC2CE140D00D2828a7C93503c67777,0x0f9563442d64ab3bd3bcb27058db0b0d4046a4c46f0acd811dacae9551d2b129,62647404024,62632.118600149006,59903118789667715,,,,,
0x772771b1bc22ff413727174b71a4f3ad8753f53ececdab90c2915fe75bcd3801,1760068235,2025-10-10,2025-10-10 03:50,23544757,MarketWithdraw,0xd63070114470f685b75B74D60EEc7c1113d33a3D,0x0f9563442d64ab3bd3bcb27058db0b0d4046a4c46f0acd811dacae9551d2b129,61184280317,61169.351882658084,58503704950847864,,,,,
0x16903ae773b4b7d564e058233df3a66d3c22b11c1d818885ed8f6bc57821a5ab,1760068895,2025-10-10,2025-10-10 04:01,23544812,MarketWithdraw,0x777791C4d6DC2CE140D00D2828a7C93503c67777,0x0f9563442d64ab3bd3bcb27058db0b0d4046a4c46f0acd811dacae9551d2b129,156168309896,156125.42763978566,149326087856478994,,,,,
0xa800550647dc4a272d71317f085025dda4ed4f1b4acc0b9179a3f129921bdaaa,1760069315,2025-10-10,2025-10-10 04:08,23544847,MarketSupply,0x777791C4d6DC2CE140D00D2828a7C93503c67777,0x0f9563442d64ab3bd3bcb27058db0b0d4046a4c46f0acd811dacae9551d2b129,139999969234,139961.52664244804,133865503198499639,,,,,
0x349f4d9b384a68a0302f6c3ba2bc7f0c46b8141716d660be43c614e422cf7f58,1760070179,2025-10-10,2025-10-10 04:22,23544919,MarketSupply,0x55555815a5595991C3A0Ff119B59AEF6C8B55555,0x0f9563442d64ab3bd3bcb27058db0b0d4046a4c46f0acd811dacae9551d2b129,3507005096,3506.042107470689,3353326858089197,,,,,
0x75280ee6e8000fee0e28465c29397c4b40cffb81cf36bb4086fff432372ce5b6,1760071955,2025-10-10,2025-10-10 04:52,23545067,MarketSupply,0xd63070114470f685b75B74D60EEc7c1113d33a3D,0x0f9563442d64ab3bd3bcb27058db0b0d4046a4c46f0acd811dacae9551d2b129,22214408016,22208.308161702887,21240845647301103,,,,,
0x4e68c82d3094c738f8c42b88a3d4d148a8e6f7cc32ef0770a6b2c448b1f8b366,1760075507,2025-10-10,2025-10-10 05:51,23545363,MarketWithdraw,0xd63070114470f685b75B74D60EEc7c1113d33a3D,0x0f9563442d64ab3bd3bcb27058db0b0d4046a4c46f0acd811dacae9551d2b129,8791509113,8789.095052512661,8406140335833950,,,,,
0xb703f30afdf32a171c3f96dcbe3df146ddf0231e3fba074c9136e96e327d7587,1760075603,2025-10-10,2025-10-10 05:53,23545371,MarketWithdraw,0x55555815a5595991C3A0Ff119B59AEF6C8B55555,0x0f9563442d64ab3bd3bcb27058db0b0d4046a4c46f0acd811dacae9551d2b129,3507056704,3506.0937012996487,3353326858089197,,,,,
0xfab11002015772d6bd8f2a38d95f81f068d9bea77488ce16dea20664c7ef9b36,1760079527,2025-10-10,2025-10-10 06:58,23545696,MarketSupply,0xd63070114470f685b75B74D60EEc7c1113d33a3D,0x0f9563442d64ab3bd3bcb27058db0b0d4046a4c46f0acd811dacae9551d2b129,28872193641,28864.39292397554,27606305048741611,,,,,
0xe9b06713b7f8d4d152704415d172d223e7f9738e749c43c3cf9add33d09c5afb,1760081195,2025-10-10,2025-10-10 07:26,23545834,MarketSupply,0x777791C4d6DC2CE140D00D2828a7C93503c67777,0x0f9563442d64ab3bd3bcb27058db0b0d4046a4c46f0acd811dacae9551d2b129,117704970728,117672.6501200878,112543787724575675,,,,,
0xe177542b4bc0b99e857d0266839e30301d62331bd5b79246eeae1c0f25301562,1760081363,2025-10-10,2025-10-10 07:29,23545848,MarketWithdraw,0x777791C4d6DC2CE140D00D2828a7C93503c67777,0x0f9563442d64ab3bd3bcb27058db0b0d4046a4c46f0acd811dacae9551d2b129,17734447,17.72957729819827,16956812438722,,,,,
0x54229ed56e75016d908f9bfe32137c546457ab3e21101f153ee92caed1e73478,1760081555,2025-10-10,2025-10-10 07:32,23545864,MarketSupply,0xd63070114470f685b75B74D60EEc7c1113d33a3D,0x0f9563442d64ab3bd3bcb27058db0b0d4046a4c46f0acd811dacae9551d2b129,26417055614,26409.801754698954,25258688404473696,,,,,
0xc56903a34ba689ec6ab7396b26312aa42dab8daee0cc6faa6a9e047f37a22c08,1760081783,2025-10-10,2025-10-10 07:36,23545883,MarketWithdraw,0x777791C4d6DC2CE140D00D2828a7C93503c67777,0x0f9563442d64ab3bd3bcb27058db0b0d4046a4c46f0acd811dacae9551d2b129,26399318986,26392.069996999635,25241717364745006,,,,,
0x8eb115c31f51204067ad0b0e0829bafd9cb974782f54de3da9ab84865d15242e,1760081891,2025-10-10,2025-10-10 07:38,23545892,MarketSupply,0xd63070114470f685b75B74D60EEc7c1113d33a3D,0x0f9563442d64ab3bd3bcb27058db0b0d4046a4c46f0acd811dacae9551d2b129,98012317980,97985.40477760589,93714487517288106,,,,,
0x63284f8add67272b9b117bbd591c52e8a5c33af9fe0742f5d21a3015257be161,1760082431,2025-10-10,2025-10-10 07:47,23545937,MarketWithdraw,0x777791C4d6DC2CE140D00D2828a7C93503c67777,0x0f9563442d64ab3bd3bcb27058db0b0d4046a4c46f0acd811dacae9551d2b129,77594150461,77572.84388322491,74191575741050393,,,,,
0xfe0b3654b2c9e281bab85b73c5026ace2f45f490e9b5f81d192d9799105fd652,1760082527,2025-10-10,2025-10-10 07:48,23545945,MarketSupply,0xd63070114470f685b75B74D60EEc7c1113d33a3D,0x0f9563442d64ab3bd3bcb27058db0b0d4046a4c46f0acd811dacae9551d2b129,350031367109,349935.25199590554,334682102154620832,,,,,
0x1d022e064dcc9ff1366ed583ae52dcb61a8b0f99a3bba65da8142c01f73eb050,1760083151,2025-10-10,2025-10-10 07:59,23545997,MarketWithdraw,0xd63070114470f685b75B74D60EEc7c1113d33a3D,0x0f9563442d64ab3bd3bcb27058db0b0d4046a4c46f0acd811dacae9551d2b129,426339944418,426222.8757326623,407644069112229228,,,,,
0xb262144a44271e3f98ff43bd1655adb5d63c5f39ae67ef23acb4d219635191de,1760083991,2025-10-10,2025-10-10 08:13,23546067,MarketWithdraw,0x777791C4d6DC2CE140D00D2828a7C93503c67777,0x0f9563442d64ab3bd3bcb27058db0b0d4046a4c46f0acd811dacae9551d2b129,230000712725,229933.6652562799,219914288886775702,,,,,
0xfaa7429125b6324f650bd09f58569cb6c13beff48b74dd5fdd6f9a258eea089d,1760086259,2025-10-10,2025-10-10 08:50,23546253,MarketSupply,0xd63070114470f685b75B74D60EEc7c1113d33a3D,0x0f9563442d64ab3bd3bcb27058db0b0d4046a4c46f0acd811dacae9551d2b129,204911142012,204851.4083997791,195920422691454325,,,,,
0x5dcb4a31538f415fb10ea478ea81f02d6ea36ecdd03129fa06103473005723af,1760086955,2025-10-10,2025-10-10 09:02,23546309,MarketSupply,0x777791C4d6DC2CE140D00D2828a7C93503c67777,0x0f9563442d64ab3bd3bcb27058db0b0d4046a4c46f0acd811dacae9551d2b129,200000000000,199957.37,191224448226616843,,,,,
0xf87f321e3053f35793694665ec9752c2dc365cb13980e58724f19ec22646c930,1760087975,2025-10-10,2025-10-10 09:19,23546393,MarketWithdraw,0x777791C4d6DC2CE140D00D2828a7C93503c67777,0x0f9563442d64ab3bd3bcb27058db0b0d4046a4c46f0acd811dacae9551d2b129,55052406,55.0406715796611,52636725880922,,,,,
0x27e9f9e9aa83a51cca577705cdc801f0e8deae81a50f0cf3625fff304500dde1,1760089403,2025-10-10,2025-10-10 09:43,23546511,MarketSupply,0x777791C4d6DC2CE140D00D2828a7C93503c67777,0x0f9563442d64ab3bd3bcb27058db0b0d4046a4c46f0acd811dacae9551d2b129,70054104990,70039.17295752138,66979970523294888,,,,,
0x389f4f81911c67cda2d09ef3f4a5b2f78ab359120b117923081c811c920e3372,1760089895,2025-10-10,2025-10-10 09:51,23546552,MarketWithdraw,0xd63070114470f685b75B74D60EEc7c1113d33a3D,0x0f9563442d64ab3bd3bcb27058db0b0d4046a4c46f0acd811dacae9551d2b129,235307294513,235257.13876317456,224981271033969589,,,,,
0x010940c93419ada1e984943a2b5fc0dfba06589be9b7d3af2c88f945d1accda0,1760090123,2025-10-10,2025-10-10 09:55,23546571,MarketWithdraw,0x777791C4d6DC2CE140D00D2828a7C93503c67777,0x0f9563442d64ab3bd3bcb27058db0b0d4046a4c46f0acd811dacae9551d2b129,253711760647,253636.3345006003,242577965396377627,,,,,
0x165e44548f1018824e1ac7a85caad1d59a53c761b3528cb9054f9cec4ede7763,1760090231,2025-10-10,2025-10-10 09:57,23546580,MarketSupply,0x777791C4d6DC2CE140D00D2828a7C93503c67777,0x0f9563442d64ab3bd3bcb27058db0b0d4046a4c46f0acd811dacae9551d2b129,369999997805,369890.00024741277,353762622548205612,,,,,
0x859ef9fad072c4faeff8d84fee22815de772017b8b077a5b7c14e997a8097d7a,1760091803,2025-10-10,2025-10-10 10:23,23546710,MarketWithdraw,0x777791C4d6DC2CE140D00D2828a7C93503c67777,0x0f9563442d64ab3bd3bcb27058db0b0d4046a4c46f0acd811dacae9551d2b129,144911707,144.86803908432378,138551844505916,,,,,
0x92f984fba65861d71994b5b483d377afa254e5103e5fae93d853e77be1091304,1760093687,2025-10-10,2025-10-10 10:54,23546867,MarketWithdraw,0xd63070114470f685b75B74D60EEc7c1113d33a3D,0x0f9563442d64ab3bd3bcb27058db0b0d4046a4c46f0acd811dacae9551d2b129,123335743433,123298.57725122217,117922353250602438,,,,,
0x335752b26f8054ab8179f02a3722852e37b2c6304ef31150a1afa224d51f00c9,1760097491,2025-10-10,2025-10-10 11:58,23547183,MarketWithdraw,0xd63070114470f685b75B74D60EEc7c1113d33a3D,0x0f9563442d64ab3bd3bcb27058db0b0d4046a4c46f0acd811dacae9551d2b129,3943348143,3942.50761834332,3770235807744455,,,,,
0xb4fd0593ccafd622438671a4e9a08f0bdafb2d161441407ef593de98d12fd05b,1760101187,2025-10-10,2025-10-10 12:59,23547489,MarketWithdraw,0xd63070114470f685b75B74D60EEc7c1113d33a3D,0x0f9563442d64ab3bd3bcb27058db0b0d4046a4c46f0acd811dacae9551d2b129,10547723741,10544.575069138316,10084594600672913,,,,,
0x0cf2f31e7a76656a0860dba8fb3bcc05c71db1fa5ba9eeac579db287254a6db7,1760102675,2025-10-10,2025-10-10 13:24,23547613,MarketWithdraw,0x777791C4d6DC2CE140D00D2828a7C93503c67777,0x0f9563442d64ab3bd3bcb27058db0b0d4046a4c46f0acd811dacae9551d2b129,122028292348,122002.28201748602,116669873698006885,,,,,
0xfe59e11c8fea2e41fe96976566826eb1f3b6469f376a36959e88eb4df8188854,1760102939,2025-10-10,2025-10-10 13:28,23547635,MarketSupply,0x55555815a5595991C3A0Ff119B59AEF6C8B55555,0x0f9563442d64ab3bd3bcb27058db0b0d4046a4c46f0acd811dacae9551d2b129,4651874763,4650.883215894266,4447599368033965,,,,,
0x6c31458d8ece9688fa0b14b97c520a8646b99e8473474cbbec7c6d143d2ecc60,1760102963,2025-10-10,2025-10-10 13:29,23547637,MarketWithdraw,0x777791C4d6DC2CE140D00D2828a7C93503c67777,0x0f9563442d64ab3bd3bcb27058db0b0d4046a4c46f0acd811dacae9551d2b129,4651882027,4650.890478345945,4447605827584606,,,,,
0x8ce86e84d0c49da838ef50d09acfb31642eb934cfefa8f91fe04c8a0d5e62251,1760104283,2025-10-10,2025-10-10 13:51,23547747,MarketSupply,0xd63070114470f685b75B74D60EEc7c1113d33a3D,0x0f9563442d64ab3bd3bcb27058db0b0d4046a4c46f0acd811dacae9551d2b129,108648893319,108625.73480738905,103877182853384833,,,,,
0x8201f3d958938ac6ef871e8dd8c31e0236f0fbad1dcdb6e40bc70dd5f988d845,1760104391,2025-10-10,2025-10-10 13:53,23547756,MarketWithdraw,0x777791C4d6DC2CE140D00D2828a7C93503c67777,0x0f9563442d64ab3bd3bcb27058db0b0d4046a4c46f0acd811dacae9551d2b129,98406371620,98385.39630188921,94084474666471886,,,,,
0x6cc026efe239b8d61fbe6451ab530d006837d86b7f5bbe8cdfa089d4df12719d,1760104823,2025-10-10,2025-10-10 14:00,23547792,MarketWithdraw,0x777791C4d6DC2CE140D00D2828a7C93503c67777,0x0f9563442d64ab3bd3bcb27058db0b0d4046a4c46f0acd811dacae9551d2b129,120242492868,120208.56950924626,114961365844313864,,,,,
0x148740618da821fa30cb9ab84ff96fce9779ce39441f3e24f453b02522f70769,1760105255,2025-10-10,2025-10-10 14:07,23547828,MarketSupply,0xd63070114470f685b75B74D60EEc7c1113d33a3D,0x0f9563442d64ab3bd3bcb27058db0b0d4046a4c46f0acd811dacae9551d2b129,479015821699,478880.6795776033,457974919743985055,,,,,
0x7d29c2e44bae8c4931b3ae3b574e356be2b477f01de8130737a1e387a675bbc1,1760106431,2025-10-10,2025-10-10 14:27,23547923,MarketSupply,0x777791C4d6DC2CE140D00D2828a7C93503c67777,0x0f9563442d64ab3bd3bcb27058db0b0d4046a4c46f0acd811dacae9551d2b129,49171966015,49158.093396394324,47011972635342847,,,,,
0x2d65a2c1c524617862ed68f425b7e671972fe47018aa5cc2998c3196554d6edb,1760106563,2025-10-10,2025-10-10 14:29,23547933,MarketSupply,0x777791C4d6DC2CE140D00D2828a7C93503c67777,0x0f9563442d64ab3bd3bcb27058db0b0d4046a4c46f0acd811dacae9551d2b129,29999979185,29991.51545448158,28682153442745804,,,,,
0xf3e291e9bfc79a617e699f34ded8e8ff1717dac8adbfdada2c73f42523ac8423,1760107523,2025-10-10,2025-10-10 14:45,23548011,MarketWithdraw,0x55555815a5595991C3A0Ff119B59AEF6C8B55555,0x0f9563442d64ab3bd3bcb27058db0b0d4046a4c46f0acd811dacae9551d2b129,4651955695,4650.6432641098545,4447599368033965,,,,,
0x603035de345f931aa761142290558f894dc058b9d38737a1b78c599b2f4ced4f,1760107667,2025-10-10,2025-10-10 14:47,23548023,MarketWithdraw,0xd63070114470f685b75B74D60EEc7c1113d33a3D,0x0f9563442d64ab3bd3bcb27058db0b0d4046a4c46f0acd811dacae9551d2b129,304018665998,303932.8948697699,290663321345607571,,,,,
0x76b4550250530ebd9af9ea03c67252f490bd08965ab1cefca6bdc5b40ea5916d,1760107907,2025-10-10,2025-10-10 14:51,23548043,MarketSupply,0x777791C4d6DC2CE140D00D2828a7C93503c67777,0x0f9563442d64ab3bd3bcb27058db0b0d4046a4c46f0acd811dacae9551d2b129,109999707939,109968.67432129783,105167433733643814,,,,,
0xae95dc479385d4a8e55e8409ec6b18f66bf8a31187933c24add164839e2eaea3,1760108267,2025-10-10,2025-10-10 14:57,23548072,MarketSupply,0xd63070114470f685b75B74D60EEc7c1113d33a3D,0x0f9563442d64ab3bd3bcb27058db0b0d4046a4c46f0acd811dacae9551d2b129,471521740220,471388.7123629409,450807513584745548,,,,,
0x3611346f4cd91d49f4a3b291eec20074ecef2912fb969e5943aa12f07c538ffe,1760108603,2025-10-10,2025-10-10 15:03,23548100,MarketWithdraw,0x777791C4d6DC2CE140D00D2828a7C93503c67777,0x0f9563442d64ab3bd3bcb27058db0b0d4046a4c46f0acd811dacae9551d2b129,220000275383,219953.3823243021,210335437375814707,,,,,
0x22dc76ffc77ec7c9cc6c184ed102ab9aaee7bf34d1eb61068172d579b20454a6,1760109695,2025-10-10,2025-10-10 15:21,23548190,MarketSupply,0xd63070114470f685b75B74D60EEc7c1113d33a3D,0x0f9563442d64ab3bd3bcb27058db0b0d4046a4c46f0acd811dacae9551d2b129,460004903451,459906.8534058294,439795632607370449,,,,,
0xa03b5cb131bb8ed8ebdeb7fc69c6d207dce2f4e12a88798b930305ca69e06076,1760110247,2025-10-10,2025-10-10 15:30,23548236,MarketWithdraw,0x777791C4d6DC2CE140D00D2828a7C93503c67777,0x0f9563442d64ab3bd3bcb27058db0b0d4046a4c46f0acd811dacae9551d2b129,10000024190,9997.892684843902,9560689731771932,,,,,
0x96829b5315682253d8ee8c3aa92739a001060b5986a91054a062fe39c85509fc,1760111867,2025-10-10,2025-10-10 15:57,23548370,MarketWithdraw,0xd63070114470f685b75B74D60EEc7c1113d33a3D,0x0f9563442d64ab3bd3bcb27058db0b0d4046a4c46f0acd811dacae9551d2b129,813877534122,813704.0561256019,778119709186816461,,,,,
0x700e2a99dd24e53b069269d720bfb10df8ed2896897f6b3229646dc040a5d6de,1760115047,2025-10-10,2025-10-10 16:50,23548635,MarketWithdraw,0xd63070114470f685b75B74D60EEc7c1113d33a3D,0x0f9563442d64ab3bd3bcb27058db0b0d4046a4c46f0acd811dacae9551d2b129,7539662483,7537.94056940904,7208353903106775,,,,,
0x3d81e4a045d547623318bdcb483424a996a049df5df9ab5957b534520597836f,1760117303,2025-10-10,2025-10-10 17:28,23548818,MarketSupply,0x777791C4d6DC2CE140D00D2828a7C93503c67777,0x0f9563442d64ab3bd3bcb27058db0b0d4046a4c46f0acd811dacae9551d2b129,280000000000,279940.318,267694820638879574,,,,,
0xebf6fa823547a50c3a4d637719ecec0a0add1e477553cf67ed2a489797cc23b9,1760117651,2025-10-10,2025-10-10 17:34,23548847,MarketWithdraw,0x777791C4d6DC2CE140D00D2828a7C93503c67777,0x0f9563442d64ab3bd3bcb27058db0b0d4046a4c46f0acd811dacae9551d2b129,120000171543,119974.59350643562,114726445418972834,,,,,
0x169e61ba08fa0a946acd98642ecfa23f7b57d0865c243d727a02f0d435d9db7c,1760118203,2025-10-10,2025-10-10 17:43,23548892,MarketSupply,0x777791C4d6DC2CE140D00D2828a7C93503c67777,0x0f9563442d64ab3bd3bcb27058db0b0d4046a4c46f0acd811dacae9551d2b129,189999826489,189959.32802598388,181649582699278612,,,,,
0x65e4cd2795599cce3f529f2ce9efb143c528e1de92f978e2cbdd5136792cf2ca,1760118251,2025-10-10,2025-10-10 17:44,23548896,MarketWithdraw,0x777791C4d6DC2CE140D00D2828a7C93503c67777,0x0f9563442d64ab3bd3bcb27058db0b0d4046a4c46f0acd811dacae9551d2b129,230000027833,229951.0033270674,219891810041666313,,,,,
0x6592eba85b4b410adbe6736da294249c87bdee860a50e3927a437ff341c5e8ee,1760118431,2025-10-10,2025-10-10 17:47,23548911,MarketWithdraw,0x777791C4d6DC2CE140D00D2828a7C93503c67777,0x0f9563442d64ab3bd3bcb27058db0b0d4046a4c46f0acd811dacae9551d2b129,60000044092,59987.25508260179,57363095015730623,,,,,
0xbfc64102edd803ec72bd5a856902f13e2d2efb72eaaa8e7bafa3aa3a26a48852,1760119259,2025-10-10,2025-10-10 18:00,23548979,MarketSupply,0x0F359FD18BDa75e9c49bC027E7da59a4b01BF32a,0x0f9563442d64ab3bd3bcb27058db0b0d4046a4c46f0acd811dacae9551d2b129,99998456185,99977.14151406418,95603440660463343,,,,,
0x2aedd2490268d01717d7a657f2594bb714b269f98ea5e257da13b713b823366c,1760119283,2025-10-10,2025-10-10 18:01,23548981,MarketWithdraw,0xd63070114470f685b75B74D60EEc7c1113d33a3D,0x0f9563442d64ab3bd3bcb27058db0b0d4046a4c46f0acd811dacae9551d2b129,157593109842,157559.51887063717,150666754166522986,,,,,
0xf3b5790f609d2c3f51ce5a9a831fad4bafeb6dce3d575d7ef5c6b1cad400eb79,1760122751,2025-10-10,2025-10-10 18:59,23549267,MarketWithdraw,0xd63070114470f685b75B74D60EEc7c1113d33a3D,0x0f9563442d64ab3bd3bcb27058db0b0d4046a4c46f0acd811dacae9551d2b129,26418069740,26412.438728434918,25256771067719167,,,,,
0xb138114f99c7836696e73d6a7ed6f77310228d12dc9d4c686023976f67441294,1760126159,2025-10-10,2025-10-10 19:55,23549550,MarketSupply,0xd63070114470f685b75B74D60EEc7c1113d33a3D,0x0f9563442d64ab3bd3bcb27058db0b0d4046a4c46f0acd811dacae9551d2b129,58479129559,58467.75515336756,55908024668174004,,,,,
0xa148bec336198fa81ec716c6e697da72d258fe50f7291011004a9704f5c1b425,1760129339,2025-10-10,2025-10-10 20:48,23549814,MarketWithdraw,0xd63070114470f685b75B74D60EEc7c1113d33a3D,0x0f9563442d64ab3bd3bcb27058db0b0d4046a4c46f0acd811dacae9551d2b129,13579759800,13576.86527419863,12982617690808490,,,,,
0x2fc24cc7933ac143562a37bf4a3252c4af0d2a6d4634a30a7caf2e90d36b279f,1760129363,2025-10-10,2025-10-10 20:49,23549816,MarketSupply,0x777791C4d6DC2CE140D00D2828a7C93503c67777,0x0f9563442d64ab3bd3bcb27058db0b0d4046a4c46f0acd811dacae9551d2b129,129998501079,129970.79189849501,124282076671300341,,,,,
0x9bb1e1141d5d358e48eb5541648aecad948b4dcf281182e7871d43423abcde6c,1760133599,2025-10-10,2025-10-10 21:59,23550167,MarketWithdraw,0x777791C4d6DC2CE140D00D2828a7C93503c67777,0x0f9563442d64ab3bd3bcb27058db0b0d4046a4c46f0acd811dacae9551d2b129,50001592602,49995.6599630359,47802471761682842,,,,,
0x45755512435a44bd8ac767bf522c189d8105607dd2a6e23dd3d741f044643e23,1760133923,2025-10-10,2025-10-10 22:05,23550194,MarketWithdraw,0x777791C4d6DC2CE140D00D2828a7C93503c67777,0x0f9563442d64ab3bd3bcb27058db0b0d4046a4c46f0acd811dacae9551d2b129,140000094168,140010.0229746784,133842657770549489,,,,,
0x217b0d0a53020bb67c0fc590a292e66e995f0f01f41718e9879774e4749d4b3a,1760134451,2025-10-10,2025-10-10 22:14,23550238,MarketSupply,0x777791C4d6DC2CE140D00D2828a7C93503c67777,0x0f9563442d64ab3bd3bcb27058db0b0d4046a4c46f0acd811dacae9551d2b129,130000000000,130009.2196,124282226972990798,,,,,
0xd5aec336e4f0689c88f5072c65b294ab29fc716b29095a7e214395d9d79ca7d3,1760135411,2025-10-10,2025-10-10 22:30,23550316,MarketSupply,0x777791C4d6DC2CE140D00D2828a7C93503c67777,0x0f9563442d64ab3bd3bcb27058db0b0d4046a4c46f0acd811dacae9551d2b129,9999738374,10000.447555445484,9559901947304565,,,,,
0xd3bad5fc39163a05fcb8c91bea90d12845ceaa4126fa37fb0f5c28ce881b82fa,1760135555,2025-10-10,2025-10-10 22:32,23550328,MarketWithdraw,0x777791C4d6DC2CE140D00D2828a7C93503c67777,0x0f9563442d64ab3bd3bcb27058db0b0d4046a4c46f0acd811dacae9551d2b129,140000041844,140009.97064696756,133842128920494630,,,,,
0x0e8da4865f01487b9d6998b00b2439e03f5c40479a4d415be0f8c9713d46924b,1760136647,2025-10-10,2025-10-10 22:50,23550419,MarketSupply,0x777791C4d6DC2CE140D00D2828a7C93503c67777,0x0f9563442d64ab3bd3bcb27058db0b0d4046a4c46f0acd811dacae9551d2b129,10000000000,10000.7092,9560124178951487,,,,,
0x29fbf9b0a122de0724752ce7fb0bb32c758ae0de832204ffd86239b935fc89be,1760137739,2025-10-10,2025-10-10 23:08,23550509,MarketWithdraw,0x777791C4d6DC2CE140D00D2828a7C93503c67777,0x0f9563442d64ab3bd3bcb27058db0b0d4046a4c46f0acd811dacae9551d2b129,10000025900,9999.591413046719,9560124179257484,,,,,
0x90a116f149fff2fd3903187fb99d0a46bb0d36124c124dcbc7fabe2058143df2,1760143535,2025-10-11,2025-10-11 00:45,23550990,MarketSupply,0x777791C4d6DC2CE140D00D2828a7C93503c67777,0x0f9563442d64ab3bd3bcb27058db0b0d4046a4c46f0acd811dacae9551d2b129,150000000000,150010.638,143399498972194704,,,,,
0xefda373f6ba1ec952c7c479574d91c0135fa2c2b83377a592514cea616b7a16b,1760143619,2025-10-11,2025-10-11 00:46,23550997,MarketSupply,0x777791C4d6DC2CE140D00D2828a7C93503c67777,0x0f9563442d64ab3bd3bcb27058db0b0d4046a4c46f0acd811dacae9551d2b129,49999974112,50003.52011016403,47799799992342720,,,,,
0x013716465890296cfd337ab0f6ad3cdbd67560754fab7369b60c2263b05f6547,1760143895,2025-10-11,2025-10-11 00:51,23551020,MarketWithdraw,0x777791C4d6DC2CE140D00D2828a7C93503c67777,0x0f9563442d64ab3bd3bcb27058db0b0d4046a4c46f0acd811dacae9551d2b129,4902648682,4902.996377844527,4686912422536924,,,,,
0xdb9b2888d23f9e6d8d590ef279b3ca4ac5cf759d6546bfab33dcde5e373e1672,1760145767,2025-10-11,2025-10-11 01:22,23551175,MarketWithdraw,0x777791C4d6DC2CE140D00D2828a7C93503c67777,0x0f9563442d64ab3bd3bcb27058db0b0d4046a4c46f0acd811dacae9551d2b129,99404830000,99393.84069859913,95030267830253757,,,,,
0xdd6669effe1fb8576aa14ed007deec56c18ae47f553e5146550a7bac1c96ebfa,1760149439,2025-10-11,2025-10-11 02:23,23551480,MarketSupply,0x777791C4d6DC2CE140D00D2828a7C93503c67777,0x0f9563442d64ab3bd3bcb27058db0b0d4046a4c46f0acd811dacae9551d2b129,74305890819,74311.16059277687,71035305966742335,,,,,
0xbb88a5d242f178a7b4176ce6eb072038f11e3d2c0a3f7f667033175a495e9590,1760150423,2025-10-11,2025-10-11 02:40,23551562,MarketWithdraw,0x777791C4d6DC2CE140D00D2828a7C93503c67777,0x0f9563442d64ab3bd3bcb27058db0b0d4046a4c46f0acd811dacae9551d2b129,170000336736,170012.39315988132,162517424678256057,,,,,
0xd18d524c228be1f9cbb8b5038eda04edf8ae0b276b7ab8641fca39f141574942,1760152103,2025-10-11,2025-10-11 03:08,23551700,MarketSupply,0x777791C4d6DC2CE140D00D2828a7C93503c67777,0x0f9563442d64ab3bd3bcb27058db0b0d4046a4c46f0acd811dacae9551d2b129,100000000000,99981.12198502285,95597911254935224,,,,,
0xbeff99037817d0dffbfa5ae8398362ef215c85ec9c10337e2a8c6f26ef0fb650,1760153051,2025-10-11,2025-10-11 03:24,23551779,MarketSupply,0x777791C4d6DC2CE140D00D2828a7C93503c67777,0x0f9563442d64ab3bd3bcb27058db0b0d4046a4c46f0acd811dacae9551d2b129,79999795558,79984.69318461287,76477977208811737,,,,,
0xd56cb7ab4cacb90ccf7a5990f94971eb71a2b7cd3547ef7a7193c8b0e660090e,1760153351,2025-10-11,2025-10-11 03:29,23551804,MarketWithdraw,0x777791C4d6DC2CE140D00D2828a7C93503c67777,0x0f9563442d64ab3bd3bcb27058db0b0d4046a4c46f0acd811dacae9551d2b129,180000107627,179966.1271797233,172075888463792248,,,,,
0xbf97744c7ca8a8d7f5fa99fa9a93325ad067421913adacd80dd2b12ff0e6b8ce,1760153495,2025-10-11,2025-10-11 03:31,23551816,MarketSupply,0x777791C4d6DC2CE140D00D2828a7C93503c67777,0x0f9563442d64ab3bd3bcb27058db0b0d4046a4c46f0acd811dacae9551d2b129,170000000000,169967.90737453886,162515963696790415,,,,,
0x632f48ecdb0dc9fb915ff22a69a7f160e815c73b5173163d42cf10798af8fc34,1760153699,2025-10-11,2025-10-11 03:34,23551833,MarketSupply,0x777791C4d6DC2CE140D00D2828a7C93503c67777,0x0f9563442d64ab3bd3bcb27058db0b0d4046a4c46f0acd811dacae9551d2b129,9999930215,9998.04242667631,9559691933324611,,,,,
0x1d49a152a6ceb2cee5fce9bd6ab78812b96bf62d4febdd75c042e57bb9345f9d,1760165231,2025-10-11,2025-10-11 06:47,23552788,MarketSupply,0x777791C4d6DC2CE140D00D2828a7C93503c67777,0x0f9563442d64ab3bd3bcb27058db0b0d4046a4c46f0acd811dacae9551d2b129,49995867740,49999.41344694012,47793745688718795,,,,,
0xf1f78b2bc6b3dbf13c512d46160b21b84692abc1c5fcf9cff2c5dac1c51ef573,1760166527,2025-10-11,2025-10-11 07:08,23552893,MarketWithdraw,0x777791C4d6DC2CE140D00D2828a7C93503c67777,0x0f9563442d64ab3bd3bcb27058db0b0d4046a4c46f0acd811dacae9551d2b129,40000565283,40003.40212308987,38238603154548553,,,,,
0xd988270a882907c2c7e8bef069c8049436ad26ad060a5fdad3eeee965bbb2862,1760166575,2025-10-11,2025-10-11 07:09,23552897,MarketWithdraw,0x777791C4d6DC2CE140D00D2828a7C93503c67777,0x0f9563442d64ab3bd3bcb27058db0b0d4046a4c46f0acd811dacae9551d2b129,19279199101,19280.56638180024,18429978893360609,,,,,
0x4313854f5a5c2835cdc18a12edb4420bd0c2d0b51a2f4ef5065200caeaaf6c1b,1760168771,2025-10-11,2025-10-11 07:46,23553078,MarketWithdraw,0x777791C4d6DC2CE140D00D2828a7C93503c67777,0x0f9563442d64ab3bd3bcb27058db0b0d4046a4c46f0acd811dacae9551d2b129,170721570633,170733.67820678928,163200819270714611,,,,,
0x67f0e0f24a6576288988ab83ee4e143d484bb2338d67318fc8ad1b82f58a76ac,1760169275,2025-10-11,2025-10-11 07:54,23553120,MarketWithdraw,0xd63070114470f685b75B74D60EEc7c1113d33a3D,0x0f9563442d64ab3bd3bcb27058db0b0d4046a4c46f0acd811dacae9551d2b129,67823907028,67828.71709948643,64836000746812306,,,,,
0x69e9fa1c49dd97907333b58816b889bb55cd97efe71158b549ccd37d02152ca1,1760169371,2025-10-11,2025-10-11 07:56,23553128,MarketSupply,0x777791C4d6DC2CE140D00D2828a7C93503c67777,0x0f9563442d64ab3bd3bcb27058db0b0d4046a4c46f0acd811dacae9551d2b129,230000000000,230016.3116,219867530778843638,,,,,
0x4efe18cd9d44b87af9a1add6db47dc50fedae7a46d8207370117e71c7d56d088,1760169647,2025-10-11,2025-10-11 08:00,23553151,MarketWithdraw,0x777791C4d6DC2CE140D00D2828a7C93503c67777,0x0f9563442d64ab3bd3bcb27058db0b0d4046a4c46f0acd811dacae9551d2b129,1503292935,1503.0100233787682,1437065744566358,,,,,
0xd1d40937cd3921eec2b2638702eef414089e4d4d17072110b4548d34f09f48fc,1760170235,2025-10-11,2025-10-11 08:10,23553200,MarketWithdraw,0x777791C4d6DC2CE140D00D2828a7C93503c67777,0x0f9563442d64ab3bd3bcb27058db0b0d4046a4c46f0acd811dacae9551d2b129,18497107354,18493.626298173964,17682200916739447,,,,,
0x9aabe96eca6e0a63b70e120f596bb50a0239854167e594c7f1734f9eba3f5ede,1760171543,2025-10-11,2025-10-11 08:32,23553308,MarketSupply,0x777791C4d6DC2CE140D00D2828a7C93503c67777,0x0f9563442d64ab3bd3bcb27058db0b0d4046a4c46f0acd811dacae9551d2b129,9999433937,9997.552097472484,9558874257569013,,,,,
0xefd9ba7ca560faf5edefc0bc92971aa0d4a68791ec7490818a285b3dfab21c4c,1760171675,2025-10-11,2025-10-11 08:34,23553319,MarketWithdraw,0x777791C4d6DC2CE140D00D2828a7C93503c67777,0x0f9563442d64ab3bd3bcb27058db0b0d4046a4c46f0acd811dacae9551d2b129,102424126220,102404.85055194655,97911450382549993,,,,,
0x9819ca784e0e0fd0f6d1c39dbbf73383b85879f822151200d56151e170a79720,1760172251,2025-10-11,2025-10-11 08:44,23553367,MarketWithdraw,0x777791C4d6DC2CE140D00D2828a7C93503c67777,0x0f9563442d64ab3bd3bcb27058db0b0d4046a4c46f0acd811dacae9551d2b129,117576086266,117553.95908079932,112395687992400094,,,,,
0xa425408ac4749a859b953ad0e1e468860b54d043328cb6e499531ad73552f12e,1760172755,2025-10-11,2025-10-11 08:52,23553409,MarketSupply,0x777791C4d6DC2CE140D00D2828a7C93503c67777,0x0f9563442d64ab3bd3bcb27058db0b0d4046a4c46f0acd811dacae9551d2b129,180000000000,179966.12497096468,172068891012253739,,,,,
0x818700007aa71c047cfbe8b729e76d3ca105d621fcce72bb8c7140fac12a7b27,1760173091,2025-10-11,2025-10-11 08:58,23553437,MarketWithdraw,0xd63070114470f685b75B74D60EEc7c1113d33a3D,0x0f9563442d64ab3bd3bcb27058db0b0d4046a4c46f0acd811dacae9551d2b129,188775786757,188740.26017223578,180457872822592693,,,,,
0xa7fe88195a77e0436f17fec8841328ee4ca582e0a257d74c8408674678b5fc2d,1760173391,2025-10-11,2025-10-11 09:03,23553462,MarketWithdraw,0x777791C4d6DC2CE140D00D2828a7C93503c67777,0x0f9563442d64ab3bd3bcb27058db0b0d4046a4c46f0acd811dacae9551d2b129,123900042719,123894.14507696658,118440565574402739,,,,,
0x6e5de989889d181c067b8709db46ca728d7dc91994a9bbdd838fc7bb0bef5a74,1760173511,2025-10-11,2025-10-11 09:05,23553472,MarketSupply,0x777791C4d6DC2CE140D00D2828a7C93503c67777,0x0f9563442d64ab3bd3bcb27058db0b0d4046a4c46f0acd811dacae9551d2b129,249999970065,249988.0700664249,238983762236625018,,,,,
0xe9b8cb77d20f1b7e19b6922618d0f00913f0b737dc2bec953a9e8380ba2639d9,1760175683,2025-10-11,2025-10-11 09:41,23553653,MarketSupply,0x777791C4d6DC2CE140D00D2828a7C93503c67777,0x0f9563442d64ab3bd3bcb27058db0b0d4046a4c46f0acd811dacae9551d2b129,70000013306,69996.68130536663,66915145150725697,,,,,
0x8938eb3a5ae8ac1399052f81551cad85335215abd0a98aedf52bda2704946d9e,1760176775,2025-10-11,2025-10-11 09:59,23553744,MarketWithdraw,0x777791C4d6DC2CE140D00D2828a7C93503c67777,0x0f9563442d64ab3bd3bcb27058db0b0d4046a4c46f0acd811dacae9551d2b129,2079330828,2079.231851852587,1987691107598172,,,,,
0x808a45ec4c8ee4df3fd5570e80efae44d289697779cd74c95a261cf35bf33f0a,1760176799,2025-10-11,2025-10-11 09:59,23553746,MarketWithdraw,0xd63070114470f685b75B74D60EEc7c1113d33a3D,0x0f9563442d64ab3bd3bcb27058db0b0d4046a4c46f0acd811dacae9551d2b129,192753951645,192744.7765569017,184258940935986642,,,,,
0xdc695db6342863e396332c30655f35d58fc954adb06505973c628b3e881005b1,1760178227,2025-10-11,2025-10-11 10:23,23553865,MarketWithdraw,0x777791C4d6DC2CE140D00D2828a7C93503c67777,0x0f9563442d64ab3bd3bcb27058db0b0d4046a4c46f0acd811dacae9551d2b129,5166736763,5165.24821440807,4939001278158033,,,,,
0x97b2f7bceebba1a84df2f249223bf7883b9900bc9949ac5d1c41cb8e808145b7,1760178347,2025-10-11,2025-10-11 10:25,23553875,MarketWithdraw,0x777791C4d6DC2CE140D00D2828a7C93503c67777,0x0f9563442d64ab3bd3bcb27058db0b0d4046a4c46f0acd811dacae9551d2b129,67009601160,66990.29554176786,64055970394920296,,,,,
0x0d8b93b1c568d6b1980529183c1fc231383bf76aefdd840cea7e277decf29b2a,1760178563,2025-10-11,2025-10-11 10:29,23553893,MarketSupply,0x777791C4d6DC2CE140D00D2828a7C93503c67777,0x0f9563442d64ab3bd3bcb27058db0b0d4046a4c46f0acd811dacae9551d2b129,77009523714,76987.33709537631,73614994769531964,,,,,
0xab87d7639b42a7b316455c901cc28ea72b5692754275de7771e9071d6e4c1126,1760178659,2025-10-11,2025-10-11 10:30,23553901,MarketSupply,0x777791C4d6DC2CE140D00D2828a7C93503c67777,0x0f9563442d64ab3bd3bcb27058db0b0d4046a4c46f0acd811dacae9551d2b129,240000079080,239930.93451232318,229420951186825795,,,,,
0xf46254d7c19ec4adcd2ed5e29871b107f072326e462fce875e572571edf4f8be,1760180327,2025-10-11,2025-10-11 10:58,23554039,MarketWithdraw,0xd63070114470f685b75B74D60EEc7c1113d33a3D,0x0f9563442d64ab3bd3bcb27058db0b0d4046a4c46f0acd811dacae9551d2b129,239618708515,239549.67382104884,229055624347569137,,,,,
0x4303b1cf68759b287930de07b11c541a72ee404a521a6244cbd118039c58851a,1760181491,2025-10-11,2025-10-11 11:18,23554136,MarketWithdraw,0x777791C4d6DC2CE140D00D2828a7C93503c67777,0x0f9563442d64ab3bd3bcb27058db0b0d4046a4c46f0acd811dacae9551d2b129,20381312900,20380.34274950596,19482760859783284,,,,,
0x2d67845b5dace5315e6514dca0fcfe43760eef1a67370b0ef2b268f30a6f6054,1760183915,2025-10-11,2025-10-11 11:58,23554337,MarketSupply,0xd63070114470f685b75B74D60EEc7c1113d33a3D,0x0f9563442d64ab3bd3bcb27058db0b0d4046a4c46f0acd811dacae9551d2b129,10238514451,10238.02709771213,9787015935729659,,,,,
0xca8fe7b5224c22533d1f81a8e0c76e847fd8bdd03e886ad8055d0765098bc2a2,1760186183,2025-10-11,2025-10-11 12:36,23554524,MarketWithdraw,0x777791C4d6DC2CE140D00D2828a7C93503c67777,0x0f9563442d64ab3bd3bcb27058db0b0d4046a4c46f0acd811dacae9551d2b129,84155368,84.13908344001592,80443506458433,,,,,
0x23137ee65271120d2804b5f0dab8e372dd289e12552baec92b357d59e6f57e1b,1760186339,2025-10-11,2025-10-11 12:38,23554537,MarketWithdraw,0x777791C4d6DC2CE140D00D2828a7C93503c67777,0x0f9563442d64ab3bd3bcb27058db0b0d4046a4c46f0acd811dacae9551d2b129,29735251,29.72949705357853,28423692124566,,,,,
0xa88da9718b8bc82e8cdae8532f7e12776e9fe038e3af8bbad46f39c6c972606f,1760187467,2025-10-11,2025-10-11 12:57,23554631,MarketSupply,0xd63070114470f685b75B74D60EEc7c1113d33a3D,0x0f9563442d64ab3bd3bcb27058db0b0d4046a4c46f0acd811dacae9551d2b129,2622719758,2622.212246260279,2507025130088723,,,,,
0xcb686bede08b5f07ce617d10aceaf160eb4310af2aecb738a37b2d8a221b1565,1760189927,2025-10-11,2025-10-11 13:38,23554834,MarketWithdraw,0x777791C4d6DC2CE140D00D2828a7C93503c67777,0x0f9563442d64ab3bd3bcb27058db0b0d4046a4c46f0acd811dacae9551d2b129,122747287944,122741.44517309386,117331412146317458,,,,,
0x45bbf48c8056fc39bbb07043c9f9a39837ca2e9503088c1631a252a0f4865ee7,1760189963,2025-10-11,2025-10-11 13:39,23554837,MarketSupply,0x777791C4d6DC2CE140D00D2828a7C93503c67777,0x0f9563442d64ab3bd3bcb27058db0b0d4046a4c46f0acd811dacae9551d2b129,119999872653,119994.16065906172,114705172693990677,,,,,
0x51ea8cfc1c665d707b37f1a9d5af74a2610d406f67ad2c38a7ec278e1cbdb6cb,1760191187,2025-10-11,2025-10-11 13:59,23554939,MarketSupply,0xd63070114470f685b75B74D60EEc7c1113d33a3D,0x0f9563442d64ab3bd3bcb27058db0b0d4046a4c46f0acd811dacae9551d2b129,9039757440,9039.327147545855,8640855244510995,,,,,
0xec74bd00ed4b82f355959b25a66511658fd89c589897063fe181271c7bbafce8,1760191583,2025-10-11,2025-10-11 14:06,23554972,MarketWithdraw,0x777791C4d6DC2CE140D00D2828a7C93503c67777,0x0f9563442d64ab3bd3bcb27058db0b0d4046a4c46f0acd811dacae9551d2b129,9039712111,9037.28806563469,8640798828674486,,,,,
0x02eaefcfafdfff4862d3082cd5761d447c6ea17344583699215565c9af66f4eb,1760192111,2025-10-11,2025-10-11 14:15,23555015,MarketWithdraw,0x777791C4d6DC2CE140D00D2828a7C93503c67777,0x0f9563442d64ab3bd3bcb27058db0b0d4046a4c46f0acd811dacae9551d2b129,102000000000,101972.64817460714,97498624455933789,,,,,
0xb0afd9275aa377f4dc79a806a1c66977a683b0975fe9aa6a985d6a09582c79cb,1760192675,2025-10-11,2025-10-11 14:24,23555062,MarketSupply,0x777791C4d6DC2CE140D00D2828a7C93503c67777,0x0f9563442d64ab3bd3bcb27058db0b0d4046a4c46f0acd811dacae9551d2b129,81999965779,81977.9770658019,78380772757799455,,,,,
0x6c09000e080b8b7d3ae6e011d641a71fa14a0f1e5d095cb45eb9d29b40c180ba,1760193311,2025-10-11,2025-10-11 14:35,23555115,MarketSupply,0x777791C4d6DC2CE140D00D2828a7C93503c67777,0x0f9563442d64ab3bd3bcb27058db0b0d4046a4c46f0acd811dacae9551d2b129,20000008594,19994.645488677266,19117213688546758,,,,,
0xae916f77b9e22855cea86926e92426289357e7c452163c75cde339a2f09b8543,1760193827,2025-10-11,2025-10-11 14:43,23555157,MarketSupply,0x55555815a5595991C3A0Ff119B59AEF6C8B55555,0x0f9563442d64ab3bd3bcb27058db0b0d4046a4c46f0acd811dacae9551d2b129,15168274359,15164.206908100212,14498718938571214,,,,,
0x0880b93d49e2d59b7b1b34f3b0d6b49120817e6c57e261c39c77cdcb65e109b7,1760194631,2025-10-11,2025-10-11 14:57,23555224,MarketWithdraw,0xd63070114470f685b75B74D60EEc7c1113d33a3D,0x0f9563442d64ab3bd3bcb27058db0b0d4046a4c46f0acd811dacae9551d2b129,858286700,858.0565460004372,820398018369640,,,,,
0x2ac47605d0bff1abeee62d3a1e676ccddac6920810112277ed5004ecccb8df9a,1760194787,2025-10-11,2025-10-11 14:59,23555237,MarketWithdraw,0x777791C4d6DC2CE140D00D2828a7C93503c67777,0x0f9563442d64ab3bd3bcb27058db0b0d4046a4c46f0acd811dacae9551d2b129,14309930414,14307.214422654566,13678217311898355,,,,,
0x2aca39a03513b2876e6966c8cd76d82f20c4a43d835247504e5227a3e01a7254,1760195063,2025-10-11,2025-10-11 15:04,23555260,MarketWithdraw,0x777791C4d6DC2CE140D00D2828a7C93503c67777,0x0f9563442d64ab3bd3bcb27058db0b0d4046a4c46f0acd811dacae9551d2b129,42873144,42.871103238345604,40980457083714,,,,,
0xaafb5955bef3384e4a09f79e983ffce7895616d4f65d28e718bf618ec2dae0de,1760195159,2025-10-11,2025-10-11 15:05,23555268,MarketWithdraw,0x777791C4d6DC2CE140D00D2828a7C93503c67777,0x0f9563442d64ab3bd3bcb27058db0b0d4046a4c46f0acd811dacae9551d2b129,101694799192,101689.95851955847,97205319120955033,,,,,
0x210b0fd2e05ea5fd5984e827102318b9c6b28db175672e3d154d1b89f59de888,1760195315,2025-10-11,2025-10-11 15:08,23555280,MarketWithdraw,0x777791C4d6DC2CE140D00D2828a7C93503c67777,0x0f9563442d64ab3bd3bcb27058db0b0d4046a4c46f0acd811dacae9551d2b129,18262277264,18261.407979602234,17456032537618129,,,,,
0x4801ca7a7890cf84479e9e230050e9a68503951f57170353516514b5a5b585b2,1760197787,2025-10-11,2025-10-11 15:49,23555485,MarketSupply,0xd63070114470f685b75B74D60EEc7c1113d33a3D,0x0f9563442d64ab3bd3bcb27058db0b0d4046a4c46f0acd811dacae9551d2b129,136823614691,136817.1018869407,130779490003001782,,,,,
0x19289c5df980260e564d13874c304f1f34ab07dde0cb0d6d3f185e7e2a25e5e7,1760201387,2025-10-11,2025-10-11 16:49,23555781,MarketWithdraw,0xd63070114470f685b75B74D60EEc7c1113d33a3D,0x0f9563442d64ab3bd3bcb27058db0b0d4046a4c46f0acd811dacae9551d2b129,8151852436,8150.310023010293,7791650301789819,,,,,
0x28250d2820e3a4b0b11ff8d8dc5ded1b3650d735a2540e2007bb5471697c0e1f,1760205467,2025-10-11,2025-10-11 17:57,23556118,MarketSupply,0xd63070114470f685b75B74D60EEc7c1113d33a3D,0x0f9563442d64ab3bd3bcb27058db0b0d4046a4c46f0acd811dacae9551d2b129,6951569132,6951.238237309316,6644298433675738,,,,,
0xf6bd9c002a8165cf6bc053436f47135057aac4be2a3d804a521e31af7a4a325f,1760208587,2025-10-11,2025-10-11 18:49,23556376,MarketWithdraw,0xd63070114470f685b75B74D60EEc7c1113d33a3D,0x0f9563442d64ab3bd3bcb27058db0b0d4046a4c46f0acd811dacae9551d2b129,4395445468,4394.814294183738,4201113199176145,,,,,
0x1292a0ddb3a25ad842186c70ae67be33da3a2dec8c59c5b330cc78f9fa55693d,1760211455,2025-10-11,2025-10-11 19:37,23556614,MarketWithdraw,0x777791C4d6DC2CE140D00D2828a7C93503c67777,0x0f9563442d64ab3bd3bcb27058db0b0d4046a4c46f0acd811dacae9551d2b129,131227885919,131221.63947163025,125424663619897759,,,,,
0x22d58312a5f3e88838680dd9196df16e4c5532b27a68a21a8737c0f7acb02e0d,1760211491,2025-10-11,2025-10-11 19:38,23556617,MarketSupply,0x777791C4d6DC2CE140D00D2828a7C93503c67777,0x0f9563442d64ab3bd3bcb27058db0b0d4046a4c46f0acd811dacae9551d2b129,129999913195,129993.72519913192,124250944511274657,,,,,
0x0fea69f61205784da595ed872c7117d4c4ae4be5cc91ed1224e5132f3214e782,1760212235,2025-10-11,2025-10-11 19:50,23556679,MarketWithdraw,0x777791C4d6DC2CE140D00D2828a7C93503c67777,0x0f9563442d64ab3bd3bcb27058db0b0d4046a4c46f0acd811dacae9551d2b129,129999913195,129993.72519913192,124250591899405208,,,,,
0x4c43697ae02aeb1946854f8eb0904605694e4f9931735116a7a78eb0bbaf0a7d,1760212271,2025-10-11,2025-10-11 19:51,23556682,MarketSupply,0x777791C4d6DC2CE140D00D2828a7C93503c67777,0x0f9563442d64ab3bd3bcb27058db0b0d4046a4c46f0acd811dacae9551d2b129,129999913173,129993.72517713296,124250541484772920,,,,,
0x0afe5ca0a81d5f1be0cd5bbca2aafa4d4491f61d127c2f33266fecca2a886b9a,1760212415,2025-10-11,2025-10-11 19:53,23556694,MarketSupply,0x55555815a5595991C3A0Ff119B59AEF6C8B55555,0x0f9563442d64ab3bd3bcb27058db0b0d4046a4c46f0acd811dacae9551d2b129,4463990311,4463.7778250611955,4266563685148036,,,,,
0xf246f5a2698df0bf4bb561ba3b370947308bc2b1a5d973fd6733b6d0ce4bb4d7,1760212727,2025-10-11,2025-10-11 19:58,23556720,MarketWithdraw,0xd63070114470f685b75B74D60EEc7c1113d33a3D,0x0f9563442d64ab3bd3bcb27058db0b0d4046a4c46f0acd811dacae9551d2b129,5602282792,5602.016123339101,5354507468752232,,,,,
0x9358265e3df554638b9243a713e4fab562d6bcac9c55a24a093744712b53de2e,1760212751,2025-10-11,2025-10-11 19:59,23556722,MarketWithdraw,0x777791C4d6DC2CE140D00D2828a7C93503c67777,0x0f9563442d64ab3bd3bcb27058db0b0d4046a4c46f0acd811dacae9551d2b129,58442482853,58439.7009908162,55857708987353123,,,,,
0xc5a45ac0d68e8678ba58ca89c79cde7988fc1fc44eb35a5adb59e2ff8fc4196d,1760213675,2025-10-11,2025-10-11 20:14,23556799,MarketSupply,0x777791C4d6DC2CE140D00D2828a7C93503c67777,0x0f9563442d64ab3bd3bcb27058db0b0d4046a4c46f0acd811dacae9551d2b129,159580796873,159573.20082706885,152521936778311211,,,,,
0xb26bfb5369ae47bc7c961a014a7d94c93be18243a3a5b5be76d98fa30d6a182b,1760217551,2025-10-11,2025-10-11 21:19,23557121,MarketWithdraw,0x777791C4d6DC2CE140D00D2828a7C93503c67777,0x0f9563442d64ab3bd3bcb27058db0b0d4046a4c46f0acd811dacae9551d2b129,1067341807,1067.2347153796115,1020119984388416,,,,,
0xd379e3cd247d1cdf6561066dff24d88d18f7d7bb6643578ee99c1347ec8b9821,1760219135,2025-10-11,2025-10-11 21:45,23557253,MarketWithdraw,0x777791C4d6DC2CE140D00D2828a7C93503c67777,0x0f9563442d64ab3bd3bcb27058db0b0d4046a4c46f0acd811dacae9551d2b129,228932592905,228909.62297899023,218803239332312927,,,,,
0x82e66b51ffa1c885f426987dcd29a7c7a69de4d73692cbe941a1d50e182a1744,1760219159,2025-10-11,2025-10-11 21:45,23557255,MarketSupply,0x777791C4d6DC2CE140D00D2828a7C93503c67777,0x0f9563442d64ab3bd3bcb27058db0b0d4046a4c46f0acd811dacae9551d2b129,119999912816,119987.87263821847,114690364562327738,,,,,
0xd0c8de31bdd1b001710f187b830822afe580aaad137d18beb54eefb0de182bfd,1760219171,2025-10-11,2025-10-11 21:46,23557256,MarketSupply,0x55555815a5595991C3A0Ff119B59AEF6C8B55555,0x0f9563442d64ab3bd3bcb27058db0b0d4046a4c46f0acd811dacae9551d2b129,49833386849,49828.38682172466,47628443018026284,,,,,
0x811bb0a7b514c2685d1d32637ae76c751566cbf15407b5dd01a582861038d099,1760219471,2025-10-11,2025-10-11 21:51,23557281,MarketWithdraw,0xd63070114470f685b75B74D60EEc7c1113d33a3D,0x0f9563442d64ab3bd3bcb27058db0b0d4046a4c46f0acd811dacae9551d2b129,54062137086,54056.71276754435,51670047852029704,,,,,
0x2170fb426f7a4cfbc316da0c31bee44e81e53ba132dfe3dc3437d3ea844e1f6f,1760220227,2025-10-11,2025-10-11 22:03,23557344,MarketWithdraw,0x777791C4d6DC2CE140D00D2828a7C93503c67777,0x0f9563442d64ab3bd3bcb27058db0b0d4046a4c46f0acd811dacae9551d2b129,121467,0.1214612181708,116092048967,,,,,
0xc8b0af836d29dcd194e2dd3782af2ddeb881252a73700d30fa5dcf7de5d6f9e5,1760220491,2025-10-11,2025-10-11 22:08,23557366,MarketSupply,0x777791C4d6DC2CE140D00D2828a7C93503c67777,0x0f9563442d64ab3bd3bcb27058db0b0d4046a4c46f0acd811dacae9551d2b129,4228910921,4228.70962484016,4041775527798999,,,,,
0x617248f9b4af5867e8d7bd614df12819a392673b20ff8342e6df58077d87b9f7,1760221103,2025-10-11,2025-10-11 22:18,23557416,MarketSupply,0x777791C4d6DC2CE140D00D2828a7C93503c67777,0x0f9563442d64ab3bd3bcb27058db0b0d4046a4c46f0acd811dacae9551d2b129,10000024878,9999.548876815807,9557484185496200,,,,,
0xd8a92e2e55569c61dbb10669186892e86a1ce868c69617e58530e0e5cc0e0dd7,1760222099,2025-10-11,2025-10-11 22:34,23557499,MarketWithdraw,0x777791C4d6DC2CE140D00D2828a7C93503c67777,0x0f9563442d64ab3bd3bcb27058db0b0d4046a4c46f0acd811dacae9551d2b129,604285522,604.2567580091528,577541297777963,,,,,
0x1997fd1e73f22842fdacb2092fc0d247a7882558f01987664d6dce56f33da5be,1760223431,2025-10-11,2025-10-11 22:57,23557608,MarketWithdraw,0xd63070114470f685b75B74D60EEc7c1113d33a3D,0x0f9563442d64ab3bd3bcb27058db0b0d4046a4c46f0acd811dacae9551d2b129,12873275029,12872.662261108619,12303471727092503,,,,,
0x395bcc645b7bafd54e1935f4e6807c976b94eba60c7c3e14dec2d3d42908ef45,1760224619,2025-10-11,2025-10-11 23:16,23557707,MarketWithdraw,0x55555815a5595991C3A0Ff119B59AEF6C8B55555,0x0f9563442d64ab3bd3bcb27058db0b0d4046a4c46f0acd811dacae9551d2b129,22462891250,22460.296851458475,21468513167090219,,,,,
0xe5368a2743ce162b979f661c8b91f4f045714fe6926d5aabf6a778a4e390236c,1760227187,2025-10-11,2025-10-11 23:59,23557919,MarketSupply,0xd63070114470f685b75B74D60EEc7c1113d33a3D,0x0f9563442d64ab3bd3bcb27058db0b0d4046a4c46f0acd811dacae9551d2b129,19231609789,19229.388594059754,18380006111081671,,,,,
0xb4bf63ad2d0e1a9422f125109cf1b73f49d1179853e02ef945ca76b0d4cd5c68,1760230031,2025-10-12,2025-10-12 00:47,23558154,MarketSupply,0x777791C4d6DC2CE140D00D2828a7C93503c67777,0x0f9563442d64ab3bd3bcb27058db0b0d4046a4c46f0acd811dacae9551d2b129,6708814085,6708.494745449554,6411653062472410,,,,,
0x03930522797b7d432984f10ddf54ee215f6c80ed2599b114c9d850269b9cb1ef,1760230055,2025-10-12,2025-10-12 00:47,23558156,MarketWithdraw,0x55555815a5595991C3A0Ff119B59AEF6C8B55555,0x0f9563442d64ab3bd3bcb27058db0b0d4046a4c46f0acd811dacae9551d2b129,7160845459,7160.504602756151,6843661393628400,,,,,
0xd4b2cc5cf1331161a1518b532325ba19f369ef51fe73fb2915a46528bb21e186,1760230067,2025-10-12,2025-10-12 00:47,23558157,MarketSupply,0xd63070114470f685b75B74D60EEc7c1113d33a3D,0x0f9563442d64ab3bd3bcb27058db0b0d4046a4c46f0acd811dacae9551d2b129,8478054846,8477.65129058933,8102525562467338,,,,,
0xdbbf9c3e6b2f355b1f15f57d2fc223e840c9cc2443610230bedcc001ee90fc3a,1760230643,2025-10-12,2025-10-12 00:57,23558204,MarketWithdraw,0x777791C4d6DC2CE140D00D2828a7C93503c67777,0x0f9563442d64ab3bd3bcb27058db0b0d4046a4c46f0acd811dacae9551d2b129,1317182026,1317.1193281355622,1258835315141934,,,,,
0xe8dda36d98cd6d54e885db560fc5b709e9b3be963f7a67465043a0ed8b2babb8,1760232155,2025-10-12,2025-10-12 01:22,23558330,MarketWithdraw,0x777791C4d6DC2CE140D00D2828a7C93503c67777,0x0f9563442d64ab3bd3bcb27058db0b0d4046a4c46f0acd811dacae9551d2b129,119999976345,119977.28848465538,114683632623849541,,,,,
0x3dc68ec57d0692e503b138185483449d5eb6a2c921f4ebb7f034cb321a5d3f10,1760232479,2025-10-12,2025-10-12 01:27,23558357,MarketSupply,0x777791C4d6DC2CE140D00D2828a7C93503c67777,0x0f9563442d64ab3bd3bcb27058db0b0d4046a4c46f0acd811dacae9551d2b129,119999953572,119977.26571596097,114683189753555289,,,,,
0xa1ff3a77f2feeadac5904718555fc2bee345bbe1b4a2616fc5201a19dc95762b,1760233787,2025-10-12,2025-10-12 01:49,23558466,MarketSupply,0xd63070114470f685b75B74D60EEc7c1113d33a3D,0x0f9563442d64ab3bd3bcb27058db0b0d4046a4c46f0acd811dacae9551d2b129,4191491186,4190.698719454921,4005758676495215,,,,,
0xcadb069ef34febe2aee59c117fd7776d4e6c9ff1b9864c374270074ebe8de856,1760235479,2025-10-12,2025-10-12 02:17,23558607,MarketWithdraw,0x55555815a5595991C3A0Ff119B59AEF6C8B55555,0x0f9563442d64ab3bd3bcb27058db0b0d4046a4c46f0acd811dacae9551d2b129,6931342544,6931.012612094905,6624156046219741,,,,,
0x88174a89d6107544cfa6c6de54848eb9783533b8e1618b98e17bbe1bc17e736d,1760235803,2025-10-12,2025-10-12 02:23,23558634,MarketSupply,0x777791C4d6DC2CE140D00D2828a7C93503c67777,0x0f9563442d64ab3bd3bcb27058db0b0d4046a4c46f0acd811dacae9551d2b129,2739823499,2739.6930834014474,2618394918344261,,,,,
0x69941042287138bd5a6ddec77e750b806d144d0332050f70904634881b45b5db,1760237291,2025-10-12,2025-10-12 02:48,23558756,MarketWithdraw,0xd63070114470f685b75B74D60EEc7c1113d33a3D,0x0f9563442d64ab3bd3bcb27058db0b0d4046a4c46f0acd811dacae9551d2b129,218475301,218.4649015756724,208791159824870,,,,,
0x4f2f29142ef7b9a50c1b743ae8035b8fc86f75817c667e5de9c01cdb52732880,1760237351,2025-10-12,2025-10-12 02:49,23558761,MarketWithdraw,0x777791C4d6DC2CE140D00D2828a7C93503c67777,0x0f9563442d64ab3bd3bcb27058db0b0d4046a4c46f0acd811dacae9551d2b129,619460995,619.431508656638,592002598320256,,,,,
0x70076c1027eb6449959f44ad4f3b2ec511a74351c960955e276f1ce6cc817fcd,1760237819,2025-10-12,2025-10-12 02:56,23558799,MarketWithdraw,0x777791C4d6DC2CE140D00D2828a7C93503c67777,0x0f9563442d64ab3bd3bcb27058db0b0d4046a4c46f0acd811dacae9551d2b129,3580345083,3580.1746585740493,3421634717447875,,,,,
0xb3908e014480b56a8c8a244e7b9b3c2d848d712a6e7089255f244a82fa554bde,1760240663,2025-10-12,2025-10-12 03:44,23559035,MarketWithdraw,0x777791C4d6DC2CE140D00D2828a7C93503c67777,0x0f9563442d64ab3bd3bcb27058db0b0d4046a4c46f0acd811dacae9551d2b129,7052584510,7051.902319773678,6739868436960255,,,,,
0xa9daf8d60ea27384507c55f7c66855f0d3f5c91b9e22b5181973c19955d30c6b,1760240903,2025-10-12,2025-10-12 03:48,23559055,MarketSupply,0x55555815a5595991C3A0Ff119B59AEF6C8B55555,0x0f9563442d64ab3bd3bcb27058db0b0d4046a4c46f0acd811dacae9551d2b129,3839659395,3839.2879881621297,3669402122492842,,,,,
0x15badf6c55a952651798a34725cc6a1280da174fd989b8121b781d93cfa8eaa4,1760241515,2025-10-12,2025-10-12 03:58,23559106,MarketSupply,0xd63070114470f685b75B74D60EEc7c1113d33a3D,0x0f9563442d64ab3bd3bcb27058db0b0d4046a4c46f0acd811dacae9551d2b129,14150841796,14149.472997660361,13523329353000485,,,,,
0x84333e4b64a777b81b256e53609fef8072a11808dd752af5956860c94ef23924,1760241731,2025-10-12,2025-10-12 04:02,23559124,MarketSupply,0x777791C4d6DC2CE140D00D2828a7C93503c67777,0x0f9563442d64ab3bd3bcb27058db0b0d4046a4c46f0acd811dacae9551d2b129,3480417127,3480.251459144755,3326076771845933,,,,,
0xa0c80867295d939d9527d61a99f2d9d38782c4c57cbb3f24fd7721dbbaa34c83,1760243615,2025-10-12,2025-10-12 04:33,23559280,MarketWithdraw,0x777791C4d6DC2CE140D00D2828a7C93503c67777,0x0f9563442d64ab3bd3bcb27058db0b0d4046a4c46f0acd811dacae9551d2b129,2062155865,2062.057706380826,1970694512095465,,,,,
0x3f6d6097cc6d0774cec63b094fcf2608b2f93359d216291e8179244ecf178719,1760244503,2025-10-12,2025-10-12 04:48,23559354,MarketSupply,0xd63070114470f685b75B74D60EEc7c1113d33a3D,0x0f9563442d64ab3bd3bcb27058db0b0d4046a4c46f0acd811dacae9551d2b129,6052583743,6052.295640013833,5784117424629042,,,,,
0x6badc857a25d1d19b4b9fa27aa8c048304aee1972797417f330ad09624253b5c,1760247191,2025-10-12,2025-10-12 05:33,23559578,MarketWithdraw,0x55555815a5595991C3A0Ff119B59AEF6C8B55555,0x0f9563442d64ab3bd3bcb27058db0b0d4046a4c46f0acd811dacae9551d2b129,10037039235,10035.981414594326,9591745355080059,,,,,
0xbdd9ee3ac77c32c3687fc0d1f8fab718acf24fd8c38bc123399b42af73bba8c5,1760248379,2025-10-12,2025-10-12 05:52,23559677,MarketWithdraw,0x777791C4d6DC2CE140D00D2828a7C93503c67777,0x0f9563442d64ab3bd3bcb27058db0b0d4046a4c46f0acd811dacae9551d2b129,3953412097,3952.995440265844,3778000068217735,,,,,
0x327ca1c9bcdc7a0408dd2a842206fefd1d5f60d8e3e8fcbe9ae7bbbe2ca9ba02,1760248607,2025-10-12,2025-10-12 05:56,23559696,MarketSupply,0xd63070114470f685b75B74D60EEc7c1113d33a3D,0x0f9563442d64ab3bd3bcb27058db0b0d4046a4c46f0acd811dacae9551d2b129,12470173955,12468.859702443737,11916863239358791,,,,,
0x05f425c67b50f2f3ff3ccb30e9aa1f4c6d5bd0be324d919e3308c1554ce664a8,1760248991,2025-10-12,2025-10-12 06:03,23559728,MarketWithdraw,0x777791C4d6DC2CE140D00D2828a7C93503c67777,0x0f9563442d64ab3bd3bcb27058db0b0d4046a4c46f0acd811dacae9551d2b129,12470169053,12469.575472953076,11916841444786456,,,,,
0x7c2f74f7a8dcb4b6c23e4bedb701926567a725dc0b3f866bcd8a12f5d246a075,1760251943,2025-10-12,2025-10-12 06:52,23559972,MarketWithdraw,0x777791C4d6DC2CE140D00D2828a7C93503c67777,0x0f9563442d64ab3bd3bcb27058db0b0d4046a4c46f0acd811dacae9551d2b129,9999982490,9999.506490833475,9556139358914290,,,,,
0xde2e7ea82d728104629d443d53bdc6093ea6b7e19a95541e2a0212d41db0da02,1760252435,2025-10-12,2025-10-12 07:00,23560013,MarketSupply,0xd63070114470f685b75B74D60EEc7c1113d33a3D,0x0f9563442d64ab3bd3bcb27058db0b0d4046a4c46f0acd811dacae9551d2b129,18453053036,18451.229281480188,17633983292387545,,,,,
0x99e6b944dc45a9e90d6db179ead675bd4375bcf22635ef615fea6ca7352dacbb,1760252555,2025-10-12,2025-10-12 07:02,23560023,MarketWithdraw,0x777791C4d6DC2CE140D00D2828a7C93503c67777,0x0f9563442d64ab3bd3bcb27058db0b0d4046a4c46f0acd811dacae9551d2b129,28453050366,28450.238290453137,27190101093554220,,,,,
0x803ec51eac53972a157906f94296a2cb7146590f65c0dacc87360ad8cee39cf0,1760252687,2025-10-12,2025-10-12 07:04,23560034,MarketSupply,0x55555815a5595991C3A0Ff119B59AEF6C8B55555,0x0f9563442d64ab3bd3bcb27058db0b0d4046a4c46f0acd811dacae9551d2b129,7994762001,7993.971861649849,7639892018665996,,,,,
0x9673e924ff498bb694549bb831d2c821495851f6a143199872fc23c64b693ff1,1760253827,2025-10-12,2025-10-12 07:23,23560128,MarketWithdraw,0x777791C4d6DC2CE140D00D2828a7C93503c67777,0x0f9563442d64ab3bd3bcb27058db0b0d4046a4c46f0acd811dacae9551d2b129,11935645785,11934.46615971497,11405783939940618,,,,,
0xe9b010ee0231bfb9bdfe6a48f609d08d6418c43513a6d2f77e6550b008557780,1760255339,2025-10-12,2025-10-12 07:48,23560254,MarketSupply,0x777791C4d6DC2CE140D00D2828a7C93503c67777,0x0f9563442d64ab3bd3bcb27058db0b0d4046a4c46f0acd811dacae9551d2b129,13940877950,13939.500143350775,13321884505425431,,,,,
0xd04135fe3404150cf97503961b2f81f433ef2e515f006e0a5ee20a0df5a4e908,1760255879,2025-10-12,2025-10-12 07:57,23560299,MarketSupply,0xd63070114470f685b75B74D60EEc7c1113d33a3D,0x0f9563442d64ab3bd3bcb27058db0b0d4046a4c46f0acd811dacae9551d2b129,18886909073,18885.042439564328,18048257778378771,,,,,
0xc4748984fdb2edec180bed234125f5df7996c9af0c2f4f5cde85650f82156bc0,1760256071,2025-10-12,2025-10-12 08:01,23560314,MarketSupply,0x777791C4d6DC2CE140D00D2828a7C93503c67777,0x0f9563442d64ab3bd3bcb27058db0b0d4046a4c46f0acd811dacae9551d2b129,1113079169,1113.033098653195,1063653377548781,,,,,
0x1a5b66fdad493a675ca754a570deb27010523aca3f2e8d442b0e9af99739e23a,1760257667,2025-10-12,2025-10-12 08:27,23560446,MarketWithdraw,0x777791C4d6DC2CE140D00D2828a7C93503c67777,0x0f9563442d64ab3bd3bcb27058db0b0d4046a4c46f0acd811dacae9551d2b129,129999962178,129994.58147956544,124226603237989678,,,,,
0x0a54879fe64c65e554f9142533cac30c10c7c7896cb4b4e02613c225d2e5ce16,1760258147,2025-10-12,2025-10-12 08:35,23560486,MarketSupply,0x55555815a5595991C3A0Ff119B59AEF6C8B55555,0x0f9563442d64ab3bd3bcb27058db0b0d4046a4c46f0acd811dacae9551d2b129,46248135176,46246.22096568507,44193991281733522,,,,,
0x52660597a5cfdced6ad982a8b5fa4a0a7c4e58fca4d96d90fdef041f3fcb9ba9,1760261183,2025-10-12,2025-10-12 09:26,23560738,MarketSupply,0x777791C4d6DC2CE140D00D2828a7C93503c67777,0x0f9563442d64ab3bd3bcb27058db0b0d4046a4c46f0acd811dacae9551d2b129,93751809346,93746.964252493,89585452572263808,,,,,
0x2cf1e23a3677ed1739e15c9a86e65ee708c8b1453807bd04abdd5019fc0576cb,1760262875,2025-10-12,2025-10-12 09:54,23560879,MarketWithdraw,0xd63070114470f685b75B74D60EEc7c1113d33a3D,0x0f9563442d64ab3bd3bcb27058db0b0d4046a4c46f0acd811dacae9551d2b129,14752657554,14751.89513665761,14096964121377270,,,,,
0x078a86935c48fc2e1ab01b355ad7ad03c44b87f6ebe449c0f03244400dd1be95,1760263211,2025-10-12,2025-10-12 10:00,23560907,MarketSupply,0x777791C4d6DC2CE140D00D2828a7C93503c67777,0x0f9563442d64ab3bd3bcb27058db0b0d4046a4c46f0acd811dacae9551d2b129,4752676764,4752.207931684447,4541434023213024,,,,,
0x086c1c785ed5dcb8ca9a4db127a91558184efef782e25f79242389caf9591fb3,1760263595,2025-10-12,2025-10-12 10:06,23560939,MarketWithdraw,0x55555815a5595991C3A0Ff119B59AEF6C8B55555,0x0f9563442d64ab3bd3bcb27058db0b0d4046a4c46f0acd811dacae9551d2b129,34665262006,34661.84241828921,33124441848379846,,,,,
0x08b260eb3d67a3dfa250ebe5c4343964d240069a10df66ffb38ea2a6a636e991,1760266547,2025-10-12,2025-10-12 10:55,23561184,MarketSupply,0xd63070114470f685b75B74D60EEc7c1113d33a3D,0x0f9563442d64ab3bd3bcb27058db0b0d4046a4c46f0acd811dacae9551d2b129,33085902144,33082.63835374357,31614752173870290,,,,,
0x793150a6abac1d33ad310f5a7a657f21f9c2235a2910498b73eb8450dfbd99b0,1760267759,2025-10-12,2025-10-12 11:15,23561285,MarketSupply,0x777791C4d6DC2CE140D00D2828a7C93503c67777,0x0f9563442d64ab3bd3bcb27058db0b0d4046a4c46f0acd811dacae9551d2b129,11579378423,11578.7800007231,11064453170594361,,,,,
0x0f19c721083f3ce6b6978d98b0419b7aa222671757a4b7e5cbabdaac561a4b23,1760268023,2025-10-12,2025-10-12 11:20,23561307,MarketWithdraw,0x777791C4d6DC2CE140D00D2828a7C93503c67777,0x0f9563442d64ab3bd3bcb27058db0b0d4046a4c46f0acd811dacae9551d2b129,139999982293,139992.7470939151,133774179932442505,,,,,
0x6b061e7f2faf8df66c8937232e1e6eeb9c0690bfa6be0218357811e46c052e2b,1760269043,2025-10-12,2025-10-12 11:37,23561392,MarketSupply,0x55555815a5595991C3A0Ff119B59AEF6C8B55555,0x0f9563442d64ab3bd3bcb27058db0b0d4046a4c46f0acd811dacae9551d2b129,38581511322,38579.51742949488,36865357486210826,,,,,
0x0a8623bcd95d44d7f50d2a8e8867a472fa296c623a26be47cd25db0da03e2f31,1760269751,2025-10-12,2025-10-12 11:49,23561450,MarketSupply,0x777791C4d6DC2CE140D00D2828a7C93503c67777,0x0f9563442d64ab3bd3bcb27058db0b0d4046a4c46f0acd811dacae9551d2b129,221418462476,221407.01956985923,211568145041972007,,,,,
0xf9408e4e590fab5e5eafff77a0ed287b17c311aa6758c7171a1674cbb15b37c4,1760270327,2025-10-12,2025-10-12 11:58,23561498,MarketWithdraw,0xd63070114470f685b75B74D60EEc7c1113d33a3D,0x0f9563442d64ab3bd3bcb27058db0b0d4046a4c46f0acd811dacae9551d2b129,120571414768,120565.18363728479,115207359458704825,,,,,
0x8dff9a99c2d7e8768896a130579d54782946e2f42d8b27dedd56c989b5f0a3ee,1760270363,2025-10-12,2025-10-12 11:59,23561501,MarketWithdraw,0x777791C4d6DC2CE140D00D2828a7C93503c67777,0x0f9563442d64ab3bd3bcb27058db0b0d4046a4c46f0acd811dacae9551d2b129,9428597429,9428.110159084868,9009131065221882,,,,,
0x614adecd0c6a74b8099e6dd739f5d1eca65d9f23d2ab638221f340aa32a71b3e,1760270459,2025-10-12,2025-10-12 12:00,23561509,MarketWithdraw,0x777791C4d6DC2CE140D00D2828a7C93503c67777,0x0f9563442d64ab3bd3bcb27058db0b0d4046a4c46f0acd811dacae9551d2b129,129999961601,129983.08449864827,124216381268014044,,,,,
0xe127b1ad2989aae64e343d288853aae82a85c189a7ca46cd1158826058fdbe91,1760273867,2025-10-12,2025-10-12 12:57,23561790,MarketSupply,0xd63070114470f685b75B74D60EEc7c1113d33a3D,0x0f9563442d64ab3bd3bcb27058db0b0d4046a4c46f0acd811dacae9551d2b129,135317927807,135300.36030552155,129292658201793371,,,,,
0x3742cd1122b402066fe50d8e7a27295a0a30bf8e63df9e0dd7238602b45ea824,1760274491,2025-10-12,2025-10-12 13:08,23561842,MarketWithdraw,0x55555815a5595991C3A0Ff119B59AEF6C8B55555,0x0f9563442d64ab3bd3bcb27058db0b0d4046a4c46f0acd811dacae9551d2b129,34916451280,34914.646797797854,33361658295011359,,,,,
0xdbfece40efad80470518795fa0a6633a3a570daa7b40abba050098d0f83dd384,1760274539,2025-10-12,2025-10-12 13:08,23561846,MarketSupply,0x777791C4d6DC2CE140D00D2828a7C93503c67777,0x0f9563442d64ab3bd3bcb27058db0b0d4046a4c46f0acd811dacae9551d2b129,169598502207,169589.73735640597,162046416172274764,,,,,
0xdd26a3d852f5526f62e0cac8ba1a5e434d5710cf17c972ad284b26776d9e4c08,1760278247,2025-10-12,2025-10-12 14:10,23562153,MarketWithdraw,0x777791C4d6DC2CE140D00D2828a7C93503c67777,0x0f9563442d64ab3bd3bcb27058db0b0d4046a4c46f0acd811dacae9551d2b129,269999978734,269973.7464142509,257974881422551729,,,,,
0x06cde9ee3435015cba3a690b9aa8e8ba9b7199e3ad8ce0784ac09a3ccec672da,1760279927,2025-10-12,2025-10-12 14:38,23562292,MarketSupply,0x55555815a5595991C3A0Ff119B59AEF6C8B55555,0x0f9563442d64ab3bd3bcb27058db0b0d4046a4c46f0acd811dacae9551d2b129,39569346947,39565.50251795137,37806293470755873,,,,,
0x7510ccba31ec355eb355e14a1b47e93713178c2ac2fb297bdb3129320b8b6e8b,1760280959,2025-10-12,2025-10-12 14:55,23562376,MarketSupply,0x777791C4d6DC2CE140D00D2828a7C93503c67777,0x0f9563442d64ab3bd3bcb27058db0b0d4046a4c46f0acd811dacae9551d2b129,251206456343,251182.04994075984,240011458337584262,,,,,
0x30c85de78f9cc3f62ad802b23ec12fcf06b189e295f82a409238953766395354,1760282759,2025-10-12,2025-10-12 15:25,23562526,MarketWithdraw,0x777791C4d6DC2CE140D00D2828a7C93503c67777,0x0f9563442d64ab3bd3bcb27058db0b0d4046a4c46f0acd811dacae9551d2b129,20775855169,20774.781472804865,19849899415771144,,,,,
0xe9d91c2826f5df26ce3a5584330ea568a9c2553fefb5898fa42aad0ed7853073,1760284175,2025-10-12,2025-10-12 15:49,23562643,MarketWithdraw,0xd63070114470f685b75B74D60EEc7c1113d33a3D,0x0f9563442d64ab3bd3bcb27058db0b0d4046a4c46f0acd811dacae9551d2b129,143275264749,143267.86028331777,136889202409530722,,,,,
0x528e17af0dd149461cc8a984360026d77f6f1abd495ec428b2d1bb80bd6da216,1760286695,2025-10-12,2025-10-12 16:31,23562853,MarketWithdraw,0x777791C4d6DC2CE140D00D2828a7C93503c67777,0x0f9563442d64ab3bd3bcb27058db0b0d4046a4c46f0acd811dacae9551d2b129,13156865405,13154.805500087603,12570307696973257,,,,,
0x26f3c475e1a3e2b68e76a37de38a01138ce470fadbf2cc9120a27b912c7f7796,1760287139,2025-10-12,2025-10-12 16:38,23562890,MarketSupply,0x777791C4d6DC2CE140D00D2828a7C93503c67777,0x0f9563442d64ab3bd3bcb27058db0b0d4046a4c46f0acd811dacae9551d2b129,16432080638,16429.50794894488,15699474351399089,,,,,
0xed9e275a625f2fad8e88b958d853021cecb7fdf9ec48bfe2e867d90382ca458a,1760288027,2025-10-12,2025-10-12 16:53,23562964,MarketWithdraw,0xd63070114470f685b75B74D60EEc7c1113d33a3D,0x0f9563442d64ab3bd3bcb27058db0b0d4046a4c46f0acd811dacae9551d2b129,939045713,938.8986912879409,897176245303684,,,,,
0xed7a3169f9d4ede476f407be366e4e1442380c95cfc32934095917ff56e57d71,1760288615,2025-10-12,2025-10-12 17:03,23563013,MarketWithdraw,0x777791C4d6DC2CE140D00D2828a7C93503c67777,0x0f9563442d64ab3bd3bcb27058db0b0d4046a4c46f0acd811dacae9551d2b129,162808,0.16279958608256,155548473299,,,,,
0x76aa625b3816a4b08d951cda2ecd7f0c93e1547cd9da64df39db78d76e4a43a3,1760292011,2025-10-12,2025-10-12 18:00,23563294,MarketSupply,0xd63070114470f685b75B74D60EEc7c1113d33a3D,0x0f9563442d64ab3bd3bcb27058db0b0d4046a4c46f0acd811dacae9551d2b129,21868989571,21866.53068873929,20893578719016066,,,,,
0x109087076768531a1cd74ed620012dc1273a457dbe174909e892d14a143d3b6a,1760295647,2025-10-12,2025-10-12 19:00,23563594,MarketWithdraw,0xd63070114470f685b75B74D60EEc7c1113d33a3D,0x0f9563442d64ab3bd3bcb27058db0b0d4046a4c46f0acd811dacae9551d2b129,3074744713,3074.585810193232,2937572187286258,,,,,
0xa9a838f48df27cb96be1d0634403ac664a990d2c2e29eca8a80961e661b20e99,1760296247,2025-10-12,2025-10-12 19:10,23563644,MarketWithdraw,0x55555815a5595991C3A0Ff119B59AEF6C8B55555,0x0f9563442d64ab3bd3bcb27058db0b0d4046a4c46f0acd811dacae9551d2b129,44304940957,44302.65127765134,42328301674363983,,,,,
0xed367fddb80d3072bfeeb507f0e01591e3aeaf50eb551df5e79e29488d8db683,1760298935,2025-10-12,2025-10-12 19:55,23563867,MarketSupply,0xd63070114470f685b75B74D60EEc7c1113d33a3D,0x0f9563442d64ab3bd3bcb27058db0b0d4046a4c46f0acd811dacae9551d2b129,47805403070,47802.93248676934,45671939024525022,,,,,
0x6baad39b57c0d419e1688f30b763f45b1d7b139a2096395293b3ce3318aa5764,1760300279,2025-10-12,2025-10-12 20:17,23563979,MarketWithdraw,0xca7c196f00e04A5e1c71B91476d0d58f82499734,0x0f9563442d64ab3bd3bcb27058db0b0d4046a4c46f0acd811dacae9551d2b129,292233,0.29217614853785595,279190103180,,,,,
0xda62aa1ab885b39ec6034c4efe0aa358b615438d030934af8044041e779cd202,1760300591,2025-10-12,2025-10-12 20:23,23564005,MarketWithdraw,0x777791C4d6DC2CE140D00D2828a7C93503c67777,0x0f9563442d64ab3bd3bcb27058db0b0d4046a4c46f0acd811dacae9551d2b129,21355136895,21350.982433468387,20401999243741446,,,,,
0x210d22bd1fc9ef9e03b450ba24b711ec4b2bbe01d386df8c2952e67ff77bc4cd,1760301683,2025-10-12,2025-10-12 20:41,23564095,MarketWithdraw,0x55555815a5595991C3A0Ff119B59AEF6C8B55555,0x0f9563442d64ab3bd3bcb27058db0b0d4046a4c46f0acd811dacae9551d2b129,12579353218,12576.906011068306,12017850617421807,,,,,
0x18c219df62614f60a30e2cee58ac5f9cb15a73b90e0d4c20fad795643295a692,1760302511,2025-10-12,2025-10-12 20:55,23564163,MarketWithdraw,0x777791C4d6DC2CE140D00D2828a7C93503c67777,0x0f9563442d64ab3bd3bcb27058db0b0d4046a4c46f0acd811dacae9551d2b129,12507124821,12504.691665492948,11948800746507655,,,,,
0x1a2e37d105f20472df34791fda76f39893ab080667f8eec594202e725e918c91,1760302559,2025-10-12,2025-10-12 20:55,23564167,MarketSupply,0x777791C4d6DC2CE140D00D2828a7C93503c67777,0x0f9563442d64ab3bd3bcb27058db0b0d4046a4c46f0acd811dacae9551d2b129,25086330722,25081.45038822053,23966458788956496,,,,,
0x86d65ef48c2c019d7a05d0427640a1c74469279872b2b6fcaf772dc3616be1b1,1760302715,2025-10-12,2025-10-12 20:58,23564180,MarketSupply,0xd63070114470f685b75B74D60EEc7c1113d33a3D,0x0f9563442d64ab3bd3bcb27058db0b0d4046a4c46f0acd811dacae9551d2b129,10663115857,10661.04143786362,10187100363145956,,,,,
0xce24249de385f5143b693082a2afee6e2fdbe8cd2a4e2433ba65620e1b9cabf5,1760305919,2025-10-12,2025-10-12 21:51,23564445,MarketSupply,0xd63070114470f685b75B74D60EEc7c1113d33a3D,0x0f9563442d64ab3bd3bcb27058db0b0d4046a4c46f0acd811dacae9551d2b129,2276916560,2276.7988889521794,2175248071050659,,,,,
0x87862e40c41117a64fa3f5c1b9c057f10451d42b698c0ef910e7466e4bc10f1e,1760307647,2025-10-12,2025-10-12 22:20,23564588,MarketWithdraw,0x55555815a5595991C3A0Ff119B59AEF6C8B55555,0x0f9563442d64ab3bd3bcb27058db0b0d4046a4c46f0acd811dacae9551d2b129,11231608901,11231.028451451995,10730035351086389,,,,,
0x33b58bda9d5d8de9ea5a3a968f3fcf86e23c6f60ec51aa8c9a2ebee6112b310e,1760309987,2025-10-12,2025-10-12 22:59,23564781,MarketSupply,0xd63070114470f685b75B74D60EEc7c1113d33a3D,0x0f9563442d64ab3bd3bcb27058db0b0d4046a4c46f0acd811dacae9551d2b129,8181678406,8180.898127085707,7816235604921123,,,,,
0xc627257e0b0d6ea9fcd917cfcc3f5d26c06e50927c1693edd6a3bd7b8c533efb,1760313095,2025-10-12,2025-10-12 23:51,23565039,MarketWithdraw,0x55555815a5595991C3A0Ff119B59AEF6C8B55555,0x0f9563442d64ab3bd3bcb27058db0b0d4046a4c46f0acd811dacae9551d2b129,4053788268,4053.1610181455726,3872679922987376,,,,,
0x4f35cdc4ea1682ccb3da5de7ae35a0177211ea7fd2a1c87a3e9aafa70938de9c,1760313155,2025-10-12,2025-10-12 23:52,23565044,MarketSupply,0xd63070114470f685b75B74D60EEc7c1113d33a3D,0x0f9563442d64ab3bd3bcb27058db0b0d4046a4c46f0acd811dacae9551d2b129,3491519132,3490.978883047048,3335530167115030,,,,,
0x7ff9fc749ad83518df47c0bf110d2f72a6d21e2b4748b7517b8b2c78eb87966e,1760317127,2025-10-13,2025-10-13 00:58,23565373,MarketWithdraw,0xd63070114470f685b75B74D60EEc7c1113d33a3D,0x0f9563442d64ab3bd3bcb27058db0b0d4046a4c46f0acd811dacae9551d2b129,579027956,578.998031835234,553151288531265,,,,,
0xc8f56e5e3c292eaf1768f38b139e6d2d30b811ff8c3e63ec3793ad18fdf7e807,1760318495,2025-10-13,2025-10-13 01:21,23565487,MarketWithdraw,0x55555815a5595991C3A0Ff119B59AEF6C8B55555,0x0f9563442d64ab3bd3bcb27058db0b0d4046a4c46f0acd811dacae9551d2b129,1157986331,1157.8759940683801,1106230751901100,,,,,
0x7fb2af4a46af742c089603020283443dc5301e9e1628734b2e9a256c40832788,1760321039,2025-10-13,2025-10-13 02:03,23565697,MarketSupply,0xd63070114470f685b75B74D60EEc7c1113d33a3D,0x0f9563442d64ab3bd3bcb27058db0b0d4046a4c46f0acd811dacae9551d2b129,10270671061,10270.140272719567,9811539158156029,,,,,
0xff1402562304ffa02d9445119ad128c7cd41403b05c416deb766dbd402fbcc2f,1760323919,2025-10-13,2025-10-13 02:51,23565936,MarketSupply,0x55555815a5595991C3A0Ff119B59AEF6C8B55555,0x0f9563442d64ab3bd3bcb27058db0b0d4046a4c46f0acd811dacae9551d2b129,22812218903,22811.039967527093,21792245233662197,,,,,
0xce8a2aa4123a0aeae70ee62d621be73878a0b43f5c696076fb9eb8856f38ba48,1760328023,2025-10-13,2025-10-13 04:00,23566276,MarketWithdraw,0xd63070114470f685b75B74D60EEc7c1113d33a3D,0x0f9563442d64ab3bd3bcb27058db0b0d4046a4c46f0acd811dacae9551d2b129,22226540001,22225.39133341275,21232526375863082,,,,,
0x8c6c43e7a03798ccf0d168769ae3019071b970eb56301f760df6bf0b3c9d9e5b,1760329463,2025-10-13,2025-10-13 04:24,23566393,MarketWithdraw,0x55555815a5595991C3A0Ff119B59AEF6C8B55555,0x0f9563442d64ab3bd3bcb27058db0b0d4046a4c46f0acd811dacae9551d2b129,14901052419,14900.282332610986,14234585766360049,,,,,
0x786f02ad86064c4861431461bfa5f083dad76792e600fd3b8490a8c5561ef798,1760331155,2025-10-13,2025-10-13 04:52,23566533,MarketSupply,0xd63070114470f685b75B74D60EEc7c1113d33a3D,0x0f9563442d64ab3bd3bcb27058db0b0d4046a4c46f0acd811dacae9551d2b129,20239731495,20238.685505676338,19334362005857414,,,,,
0xb6448f07f0dbdbfeb2c77c63896c3bc27aa47e0ee8a62dac4caa19aea1c188bb,1760334875,2025-10-13,2025-10-13 05:54,23566840,MarketWithdraw,0x55555815a5595991C3A0Ff119B59AEF6C8B55555,0x0f9563442d64ab3bd3bcb27058db0b0d4046a4c46f0acd811dacae9551d2b129,9201798822,9201.793627189913,8790089205705552,,,,,
0x22e2cb8fd916bb95e618fd0840ffb2aa1b6f5cc83f0f622deae14e3a2aeca096,1760334899,2025-10-13,2025-10-13 05:54,23566842,MarketWithdraw,0x777791C4d6DC2CE140D00D2828a7C93503c67777,0x0f9563442d64ab3bd3bcb27058db0b0d4046a4c46f0acd811dacae9551d2b129,14583904453,14583.89621976045,13931385978459049,,,,,
0x564c851e79100b68abbdeb824a5c986ad92af8243dcc4a222f816ef1c367a266,1760335007,2025-10-13,2025-10-13 05:56,23566851,MarketSupply,0xd63070114470f685b75B74D60EEc7c1113d33a3D,0x0f9563442d64ab3bd3bcb27058db0b0d4046a4c46f0acd811dacae9551d2b129,21983416940,21983.404529418298,20999817704150562,,,,,
0x69683bc9cdb38b1f4abe6c59b5b4dcfb32c46d73493845a3aa5f797ed31ec7ff,1760335751,2025-10-13,2025-10-13 06:09,23566912,MarketWithdraw,0x777791C4d6DC2CE140D00D2828a7C93503c67777,0x0f9563442d64ab3bd3bcb27058db0b0d4046a4c46f0acd811dacae9551d2b129,151983381813,151975.52731182793,145182908921826176,,,,,
0xfdeaa20bcbe84f94174954b94fd084f065d62d68b570c4d9ac6e18655fab6565,1760335751,2025-10-13,2025-10-13 06:09,23566912,MarketSupply,0x777791C4d6DC2CE140D00D2828a7C93503c67777,0x0f9563442d64ab3bd3bcb27058db0b0d4046a4c46f0acd811dacae9551d2b129,149999924296,149992.1722999124,143288200904371787,,,,,
0x358a246d3095212e86feb2e57ce2c5c9c2aa6095fc186b4e55bc3fd6360fd831,1760337155,2025-10-13,2025-10-13 06:32,23567029,MarketSupply,0x777791C4d6DC2CE140D00D2828a7C93503c67777,0x0f9563442d64ab3bd3bcb27058db0b0d4046a4c46f0acd811dacae9551d2b129,160000044574,159991.7757716964,152840224098388371,,,,,
0x928db12bbb97344ea2b5039c2119762e292e41711a7dc433b3943512d6a7674a,1760338595,2025-10-13,2025-10-13 06:56,23567149,MarketWithdraw,0x777791C4d6DC2CE140D00D2828a7C93503c67777,0x0f9563442d64ab3bd3bcb27058db0b0d4046a4c46f0acd811dacae9551d2b129,173991266019,173982.27415037213,166204816081267702,,,,,
0xc4ee06b1b31b4b7089db487095a72bbf9b3de14f79dccbc997908d4c22154d8d,1760338751,2025-10-13,2025-10-13 06:59,23567162,MarketWithdraw,0x777791C4d6DC2CE140D00D2828a7C93503c67777,0x0f9563442d64ab3bd3bcb27058db0b0d4046a4c46f0acd811dacae9551d2b129,79686460,79.68234180374719,76120291159570,,,,,
0x32834fdf817b4cfc8166bae186a78efe80c845c935c702fbb0b1e1f4a5999002,1760342315,2025-10-13,2025-10-13 07:58,23567455,MarketSupply,0x777791C4d6DC2CE140D00D2828a7C93503c67777,0x0f9563442d64ab3bd3bcb27058db0b0d4046a4c46f0acd811dacae9551d2b129,184070946587,184068.12169705227,175831001859555821,,,,,
0x7f8d25b3cc3fa5076d4a9c85b077b8430c8618db26e5e9fa1e31c929862d36e7,1760342351,2025-10-13,2025-10-13 07:59,23567458,MarketSupply,0xd63070114470f685b75B74D60EEc7c1113d33a3D,0x0f9563442d64ab3bd3bcb27058db0b0d4046a4c46f0acd811dacae9551d2b129,14891182169,14890.953637818957,14224576546247197,,,,,
0x75a524f706fec62609e16c2653976022c2e4a01dbf6ad56d88ae04c0a5daba25,1760344463,2025-10-13,2025-10-13 08:34,23567633,MarketSupply,0x777791C4d6DC2CE140D00D2828a7C93503c67777,0x0f9563442d64ab3bd3bcb27058db0b0d4046a4c46f0acd811dacae9551d2b129,65108823113,65103.50697759282,62193930267174479,,,,,
0xae30dc9bac8de3f9f4bed39764ea928d2a67bc009d70414ed05270b8926db855,1760345771,2025-10-13,2025-10-13 08:56,23567742,MarketWithdraw,0xd63070114470f685b75B74D60EEc7c1113d33a3D,0x0f9563442d64ab3bd3bcb27058db0b0d4046a4c46f0acd811dacae9551d2b129,250403780017,250383.3345483616,239192670410242270,,,,,
0x7abc42164510ea6359c878da453b4aecf553d4d3312f0c373d580b4f47f3a78d,1760345963,2025-10-13,2025-10-13 08:59,23567758,MarketWithdraw,0x777791C4d6DC2CE140D00D2828a7C93503c67777,0x0f9563442d64ab3bd3bcb27058db0b0d4046a4c46f0acd811dacae9551d2b129,22891880,22.890010877997998,21866949195664,,,,,
0x76f96cbd8a07c4c4c36fa98dfe6b343a7cc307dfbfb4b58af7fcf411e2ea9075,1760347343,2025-10-13,2025-10-13 09:22,23567873,MarketWithdraw,0x777791C4d6DC2CE140D00D2828a7C93503c67777,0x0f9563442d64ab3bd3bcb27058db0b0d4046a4c46f0acd811dacae9551d2b129,19573344740,19569.51556870505,18696915772201484,,,,,
0x3e6fb049feb8b047cf31928f49be1688af355d3ab670286f971a6658a43594ce,1760349647,2025-10-13,2025-10-13 10:00,23568060,MarketSupply,0xd63070114470f685b75B74D60EEc7c1113d33a3D,0x0f9563442d64ab3bd3bcb27058db0b0d4046a4c46f0acd811dacae9551d2b129,22685278051,22681.194700950822,21669308376692643,,,,,
0xab2423637177aea28a53377268fa250263f6ed12ccf77d45b60c04829146bfd7,1760353019,2025-10-13,2025-10-13 10:56,23568337,MarketWithdraw,0xd63070114470f685b75B74D60EEc7c1113d33a3D,0x0f9563442d64ab3bd3bcb27058db0b0d4046a4c46f0acd811dacae9551d2b129,65466912,65.45512795584,62534343323179,,,,,
0xac7d1287b563a56389cf8e55540e0f37bef4947e6b059672cf0a158158c8f8a7,1760353163,2025-10-13,2025-10-13 10:59,23568349,MarketWithdraw,0x777791C4d6DC2CE140D00D2828a7C93503c67777,0x0f9563442d64ab3bd3bcb27058db0b0d4046a4c46f0acd811dacae9551d2b129,12619807496,12617.53593065072,12054502400539093,,,,,
0xa69ac71148ca25f47aac8bc2e1cc08db074d836da55574d255fa5277d136ded9,1760354771,2025-10-13,2025-10-13 11:26,23568483,MarketWithdraw,0x777791C4d6DC2CE140D00D2828a7C93503c67777,0x0f9563442d64ab3bd3bcb27058db0b0d4046a4c46f0acd811dacae9551d2b129,139999955266,139974.75527405212,133727898630655138,,,,,
0xb9d62b6e1c096927d8d5c05ea8cb78e894fee61703f9abfc279ef684b11febd4,1760355563,2025-10-13,2025-10-13 11:39,23568549,MarketSupply,0x55555815a5595991C3A0Ff119B59AEF6C8B55555,0x0f9563442d64ab3bd3bcb27058db0b0d4046a4c46f0acd811dacae9551d2b129,58290296591,58279.80433761362,55678348350141644,,,,,
0x0c55d7588e932af7403d616561f2a8dccab28478a9d67105c536305f532e50b4,1760355635,2025-10-13,2025-10-13 11:40,23568555,MarketSupply,0x777791C4d6DC2CE140D00D2828a7C93503c67777,0x0f9563442d64ab3bd3bcb27058db0b0d4046a4c46f0acd811dacae9551d2b129,81709466865,81694.7591609643,78048076953815774,,,,,
0xb02b98cd46805f280b19f41b5262dd723776e6e18df9d64d41caaba15548687f,1760356355,2025-10-13,2025-10-13 11:52,23568615,MarketSupply,0xd63070114470f685b75B74D60EEc7c1113d33a3D,0x0f9563442d64ab3bd3bcb27058db0b0d4046a4c46f0acd811dacae9551d2b129,122506717230,122484.6660208986,117016914035428114,,,,,
0x5a0f636bea9f0682de6e024f22a3bf4498508d2f0351f2dd7d1397085ea9c97f,1760356751,2025-10-13,2025-10-13 11:59,23568648,MarketWithdraw,0x777791C4d6DC2CE140D00D2828a7C93503c67777,0x0f9563442d64ab3bd3bcb27058db0b0d4046a4c46f0acd811dacae9551d2b129,262506480686,262459.22951947653,250742736372663585,,,,,
0xee139941b49663877a04a6ce0cc24c40e91557e1b5b697d70d373cd2d79eb378,1760359343,2025-10-13,2025-10-13 12:42,23568860,MarketSupply,0x777791C4d6DC2CE140D00D2828a7C93503c67777,0x0f9563442d64ab3bd3bcb27058db0b0d4046a4c46f0acd811dacae9551d2b129,339999910720,339966.2053630899,324753514710488849,,,,,
0x9f3ffed6a605b181d59d2e4c88106ffe3346ea74521321cb51979b4028e76618,1760359955,2025-10-13,2025-10-13 12:52,23568911,MarketWithdraw,0x777791C4d6DC2CE140D00D2828a7C93503c67777,0x0f9563442d64ab3bd3bcb27058db0b0d4046a4c46f0acd811dacae9551d2b129,602799153,602.7393954531409,575767446405162,,,,,
0xc97f4f7bc4f24146b364339f44c9f15734a390664f272dfc260163dad73d2fb4,1760360267,2025-10-13,2025-10-13 12:57,23568936,MarketSupply,0x777791C4d6DC2CE140D00D2828a7C93503c67777,0x0f9563442d64ab3bd3bcb27058db0b0d4046a4c46f0acd811dacae9551d2b129,90602853919,90593.87214744028,86539833043558318,,,,,
0xad8081f3a56678acf3a868a6441186ca3421321077180a95fbd75845396c6819,1760360399,2025-10-13,2025-10-13 12:59,23568947,MarketWithdraw,0xd63070114470f685b75B74D60EEc7c1113d33a3D,0x0f9563442d64ab3bd3bcb27058db0b0d4046a4c46f0acd811dacae9551d2b129,277890357784,277862.80956002796,265428490695888024,,,,,
0x5c0c26a491f2a5395ad386f241cd1b30ddc5965898c74372231f77c9c54dccb6,1760360699,2025-10-13,2025-10-13 13:04,23568972,MarketWithdraw,0x777791C4d6DC2CE140D00D2828a7C93503c67777,0x0f9563442d64ab3bd3bcb27058db0b0d4046a4c46f0acd811dacae9551d2b129,152109607702,152082.22797261365,145288194202063009,,,,,
0xdd9854ef44ee0e2c633b596d6556ce4516489282e968c38ee6e420453f66fcc5,1760362967,2025-10-13,2025-10-13 13:42,23569159,MarketSupply,0x777791C4d6DC2CE140D00D2828a7C93503c67777,0x0f9563442d64ab3bd3bcb27058db0b0d4046a4c46f0acd811dacae9551d2b129,139999662667,139974.46272771995,133717734779178085,,,,,
0xbce4c1dd83ab4ca5c677c832d45970b39e5e925c4c383e4a17a9638f6080b74b,1760363483,2025-10-13,2025-10-13 13:51,23569202,MarketSupply,0xd63070114470f685b75B74D60EEc7c1113d33a3D,0x0f9563442d64ab3bd3bcb27058db0b0d4046a4c46f0acd811dacae9551d2b129,15706515820,15703.688647152401,15001721175196076,,,,,
0x9a6505ea11f110f26e8c7b9003d42166f6d8e195fcc8569090d4a9907c46cbf7,1760363579,2025-10-13,2025-10-13 13:52,23569210,MarketWithdraw,0x777791C4d6DC2CE140D00D2828a7C93503c67777,0x0f9563442d64ab3bd3bcb27058db0b0d4046a4c46f0acd811dacae9551d2b129,35574101,35.56769766182,33977784074854,,,,,
0xfcb2aff5f326c90e0c128f8fb1a3b8032c70d7c3e448caf3ce39395bcd6c38ab,1760363783,2025-10-13,2025-10-13 13:56,23569227,MarketWithdraw,0x777791C4d6DC2CE140D00D2828a7C93503c67777,0x0f9563442d64ab3bd3bcb27058db0b0d4046a4c46f0acd811dacae9551d2b129,155670604386,155642.58367721052,148685112457943656,,,,,
0xc046241792e8c5da07c8b832584575f26bd39aa3d7c76d33884015d049304987,1760365295,2025-10-13,2025-10-13 14:21,23569352,MarketSupply,0x777791C4d6DC2CE140D00D2828a7C93503c67777,0x0f9563442d64ab3bd3bcb27058db0b0d4046a4c46f0acd811dacae9551d2b129,139999588481,139976.3249643923,133714910264645388,,,,,
0xb8c895035366d29fda77d24ad26821d210e8e06112b5879f2ed91be1d7c7f8a3,1760365331,2025-10-13,2025-10-13 14:22,23569355,MarketWithdraw,0x777791C4d6DC2CE140D00D2828a7C93503c67777,0x0f9563442d64ab3bd3bcb27058db0b0d4046a4c46f0acd811dacae9551d2b129,139999588481,139976.3249643923,133714893286719362,,,,,
0xa8e2295952bc952810e13eebddb409ced95a27918f656683ee981ababe908e3a,1760367467,2025-10-13,2025-10-13 14:57,23569531,MarketSupply,0xd63070114470f685b75B74D60EEc7c1113d33a3D,0x0f9563442d64ab3bd3bcb27058db0b0d4046a4c46f0acd811dacae9551d2b129,157278983965,157252.84915778224,150214782234837823,,,,,
0x1a6da535b1cedf540f89fa84dd6e57a0d7f262190b1884cb25d07ddb50b75543,1760369447,2025-10-13,2025-10-13 15:30,23569695,MarketWithdraw,0x777791C4d6DC2CE140D00D2828a7C93503c67777,0x0f9563442d64ab3bd3bcb27058db0b0d4046a4c46f0acd811dacae9551d2b129,157278983965,157250.6737478863,150213980253770649,,,,,
0x3c2fd3898dea69aee841c7720dd93c04f7dcbaf4b236fe5c2805f24f0f2d4f60,1760369747,2025-10-13,2025-10-13 15:35,23569719,MarketSupply,0x777791C4d6DC2CE140D00D2828a7C93503c67777,0x0f9563442d64ab3bd3bcb27058db0b0d4046a4c46f0acd811dacae9551d2b129,139999879785,139974.6798066387,133710578377154958,,,,,
0xc8f698e3c1aa0a0884095c9358bd00e2dd9a9be81c6f0ffe2622e8bf0c582c46,1760370035,2025-10-13,2025-10-13 15:40,23569743,MarketWithdraw,0x55555815a5595991C3A0Ff119B59AEF6C8B55555,0x0f9563442d64ab3bd3bcb27058db0b0d4046a4c46f0acd811dacae9551d2b129,35078651142,35072.33698479444,33502756979768911,,,,,
0xb7c51209dee506db216e82e6cc905ee544c546a6663e51a27cd22dc74c16e562,1760370371,2025-10-13,2025-10-13 15:46,23569771,MarketSupply,0x777791C4d6DC2CE140D00D2828a7C93503c67777,0x0f9563442d64ab3bd3bcb27058db0b0d4046a4c46f0acd811dacae9551d2b129,35078699205,35072.3850391431,33502742432490882,,,,,
0x2659b8df3445ab901283c060fccbf9a892152990df73c436657b9c4cc089cf17,1760370671,2025-10-13,2025-10-13 15:51,23569796,MarketSupply,0xd63070114470f685b75B74D60EEc7c1113d33a3D,0x0f9563442d64ab3bd3bcb27058db0b0d4046a4c46f0acd811dacae9551d2b129,9749249981,9747.495116003422,9311242189064883,,,,,
0xcfa0ca3e7633b32d002cbdff765b1bc671f56ff7c061ce335c442fdc7b799d86,1760374187,2025-10-13,2025-10-13 16:49,23570088,MarketSupply,0xd63070114470f685b75B74D60EEc7c1113d33a3D,0x0f9563442d64ab3bd3bcb27058db0b0d4046a4c46f0acd811dacae9551d2b129,62709602248,62697.5737348446,59891582340495245,,,,,
0x3692ecea089f1c78a7d17dd510424e374bb60306f29f535de8f34f6e37dfafaa,1760374763,2025-10-13,2025-10-13 16:59,23570136,MarketWithdraw,0x777791C4d6DC2CE140D00D2828a7C93503c67777,0x0f9563442d64ab3bd3bcb27058db0b0d4046a4c46f0acd811dacae9551d2b129,106439689860,106419.27335018585,101656395998574647,,,,,
0x5c6380d8cf406f989a4bb44384df8cb78b35d86409559a4bfb864850435f028a,1760375591,2025-10-13,2025-10-13 17:13,23570204,MarketWithdraw,0x777791C4d6DC2CE140D00D2828a7C93503c67777,0x0f9563442d64ab3bd3bcb27058db0b0d4046a4c46f0acd811dacae9551d2b129,106019090217,106000.00678076094,101254252216283878,,,,,
0xe8dfdf9964e768d03ec3e975c79fa84a1bc25597238b307e8bd22bef1eec593d,1760375591,2025-10-13,2025-10-13 17:13,23570204,MarketSupply,0x55555815a5595991C3A0Ff119B59AEF6C8B55555,0x0f9563442d64ab3bd3bcb27058db0b0d4046a4c46f0acd811dacae9551d2b129,2628643476,2628.1703201743203,2510503806067509,,,,,
0xd4f10a7d82cda2044605df9132fbd3c48d56b23843c104610536cc1236a4cfd4,1760375615,2025-10-13,2025-10-13 17:13,23570206,MarketSupply,0x777791C4d6DC2CE140D00D2828a7C93503c67777,0x0f9563442d64ab3bd3bcb27058db0b0d4046a4c46f0acd811dacae9551d2b129,297371248631,297317.72180624644,284006350685079512,,,,,
0x44effb06f2c01f24a8df2601b90179bf6b472bf860438c1d7b1243603c93cf10,1760376119,2025-10-13,2025-10-13 17:21,23570245,MarketWithdraw,0x777791C4d6DC2CE140D00D2828a7C93503c67777,0x0f9563442d64ab3bd3bcb27058db0b0d4046a4c46f0acd811dacae9551d2b129,1359508129,1359.26341753678,1298405593925280,,,,,
0xb0fc2798c8b267c17e1a99044c9fd4894ef581f14b97cc14988c43e8d532e197,1760376275,2025-10-13,2025-10-13 17:24,23570258,MarketWithdraw,0x777791C4d6DC2CE140D00D2828a7C93503c67777,0x0f9563442d64ab3bd3bcb27058db0b0d4046a4c46f0acd811dacae9551d2b129,298640383978,298586.628708884,285218011477660970,,,,,
0x681e3e932c06f20530e72c9c2a2072e9388c1caea046ebe9515c78b4d880fa81,1760376323,2025-10-13,2025-10-13 17:25,23570262,MarketSupply,0x777791C4d6DC2CE140D00D2828a7C93503c67777,0x0f9563442d64ab3bd3bcb27058db0b0d4046a4c46f0acd811dacae9551d2b129,269999891141,269951.2911605946,257864615890661418,,,,,
0x611fdfc8efa84b7170c985cff7f642cf25dc02104dd5a5d7ff178f07dbfa4d3f,1760376827,2025-10-13,2025-10-13 17:33,23570303,MarketWithdraw,0x777791C4d6DC2CE140D00D2828a7C93503c67777,0x0f9563442d64ab3bd3bcb27058db0b0d4046a4c46f0acd811dacae9551d2b129,269999891141,269951.2911605946,257864306201661399,,,,,
0x79d72f986e12c7a39702b5840f32bdfdbc3e774d8e3c7068905f5c7f21093708,1760376935,2025-10-13,2025-10-13 17:35,23570312,MarketSupply,0x777791C4d6DC2CE140D00D2828a7C93503c67777,0x0f9563442d64ab3bd3bcb27058db0b0d4046a4c46f0acd811dacae9551d2b129,239999891127,239956.69114659715,229212409388393322,,,,,
0x2c1f43595b047e5ab668b005e5c6633262f0c63f896d0e13f1fd3486cb63b9b1,1760377991,2025-10-13,2025-10-13 17:53,23570398,MarketWithdraw,0xd63070114470f685b75B74D60EEc7c1113d33a3D,0x0f9563442d64ab3bd3bcb27058db0b0d4046a4c46f0acd811dacae9551d2b129,34277539533,34271.36957588406,32736752457591237,,,,,
0x42f6e4edce7fa3b046b4f14a360a8a6278dfcac43b89f8103fc4b3eaac44f343,1760378591,2025-10-13,2025-10-13 18:03,23570448,MarketWithdraw,0x777791C4d6DC2CE140D00D2828a7C93503c67777,0x0f9563442d64ab3bd3bcb27058db0b0d4046a4c46f0acd811dacae9551d2b129,55722370556,55716.23552170788,53217549612689248,,,,,
0xcc2a9bc549eca22df94cbd21b5963cdcbdfe1d65a4ed5b3a55af86d11b235f26,1760380943,2025-10-13,2025-10-13 18:42,23570643,MarketWithdraw,0x777791C4d6DC2CE140D00D2828a7C93503c67777,0x0f9563442d64ab3bd3bcb27058db0b0d4046a4c46f0acd811dacae9551d2b129,10000084331,9998.983321482949,9550493972960115,,,,,
0x90fde4ca27549627d8da272b9851a8f5a3224b999aebd3b6fbad826ada6fdb43,1760381399,2025-10-13,2025-10-13 18:49,23570681,MarketWithdraw,0x55555815a5595991C3A0Ff119B59AEF6C8B55555,0x0f9563442d64ab3bd3bcb27058db0b0d4046a4c46f0acd811dacae9551d2b129,13106592195,13105.149158894988,12517317181355344,,,,,
0xee12b1372a0d000624fbc38c93c24aed2a37ef7e63f72346382d6e8a9e9a0f5c,1760381771,2025-10-13,2025-10-13 18:56,23570712,MarketSupply,0xd63070114470f685b75B74D60EEc7c1113d33a3D,0x0f9563442d64ab3bd3bcb27058db0b0d4046a4c46f0acd811dacae9551d2b129,57321737861,57315.42673633046,54744455283152006,,,,,
0x904b07e87b4cd3cd2844125cd9229c7d4e373bd82db57a1a0eaeb29be34efb82,1760381831,2025-10-13,2025-10-13 18:57,23570717,MarketWithdraw,0x777791C4d6DC2CE140D00D2828a7C93503c67777,0x0f9563442d64ab3bd3bcb27058db0b0d4046a4c46f0acd811dacae9551d2b129,184215042373,184194.76029255716,175932393999579333,,,,,
0x6fe18bdcf52daaaff8cdac47a488400535ad374a38034f7b87ebe0cedcf2e35a,1760385587,2025-10-13,2025-10-13 19:59,23571029,MarketSupply,0xd63070114470f685b75B74D60EEc7c1113d33a3D,0x0f9563442d64ab3bd3bcb27058db0b0d4046a4c46f0acd811dacae9551d2b129,156180557055,156152.44455473011,149151677550509132,,,,,
0x6b6d266163eaaa993ddbf95c5f8ad7a01fe581abb91a91d77aa2d3f1b0438405,1760388035,2025-10-13,2025-10-13 20:40,23571233,MarketWithdraw,0x777791C4d6DC2CE140D00D2828a7C93503c67777,0x0f9563442d64ab3bd3bcb27058db0b0d4046a4c46f0acd811dacae9551d2b129,25737189888,25734.70634316289,24578725296035850,,,,,
0xaa998a79eae3cb106681b5ad370d6a8e24a2054fe934cd099a25ea535e73d815,1760388707,2025-10-13,2025-10-13 20:51,23571289,MarketSupply,0xd63070114470f685b75B74D60EEc7c1113d33a3D,0x0f9563442d64ab3bd3bcb27058db0b0d4046a4c46f0acd811dacae9551d2b129,29863024346,29860.142673204413,28518772866280101,,,,,
0xd1511302b5010c1c1aff7b95db7eababead114624301f52de35e4b4db2d5ab89,1760389451,2025-10-13,2025-10-13 21:04,23571351,MarketSupply,0x777791C4d6DC2CE140D00D2828a7C93503c67777,0x0f9563442d64ab3bd3bcb27058db0b0d4046a4c46f0acd811dacae9551d2b129,249693586216,249648.6413704811,238453423285503501,,,,,
0xca9206156ae60ac3146947e96a4b45c4b198a57105f8510c3925caace674644e,1760391287,2025-10-13,2025-10-13 21:34,23571502,MarketWithdraw,0x777791C4d6DC2CE140D00D2828a7C93503c67777,0x0f9563442d64ab3bd3bcb27058db0b0d4046a4c46f0acd811dacae9551d2b129,254888316665,254842.4367680003,243413374864415375,,,,,
0xacf8455b1d4d7e8ef5af1b7c76ba2bac570403740e1b5cc0d0418bac06a3ff85,1760392667,2025-10-13,2025-10-13 21:57,23571617,MarketWithdraw,0xd63070114470f685b75B74D60EEc7c1113d33a3D,0x0f9563442d64ab3bd3bcb27058db0b0d4046a4c46f0acd811dacae9551d2b129,1867215162,1866.87906327084,1783147144910051,,,,,
0xab19dbf51c5dcad5faba99f9338300645b03d548e83c0d0f25736963472f174a,1760396423,2025-10-13,2025-10-13 23:00,23571929,MarketWithdraw,0xd63070114470f685b75B74D60EEc7c1113d33a3D,0x0f9563442d64ab3bd3bcb27058db0b0d4046a4c46f0acd811dacae9551d2b129,380937219,380.86865030058004,363782223231093,,,,,
0x429e99a408acadd6225931d367cdc334f994854421e7d60a13afde092b315401,1760398079,2025-10-13,2025-10-13 23:27,23572066,MarketSupply,0x777791C4d6DC2CE140D00D2828a7C93503c67777,0x0f9563442d64ab3bd3bcb27058db0b0d4046a4c46f0acd811dacae9551d2b129,287136455541,287084.77097900264,274204319839716395,,,,,
0x835d0fb9293b91216c1027b5288b79e2bb050769d89813107578d571a945cbeb,1760398943,2025-10-13,2025-10-13 23:42,23572137,MarketWithdraw,0x777791C4d6DC2CE140D00D2828a7C93503c67777,0x0f9563442d64ab3bd3bcb27058db0b0d4046a4c46f0acd811dacae9551d2b129,439999964224,439920.7642304397,420182379512036529,,,,,
0x4bdf94a2767218926fb479fe504fa46c418eee544c4accb237a1e3a2ba573f61,1760398967,2025-10-13,2025-10-13 23:42,23572139,MarketSupply,0x777791C4d6DC2CE140D00D2828a7C93503c67777,0x0f9563442d64ab3bd3bcb27058db0b0d4046a4c46f0acd811dacae9551d2b129,412858008047,412783.69360555155,394262782486877740,,,,,
0x979d261d3b8cf3ae06d0afe8f5a0dae6b241ee894f41934d594b763d395af69b,1760399591,2025-10-13,2025-10-13 23:53,23572191,MarketSupply,0x777791C4d6DC2CE140D00D2828a7C93503c67777,0x0f9563442d64ab3bd3bcb27058db0b0d4046a4c46f0acd811dacae9551d2b129,27158558499,27153.66995847018,25935296670306524,,,,,
0xbaffe86b9352314ef8600430a25f90526be7418bcc27b49aa31b683b108c4a8c,1760402063,2025-10-14,2025-10-14 00:34,23572396,MarketWithdraw,0x777791C4d6DC2CE140D00D2828a7C93503c67777,0x0f9563442d64ab3bd3bcb27058db0b0d4046a4c46f0acd811dacae9551d2b129,10016627555,10014.8245620401,9565415750577937,,,,,
0x2a6ea70c5b51e0902dc884e972ec658ae2be46939a2d06554037d2db1c121c1e,1760402063,2025-10-14,2025-10-14 00:34,23572396,MarketWithdraw,0x55555815a5595991C3A0Ff119B59AEF6C8B55555,0x0f9563442d64ab3bd3bcb27058db0b0d4046a4c46f0acd811dacae9551d2b129,27682740312,27677.757418743844,26435735855115808,,,,,
0x483d7ea6767d8f309413b55e665078875265c226b38bee6c0f10a71068f3622d,1760402783,2025-10-14,2025-10-14 00:46,23572456,MarketWithdraw,0x777791C4d6DC2CE140D00D2828a7C93503c67777,0x0f9563442d64ab3bd3bcb27058db0b0d4046a4c46f0acd811dacae9551d2b129,6809791,6.80856523762,6503025406016,,,,,
0x003e6c31df937b7055f844740de37bdd0514b3bfcd4e8b4806bf32cbce913497,1760403011,2025-10-14,2025-10-14 00:50,23572475,MarketSupply,0x777791C4d6DC2CE140D00D2828a7C93503c67777,0x0f9563442d64ab3bd3bcb27058db0b0d4046a4c46f0acd811dacae9551d2b129,7689580024,7688.19589959568,7343178415649829,,,,,
0x0364bedad4b3cf06ef17a2309449e99879c24b804a1b69b716ecb9de1397dc4a,1760403167,2025-10-14,2025-10-14 00:52,23572487,MarketWithdraw,0xd63070114470f685b75B74D60EEc7c1113d33a3D,0x0f9563442d64ab3bd3bcb27058db0b0d4046a4c46f0acd811dacae9551d2b129,252816695781,252771.18877575942,241427684385486855,,,,,
0xdfb1163228b93b157080b7f0a280ec6be2be3de092f2968999000498e30d21e1,1760405039,2025-10-14,2025-10-14 01:23,23572643,MarketWithdraw,0x777791C4d6DC2CE140D00D2828a7C93503c67777,0x0f9563442d64ab3bd3bcb27058db0b0d4046a4c46f0acd811dacae9551d2b129,157183273131,157167.3548740032,150101639104432691,,,,,
0xa2e67acb76e201ea88db0847a1f828c622df1742c8ecd01e161435ec6b9b7e62,1760407151,2025-10-14,2025-10-14 01:59,23572819,MarketSupply,0xd63070114470f685b75B74D60EEc7c1113d33a3D,0x0f9563442d64ab3bd3bcb27058db0b0d4046a4c46f0acd811dacae9551d2b129,163020110360,163003.60099509964,155671553283764499,,,,,
0xbacfcc503d3b735e3e9ac71f379cf85e2bb823c3d006e768f6e10862bb5eadba,1760407559,2025-10-14,2025-10-14 02:05,23572852,MarketSupply,0x777791C4d6DC2CE140D00D2828a7C93503c67777,0x0f9563442d64ab3bd3bcb27058db0b0d4046a4c46f0acd811dacae9551d2b129,176979844385,176947.9880130107,169001830088225433,,,,,
0x2968dba65f756565c23b637af6fe666a1bfd2005f06ad889225beeb242f89e23,1760408063,2025-10-14,2025-10-14 02:14,23572894,MarketWithdraw,0x777791C4d6DC2CE140D00D2828a7C93503c67777,0x0f9563442d64ab3bd3bcb27058db0b0d4046a4c46f0acd811dacae9551d2b129,339999954745,339938.7547531459,324672845711088254,,,,,
0xf3c56571d09d811f89355656974135a8d4ccf9e87fbc6ab47cd42ff979ec200d,1760408183,2025-10-14,2025-10-14 02:16,23572904,MarketSupply,0x777791C4d6DC2CE140D00D2828a7C93503c67777,0x0f9563442d64ab3bd3bcb27058db0b0d4046a4c46f0acd811dacae9551d2b129,309999912223,309944.1122387999,296024769339772642,,,,,
0x6b8f5a86eaca9b24b5c5adb043189ecbc65fc7cbe22037cd030da739b6fe0826,1760408315,2025-10-14,2025-10-14 02:18,23572915,MarketWithdraw,0x777791C4d6DC2CE140D00D2828a7C93503c67777,0x0f9563442d64ab3bd3bcb27058db0b0d4046a4c46f0acd811dacae9551d2b129,200051128990,200015.1197867818,191032542068620418,,,,,
0x22fd21e8876e3fc614f79cb4d25418ad151cc7c8b9c1210397f543329b6605a8,1760408651,2025-10-14,2025-10-14 02:24,23572943,MarketWithdraw,0x777791C4d6DC2CE140D00D2828a7C93503c67777,0x0f9563442d64ab3bd3bcb27058db0b0d4046a4c46f0acd811dacae9551d2b129,6998258,6.99699831356,6682755104828,,,,,
0xd254c031fb27ff5d49f7fc45c4f932f0189d507f79d2b0415ae70f4574f21d68,1760408795,2025-10-14,2025-10-14 02:26,23572955,MarketSupply,0x777791C4d6DC2CE140D00D2828a7C93503c67777,0x0f9563442d64ab3bd3bcb27058db0b0d4046a4c46f0acd811dacae9551d2b129,189477611047,189443.50507701156,180935246127532277,,,,,
0x9f8c60d1cb87cd658109540b27bb3dfc335f579763bbfea503e9eb28bccc8be1,1760409251,2025-10-14,2025-10-14 02:34,23572992,MarketWithdraw,0x777791C4d6DC2CE140D00D2828a7C93503c67777,0x0f9563442d64ab3bd3bcb27058db0b0d4046a4c46f0acd811dacae9551d2b129,3508437,3.50780548134,3350259870947,,,,,
0x656e2c1d062397bc4eab78b79697e2a1a44f94c2d743511b2a1819d3bb7e966e,1760409659,2025-10-14,2025-10-14 02:40,23573026,MarketSupplyCollateral,0x1597E4B7cF6D2877A1d690b6088668afDb045763,0x0f9563442d64ab3bd3bcb27058db0b0d4046a4c46f0acd811dacae9551d2b129,9383092714303426523199429,9997653.492051752,,,,,,
0x656e2c1d062397bc4eab78b79697e2a1a44f94c2d743511b2a1819d3bb7e966e,1760409659,2025-10-14,2025-10-14 02:40,23573026,MarketSupply,0x777791C4d6DC2CE140D00D2828a7C93503c67777,0x0f9563442d64ab3bd3bcb27058db0b0d4046a4c46f0acd811dacae9551d2b129,8700584112415,8699018.007274767,8308312236694519620,,,,,
0x656e2c1d062397bc4eab78b79697e2a1a44f94c2d743511b2a1819d3bb7e966e,1760409659,2025-10-14,2025-10-14 02:40,23573026,MarketBorrow,0x1597E4B7cF6D2877A1d690b6088668afDb045763,0x0f9563442d64ab3bd3bcb27058db0b0d4046a4c46f0acd811dacae9551d2b129,9000000000000,8998380,8546619268625420934,,,,,
0x12b9a007375f0d7c0b9cf32a3029f5dae42407b62d4d5c91a4dc72886573d598,1760409683,2025-10-14,2025-10-14 02:41,23573028,MarketSupply,0x777791C4d6DC2CE140D00D2828a7C93503c67777,0x0f9563442d64ab3bd3bcb27058db0b0d4046a4c46f0acd811dacae9551d2b129,989997309705,989819.1101892531,945362320251573131,,,,,
0xfc220719dd7815f2625df04690af5d8d54d4a380c28b6e01dcfab8e1ebb3981f,1760409731,2025-10-14,2025-10-14 02:42,23573032,MarketSupply,0x0F359FD18BDa75e9c49bC027E7da59a4b01BF32a,0x0f9563442d64ab3bd3bcb27058db0b0d4046a4c46f0acd811dacae9551d2b129,1399998925559,1399746.9257523995,1336878368834741416,,,,,
0xbd6de41f1bc0a31e9fb4a2d8e47a0d61bae6e25450a8c3eb1251fb45c4740775,1760409911,2025-10-14,2025-10-14 02:45,23573047,MarketWithdraw,0x777791C4d6DC2CE140D00D2828a7C93503c67777,0x0f9563442d64ab3bd3bcb27058db0b0d4046a4c46f0acd811dacae9551d2b129,2389996235264,2389566.0359416525,2282239580867016207,,,,,
0xf28e502843a11d0ce15faf22304560ab10a63289432ed1c021c52a0520e25120,1760410211,2025-10-14,2025-10-14 02:50,23573072,MarketSupply,0xd63070114470f685b75B74D60EEc7c1113d33a3D,0x0f9563442d64ab3bd3bcb27058db0b0d4046a4c46f0acd811dacae9551d2b129,1133052229517,1132848.280115687,1081962916115776176,,,,,
0xa2312769687a1db3784eeced44828e42b8a44f69e43169638c0ddb4543e52226,1760410295,2025-10-14,2025-10-14 02:51,23573079,MarketSupply,0x777791C4d6DC2CE140D00D2828a7C93503c67777,0x0f9563442d64ab3bd3bcb27058db0b0d4046a4c46f0acd811dacae9551d2b129,6947497916,6946.247366375121,6634233704736470,,,,,
0xbd4b8d4b0b8e3f341858e4c0145abfda9834fc70ca9f251e9946407f3daf4e1e,1760413283,2025-10-14,2025-10-14 03:41,23573325,MarketWithdraw,0x777791C4d6DC2CE140D00D2828a7C93503c67777,0x0f9563442d64ab3bd3bcb27058db0b0d4046a4c46f0acd811dacae9551d2b129,9781407,9.780418638931941,9340282276363,,,,,
0x5ad866867150d85b5d8f8fe959f751e494bfabd4b5e5005a61a5ccc30c31ae93,1760413367,2025-10-14,2025-10-14 03:42,23573332,MarketSupply,0x55555815a5595991C3A0Ff119B59AEF6C8B55555,0x0f9563442d64ab3bd3bcb27058db0b0d4046a4c46f0acd811dacae9551d2b129,4832259693,4831.771417913266,4614331950653364,,,,,
0xc25472942587e02896ad3f0ad63026d62acb21b02722cadc68108e2b887845ec,1760413991,2025-10-14,2025-10-14 03:53,23573383,MarketWithdraw,0x777791C4d6DC2CE140D00D2828a7C93503c67777,0x0f9563442d64ab3bd3bcb27058db0b0d4046a4c46f0acd811dacae9551d2b129,150000000000,149984.84326843687,143234972619901685,,,,,
0x1f45239a2c4822238bd1bf64f15319ecec2fd0fed4f51235e096f9e8faf50b18,1760413991,2025-10-14,2025-10-14 03:53,23573383,MarketSupply,0xd63070114470f685b75B74D60EEc7c1113d33a3D,0x0f9563442d64ab3bd3bcb27058db0b0d4046a4c46f0acd811dacae9551d2b129,74966712455,74959.13745275434,71585700039306450,,,,,
0xd28b027c423f0dff4d592988aba140174a633587958af7faebcbd7db5dca6ed7,1760414015,2025-10-14,2025-10-14 03:53,23573385,MarketSupply,0x777791C4d6DC2CE140D00D2828a7C93503c67777,0x0f9563442d64ab3bd3bcb27058db0b0d4046a4c46f0acd811dacae9551d2b129,390210774760,390171.34596022614,372612168105391420,,,,,
0xf3b15ce5ac8d5e5a0f8232d57d268505396c57f03023a9e59ac713b916af75ff,1760416883,2025-10-14,2025-10-14 04:41,23573623,MarketSupply,0x777791C4d6DC2CE140D00D2828a7C93503c67777,0x0f9563442d64ab3bd3bcb27058db0b0d4046a4c46f0acd811dacae9551d2b129,299999292711,299945.29283831205,286467116972848803,,,,,
0x70f5c7726bf926830f79790f9f8d80d391a2dfc5179a4c70cbdebb86027422f8,1760417003,2025-10-14,2025-10-14 04:43,23573633,MarketWithdraw,0x777791C4d6DC2CE140D00D2828a7C93503c67777,0x0f9563442d64ab3bd3bcb27058db0b0d4046a4c46f0acd811dacae9551d2b129,1759998985645,1759682.1858275838,1680609579277553190,,,,,
0xfe36f29babd3b714c1e010342e11cc2302b91986319c51366dfda96da4c842da,1760417483,2025-10-14,2025-10-14 04:51,23573672,MarketSupply,0x777791C4d6DC2CE140D00D2828a7C93503c67777,0x0f9563442d64ab3bd3bcb27058db0b0d4046a4c46f0acd811dacae9551d2b129,1149997094401,1149790.094924008,1098117079743108631,,,,,
0xdd9a8aaa69ea531edc13c41cc9bbfa100829042ae1d5f833c7537d1d7b507069,1760417867,2025-10-14,2025-10-14 04:57,23573704,MarketSupply,0xd63070114470f685b75B74D60EEc7c1113d33a3D,0x0f9563442d64ab3bd3bcb27058db0b0d4046a4c46f0acd811dacae9551d2b129,166668912776,166638.91237170034,159149780811649053,,,,,
0x31cf41d67e5054b3e4de45fd7016dbabb3cb358b0fabfbd59fb65754f59b0d7d,1760418131,2025-10-14,2025-10-14 05:02,23573726,MarketSupply,0x777791C4d6DC2CE140D00D2828a7C93503c67777,0x0f9563442d64ab3bd3bcb27058db0b0d4046a4c46f0acd811dacae9551d2b129,343333494104,343298.8322087466,327844054371255676,,,,,
0x8cc9743f7f19bbd1e7369470a2095275ac28c30eda7c1cd9bb8bae8bba6e7f8b,1760418347,2025-10-14,2025-10-14 05:05,23573744,MarketWithdraw,0x777791C4d6DC2CE140D00D2828a7C93503c67777,0x0f9563442d64ab3bd3bcb27058db0b0d4046a4c46f0acd811dacae9551d2b129,7436182634,7435.431899836362,7100696490654808,,,,,
0x5044fd2cfb3a99af73bb993e6cd4b76447dcf34ebbcc1870dcbbf9a57b005097,1760418383,2025-10-14,2025-10-14 05:06,23573747,MarketWithdraw,0x777791C4d6DC2CE140D00D2828a7C93503c67777,0x0f9563442d64ab3bd3bcb27058db0b0d4046a4c46f0acd811dacae9551d2b129,374047467448,374009.70476431446,357172144492797784,,,,,
0x28f44d8949fa22b2de52bc8a7ce9eb6add5b751cd54ca740317db1d72e11923a,1760421131,2025-10-14,2025-10-14 05:52,23573975,MarketSupply,0xd63070114470f685b75B74D60EEc7c1113d33a3D,0x0f9563442d64ab3bd3bcb27058db0b0d4046a4c46f0acd811dacae9551d2b129,211425595838,211404.25095909167,201885554556055959,,,,,
0xa19a809eee1fa14873b38bbfd7ceca46408e182f714fa38aa5ce65627c339fc2,1760424539,2025-10-14,2025-10-14 06:48,23574255,MarketSupply,0x777791C4d6DC2CE140D00D2828a7C93503c67777,0x0f9563442d64ab3bd3bcb27058db0b0d4046a4c46f0acd811dacae9551d2b129,580057585642,579953.1752765845,553879089633385716,,,,,
0x08600e2b5b60389a1521f033f083ba0710579b69cbbdd5ad7611d1687be197f6,1760425127,2025-10-14,2025-10-14 06:58,23574304,MarketWithdraw,0xd63070114470f685b75B74D60EEc7c1113d33a3D,0x0f9563442d64ab3bd3bcb27058db0b0d4046a4c46f0acd811dacae9551d2b129,505456219324,505452.1956009795,482643872206978084,,,,,
0x6dd156a6bd098703f273123a6ecf466e3df45ac645be7feaf44dd5ee3c9f4c0d,1760428355,2025-10-14,2025-10-14 07:52,23574572,MarketWithdraw,0xd63070114470f685b75B74D60EEc7c1113d33a3D,0x0f9563442d64ab3bd3bcb27058db0b0d4046a4c46f0acd811dacae9551d2b129,9943257875,9942.313139573233,9494418567246525,,,,,
0x12dcee9b67ad6b4d3bff3cca4eeb73f543bf2c2f4b5c4972a5404f0d3bdccb2b,1760428967,2025-10-14,2025-10-14 08:02,23574623,MarketWithdraw,0x777791C4d6DC2CE140D00D2828a7C93503c67777,0x0f9563442d64ab3bd3bcb27058db0b0d4046a4c46f0acd811dacae9551d2b129,20000000000,19999.4,19097168804463067,,,,,
0xdd14715894ee27869ff8445e2bfc6426ab49d4bc0f796815eef03bb93d403297,1760429015,2025-10-14,2025-10-14 08:03,23574627,MarketWithdraw,0x777791C4d6DC2CE140D00D2828a7C93503c67777,0x0f9563442d64ab3bd3bcb27058db0b0d4046a4c46f0acd811dacae9551d2b129,735911,0.73588892267,702690743083,,,,,
0xd8a7ae216fd7c9a9e5c98e86faf9e95ea044229834d095d6df9354d6ae0e6769,1760429051,2025-10-14,2025-10-14 08:04,23574630,MarketWithdraw,0x55555815a5595991C3A0Ff119B59AEF6C8B55555,0x0f9563442d64ab3bd3bcb27058db0b0d4046a4c46f0acd811dacae9551d2b129,4832478564,4832.33358964308,4614331950653364,,,,,
0xd56e3ae976c58f19ec0ad354c86a1953462743123082e84bf842fce912fe00d9,1760429627,2025-10-14,2025-10-14 08:13,23574677,MarketSupply,0x777791C4d6DC2CE140D00D2828a7C93503c67777,0x0f9563442d64ab3bd3bcb27058db0b0d4046a4c46f0acd811dacae9551d2b129,80233143780,80230.7367856866,76611164742329409,,,,,
0xa384e9a99cf126d440cf62d61a1c93f8cd5468b0b22214ffadcae2939807ccb5,1760431763,2025-10-14,2025-10-14 08:49,23574853,MarketSupply,0xd63070114470f685b75B74D60EEc7c1113d33a3D,0x0f9563442d64ab3bd3bcb27058db0b0d4046a4c46f0acd811dacae9551d2b129,15023499047,15023.04834202859,14345212829063696,,,,,
0xe1c1f998950d32f2a3ebff6cc06b1e3200ec32de0447475eb8e3d949fd9ba44d,1760435519,2025-10-14,2025-10-14 09:51,23575166,MarketSupply,0xd63070114470f685b75B74D60EEc7c1113d33a3D,0x0f9563442d64ab3bd3bcb27058db0b0d4046a4c46f0acd811dacae9551d2b129,19133787719,19131.89790899847,18269755061422897,,,,,
0x3d8dc7dde6f263bb437f1804ec2c228235d4a19c6bbe5a74f729a92be13b4ec9,1760436251,2025-10-14,2025-10-14 10:04,23575227,MarketSupply,0x777791C4d6DC2CE140D00D2828a7C93503c67777,0x0f9563442d64ab3bd3bcb27058db0b0d4046a4c46f0acd811dacae9551d2b129,425842717055,425794.8140077585,406612003712816598,,,,,
0x9df298b61baf73f7632a25461e2f3cd8caec531dd36e13f3d556aea1604b9484,1760438927,2025-10-14,2025-10-14 10:48,23575448,MarketWithdraw,0xd63070114470f685b75B74D60EEc7c1113d33a3D,0x0f9563442d64ab3bd3bcb27058db0b0d4046a4c46f0acd811dacae9551d2b129,338245722962,338207.673700624,322968766087839716,,,,,
0xe80486faed90e1b59fdd46024cdf520d211335ea782f6b7cacaf615635cb540a,1760442887,2025-10-14,2025-10-14 11:54,23575776,MarketSupply,0xd63070114470f685b75B74D60EEc7c1113d33a3D,0x0f9563442d64ab3bd3bcb27058db0b0d4046a4c46f0acd811dacae9551d2b129,29345371825,29342.47264849456,28019704018754489,,,,,
0xf8bc739c8688f3459afd7456236f852e941ee128cce4fe5f57fabae492dc103b,1760445947,2025-10-14,2025-10-14 12:45,23576031,MarketSupply,0x777791C4d6DC2CE140D00D2828a7C93503c67777,0x0f9563442d64ab3bd3bcb27058db0b0d4046a4c46f0acd811dacae9551d2b129,298900334725,298866.7114263468,285395441876485681,,,,,
0xee5edb0031df2779d747e9065fff1a22d3f089580c1166595014909c25b2b8f6,1760446259,2025-10-14,2025-10-14 12:50,23576057,MarketSupply,0xd63070114470f685b75B74D60EEc7c1113d33a3D,0x0f9563442d64ab3bd3bcb27058db0b0d4046a4c46f0acd811dacae9551d2b129,427707182976,427659.07019498706,408382245738500182,,,,,
0x1542d58f73200984c93784ec68b64aeb0262e51b490dc8baf9ce73b8371fb1fd,1760446379,2025-10-14,2025-10-14 12:52,23576067,MarketWithdraw,0x777791C4d6DC2CE140D00D2828a7C93503c67777,0x0f9563442d64ab3bd3bcb27058db0b0d4046a4c46f0acd811dacae9551d2b129,65208991,65.20165564060241,62262660253102,,,,,
0xc8d73339942f27a004770c436ab804c6628bd96c25c258bad9ea8963b6a62ec9,1760448047,2025-10-14,2025-10-14 13:20,23576205,MarketSupply,0x0F359FD18BDa75e9c49bC027E7da59a4b01BF32a,0x0f9563442d64ab3bd3bcb27058db0b0d4046a4c46f0acd811dacae9551d2b129,499992254280,499936.010151316,477399373353908256,,,,,
0x912e71a956cc00d1dd8e3b49bcb94044d3ec2c5734c2b8a54c67a35b5b3d8221,1760448863,2025-10-14,2025-10-14 13:34,23576272,MarketWithdraw,0x777791C4d6DC2CE140D00D2828a7C93503c67777,0x0f9563442d64ab3bd3bcb27058db0b0d4046a4c46f0acd811dacae9551d2b129,477634162335,477580.43326807895,456050783282698164,,,,,
0xd746503ff3ce5dc42359a851a4555ac9b5e4fc6264fea1fb1fa074ff7bd853f0,1760450447,2025-10-14,2025-10-14 14:00,23576403,MarketWithdraw,0xd63070114470f685b75B74D60EEc7c1113d33a3D,0x0f9563442d64ab3bd3bcb27058db0b0d4046a4c46f0acd811dacae9551d2b129,102515415930,102505.30690759992,97882592911552087,,,,,
0xcbfa7bf837df72db157b584caf84ddd16bb4f1a729386a754334386251f06e67,1760452319,2025-10-14,2025-10-14 14:31,23576555,MarketSupply,0x777791C4d6DC2CE140D00D2828a7C93503c67777,0x0f9563442d64ab3bd3bcb27058db0b0d4046a4c46f0acd811dacae9551d2b129,2515169365,2514.9213447074408,2401494966615021,,,,,
0x89b53fd865059debbb740f6dcfdf446651c590d0e88da9563d58a349ddd70f9d,1760452775,2025-10-14,2025-10-14 14:39,23576593,MarketWithdraw,0x777791C4d6DC2CE140D00D2828a7C93503c67777,0x0f9563442d64ab3bd3bcb27058db0b0d4046a4c46f0acd811dacae9551d2b129,375084337098,375047.3501148107,358131834149356706,,,,,
0xa1beea1c034dda7373e9abc38d4445a8b3c6fc30a9fe9eece2aa76406918fc69,1760453339,2025-10-14,2025-10-14 14:48,23576640,MarketSupply,0x777791C4d6DC2CE140D00D2828a7C93503c67777,0x0f9563442d64ab3bd3bcb27058db0b0d4046a4c46f0acd811dacae9551d2b129,15084569860,15083.082373915813,14402780593724160,,,,,
0xd071f43fb424546f48353efc24271c78938e335afb55c6a8d605516e0c493fce,1760454131,2025-10-14,2025-10-14 15:02,23576704,MarketSupply,0xd63070114470f685b75B74D60EEc7c1113d33a3D,0x0f9563442d64ab3bd3bcb27058db0b0d4046a4c46f0acd811dacae9551d2b129,355621265718,355581.2618818194,339547329977284265,,,,,
0x3edc8df142bea477fc321538c2a516845d1b3b0228f05e9e6f2193d4c50794fe,1760455955,2025-10-14,2025-10-14 15:32,23576853,MarketSupply,0x777791C4d6DC2CE140D00D2828a7C93503c67777,0x0f9563442d64ab3bd3bcb27058db0b0d4046a4c46f0acd811dacae9551d2b129,4377851686,4377.359221463842,4179957318792140,,,,,
0xb049a9d6f3a75811ec4e0b9e3c8df0145d5e8b809a866da660c6cec9feb8afdf,1760456039,2025-10-14,2025-10-14 15:33,23576860,MarketWithdraw,0x777791C4d6DC2CE140D00D2828a7C93503c67777,0x0f9563442d64ab3bd3bcb27058db0b0d4046a4c46f0acd811dacae9551d2b129,456131999964,456080.6896753241,435513138863775401,,,,,
0x013ee15b95ba3ab91e33ffe7e7d5df9149c2b65593a6cb7b3343e0303b8ea4a5,1760456435,2025-10-14,2025-10-14 15:40,23576892,MarketWithdraw,0x777791C4d6DC2CE140D00D2828a7C93503c67777,0x0f9563442d64ab3bd3bcb27058db0b0d4046a4c46f0acd811dacae9551d2b129,1078372699781,1078251.3936360015,1029625265014298534,,,,,
0xfa699e93758ecbd0567a9fd29f0eb100ff61d39f0b5415df2d0a95e9b58df4f5,1760456543,2025-10-14,2025-10-14 15:42,23576901,MarketSupply,0x777791C4d6DC2CE140D00D2828a7C93503c67777,0x0f9563442d64ab3bd3bcb27058db0b0d4046a4c46f0acd811dacae9551d2b129,1174505299843,1174373.1797418206,1121411664461355278,,,,,
0xeb834fc32ee0e07de195583e2f32da1574b94d456930df0a3938280a98421757,1760457311,2025-10-14,2025-10-14 15:55,23576965,MarketSupply,0xd63070114470f685b75B74D60EEc7c1113d33a3D,0x0f9563442d64ab3bd3bcb27058db0b0d4046a4c46f0acd811dacae9551d2b129,407499687281,407453.84764117777,389077910961644447,,,,,
0x90186808718f88966c9b360180a2aee83023ab9e916eedd4e18463f975ebd817,1760459111,2025-10-14,2025-10-14 16:25,23577114,MarketWithdraw,0x777791C4d6DC2CE140D00D2828a7C93503c67777,0x0f9563442d64ab3bd3bcb27058db0b0d4046a4c46f0acd811dacae9551d2b129,875709234540,875620.417040061,836117798067307331,,,,,
0x6069c8bc3883bc41e51845ea3c1985876803cd2b0ca6fed3cdd54547d75abc4b,1760459543,2025-10-14,2025-10-14 16:32,23577150,MarketWithdraw,0x777791C4d6DC2CE140D00D2828a7C93503c67777,0x0f9563442d64ab3bd3bcb27058db0b0d4046a4c46f0acd811dacae9551d2b129,1581789694564,1581629.2639089844,1510274202191324978,,,,,
0x1dfc6f2df3ffcd02d0aaaa75ad622b6d0bf6c940bf78923c0628314bdf9572a9,1760459579,2025-10-14,2025-10-14 16:32,23577153,MarketSupply,0x777791C4d6DC2CE140D00D2828a7C93503c67777,0x0f9563442d64ab3bd3bcb27058db0b0d4046a4c46f0acd811dacae9551d2b129,444077501740,444032.4618432763,423999793893331225,,,,,
0xfbf2faf8d4e0bead779316368b480e381259a6fd45bb206fb14a32f5bf71e578,1760459591,2025-10-14,2025-10-14 16:33,23577154,MarketSupply,0x55555815a5595991C3A0Ff119B59AEF6C8B55555,0x0f9563442d64ab3bd3bcb27058db0b0d4046a4c46f0acd811dacae9551d2b129,512041137598,511989.20459111413,488890599345645449,,,,,
0x1f936781db871ffbfa1a98001a36e5e0ec7716fc67e1ffe91183995cf0219477,1760460203,2025-10-14,2025-10-14 16:43,23577204,MarketSupply,0x777791C4d6DC2CE140D00D2828a7C93503c67777,0x0f9563442d64ab3bd3bcb27058db0b0d4046a4c46f0acd811dacae9551d2b129,1093024721871,1092913.8634726424,1043604002204207292,,,,,
0xcb128fb90440f5dc5a997abbbc95d9fba24fd38c9e1ec51312ba37449e97a9b1,1760460767,2025-10-14,2025-10-14 16:52,23577251,MarketSupply,0xd63070114470f685b75B74D60EEc7c1113d33a3D,0x0f9563442d64ab3bd3bcb27058db0b0d4046a4c46f0acd811dacae9551d2b129,283648926016,283620.15734773036,270823478840415811,,,,,
0x7987d8bd7bdac265ba34727045b828ac6024713dfcd13b81249295a1fef26f02,1760461199,2025-10-14,2025-10-14 16:59,23577287,MarketWithdraw,0x777791C4d6DC2CE140D00D2828a7C93503c67777,0x0f9563442d64ab3bd3bcb27058db0b0d4046a4c46f0acd811dacae9551d2b129,14238555610,14236.700196099377,13594732794448968,,,,,
0x6f40246fb02f00165c7d8079dbc8c5037bb925c84817ce614e50b7cccf8528d7,1760463227,2025-10-14,2025-10-14 17:33,23577455,MarketWithdraw,0x777791C4d6DC2CE140D00D2828a7C93503c67777,0x0f9563442d64ab3bd3bcb27058db0b0d4046a4c46f0acd811dacae9551d2b129,200000000000,199977.502,190955740791564059,,,,,
0xf6f7dd69cfa7da2e97d42691c9529c705d60aa724ccad8306331d7a6cda8184e,1760464355,2025-10-14,2025-10-14 17:52,23577548,MarketWithdraw,0x777791C4d6DC2CE140D00D2828a7C93503c67777,0x0f9563442d64ab3bd3bcb27058db0b0d4046a4c46f0acd811dacae9551d2b129,10000000000,9998.8751,9547761701146378,,,,,
0x32a3d532d7534dbc82cdae3108db607903b34b0be62e7eb330def62e837bc142,1760464463,2025-10-14,2025-10-14 17:54,23577557,MarketSupply,0xd63070114470f685b75B74D60EEc7c1113d33a3D,0x0f9563442d64ab3bd3bcb27058db0b0d4046a4c46f0acd811dacae9551d2b129,134128135516,134113.0474420358,128062314950233230,,,,,
0xab32e8544cff7f05ebfbb78e9053315b766cd2f31596a675ca0bae3bab930dfd,1760465003,2025-10-14,2025-10-14 18:03,23577602,MarketWithdraw,0x777791C4d6DC2CE140D00D2828a7C93503c67777,0x0f9563442d64ab3bd3bcb27058db0b0d4046a4c46f0acd811dacae9551d2b129,121795,0.12177624511425082,116286788834,,,,,
0xc482160da9950682232d2121bc00d27aedadb7235107dbc2f35574ae11b31251,1760465039,2025-10-14,2025-10-14 18:03,23577605,MarketWithdraw,0x55555815a5595991C3A0Ff119B59AEF6C8B55555,0x0f9563442d64ab3bd3bcb27058db0b0d4046a4c46f0acd811dacae9551d2b129,512048153549,511969.3046256625,488890599345645449,,,,,
0xbce02de66cfb0c56c74d7bb389b71718bf0435734496af173f3c50e2f63aa1c7,1760467955,2025-10-14,2025-10-14 18:52,23577848,MarketSupply,0xd63070114470f685b75B74D60EEc7c1113d33a3D,0x0f9563442d64ab3bd3bcb27058db0b0d4046a4c46f0acd811dacae9551d2b129,612017191696,611922.9488083052,584334270551385521,,,,,
0xf10afd6b3ce3d18ea6e3936cb4a940db4ed7c0fa1c436626374d02d4da1cca3b,1760471951,2025-10-14,2025-10-14 19:59,23578178,MarketWithdraw,0xd63070114470f685b75B74D60EEc7c1113d33a3D,0x0f9563442d64ab3bd3bcb27058db0b0d4046a4c46f0acd811dacae9551d2b129,77879306497,77870.54585381215,74355971936625739,,,,,
0x2b3133adbe860773b63ac93fc2d3e6d9c93080fbda8a02490ee0617c8747799d,1760475083,2025-10-14,2025-10-14 20:51,23578435,MarketSupply,0x777791C4d6DC2CE140D00D2828a7C93503c67777,0x0f9563442d64ab3bd3bcb27058db0b0d4046a4c46f0acd811dacae9551d2b129,5228145361,5227.2613460001,4991583040515727,,,,,
0x728a9db81c7b12c41587e68a28253e8e3bd07d22dd8673ccc8b0bd423a1d9e32,1760475287,2025-10-14,2025-10-14 20:54,23578452,MarketWithdraw,0xd63070114470f685b75B74D60EEc7c1113d33a3D,0x0f9563442d64ab3bd3bcb27058db0b0d4046a4c46f0acd811dacae9551d2b129,76889125667,76876.12466268099,73410023826933723,,,,,
0xc5006ec480ac9686c1fc4d8197276d60e6f4a20747dc3c7eed99f5fd3c9b82ed,1760475335,2025-10-14,2025-10-14 20:55,23578456,MarketWithdraw,0x777791C4d6DC2CE140D00D2828a7C93503c67777,0x0f9563442d64ab3bd3bcb27058db0b0d4046a4c46f0acd811dacae9551d2b129,414429892,414.35981700865267,395677601828102,,,,,
0x74c2fbb071cef6f5b41b5e8eadaa6e1c533d21303bc426535aba7e1b536d1e5c,1760475707,2025-10-14,2025-10-14 21:01,23578487,MarketWithdraw,0x777791C4d6DC2CE140D00D2828a7C93503c67777,0x0f9563442d64ab3bd3bcb27058db0b0d4046a4c46f0acd811dacae9551d2b129,152696448427,152679.27160351645,145787052098270328,,,,,
0x8ded33ee98dd0cf16ab0a73cb66442d505cba2e24d557efff40896343797d138,1760475839,2025-10-14,2025-10-14 21:03,23578498,MarketWithdraw,0x777791C4d6DC2CE140D00D2828a7C93503c67777,0x0f9563442d64ab3bd3bcb27058db0b0d4046a4c46f0acd811dacae9551d2b129,20000000000,19997.7502,19095009464332413,,,,,
0x00429f695eacb82d4ce5d258781f718e31878a8fd904f757ca5a937f7e1d5b1b,1760477291,2025-10-14,2025-10-14 21:28,23578619,MarketWithdraw,0x777791C4d6DC2CE140D00D2828a7C93503c67777,0x0f9563442d64ab3bd3bcb27058db0b0d4046a4c46f0acd811dacae9551d2b129,1054044356,1053.9257865503937,1006345867912470,,,,,
0x44f58303be59d3f3de8b7782ddcf17868b9297d1edf192e689ee160374807272,1760477315,2025-10-14,2025-10-14 21:28,23578621,MarketWithdraw,0x777791C4d6DC2CE140D00D2828a7C93503c67777,0x0f9563442d64ab3bd3bcb27058db0b0d4046a4c46f0acd811dacae9551d2b129,52734506711,52728.57460634008,50348118264291331,,,,,
0x068d0f48e1d7b85018752b959726ca40229b2a28731e6aa8980e505aa0d179df,1760479379,2025-10-14,2025-10-14 22:02,23578793,MarketSupply,0xd63070114470f685b75B74D60EEc7c1113d33a3D,0x0f9563442d64ab3bd3bcb27058db0b0d4046a4c46f0acd811dacae9551d2b129,111350740355,111338.20353756641,106311271966568679,,,,,
0x8f5ca1d0416d54180ae118bfe5e848b3f49481df3a916688fc367bc0eab46eef,1760480507,2025-10-14,2025-10-14 22:21,23578886,MarketWithdraw,0x777791C4d6DC2CE140D00D2828a7C93503c67777,0x0f9563442d64ab3bd3bcb27058db0b0d4046a4c46f0acd811dacae9551d2b129,4837,0.004836455409225543,4618076639,,,,,
0xe3f8697990595b5d3251e2373f45bdcc8a0356b4fc8e348742624fb02f1bdce0,1760482187,2025-10-14,2025-10-14 22:49,23579025,MarketWithdraw,0xd63070114470f685b75B74D60EEc7c1113d33a3D,0x0f9563442d64ab3bd3bcb27058db0b0d4046a4c46f0acd811dacae9551d2b129,89081319884,89071.2903481337,85049148312697838,,,,,
0xc7c0ac3bd781e942484c47b9e533171595649e92b17981e4cf49433f735bcd1e,1760489843,2025-10-15,2025-10-15 00:57,23579662,MarketSupply,0xd63070114470f685b75B74D60EEc7c1113d33a3D,0x0f9563442d64ab3bd3bcb27058db0b0d4046a4c46f0acd811dacae9551d2b129,72041526091,72027.66293255895,68779384478234663,,,,,
0x90f32973a30625d237776d8e1a90b84f4ce159a4309b2ae632276f3f5079232a,1760496683,2025-10-15,2025-10-15 02:51,23580231,MarketSupply,0xd63070114470f685b75B74D60EEc7c1113d33a3D,0x0f9563442d64ab3bd3bcb27058db0b0d4046a4c46f0acd811dacae9551d2b129,41092717746,41084.74609503598,39231347407332929,,,,,
0x74ef470de655d4a1a39828bbdd6f1814c678c95c78718da91b35e3a37d166f95,1760498603,2025-10-15,2025-10-15 03:23,23580391,MarketWithdraw,0x777791C4d6DC2CE140D00D2828a7C93503c67777,0x0f9563442d64ab3bd3bcb27058db0b0d4046a4c46f0acd811dacae9551d2b129,2101614726765,2101378.316124386,2006409167324368930,,,,,
0xfb3b6eaeffeac625d2c1cdc395b7e683733504776d2ec26a86181bc53cc62588,1760498639,2025-10-15,2025-10-15 03:23,23580394,MarketSupply,0x777791C4d6DC2CE140D00D2828a7C93503c67777,0x0f9563442d64ab3bd3bcb27058db0b0d4046a4c46f0acd811dacae9551d2b129,1649998704526,1649813.0961717279,1575251190651461348,,,,,
0x4c799a38915b13d845d4f515684b5a468a7240d35c9a9d266a1b327c2cc83f6f,1760500631,2025-10-15,2025-10-15 03:57,23580558,MarketSupply,0xd63070114470f685b75B74D60EEc7c1113d33a3D,0x0f9563442d64ab3bd3bcb27058db0b0d4046a4c46f0acd811dacae9551d2b129,127819155874,127804.77749715574,122028140226564116,,,,,
0x6768e2baba289232306f0fecdb130f81b1b8351fa87c6b98d6b91f34689bf8ae,1760503079,2025-10-15,2025-10-15 04:37,23580759,MarketWithdraw,0x777791C4d6DC2CE140D00D2828a7C93503c67777,0x0f9563442d64ab3bd3bcb27058db0b0d4046a4c46f0acd811dacae9551d2b129,43182236,43.17737843027236,41225559731703,,,,,
0x4882733c7281ed4df8d9c21885fcd34a72bdae7ba2834c40daa3267e753a39f6,1760503955,2025-10-15,2025-10-15 04:52,23580831,MarketWithdraw,0xd63070114470f685b75B74D60EEc7c1113d33a3D,0x0f9563442d64ab3bd3bcb27058db0b0d4046a4c46f0acd811dacae9551d2b129,57575219029,57568.74239261143,54966248654215530,,,,,
0xfc8a6338e1c4ffd3aeec7424002926c7d7f476ecc5bb0315a6a5a4fcfac0cd26,1760505431,2025-10-15,2025-10-15 05:17,23580952,MarketSupply,0x777791C4d6DC2CE140D00D2828a7C93503c67777,0x0f9563442d64ab3bd3bcb27058db0b0d4046a4c46f0acd811dacae9551d2b129,289800174558,289777.4860324267,276667122967088634,,,,,
0x784d8ebc5b3c550d48ccb178041d3ea065bde5de39f4325b1a1ba3fa2a272bfa,1760506751,2025-10-15,2025-10-15 05:39,23581060,MarketWithdraw,0x777791C4d6DC2CE140D00D2828a7C93503c67777,0x0f9563442d64ab3bd3bcb27058db0b0d4046a4c46f0acd811dacae9551d2b129,30000002391,29997.653683576053,28640384060302092,,,,,
0x4f11d3e07a6332cc4a8efdd676688b808db6ea8428ae9770a0db6a833af4c9cb,1760507219,2025-10-15,2025-10-15 05:46,23581098,MarketWithdraw,0x777791C4d6DC2CE140D00D2828a7C93503c67777,0x0f9563442d64ab3bd3bcb27058db0b0d4046a4c46f0acd811dacae9551d2b129,29521060,29.518748789091372,28183116138919,,,,,
0x4f11d3e07a6332cc4a8efdd676688b808db6ea8428ae9770a0db6a833af4c9cb,1760507219,2025-10-15,2025-10-15 05:46,23581098,MarketWithdraw,0x777791C4d6DC2CE140D00D2828a7C93503c67777,0x0f9563442d64ab3bd3bcb27058db0b0d4046a4c46f0acd811dacae9551d2b129,15248926,15.247732157905034,14557819145105,,,,,
0x9a7a65d59a2aa20c51831d9f653354f37faf1d2539f58673c8cb57572deaab2c,1760507447,2025-10-15,2025-10-15 05:50,23581117,MarketSupply,0xd63070114470f685b75B74D60EEc7c1113d33a3D,0x0f9563442d64ab3bd3bcb27058db0b0d4046a4c46f0acd811dacae9551d2b129,154770538301,154758.42127822185,147755997971626356,,,,,
0xadd21018dc4f10d792259a3e9298f989950ab8d2b6d3626bd64a9f4b89f1422c,1760507675,2025-10-15,2025-10-15 05:54,23581136,MarketWithdraw,0x777791C4d6DC2CE140D00D2828a7C93503c67777,0x0f9563442d64ab3bd3bcb27058db0b0d4046a4c46f0acd811dacae9551d2b129,1600000000000,1599874.7356140395,1527483676208685811,,,,,
0x81b092a44216e8a8543d60959905680f3a41c979f8606c37b3306f541b5f9c4e,1760507723,2025-10-15,2025-10-15 05:55,23581140,MarketSupply,0x777791C4d6DC2CE140D00D2828a7C93503c67777,0x0f9563442d64ab3bd3bcb27058db0b0d4046a4c46f0acd811dacae9551d2b129,1475573082548,1475457.5595754217,1408695635313937474,,,,,
0x8682dedfaaee035ecbc48598b2f84b4fec6a3789810cca7252591a935c0c8aa7,1760508059,2025-10-15,2025-10-15 06:00,23581168,MarketWithdraw,0x777791C4d6DC2CE140D00D2828a7C93503c67777,0x0f9563442d64ab3bd3bcb27058db0b0d4046a4c46f0acd811dacae9551d2b129,2697618,2.6973145449511797,2575351713777,,,,,
0xf4c01818486619539ebfc18cb96b872fe8cd5ed90a8f2339d1dfa8dcc31b7721,1760510987,2025-10-15,2025-10-15 06:49,23581408,MarketSupply,0xd63070114470f685b75B74D60EEc7c1113d33a3D,0x0f9563442d64ab3bd3bcb27058db0b0d4046a4c46f0acd811dacae9551d2b129,117159657961,117146.47867107597,111848759190866435,,,,,
0x45b37df6169af323b3f4b17b79659d9a2244e8aa53d01810aa81cd9629afaf45,1760512727,2025-10-15,2025-10-15 07:18,23581552,MarketWithdraw,0x777791C4d6DC2CE140D00D2828a7C93503c67777,0x0f9563442d64ab3bd3bcb27058db0b0d4046a4c46f0acd811dacae9551d2b129,691732495010,691601.0928633356,660373270773842617,,,,,
0x8e63cb5224647f87973845dd803b50dce54df9ecbad96a84d16b920111d33c61,1760514839,2025-10-15,2025-10-15 07:53,23581727,MarketSupply,0xd63070114470f685b75B74D60EEc7c1113d33a3D,0x0f9563442d64ab3bd3bcb27058db0b0d4046a4c46f0acd811dacae9551d2b129,431148651957,431066.750558978,411600577058163364,,,,,
0xcecf96d36595c2a41b13447d1a937add01d5f850813f9432078aea0c0ee12880,1760516267,2025-10-15,2025-10-15 08:17,23581845,MarketSupply,0x777791C4d6DC2CE140D00D2828a7C93503c67777,0x0f9563442d64ab3bd3bcb27058db0b0d4046a4c46f0acd811dacae9551d2b129,563128074519,563082.0613240311,537594254456195194,,,,,
0x112ddd0544ce43946c2a91037a32c783ddd64107bbdf6e0dc4b3c0f4e4b1a5d2,1760517527,2025-10-15,2025-10-15 08:38,23581950,MarketWithdraw,0x777791C4d6DC2CE140D00D2828a7C93503c67777,0x0f9563442d64ab3bd3bcb27058db0b0d4046a4c46f0acd811dacae9551d2b129,5869,0.00586852044401,5602867106,,,,,
0x32ae3bc9b8b10ae67d4471c61bac7ab8dc55dbcba746d4490fc2c90968a1f3fc,1760517731,2025-10-15,2025-10-15 08:42,23581967,MarketSupply,0x777791C4d6DC2CE140D00D2828a7C93503c67777,0x0f9563442d64ab3bd3bcb27058db0b0d4046a4c46f0acd811dacae9551d2b129,10,9.999182900000001e-06,9546540,,,,,
0x2a7bf235d885dd5b9bddc0a2940c7bc081ea793ccf1ebd07fa30bce5392f8578,1760517935,2025-10-15,2025-10-15 08:45,23581984,MarketSupply,0x777791C4d6DC2CE140D00D2828a7C93503c67777,0x0f9563442d64ab3bd3bcb27058db0b0d4046a4c46f0acd811dacae9551d2b129,10,9.999182900000001e-06,9546536,,,,,
0xc54905c6e1d3a4f21d25e108cf06e1715eeeed0d981b06360519db4c1b3ace1b,1760518091,2025-10-15,2025-10-15 08:48,23581997,MarketWithdraw,0x777791C4d6DC2CE140D00D2828a7C93503c67777,0x0f9563442d64ab3bd3bcb27058db0b0d4046a4c46f0acd811dacae9551d2b129,165926,0.16591244218654,158401797869,,,,,
0x21dd8570650db3aa3ff020ed50645a5a7771fc69f5eeb4bdedfcfc15f9092e48,1760518727,2025-10-15,2025-10-15 08:58,23582050,MarketWithdraw,0xd63070114470f685b75B74D60EEc7c1113d33a3D,0x0f9563442d64ab3bd3bcb27058db0b0d4046a4c46f0acd811dacae9551d2b129,284303447746,284280.2173112847,271410828029269471,,,,,
0x20fec9bec01c63177b272a8c64d748d1e8dc505f3111c7df9f083c0d385b2a83,1760518787,2025-10-15,2025-10-15 08:59,23582055,MarketSupply,0x777791C4d6DC2CE140D00D2828a7C93503c67777,0x0f9563442d64ab3bd3bcb27058db0b0d4046a4c46f0acd811dacae9551d2b129,54303773076,54293.397992523365,51841193174951246,,,,,
0x24c863c9aabe0595ef6577136a80095afec4f1ffee8d74588892f81cea682bec,1760519351,2025-10-15,2025-10-15 09:09,23582102,MarketWithdraw,0x777791C4d6DC2CE140D00D2828a7C93503c67777,0x0f9563442d64ab3bd3bcb27058db0b0d4046a4c46f0acd811dacae9551d2b129,172892,0.17287505705803044,165051438801,,,,,
0xa4722f51116d19465ffc89280a705a8ad0f8728d5da7278d94c8604ab98c0947,1760521931,2025-10-15,2025-10-15 09:52,23582316,MarketWithdraw,0xd63070114470f685b75B74D60EEc7c1113d33a3D,0x0f9563442d64ab3bd3bcb27058db0b0d4046a4c46f0acd811dacae9551d2b129,21401323146,21399.22587500924,20430662515158995,,,,,
0xf5bc190f8072232201257223775ff765e36f7c321c8c43b89abf8fe938b88098,1760525747,2025-10-15,2025-10-15 10:55,23582634,MarketSupply,0xd63070114470f685b75B74D60EEc7c1113d33a3D,0x0f9563442d64ab3bd3bcb27058db0b0d4046a4c46f0acd811dacae9551d2b129,652762353,652.7090157881363,623150693313830,,,,,
0xf429e29f5ef394471a2cbb45f401126d875017118def9ddf68eff7984f2dbb61,1760528639,2025-10-15,2025-10-15 11:43,23582874,MarketWithdraw,0x777791C4d6DC2CE140D00D2828a7C93503c67777,0x0f9563442d64ab3bd3bcb27058db0b0d4046a4c46f0acd811dacae9551d2b129,1039251612760,1039053.9501426,992100755230438069,,,,,
0xed2f7475490b2d532b80af2faa88ffc14ae47c2ea5b7958d0bfdc898b27d3873,1760529899,2025-10-15,2025-10-15 12:04,23582978,MarketWithdraw,0x777791C4d6DC2CE140D00D2828a7C93503c67777,0x0f9563442d64ab3bd3bcb27058db0b0d4046a4c46f0acd811dacae9551d2b129,2858078750,2857.8452163853376,2728398054421768,,,,,
0xec4a5b58a4f0c7d738b550422674cd89f35eddf7731b0ab6ed5d494f24ca8b94,1760531651,2025-10-15,2025-10-15 12:34,23583122,MarketSupply,0xd63070114470f685b75B74D60EEc7c1113d33a3D,0x0f9563442d64ab3bd3bcb27058db0b0d4046a4c46f0acd811dacae9551d2b129,629523317749,629471.8793987067,600956747340371531,,,,,
0xdcece45b09271743ccb58d7fe626f8387712ebb801123d69b4fd07ceede01afd,1760531675,2025-10-15,2025-10-15 12:34,23583124,MarketSupply,0x777791C4d6DC2CE140D00D2828a7C93503c67777,0x0f9563442d64ab3bd3bcb27058db0b0d4046a4c46f0acd811dacae9551d2b129,603334974744,603285.6762432137,575956747582281442,,,,,
0x60f5faf3c4e7308dfa2725119bb8c59de73b78481a47e385f50b75152ea8962c,1760532287,2025-10-15,2025-10-15 12:44,23583175,MarketSupply,0xd63070114470f685b75B74D60EEc7c1113d33a3D,0x0f9563442d64ab3bd3bcb27058db0b0d4046a4c46f0acd811dacae9551d2b129,675004341879,674949.187274225,644373001024263176,,,,,
0xdd66f77f6ef8329caca82d37abc85ea73faf3e6f7ad0707cfcec26503e8f27a4,1760532491,2025-10-15,2025-10-15 12:48,23583191,MarketWithdraw,0x777791C4d6DC2CE140D00D2828a7C93503c67777,0x0f9563442d64ab3bd3bcb27058db0b0d4046a4c46f0acd811dacae9551d2b129,100000000000,99991.829,95462012545334523,,,,,
0xaa11d1d942215e42296fd203e7503537bf858eac7dc2d1b265c2827eeb6aab75,1760532551,2025-10-15,2025-10-15 12:49,23583196,MarketWithdraw,0xd63070114470f685b75B74D60EEc7c1113d33a3D,0x0f9563442d64ab3bd3bcb27058db0b0d4046a4c46f0acd811dacae9551d2b129,1109714444324,1109623.7695567543,1059355609088520878,,,,,
0x2dd5a7a2f23265f13e7d99a6f7172fdea05f813503534bd9f20198d37dae237a,1760533079,2025-10-15,2025-10-15 12:57,23583239,MarketWithdraw,0x777791C4d6DC2CE140D00D2828a7C93503c67777,0x0f9563442d64ab3bd3bcb27058db0b0d4046a4c46f0acd811dacae9551d2b129,500707249900,500666.3371106107,477984544326517941,,,,,
0x3187fc6f00434c5c96c553ecd2df60e8dad29bfba1fc0793e7b67b7a4c65cce7,1760533187,2025-10-15,2025-10-15 12:59,23583248,MarketWithdraw,0x777791C4d6DC2CE140D00D2828a7C93503c67777,0x0f9563442d64ab3bd3bcb27058db0b0d4046a4c46f0acd811dacae9551d2b129,1,9.9991829e-07,954619,,,,,
0xb88997f4b9392962457ea56169ba6dc941ed6f3240e2167925070b3c04396c13,1760533751,2025-10-15,2025-10-15 13:09,23583295,MarketWithdraw,0x777791C4d6DC2CE140D00D2828a7C93503c67777,0x0f9563442d64ab3bd3bcb27058db0b0d4046a4c46f0acd811dacae9551d2b129,50000000000,49985.92661011977,47730855194864488,,,,,
0x95b08c155895888e294641875c7b015636085558a4d19ef85027d25f88e1e732,1760534015,2025-10-15,2025-10-15 13:13,23583316,MarketWithdraw,0x777791C4d6DC2CE140D00D2828a7C93503c67777,0x0f9563442d64ab3bd3bcb27058db0b0d4046a4c46f0acd811dacae9551d2b129,188888180,188.8350140599819,180315762003327,,,,,
0x5b89934a4b3616232cda23ce2aee51b0058e702ee1b0421cf74dd98048162738,1760536247,2025-10-15,2025-10-15 13:50,23583499,MarketSupply,0xd63070114470f685b75B74D60EEc7c1113d33a3D,0x0f9563442d64ab3bd3bcb27058db0b0d4046a4c46f0acd811dacae9551d2b129,416862403073,416745.06973050296,397941364473584045,,,,,
0x7da458082551efdbc413d132799b89449c697ea7ec34d8bc13131ed26356393e,1760537639,2025-10-15,2025-10-15 14:13,23583615,MarketWithdraw,0x777791C4d6DC2CE140D00D2828a7C93503c67777,0x0f9563442d64ab3bd3bcb27058db0b0d4046a4c46f0acd811dacae9551d2b129,10000000000,9999.1829,9546075380964613,,,,,
0x29059008ccc677101cf92304313f70474338b2b541a1acd9577f272ab1d5ee7d,1760540495,2025-10-15,2025-10-15 15:01,23583851,MarketSupply,0x777791C4d6DC2CE140D00D2828a7C93503c67777,0x0f9563442d64ab3bd3bcb27058db0b0d4046a4c46f0acd811dacae9551d2b129,577593052967,577536.4449805951,551370776535006709,,,,,
0x9b17d225204d564000e222ab710cbc5a3b40289b02bec9d6232f9f2d9ede11d2,1760543687,2025-10-15,2025-10-15 15:54,23584114,MarketWithdraw,0xd63070114470f685b75B74D60EEc7c1113d33a3D,0x0f9563442d64ab3bd3bcb27058db0b0d4046a4c46f0acd811dacae9551d2b129,616438316686,616377.9016036661,588448200052183953,,,,,
0x8fd9b11f35fe5bd1dd3c1a21eee3dab5d9b10282278dc068fe517516cf46c862,1760547587,2025-10-15,2025-10-15 16:59,23584436,MarketWithdraw,0xd63070114470f685b75B74D60EEc7c1113d33a3D,0x0f9563442d64ab3bd3bcb27058db0b0d4046a4c46f0acd811dacae9551d2b129,66835888371,66829.28028512176,63800504977554373,,,,,
0xda22ecbab33350774f76095cfc0cc7ccb752d088c0d7eb6f99c4b3ac60dad578,1760550935,2025-10-15,2025-10-15 17:55,23584711,MarketWithdraw,0xd63070114470f685b75B74D60EEc7c1113d33a3D,0x0f9563442d64ab3bd3bcb27058db0b0d4046a4c46f0acd811dacae9551d2b129,31726212792,31723.620443152762,30285096741139391,,,,,
0x645a73de5b04e63ba7cacdf92cc8b706a694ed8ce1f2db4eab8ff78bb38ac6c3,1760554727,2025-10-15,2025-10-15 18:58,23585027,MarketWithdraw,0xd63070114470f685b75B74D60EEc7c1113d33a3D,0x0f9563442d64ab3bd3bcb27058db0b0d4046a4c46f0acd811dacae9551d2b129,24036781822,24032.18462088027,22944726842185564,,,,,
0xf07f16652f5eab0660c0719bcc6661e2a994be3e7adb1ee1041be2e365af2253,1760554979,2025-10-15,2025-10-15 19:02,23585048,MarketWithdraw,0x777791C4d6DC2CE140D00D2828a7C93503c67777,0x0f9563442d64ab3bd3bcb27058db0b0d4046a4c46f0acd811dacae9551d2b129,1529811710670,1529686.709755121,1460307359329936387,,,,,
0x518d2f9696049af02686896a294abca2c4b81f3dba8793e9cff6bc75c0478acb,1760555027,2025-10-15,2025-10-15 19:03,23585052,MarketSupply,0x777791C4d6DC2CE140D00D2828a7C93503c67777,0x0f9563442d64ab3bd3bcb27058db0b0d4046a4c46f0acd811dacae9551d2b129,1119999403880,1119907.888728709,1069113555238711514,,,,,
0x021fd9c9e9dec4ea484c55216e077bf41f952e985b3b36a8d1f2c3626a27ff17,1760555099,2025-10-15,2025-10-15 19:04,23585058,MarketSupply,0x55555815a5595991C3A0Ff119B59AEF6C8B55555,0x0f9563442d64ab3bd3bcb27058db0b0d4046a4c46f0acd811dacae9551d2b129,513734572445,513692.5951930855,490393546182072734,,,,,
0x6f53ba091077f95a3e4f7d4fab30f412f70f9bc81bdf05b3d8d968f3cd3cb2fb,1760555639,2025-10-15,2025-10-15 19:13,23585103,MarketWithdraw,0x777791C4d6DC2CE140D00D2828a7C93503c67777,0x0f9563442d64ab3bd3bcb27058db0b0d4046a4c46f0acd811dacae9551d2b129,493734134921,493693.7919048356,471301173128764368,,,,,
0xbccc0849007af4fc29c5db3e07db11d906ae371e9e0e6e2c6bf724ae8cb50c6a,1760556371,2025-10-15,2025-10-15 19:26,23585164,MarketWithdraw,0x777791C4d6DC2CE140D00D2828a7C93503c67777,0x0f9563442d64ab3bd3bcb27058db0b0d4046a4c46f0acd811dacae9551d2b129,1139999841404,1139906.692016959,1088201370696405963,,,,,
0xc296a0be409b0c0df3d94aef573960a56bfe93cce21fb2be871aea3fc0de4381,1760556395,2025-10-15,2025-10-15 19:26,23585166,MarketSupply,0x777791C4d6DC2CE140D00D2828a7C93503c67777,0x0f9563442d64ab3bd3bcb27058db0b0d4046a4c46f0acd811dacae9551d2b129,1109998954602,1109908.2565874194,1059563339122377097,,,,,
0x3beaa05fea8fd97770fd7786ab9db302065af84f209a8ad9b3f922364326c946,1760558015,2025-10-15,2025-10-15 19:53,23585300,MarketSupply,0xd63070114470f685b75B74D60EEc7c1113d33a3D,0x0f9563442d64ab3bd3bcb27058db0b0d4046a4c46f0acd811dacae9551d2b129,44308798954,44305.17848203747,42295311212172314,,,,,
0x66cece185f6f5951059fa57ec83ec7a8035eea0559a27b7d1eeb555b17998af6,1760559827,2025-10-15,2025-10-15 20:23,23585450,MarketWithdraw,0x777791C4d6DC2CE140D00D2828a7C93503c67777,0x0f9563442d64ab3bd3bcb27058db0b0d4046a4c46f0acd811dacae9551d2b129,14308063011,14306.649479364782,13657806713031041,,,,,
0xe27c3467ebf372feb27ed2a16250040f8d427906f0dde7414560aad0020e6ed6,1760560211,2025-10-15,2025-10-15 20:30,23585482,MarketRepay,0x86b7AE7E49797E6F9882a6557a8576632a140c38,0x0f9563442d64ab3bd3bcb27058db0b0d4046a4c46f0acd811dacae9551d2b129,250000000000,249975.30183445985,237300725344929944,,,,,
0xe27c3467ebf372feb27ed2a16250040f8d427906f0dde7414560aad0020e6ed6,1760560211,2025-10-15,2025-10-15 20:30,23585482,MarketWithdrawCollateral,0x86b7AE7E49797E6F9882a6557a8576632a140c38,0x0f9563442d64ab3bd3bcb27058db0b0d4046a4c46f0acd811dacae9551d2b129,265567601803479153877389,283308.8731183213,,,,,,
0xad1c9ed67bae1d6d6bb8de5e98ccefc2031a2d55780d0c4fd585fa037b518734,1760560559,2025-10-15,2025-10-15 20:35,23585511,MarketWithdraw,0x55555815a5595991C3A0Ff119B59AEF6C8B55555,0x0f9563442d64ab3bd3bcb27058db0b0d4046a4c46f0acd811dacae9551d2b129,399725659355,399686.1693929784,381558637910923345,,,,,
0x80bd6b900386f5afcf80edb2817a8e7a4b1eb4665176614b4897c8eed6010e83,1760560583,2025-10-15,2025-10-15 20:36,23585513,MarketSupply,0x777791C4d6DC2CE140D00D2828a7C93503c67777,0x0f9563442d64ab3bd3bcb27058db0b0d4046a4c46f0acd811dacae9551d2b129,207876241777,207855.7051296749,198428514391556570,,,,,
0x57c9030a1d0bbd9c2ea070aa5ad9b5e503d80ee289c8019a9392a9618ca35ae6,1760561387,2025-10-15,2025-10-15 20:49,23585580,MarketWithdraw,0xd63070114470f685b75B74D60EEc7c1113d33a3D,0x0f9563442d64ab3bd3bcb27058db0b0d4046a4c46f0acd811dacae9551d2b129,65896228710,65889.71864613939,62901189523419371,,,,,
0x00bda8c1b2d8be13cb2b15bac2dae5be38301bf63bca6998582d96fd8f799099,1760562383,2025-10-15,2025-10-15 21:06,23585663,MarketWithdraw,0x777791C4d6DC2CE140D00D2828a7C93503c67777,0x0f9563442d64ab3bd3bcb27058db0b0d4046a4c46f0acd811dacae9551d2b129,6281328,6.28081475268912,5995820341068,,,,,
0x12c36a46748d4a4b89761ff79a3559516143fc07b143f1725374d4ac3aa55c45,1760564711,2025-10-15,2025-10-15 21:45,23585856,MarketWithdraw,0x777791C4d6DC2CE140D00D2828a7C93503c67777,0x0f9563442d64ab3bd3bcb27058db0b0d4046a4c46f0acd811dacae9551d2b129,521189201,521.1466146303864,497496280883002,,,,,
0x078346d568886d87d062d44d483082b6e64f8b40938477a89b90cc5efcd82a4d,1760565263,2025-10-15,2025-10-15 21:54,23585902,MarketWithdraw,0xd63070114470f685b75B74D60EEc7c1113d33a3D,0x0f9563442d64ab3bd3bcb27058db0b0d4046a4c46f0acd811dacae9551d2b129,16634721534,16633.362310903456,15878494486860030,,,,,
0xbaf061a5cb75930b9b8f32a58f67bd3d299507f6e8577292da8029940e819787,1760567447,2025-10-15,2025-10-15 22:30,23586081,MarketWithdraw,0x55555815a5595991C3A0Ff119B59AEF6C8B55555,0x0f9563442d64ab3bd3bcb27058db0b0d4046a4c46f0acd811dacae9551d2b129,59294133701,59282.82340974367,56598233570999330,,,,,
0x81a745986470c190bb3b7d4d2bb71740b82ad2335d3a4fd851f8d18e459b1cb1,1760568467,2025-10-15,2025-10-15 22:47,23586165,MarketSupply,0xd63070114470f685b75B74D60EEc7c1113d33a3D,0x0f9563442d64ab3bd3bcb27058db0b0d4046a4c46f0acd811dacae9551d2b129,55006615410,54996.12295817586,52505483555818543,,,,,
0x8dfc5cf4dc92a04d9583c9eb7bf23b5a3b5540d8ad0d2c7b895e7984363fd3f8,1760572451,2025-10-15,2025-10-15 23:54,23586494,MarketWithdraw,0xd63070114470f685b75B74D60EEc7c1113d33a3D,0x0f9563442d64ab3bd3bcb27058db0b0d4046a4c46f0acd811dacae9551d2b129,2559493513,2559.2843767850527,2443086863123621,,,,,
0xecd4db8aa16fb7931df14c0e092f6616fdd6b6a108f88186c4ce70d0ae344636,1760575967,2025-10-16,2025-10-16 00:52,23586782,MarketSupply,0xd63070114470f685b75B74D60EEc7c1113d33a3D,0x0f9563442d64ab3bd3bcb27058db0b0d4046a4c46f0acd811dacae9551d2b129,17492347420,17488.879456509116,16696623356152338,,,,,
0xb04bc713c3306f8a4cdf0cb7cd9ae87a833ab3f9d78467c0def18fc5bba7b0df,1760579447,2025-10-16,2025-10-16 01:50,23587070,MarketSupply,0xd63070114470f685b75B74D60EEc7c1113d33a3D,0x0f9563442d64ab3bd3bcb27058db0b0d4046a4c46f0acd811dacae9551d2b129,297353743781,297329.44700659567,283824491101317297,,,,,
0xfc57ae78a47bec10bd05ef28f438f899e0bf9e407ed7169a5234220581482860,1760580851,2025-10-16,2025-10-16 02:14,23587185,MarketSupply,0x777791C4d6DC2CE140D00D2828a7C93503c67777,0x0f9563442d64ab3bd3bcb27058db0b0d4046a4c46f0acd811dacae9551d2b129,516908915790,516839.3615092195,493388379567436815,,,,,
0xb4804ea411964c4a1d8749b65831fb1d9a310a8aa9244468e7f3e3878dc357ee,1760581007,2025-10-16,2025-10-16 02:16,23587198,MarketWithdraw,0x777791C4d6DC2CE140D00D2828a7C93503c67777,0x0f9563442d64ab3bd3bcb27058db0b0d4046a4c46f0acd811dacae9551d2b129,95253037566,95240.22049839355,90918773103132112,,,,,
0x3af0ae5d9ff931d73aa7ca73b252601aa31ca13479b637da538cd0b0ff189f32,1760581283,2025-10-16,2025-10-16 02:21,23587221,MarketWithdraw,0x777791C4d6DC2CE140D00D2828a7C93503c67777,0x0f9563442d64ab3bd3bcb27058db0b0d4046a4c46f0acd811dacae9551d2b129,714359078358,714262.9555588057,681853402572603786,,,,,
0x4d3eaf66a1297e5d8e74bcd4e171ba4338416d82b39b17efc16b90247c26e0e2,1760581475,2025-10-16,2025-10-16 02:24,23587237,MarketSupply,0x777791C4d6DC2CE140D00D2828a7C93503c67777,0x0f9563442d64ab3bd3bcb27058db0b0d4046a4c46f0acd811dacae9551d2b129,389611968207,389559.54276142473,371883157224123809,,,,,
0xb9d3d6687ee7716e89369264dc24f0f45843caec321ede6ded11b179633ef589,1760581475,2025-10-16,2025-10-16 02:24,23587237,MarketWithdraw,0x55555815a5595991C3A0Ff119B59AEF6C8B55555,0x0f9563442d64ab3bd3bcb27058db0b0d4046a4c46f0acd811dacae9551d2b129,47418782504,47412.401922795456,45261049424289056,,,,,
0x5f8a9eb00ade1c4af66bdbfa893f351c53203c9e4338623d0824cfffbd7227c5,1760581679,2025-10-16,2025-10-16 02:27,23587254,MarketWithdraw,0x777791C4d6DC2CE140D00D2828a7C93503c67777,0x0f9563442d64ab3bd3bcb27058db0b0d4046a4c46f0acd811dacae9551d2b129,342192069486,342146.02477182535,326620872802038804,,,,,
0xf86e6fe036ce855206570120169fe5b831d811ea7c4de3889ab6a01d91138c68,1760582087,2025-10-16,2025-10-16 02:34,23587287,MarketWithdraw,0x777791C4d6DC2CE140D00D2828a7C93503c67777,0x0f9563442d64ab3bd3bcb27058db0b0d4046a4c46f0acd811dacae9551d2b129,60388999367,60380.87353807788,57640979624329938,,,,,
0x77c2046fbe8724c8ba32d8c0c4ba396d3462247ef3e874afffa134b38d4b431a,1760582699,2025-10-16,2025-10-16 02:44,23587337,MarketSupply,0x777791C4d6DC2CE140D00D2828a7C93503c67777,0x0f9563442d64ab3bd3bcb27058db0b0d4046a4c46f0acd811dacae9551d2b129,259999979297,259964.9941941888,248168132568167088,,,,,
0x249b14fe74b07c75f3f81ff08bc42ffab42a52f72e5595797fc926c568b05077,1760582867,2025-10-16,2025-10-16 02:47,23587351,MarketSupply,0xd63070114470f685b75B74D60EEc7c1113d33a3D,0x0f9563442d64ab3bd3bcb27058db0b0d4046a4c46f0acd811dacae9551d2b129,32638245635,32633.853894730615,31152959907659662,,,,,
0x1589cab9af81a9babb8d410854bf476872d3aa2ede6693636db6a5777c1db847,1760586035,2025-10-16,2025-10-16 03:40,23587612,MarketSupply,0x777791C4d6DC2CE140D00D2828a7C93503c67777,0x0f9563442d64ab3bd3bcb27058db0b0d4046a4c46f0acd811dacae9551d2b129,417361621591,417327.5189728998,398365262436182565,,,,,
0x91b1b9e447ff03da4c7246d9d835b49cb5d59b5a50a231ccc54bddee38a95ce1,1760586635,2025-10-16,2025-10-16 03:50,23587661,MarketWithdraw,0xd63070114470f685b75B74D60EEc7c1113d33a3D,0x0f9563442d64ab3bd3bcb27058db0b0d4046a4c46f0acd811dacae9551d2b129,420183750179,420149.4169647729,401058355674937206,,,,,
0x378418703d7aaf1e5d10b4e8a08edc1ae06581d29ed654b7c76b23cefd8d5479,1760586683,2025-10-16,2025-10-16 03:51,23587665,MarketSupply,0x777791C4d6DC2CE140D00D2828a7C93503c67777,0x0f9563442d64ab3bd3bcb27058db0b0d4046a4c46f0acd811dacae9551d2b129,580183392928,580135.9861429638,553775267487659699,,,,,
0x792f4cca0c623a42c8caca574e5e7f8488731443ad77dc9346310d28d9ae61ed,1760587727,2025-10-16,2025-10-16 04:08,23587752,MarketWithdraw,0x777791C4d6DC2CE140D00D2828a7C93503c67777,0x0f9563442d64ab3bd3bcb27058db0b0d4046a4c46f0acd811dacae9551d2b129,849661298691,849494.5918323675,810985373762723542,,,,,
0x1e0ae6e55d16230784b6a96bb2aac64cd11eaefa5b93dc2698306cb2a460260e,1760587763,2025-10-16,2025-10-16 04:09,23587755,MarketWithdraw,0x55555815a5595991C3A0Ff119B59AEF6C8B55555,0x0f9563442d64ab3bd3bcb27058db0b0d4046a4c46f0acd811dacae9551d2b129,7308293900,7306.8599842503845,6975625275861003,,,,,
0x8df319986bab7378b275e6cc7e8286f956819a891b89e12a849263e940ae5c92,1760590763,2025-10-16,2025-10-16 04:59,23588005,MarketSupply,0xd63070114470f685b75B74D60EEc7c1113d33a3D,0x0f9563442d64ab3bd3bcb27058db0b0d4046a4c46f0acd811dacae9551d2b129,240779853377,240732.6114312502,229817649399991377,,,,,
0xc2b40f9c5a181ead0fcec9ce881ff3a15a48938afc92d2aa2f1da817221fe590,1760594051,2025-10-16,2025-10-16 05:54,23588277,MarketWithdraw,0xd63070114470f685b75B74D60EEc7c1113d33a3D,0x0f9563442d64ab3bd3bcb27058db0b0d4046a4c46f0acd811dacae9551d2b129,45165846537,45162.15603567946,43109170960872692,,,,,
0x54d4ca653f0b764e2151d1438fa02940722c303b2f1ed9208c1013e73c2fb2ef,1760594843,2025-10-16,2025-10-16 06:07,23588342,MarketWithdraw,0x777791C4d6DC2CE140D00D2828a7C93503c67777,0x0f9563442d64ab3bd3bcb27058db0b0d4046a4c46f0acd811dacae9551d2b129,152014842111,152002.42097825112,145092381072006243,,,,,
0x9b0112be64ebcc0eb232c5057672e502b2476ac394e8bc422054eaa194ba5cdd,1760595215,2025-10-16,2025-10-16 06:13,23588373,MarketSupply,0x777791C4d6DC2CE140D00D2828a7C93503c67777,0x0f9563442d64ab3bd3bcb27058db0b0d4046a4c46f0acd811dacae9551d2b129,503370930828,503329.80038924207,480447911420980062,,,,,
0xd57fd4d027251abe509f5ba06f35bd682adee0288e6f4caad191b35e671aad2b,1760595659,2025-10-16,2025-10-16 06:20,23588410,MarketWithdraw,0x777791C4d6DC2CE140D00D2828a7C93503c67777,0x0f9563442d64ab3bd3bcb27058db0b0d4046a4c46f0acd811dacae9551d2b129,499562814151,499521.9948734557,476812686410368439,,,,,
0x1bfa25822f4e435bd4987d6069b2852c818a86cdd33bc24077570b6f9c9d02e4,1760595743,2025-10-16,2025-10-16 06:22,23588417,MarketSupply,0x55555815a5595991C3A0Ff119B59AEF6C8B55555,0x0f9563442d64ab3bd3bcb27058db0b0d4046a4c46f0acd811dacae9551d2b129,17841970348,17840.512480602865,17029441855761648,,,,,
0x9d1fa91569de3cd53afca64860aa5e1c9dc86d37a817d723ee2f42e5ff6f8aee,1760595827,2025-10-16,2025-10-16 06:23,23588424,MarketSupply,0x777791C4d6DC2CE140D00D2828a7C93503c67777,0x0f9563442d64ab3bd3bcb27058db0b0d4046a4c46f0acd811dacae9551d2b129,301720687964,301696.0343665864,287980175864672360,,,,,
0x376a39510937fa897d1bd9d38c4d4d621a4ec8462295123880d5631246807921,1760595959,2025-10-16,2025-10-16 06:25,23588434,MarketWithdraw,0x777791C4d6DC2CE140D00D2828a7C93503c67777,0x0f9563442d64ab3bd3bcb27058db0b0d4046a4c46f0acd811dacae9551d2b129,39894401956,39891.142184416174,38077577964266655,,,,,
0x744662ad4c9e41bfc7db8ee21dca48bca1e0b6ebb78ea7ddbdb31a7fe9ad10a3,1760596259,2025-10-16,2025-10-16 06:30,23588459,MarketWithdraw,0x777791C4d6DC2CE140D00D2828a7C93503c67777,0x0f9563442d64ab3bd3bcb27058db0b0d4046a4c46f0acd811dacae9551d2b129,262169603,262.14818112173884,250229990083837,,,,,
0x96e8b12383234b20511ecf71aba77fff2ae01986585a5f086e7f1e2c13658445,1760597351,2025-10-16,2025-10-16 06:49,23588548,MarketSupply,0x777791C4d6DC2CE140D00D2828a7C93503c67777,0x0f9563442d64ab3bd3bcb27058db0b0d4046a4c46f0acd811dacae9551d2b129,190156567787,190141.03009384612,181496031824018493,,,,,
0xb63e8ddf8dba30de16b6993916f21d7133126d6cf7cc7a4e05976be835344dd3,1760597567,2025-10-16,2025-10-16 06:52,23588566,MarketWithdraw,0xd63070114470f685b75B74D60EEc7c1113d33a3D,0x0f9563442d64ab3bd3bcb27058db0b0d4046a4c46f0acd811dacae9551d2b129,133615887439,133604.96968483736,127530384901445736,,,,,
0x1f9dff264a3701602ea6b2145052e9f3547090fbc686fb6b58199654ef69fb14,1760597639,2025-10-16,2025-10-16 06:53,23588572,MarketWithdraw,0x777791C4d6DC2CE140D00D2828a7C93503c67777,0x0f9563442d64ab3bd3bcb27058db0b0d4046a4c46f0acd811dacae9551d2b129,20280564113,20278.906988106326,19356887288427895,,,,,
0x40509a67a869a7f11ba35798076fe2423eee6ab8b85136d100b0d102b39ae69e,1760599091,2025-10-16,2025-10-16 07:18,23588692,MarketSupply,0x777791C4d6DC2CE140D00D2828a7C93503c67777,0x0f9563442d64ab3bd3bcb27058db0b0d4046a4c46f0acd811dacae9551d2b129,233896442898,233868.44416546304,223242818331730178,,,,,
0xf18adaa2b3a7399d6563ae6fb736bf02a6cf7d73344e4869a7cff83aeef66f43,1760599703,2025-10-16,2025-10-16 07:28,23588743,MarketWithdraw,0x777791C4d6DC2CE140D00D2828a7C93503c67777,0x0f9563442d64ab3bd3bcb27058db0b0d4046a4c46f0acd811dacae9551d2b129,29999837464,29996.246313083382,28633347605453230,,,,,
0x37989bdbd6d406d74bc7cea2cd4bf9ce2d78b414ae5b37240362fe9cd5e24c1b,1760601179,2025-10-16,2025-10-16 07:52,23588863,MarketWithdraw,0x55555815a5595991C3A0Ff119B59AEF6C8B55555,0x0f9563442d64ab3bd3bcb27058db0b0d4046a4c46f0acd811dacae9551d2b129,13216171470,13214.589419219037,12614129933007620,,,,,
0x3ca8965532dbd0053dff4d37fedff91e7eca81cc0cb84b8a62cd8b160758fe6c,1760601491,2025-10-16,2025-10-16 07:58,23588888,MarketWithdraw,0xd63070114470f685b75B74D60EEc7c1113d33a3D,0x0f9563442d64ab3bd3bcb27058db0b0d4046a4c46f0acd811dacae9551d2b129,21114358675,21111.831166355976,20152512253296700,,,,,
0xdd9c4b414d0bbff03f985c49586b5e2a10c31a2337875fb288e4655b68b89ff7,1760603351,2025-10-16,2025-10-16 08:29,23589041,MarketWithdraw,0x777791C4d6DC2CE140D00D2828a7C93503c67777,0x0f9563442d64ab3bd3bcb27058db0b0d4046a4c46f0acd811dacae9551d2b129,485669636314,485617.329694169,463543227488469421,,,,,
0x06934d871f696bb9fd6156677ce0d54b4c87cb9e320f86dbc0e6b2f76df9bc38,1760604815,2025-10-16,2025-10-16 08:53,23589161,MarketWithdraw,0x777791C4d6DC2CE140D00D2828a7C93503c67777,0x0f9563442d64ab3bd3bcb27058db0b0d4046a4c46f0acd811dacae9551d2b129,1129999668357,1129877.967392718,1078514276101769362,,,,,
0x3e8f1554e811335efe8de60f9926c87c8900371a4f0324d1938727faf001f33a,1760604851,2025-10-16,2025-10-16 08:54,23589164,MarketSupply,0x777791C4d6DC2CE140D00D2828a7C93503c67777,0x0f9563442d64ab3bd3bcb27058db0b0d4046a4c46f0acd811dacae9551d2b129,1109005523414,1108886.0835191282,1058476219046750632,,,,,
0x23e3a9fafa484f45faaba8a119f2973bd8b7cf3152a110a33c376a1c5b9ad52e,1760605163,2025-10-16,2025-10-16 08:59,23589190,MarketSupply,0xd63070114470f685b75B74D60EEc7c1113d33a3D,0x0f9563442d64ab3bd3bcb27058db0b0d4046a4c46f0acd811dacae9551d2b129,215051121255,215027.96024924083,205252627206697162,,,,,
0x10e31b4bb9603fc6d9f1c61418e476183f3bbeeb0829416aea311c0f810945f9,1760605931,2025-10-16,2025-10-16 09:12,23589253,MarketWithdraw,0x777791C4d6DC2CE140D00D2828a7C93503c67777,0x0f9563442d64ab3bd3bcb27058db0b0d4046a4c46f0acd811dacae9551d2b129,214056959511,214015.58606430073,204303354860799740,,,,,
0x64693ed7249fd60fef4953863a7b95ec64e19e0e2bb3f4b328d8f43bd4e0a5d4,1760608043,2025-10-16,2025-10-16 09:47,23589427,MarketWithdraw,0x777791C4d6DC2CE140D00D2828a7C93503c67777,0x0f9563442d64ab3bd3bcb27058db0b0d4046a4c46f0acd811dacae9551d2b129,30000011544,29994.21306923222,28632876809791420,,,,,
0xe86585345a92af66ec930987d19688efb3d27e88712f63f7d775157e22edbf1c,1760608331,2025-10-16,2025-10-16 09:52,23589451,MarketSupply,0xd63070114470f685b75B74D60EEc7c1113d33a3D,0x0f9563442d64ab3bd3bcb27058db0b0d4046a4c46f0acd811dacae9551d2b129,134810184367,134784.12792861013,128666618718926240,,,,,
0x56f2e40aefb8d7428e21feac7c0ffd2a4c702118ecea20aa16ec6033beb7a479,1760608463,2025-10-16,2025-10-16 09:54,23589462,MarketWithdraw,0x777791C4d6DC2CE140D00D2828a7C93503c67777,0x0f9563442d64ab3bd3bcb27058db0b0d4046a4c46f0acd811dacae9551d2b129,124810162652,124786.03904198609,119122276098304736,,,,,
0x500aa06456c17361928db3dd5a381ea6e8d4e9a9d90a8ac358bbff3616460c49,1760608487,2025-10-16,2025-10-16 09:54,23589464,MarketWithdraw,0x777791C4d6DC2CE140D00D2828a7C93503c67777,0x0f9563442d64ab3bd3bcb27058db0b0d4046a4c46f0acd811dacae9551d2b129,1810552535,1810.2025870283287,1728041363861371,,,,,
0xdfd4820d14bb6b86993f4fa6ce177ae4a94f4cae6d507d7efc49b9495114de56,1760609171,2025-10-16,2025-10-16 10:06,23589519,MarketSupply,0x777791C4d6DC2CE140D00D2828a7C93503c67777,0x0f9563442d64ab3bd3bcb27058db0b0d4046a4c46f0acd811dacae9551d2b129,11810691087,11809.41907556993,11272427052792327,,,,,
0x7c7743fba3b852f3f0c0642a3d2ccbf37ae9c98bb02e6e4e6a68fa3790f43a66,1760611235,2025-10-16,2025-10-16 10:40,23589689,MarketWithdraw,0x777791C4d6DC2CE140D00D2828a7C93503c67777,0x0f9563442d64ab3bd3bcb27058db0b0d4046a4c46f0acd811dacae9551d2b129,9999995972,9998.918972433816,9544196307582573,,,,,
0xc9ada5a2e1b30d1bda27bff67972815e4adef1dcda87273f120f075c54a525b3,1760612603,2025-10-16,2025-10-16 11:03,23589803,MarketWithdraw,0x777791C4d6DC2CE140D00D2828a7C93503c67777,0x0f9563442d64ab3bd3bcb27058db0b0d4046a4c46f0acd811dacae9551d2b129,20000168968,19998.17927778865,19088484513766413,,,,,
0x3569f4d989102eaaa72de048cbda4b8adad2e8eabdfa7710aa3214aa4719410f,1760613755,2025-10-16,2025-10-16 11:22,23589898,MarketSupply,0x777791C4d6DC2CE140D00D2828a7C93503c67777,0x0f9563442d64ab3bd3bcb27058db0b0d4046a4c46f0acd811dacae9551d2b129,119999986287,119988.04824795347,114529519201804348,,,,,
0x0dcedf09fe7f35f05580556409baa5719c1b238b11077c1856dfac188a850005,1760613803,2025-10-16,2025-10-16 11:23,23589902,MarketWithdraw,0x777791C4d6DC2CE140D00D2828a7C93503c67777,0x0f9563442d64ab3bd3bcb27058db0b0d4046a4c46f0acd811dacae9551d2b129,109999959572,109989.01637231208,104985352629408834,,,,,
0xc8ba1ac7d4c0a146bb3f297499944b546a807178642c623b982f837ee5c62cdc,1760614391,2025-10-16,2025-10-16 11:33,23589950,MarketSupply,0x777791C4d6DC2CE140D00D2828a7C93503c67777,0x0f9563442d64ab3bd3bcb27058db0b0d4046a4c46f0acd811dacae9551d2b129,478654643571,478607.02525035216,456833234654250481,,,,,
0x9b3309232cfeb84a41372e7835e7a096b5733d4ba13b81850fa0e45519f799ed,1760614403,2025-10-16,2025-10-16 11:33,23589951,MarketSupply,0x55555815a5595991C3A0Ff119B59AEF6C8B55555,0x0f9563442d64ab3bd3bcb27058db0b0d4046a4c46f0acd811dacae9551d2b129,29846209839,29843.240628506952,28485548725013119,,,,,
0x2a5fc4f420e104e11ffe2caea1273bf56518f3ce2030c36ed939f8bbbf164de1,1760614907,2025-10-16,2025-10-16 11:41,23589993,MarketWithdraw,0x777791C4d6DC2CE140D00D2828a7C93503c67777,0x0f9563442d64ab3bd3bcb27058db0b0d4046a4c46f0acd811dacae9551d2b129,288872112212,288843.37415409065,275702352154914549,,,,,
0xfc57204b84200b279d5f02aa717ec83b1d374de2b2f3e93ea904c7448cef231f,1760614955,2025-10-16,2025-10-16 11:42,23589997,MarketSupply,0x777791C4d6DC2CE140D00D2828a7C93503c67777,0x0f9563442d64ab3bd3bcb27058db0b0d4046a4c46f0acd811dacae9551d2b129,90371258864,90362.2683994976,86251197187606511,,,,,
0x7f5ad2fca66258c2806dd802b89e99d10ba229ad04f439331a6ff0f6da2785e4,1760615195,2025-10-16,2025-10-16 11:46,23590017,MarketWithdraw,0x777791C4d6DC2CE140D00D2828a7C93503c67777,0x0f9563442d64ab3bd3bcb27058db0b0d4046a4c46f0acd811dacae9551d2b129,20000001445,19998.011771454454,19088181613015735,,,,,
0x23f193a7b0bbfb05f52595ecfa433d2369a0eaeaebf062fa5187e73f55ed7de3,1760615399,2025-10-16,2025-10-16 11:49,23590034,MarketWithdraw,0x777791C4d6DC2CE140D00D2828a7C93503c67777,0x0f9563442d64ab3bd3bcb27058db0b0d4046a4c46f0acd811dacae9551d2b129,249999999682,249975.12876450922,238602126841830909,,,,,
0x10c3a755cc203bdb717c12e498e2df53d74f657196d0896c5203f305f1620bfd,1760615483,2025-10-16,2025-10-16 11:51,23590041,MarketSupply,0x777791C4d6DC2CE140D00D2828a7C93503c67777,0x0f9563442d64ab3bd3bcb27058db0b0d4046a4c46f0acd811dacae9551d2b129,69999996843,69993.0329864078,66808577152769484,,,,,
0x5620a6896f0d6ae7a3cba1a864219bad1e1b3f2a1130d4db5abcd2082df8b689,1760615495,2025-10-16,2025-10-16 11:51,23590042,MarketSupply,0xd63070114470f685b75B74D60EEc7c1113d33a3D,0x0f9563442d64ab3bd3bcb27058db0b0d4046a4c46f0acd811dacae9551d2b129,331471879712,331438.9036728748,316359499180728494,,,,,
0x1ec0d95a25edaadf3b86f4963092e19f46b8055e85011d100be2a28e9b89567b,1760615927,2025-10-16,2025-10-16 11:58,23590078,MarketWithdraw,0x777791C4d6DC2CE140D00D2828a7C93503c67777,0x0f9563442d64ab3bd3bcb27058db0b0d4046a4c46f0acd811dacae9551d2b129,191472002582,191452.95424446373,182742260968652675,,,,,
0x4b9eb470cf7d6d088bef9e98ac3771adcfa9bed70d0f274ba25cfccd0a8829bf,1760617055,2025-10-16,2025-10-16 12:17,23590171,MarketSupply,0x777791C4d6DC2CE140D00D2828a7C93503c67777,0x0f9563442d64ab3bd3bcb27058db0b0d4046a4c46f0acd811dacae9551d2b129,220000289398,219976.5953668318,209969248054347132,,,,,
0xc4d55c7f58a257d54467d18ebaa7e1a9b95cafd3aa2f2013ae657e5965f93b00,1760617115,2025-10-16,2025-10-16 12:18,23590176,MarketWithdraw,0x777791C4d6DC2CE140D00D2828a7C93503c67777,0x0f9563442d64ab3bd3bcb27058db0b0d4046a4c46f0acd811dacae9551d2b129,400000290140,399957.2101087519,381761986303780366,,,,,
0x71fbc8af5faa6f1093e424d871b0514ea68114fd3755705eab187e867975a81e,1760617235,2025-10-16,2025-10-16 12:20,23590186,MarketSupply,0x777791C4d6DC2CE140D00D2828a7C93503c67777,0x0f9563442d64ab3bd3bcb27058db0b0d4046a4c46f0acd811dacae9551d2b129,10000151708,9999.074691661048,9544184465024445,,,,,
0x5b81c6633c0afa2a084301165aac40fb4cf9951b8a4f8576ae2fd6aa4c059654,1760617319,2025-10-16,2025-10-16 12:21,23590193,MarketWithdraw,0x777791C4d6DC2CE140D00D2828a7C93503c67777,0x0f9563442d64ab3bd3bcb27058db0b0d4046a4c46f0acd811dacae9551d2b129,30000000208,29996.7692079776,28632112804277219,,,,,
0x17add159636a43c8ebbd6c4f70b1f5b757fea578a71714848fdc283951fb5ac2,1760617787,2025-10-16,2025-10-16 12:29,23590231,MarketSupply,0x777791C4d6DC2CE140D00D2828a7C93503c67777,0x0f9563442d64ab3bd3bcb27058db0b0d4046a4c46f0acd811dacae9551d2b129,10000000292,9998.923291968551,9544025826722592,,,,,
0x20d9ce93f57cfb10614154e88ae3d18b3e7e5b9bc1d871e7b26805a55d251e51,1760617907,2025-10-16,2025-10-16 12:31,23590241,MarketWithdraw,0x777791C4d6DC2CE140D00D2828a7C93503c67777,0x0f9563442d64ab3bd3bcb27058db0b0d4046a4c46f0acd811dacae9551d2b129,29999999877,29996.768877013244,28632067330984652,,,,,
0x0e7c43c825ea2231b78780c07232168cfcd075ff1cb801e1e695d7fd501f2c89,1760618183,2025-10-16,2025-10-16 12:36,23590264,MarketSupply,0x777791C4d6DC2CE140D00D2828a7C93503c67777,0x0f9563442d64ab3bd3bcb27058db0b0d4046a4c46f0acd811dacae9551d2b129,19999987303,19997.83330436747,19088018006636579,,,,,
0xf0a3afc49f08c7a45d7714d4316f4ae2c318c35dddc05c2f5bc95a56473a89ba,1760618663,2025-10-16,2025-10-16 12:44,23590304,MarketWithdraw,0x777791C4d6DC2CE140D00D2828a7C93503c67777,0x0f9563442d64ab3bd3bcb27058db0b0d4046a4c46f0acd811dacae9551d2b129,29999987431,29996.756432353683,28631996306954537,,,,,
0x82d7d35487e7100e8202318aeb0497fd115bfd80c2f309d353da7e4ee137b288,1760618855,2025-10-16,2025-10-16 12:47,23590320,MarketSupply,0x777791C4d6DC2CE140D00D2828a7C93503c67777,0x0f9563442d64ab3bd3bcb27058db0b0d4046a4c46f0acd811dacae9551d2b129,20000130772,19997.976757915854,19088119774275700,,,,,
0xd7cb977733ff8ab2530964cbf93d3f4000a9048ce7264d353ec0e9bad0c25ed7,1760619455,2025-10-16,2025-10-16 12:57,23590370,MarketSupply,0x777791C4d6DC2CE140D00D2828a7C93503c67777,0x0f9563442d64ab3bd3bcb27058db0b0d4046a4c46f0acd811dacae9551d2b129,109999862932,109988.01594676223,104983668248044051,,,,,
0x027f6ee6fa711839d1ebd13b3f2f84608ad624056cf17db3411fc9a84fe26f2a,1760619527,2025-10-16,2025-10-16 12:58,23590376,MarketSupply,0xd63070114470f685b75B74D60EEc7c1113d33a3D,0x0f9563442d64ab3bd3bcb27058db0b0d4046a4c46f0acd811dacae9551d2b129,418011832236,417966.81236166816,398949653291389469,,,,,
0xb8811bb5366d58fb53b8e3ea2d4a90fadaade72ddfe8821f06d37648454edc09,1760620487,2025-10-16,2025-10-16 13:14,23590455,MarketWithdraw,0x777791C4d6DC2CE140D00D2828a7C93503c67777,0x0f9563442d64ab3bd3bcb27058db0b0d4046a4c46f0acd811dacae9551d2b129,39686944,39.68011859477937,37877049523667,,,,,
0x26bfcc6f84def443571a1eb788a9364afaa0dabe32aa2ef688a6f1fba6473b12,1760622587,2025-10-16,2025-10-16 13:49,23590627,MarketWithdraw,0x777791C4d6DC2CE140D00D2828a7C93503c67777,0x0f9563442d64ab3bd3bcb27058db0b0d4046a4c46f0acd811dacae9551d2b129,167972255933,167943.36787569418,160311167836096051,,,,,
0x9ae764b751e123b5dfd482d65ec59502dd307725c5882aaf5a3a32cee2c4df74,1760622791,2025-10-16,2025-10-16 13:53,23590644,MarketSupply,0xd63070114470f685b75B74D60EEc7c1113d33a3D,0x0f9563442d64ab3bd3bcb27058db0b0d4046a4c46f0acd811dacae9551d2b129,158111236528,158084.0443798911,150899823878917136,,,,,
0xbb91809582387c59eadb29beffcc51554514dde8353306a8564919638f6a9130,1760625419,2025-10-16,2025-10-16 14:36,23590861,MarketWithdraw,0x777791C4d6DC2CE140D00D2828a7C93503c67777,0x0f9563442d64ab3bd3bcb27058db0b0d4046a4c46f0acd811dacae9551d2b129,538148813,538.0908543728399,513600634890015,,,,,
0xd549472658865bf2ca016ce170b727613c80d0f56ea1f8be90df0ce84827a854,1760626211,2025-10-16,2025-10-16 14:50,23590926,MarketWithdraw,0xd63070114470f685b75B74D60EEc7c1113d33a3D,0x0f9563442d64ab3bd3bcb27058db0b0d4046a4c46f0acd811dacae9551d2b129,106717238668,106705.74522139545,101849028522006257,,,,,
0x86d7670ff45f8a99bbdb7569fcc87f2518eec9cd954cdfe4557882c8242b548b,1760626811,2025-10-16,2025-10-16 15:00,23590975,MarketWithdraw,0x777791C4d6DC2CE140D00D2828a7C93503c67777,0x0f9563442d64ab3bd3bcb27058db0b0d4046a4c46f0acd811dacae9551d2b129,22335507741,22333.102206816293,21316577829627200,,,,,
0x213f73a44f689f5f6fa524ae59123812436b8a2be5a5335b8f9857788e7cb95c,1760628539,2025-10-16,2025-10-16 15:28,23591116,MarketSupply,0x777791C4d6DC2CE140D00D2828a7C93503c67777,0x0f9563442d64ab3bd3bcb27058db0b0d4046a4c46f0acd811dacae9551d2b129,81479797281,81471.02190683284,77762407235269503,,,,,
0x79141ac0858e7b36223c91c1572ebc112c51ed795e26d26b27cd16a53d2c392e,1760630423,2025-10-16,2025-10-16 16:00,23591273,MarketSupply,0xd63070114470f685b75B74D60EEc7c1113d33a3D,0x0f9563442d64ab3bd3bcb27058db0b0d4046a4c46f0acd811dacae9551d2b129,56202505099,56196.45208920084,53638100007602953,,,,,
0xd8ceb74b7bbc6e16a2bddb17afd921a0ebde1b27f2a62b1aeafa3978dd7aca35,1760633339,2025-10-16,2025-10-16 16:48,23591514,MarketSupply,0xd63070114470f685b75B74D60EEc7c1113d33a3D,0x0f9563442d64ab3bd3bcb27058db0b0d4046a4c46f0acd811dacae9551d2b129,346088422043,346051.14831994596,330294730505390306,,,,,
0x12695c4cd15a8cb38ec8e65f9f1aec5f800e1e68373c8679b14ad47164debe46,1760636927,2025-10-16,2025-10-16 17:48,23591813,MarketSupply,0xd63070114470f685b75B74D60EEc7c1113d33a3D,0x0f9563442d64ab3bd3bcb27058db0b0d4046a4c46f0acd811dacae9551d2b129,544876949396,544818.2661485501,520007178963339447,,,,,
0xc0e905e82f26176a38f6883fb320ac6dea48ed1d0bd5348cfac951a5f98ed1af,1760637227,2025-10-16,2025-10-16 17:53,23591838,MarketWithdraw,0x777791C4d6DC2CE140D00D2828a7C93503c67777,0x0f9563442d64ab3bd3bcb27058db0b0d4046a4c46f0acd811dacae9551d2b129,197167845391,197146.6104140514,188168407616600123,,,,,
0x03a24a2548487350c1457a90e77bab9266e753ba28f2168672e657b5387c5e3d,1760640851,2025-10-16,2025-10-16 18:54,23592140,MarketWithdraw,0xd63070114470f685b75B74D60EEc7c1113d33a3D,0x0f9563442d64ab3bd3bcb27058db0b0d4046a4c46f0acd811dacae9551d2b129,537628230492,537570.327931576,513084807395822766,,,,,
0xe46bdaacea6939f40bbc0b688c100896c772749a25d9803288ec1526e98e835a,1760641175,2025-10-16,2025-10-16 18:59,23592167,MarketWithdraw,0x55555815a5595991C3A0Ff119B59AEF6C8B55555,0x0f9563442d64ab3bd3bcb27058db0b0d4046a4c46f0acd811dacae9551d2b129,34474701063,34470.988137695516,32900860647767147,,,,,
0x16e8a49482f0b1eaef37ae2d2a74454c7956281b42c8d565ba341136de209989,1760644211,2025-10-16,2025-10-16 19:50,23592420,MarketSupply,0xd63070114470f685b75B74D60EEc7c1113d33a3D,0x0f9563442d64ab3bd3bcb27058db0b0d4046a4c46f0acd811dacae9551d2b129,18271500701,18269.532860374504,17437240742976753,,,,,
0xcfa4a347c0fb4c07ab9b307161219d12cab9478144538fcadba64cf1c4c7d804,1760645819,2025-10-16,2025-10-16 20:16,23592553,MarketSupply,0x777791C4d6DC2CE140D00D2828a7C93503c67777,0x0f9563442d64ab3bd3bcb27058db0b0d4046a4c46f0acd811dacae9551d2b129,113831296618,113819.03698735422,108633440644964637,,,,,
0x0b5e678ffd160b1656ee9908921b1da50ffd54b16209892611734c573fe5e828,1760647847,2025-10-16,2025-10-16 20:50,23592722,MarketWithdraw,0xd63070114470f685b75B74D60EEc7c1113d33a3D,0x0f9563442d64ab3bd3bcb27058db0b0d4046a4c46f0acd811dacae9551d2b129,146122702733,146106.96531791566,139449656499419635,,,,,
0xe296373381836df64587095e9a20b8039ab70effb81be2c6f991d351b3be2d92,1760651315,2025-10-16,2025-10-16 21:48,23593008,MarketWithdraw,0xd63070114470f685b75B74D60EEc7c1113d33a3D,0x0f9563442d64ab3bd3bcb27058db0b0d4046a4c46f0acd811dacae9551d2b129,37923376891,37915.94457184425,36191208736170614,,,,,
0x14ed6f4b95c804ebee6c200a567d671119914ebe15a525bf5dc4a27606d2377e,1760651519,2025-10-16,2025-10-16 21:51,23593025,MarketSupply,0x777791C4d6DC2CE140D00D2828a7C93503c67777,0x0f9563442d64ab3bd3bcb27058db0b0d4046a4c46f0acd811dacae9551d2b129,84046066048,84029.59448776818,80207182231438573,,,,,
0x866763f34629552ebc1e0c45104c0a5a9af48fb5abb0f6a58345651c1f239139,1760655251,2025-10-16,2025-10-16 22:54,23593336,MarketWithdraw,0xd63070114470f685b75B74D60EEc7c1113d33a3D,0x0f9563442d64ab3bd3bcb27058db0b0d4046a4c46f0acd811dacae9551d2b129,75348751555,75340.63649445752,71906477154249892,,,,,
0xd97dfe06fdeac8e9b580b6d74de1ff471d873793909fdea3d3c3bb9393c4b5b2,1760656919,2025-10-16,2025-10-16 23:21,23593474,MarketWithdraw,0x777791C4d6DC2CE140D00D2828a7C93503c67777,0x0f9563442d64ab3bd3bcb27058db0b0d4046a4c46f0acd811dacae9551d2b129,258331060616,258279.96250476807,246528315597947657,,,,,
0x43835a88dff87d4e3ba787904d8d98f26f5646579407b0d4a1ab348376ede0e6,1760658587,2025-10-16,2025-10-16 23:49,23593611,MarketSupply,0xd63070114470f685b75B74D60EEc7c1113d33a3D,0x0f9563442d64ab3bd3bcb27058db0b0d4046a4c46f0acd811dacae9551d2b129,244488352605,244439.99259360015,233317071569165755,,,,,
0xc2e06f1aaf22a432ede71fc5fa0dfe8c924a933de9bdb08a9effa5a971959528,1760660087,2025-10-17,2025-10-17 00:14,23593735,MarketSupply,0x777791C4d6DC2CE140D00D2828a7C93503c67777,0x0f9563442d64ab3bd3bcb27058db0b0d4046a4c46f0acd811dacae9551d2b129,89191474877,89181.86895515575,85115781988590689,,,,,
0xec557f1767756aaa7b5ea3be149007e1c208e82bb883b003e79b109cbb953a79,1760662955,2025-10-17,2025-10-17 01:02,23593972,MarketSupply,0xd63070114470f685b75B74D60EEc7c1113d33a3D,0x0f9563442d64ab3bd3bcb27058db0b0d4046a4c46f0acd811dacae9551d2b129,46130944340,46121.940876750785,44022640088324741,,,,,
0x69322b05e47ee1ecb9452562681182a20cb25ded0e8c737117982a2d29a467e8,1760665643,2025-10-17,2025-10-17 01:47,23594195,MarketSupply,0x777791C4d6DC2CE140D00D2828a7C93503c67777,0x0f9563442d64ab3bd3bcb27058db0b0d4046a4c46f0acd811dacae9551d2b129,93869175352,93850.85472833605,89578532001761425,,,,,
0x7ceeea50c4ce31410243fdeac385706afec22fcb0e9ba01f3d9d6754da886c39,1760666471,2025-10-17,2025-10-17 02:01,23594264,MarketWithdraw,0xd63070114470f685b75B74D60EEc7c1113d33a3D,0x0f9563442d64ab3bd3bcb27058db0b0d4046a4c46f0acd811dacae9551d2b129,53519412438,53513.64839728043,51073006532875696,,,,,
0x6ceb332e84900a6f496397fe91c78824277e00504bd52732bc04e49c8b7abcdc,1760666951,2025-10-17,2025-10-17 02:09,23594303,MarketSupply,0x777791C4d6DC2CE140D00D2828a7C93503c67777,0x0f9563442d64ab3bd3bcb27058db0b0d4046a4c46f0acd811dacae9551d2b129,23519408494,23516.875453705194,22444295893028092,,,,,
0x91a9e97ff224133ba5503185d43f4f8dbbd8a1ecbe6e9798a945dfa47fa66222,1760667143,2025-10-17,2025-10-17 02:12,23594319,MarketWithdraw,0x777791C4d6DC2CE140D00D2828a7C93503c67777,0x0f9563442d64ab3bd3bcb27058db0b0d4046a4c46f0acd811dacae9551d2b129,600000000000,599935.38,572572707125147998,,,,,
0x7c3a8e2e43e21819a7b0c71ae9ba5175c44615599e539a168d15e90be6a107cb,1760667935,2025-10-17,2025-10-17 02:25,23594384,MarketWithdraw,0x777791C4d6DC2CE140D00D2828a7C93503c67777,0x0f9563442d64ab3bd3bcb27058db0b0d4046a4c46f0acd811dacae9551d2b129,26869633046,26866.739186520943,25641311485093811,,,,,
0xa706978660be604205eb24fce445869d333bf10625c5801c8d46e8b75bade532,1760669603,2025-10-17,2025-10-17 02:53,23594523,MarketSupply,0xd63070114470f685b75B74D60EEc7c1113d33a3D,0x0f9563442d64ab3bd3bcb27058db0b0d4046a4c46f0acd811dacae9551d2b129,301481963622,301449.4940145179,287698730486280237,,,,,
0xeb213d75d3b3148d717183a9b26ffe564170d74bb161cb7edeeabe58fa0fd9d1,1760669939,2025-10-17,2025-10-17 02:58,23594551,MarketWithdraw,0x777791C4d6DC2CE140D00D2828a7C93503c67777,0x0f9563442d64ab3bd3bcb27058db0b0d4046a4c46f0acd811dacae9551d2b129,1491129672272,1490837.6869361051,1422956615294549898,,,,,
0x4e6383086c46e1e36571bc48c618b5bd89c25c4c44d2f453feebb47c8cb42e41,1760669963,2025-10-17,2025-10-17 02:59,23594553,MarketSupply,0x777791C4d6DC2CE140D00D2828a7C93503c67777,0x0f9563442d64ab3bd3bcb27058db0b0d4046a4c46f0acd811dacae9551d2b129,1965131799381,1964746.9973887992,1875287314599843707,,,,,
0x5056bfdbab15d14bfb19d388fc80027387e140e5a3f10870a22d0a9cf04bf7ee,1760670143,2025-10-17,2025-10-17 03:02,23594568,MarketWithdraw,0x777791C4d6DC2CE140D00D2828a7C93503c67777,0x0f9563442d64ab3bd3bcb27058db0b0d4046a4c46f0acd811dacae9551d2b129,11844565,11.842378637112551,11303034838267,,,,,
0x88eef4fba6b3a19bd2419a7fc62390cdb1f7b33559ae0d431c8a289c5c8d2f2b,1760670599,2025-10-17,2025-10-17 03:09,23594606,MarketWithdraw,0x777791C4d6DC2CE140D00D2828a7C93503c67777,0x0f9563442d64ab3bd3bcb27058db0b0d4046a4c46f0acd811dacae9551d2b129,5000000000,4999.077060707823,4771396352699297,,,,,
0x6c912156ca9104b0af983ed550aa6b49c953dead9de926126a3a2beaf61b2908,1760671835,2025-10-17,2025-10-17 03:30,23594709,MarketWithdraw,0x777791C4d6DC2CE140D00D2828a7C93503c67777,0x0f9563442d64ab3bd3bcb27058db0b0d4046a4c46f0acd811dacae9551d2b129,83602599781,83587.1677561468,79779998401718121,,,,,
0x919b55a36c0f72da2c18e76dcbb9198069934e9e2d864723bd9db76925315e87,1760676587,2025-10-17,2025-10-17 04:49,23595103,MarketWithdraw,0xd63070114470f685b75B74D60EEc7c1113d33a3D,0x0f9563442d64ab3bd3bcb27058db0b0d4046a4c46f0acd811dacae9551d2b129,118292280862,118279.54078335116,112882283547211797,,,,,
0xfb38be3388c8c8a1c8a6b1b8c29aa8f9e26fe04431d55427f7fa79141bdd88d4,1760679419,2025-10-17,2025-10-17 05:36,23595337,MarketWithdraw,0x777791C4d6DC2CE140D00D2828a7C93503c67777,0x0f9563442d64ab3bd3bcb27058db0b0d4046a4c46f0acd811dacae9551d2b129,1754150420358,1753969.2254296772,1673914485920586094,,,,,
0x39584bf1adef485edd515d741e5b500061962c9ed480eea21570d0950937b562,1760679467,2025-10-17,2025-10-17 05:37,23595341,MarketSupply,0x55555815a5595991C3A0Ff119B59AEF6C8B55555,0x0f9563442d64ab3bd3bcb27058db0b0d4046a4c46f0acd811dacae9551d2b129,454966499219,454919.50346466864,434155820534719053,,,,,
0xec5986b89c9ae024fa0403abbc225e3e141e7d0b63c0e836c52802d7c6d817de,1760679467,2025-10-17,2025-10-17 05:37,23595341,MarketSupply,0x777791C4d6DC2CE140D00D2828a7C93503c67777,0x0f9563442d64ab3bd3bcb27058db0b0d4046a4c46f0acd811dacae9551d2b129,1771963405805,1771780.370884745,1690911809386772990,,,,,
0x114fd1564b7e6663b8061d65faaa73e99d3fc3cc8aaddc961b7533c16d26b251,1760680187,2025-10-17,2025-10-17 05:49,23595399,MarketWithdraw,0xd63070114470f685b75B74D60EEc7c1113d33a3D,0x0f9563442d64ab3bd3bcb27058db0b0d4046a4c46f0acd811dacae9551d2b129,451875664892,451828.9884053311,431205669263749501,,,,,
0x1ea551976218dd0da41d7fd80c46e5ee5f0fc75722cd5911ca84bc0ff431b5ca,1760681339,2025-10-17,2025-10-17 06:08,23595495,MarketWithdraw,0x777791C4d6DC2CE140D00D2828a7C93503c67777,0x0f9563442d64ab3bd3bcb27058db0b0d4046a4c46f0acd811dacae9551d2b129,92611540988,92598.63279141708,88374999642489084,,,,,
0xd69ba61a20d6b5cd8a52e8518192026f3fecadd66f2c4c5833bf5eaf8805d491,1760683331,2025-10-17,2025-10-17 06:42,23595659,MarketWithdraw,0x777791C4d6DC2CE140D00D2828a7C93503c67777,0x0f9563442d64ab3bd3bcb27058db0b0d4046a4c46f0acd811dacae9551d2b129,260921115846,260884.7486608734,248984005548170206,,,,,
0x3ddf856f9a7c6d19d3ccf63b95502e95edce4ce45628687ef42ea49800f90ad0,1760684147,2025-10-17,2025-10-17 06:55,23595727,MarketSupply,0xd63070114470f685b75B74D60EEc7c1113d33a3D,0x0f9563442d64ab3bd3bcb27058db0b0d4046a4c46f0acd811dacae9551d2b129,183110369070,183084.847146759,174732732978037219,,,,,
0x02f04cd9050bf0f601d8641df7cdd56cfd9e85bb041bed5c6be2954b62702deb,1760685011,2025-10-17,2025-10-17 07:10,23595798,MarketSupply,0x777791C4d6DC2CE140D00D2828a7C93503c67777,0x0f9563442d64ab3bd3bcb27058db0b0d4046a4c46f0acd811dacae9551d2b129,197809780218,197782.20949083322,188759220183253165,,,,,
0x699bdb82916b36b2b4f200129d35dc1af9319fe2293bbc24849f8a8751b835ad,1760685467,2025-10-17,2025-10-17 07:17,23595835,MarketWithdraw,0x55555815a5595991C3A0Ff119B59AEF6C8B55555,0x0f9563442d64ab3bd3bcb27058db0b0d4046a4c46f0acd811dacae9551d2b129,454973062584,454909.648438537,434155820534719053,,,,,
0xa2b0cddbff65701d74015d344031be05e9ef2656f8402dbdd46c88cece82cf03,1760685719,2025-10-17,2025-10-17 07:21,23595856,MarketSupply,0x777791C4d6DC2CE140D00D2828a7C93503c67777,0x0f9563442d64ab3bd3bcb27058db0b0d4046a4c46f0acd811dacae9551d2b129,244974023581,244939.87910159325,233765114626478851,,,,,
0x6b779e08c84f27c9d3e53f46038e2a76a02a2221b95a721079dc40d503d27544,1760685971,2025-10-17,2025-10-17 07:26,23595877,MarketSupply,0x777791C4d6DC2CE140D00D2828a7C93503c67777,0x0f9563442d64ab3bd3bcb27058db0b0d4046a4c46f0acd811dacae9551d2b129,329999994121,329953.99872181943,314900484964135422,,,,,
0xa0b8a409fa0ab5ac32ed510b0937979a356fbe70833390e19d3d24250f49d445,1760686907,2025-10-17,2025-10-17 07:41,23595955,MarketWithdraw,0x777791C4d6DC2CE140D00D2828a7C93503c67777,0x0f9563442d64ab3bd3bcb27058db0b0d4046a4c46f0acd811dacae9551d2b129,2019999755476,2019718.2079100818,1927568252716181582,,,,,
0xec09339fa48e295bc15285d2696dcfe3b425138781c3e0a6e2d811bed3d37ee7,1760686943,2025-10-17,2025-10-17 07:42,23595958,MarketSupply,0x777791C4d6DC2CE140D00D2828a7C93503c67777,0x0f9563442d64ab3bd3bcb27058db0b0d4046a4c46f0acd811dacae9551d2b129,1759023454706,1758778.282016883,1678533035546667904,,,,,
0xe2e98c70401b95ac9efe2607fd436af3ea149c4507257b26a753f580e911892b,1760687027,2025-10-17,2025-10-17 07:43,23595965,MarketWithdraw,0x777791C4d6DC2CE140D00D2828a7C93503c67777,0x0f9563442d64ab3bd3bcb27058db0b0d4046a4c46f0acd811dacae9551d2b129,1759023454706,1758778.282016883,1678532693628336852,,,,,
0x1ef33fb29ad498c3623a2243dd066df8abcd8cff3ed46ab9827e35b3e7fa2e09,1760687063,2025-10-17,2025-10-17 07:44,23595968,MarketSupply,0x777791C4d6DC2CE140D00D2828a7C93503c67777,0x0f9563442d64ab3bd3bcb27058db0b0d4046a4c46f0acd811dacae9551d2b129,1089999649061,1089847.7249099137,1040122155248871847,,,,,
0xfb234e849fce626a11afafab19149ab8e1761670a998c276ba04f59f8303a2c7,1760687351,2025-10-17,2025-10-17 07:49,23595992,MarketSupply,0xd63070114470f685b75B74D60EEc7c1113d33a3D,0x0f9563442d64ab3bd3bcb27058db0b0d4046a4c46f0acd811dacae9551d2b129,149795256968,149774.3785050838,142940627474982699,,,,,
0x8cab87a6f468dc58bc78c138a0157979d69fcd8ad15a9656644cc6d4e106caa9,1760687771,2025-10-17,2025-10-17 07:56,23596027,MarketWithdraw,0x777791C4d6DC2CE140D00D2828a7C93503c67777,0x0f9563442d64ab3bd3bcb27058db0b0d4046a4c46f0acd811dacae9551d2b129,119795017957,119778.32092739716,114313073280512674,,,,,
0x1417eafe13926f795a05eb5632ebc5c8193586ef95d0723032350094ba7a3707,1760688671,2025-10-17,2025-10-17 08:11,23596101,MarketSupply,0x777791C4d6DC2CE140D00D2828a7C93503c67777,0x0f9563442d64ab3bd3bcb27058db0b0d4046a4c46f0acd811dacae9551d2b129,49999886080,49992.20399720967,47711721772198386,,,,,
0xf21e7634d579f5ee752e7843f4176eeec1aba1dfc60ab3ae64fe9de1d5a33b72,1760689571,2025-10-17,2025-10-17 08:26,23596176,MarketWithdraw,0x777791C4d6DC2CE140D00D2828a7C93503c67777,0x0f9563442d64ab3bd3bcb27058db0b0d4046a4c46f0acd811dacae9551d2b129,149999885069,149976.83878577856,143135040510827865,,,,,
0x79585de5192459fcebeff2aa3d7c08d469cee8da730736ef4a063f9ba0fde3a2,1760690867,2025-10-17,2025-10-17 08:47,23596283,MarketSupply,0xd63070114470f685b75B74D60EEc7c1113d33a3D,0x0f9563442d64ab3bd3bcb27058db0b0d4046a4c46f0acd811dacae9551d2b129,183846407610,183818.1610791638,175431778986088773,,,,,
0xd628154420df3bf75690e5743df4613842cbe7fa917c630c67b3e9573686ffb0,1760692007,2025-10-17,2025-10-17 09:06,23596378,MarketWithdraw,0x777791C4d6DC2CE140D00D2828a7C93503c67777,0x0f9563442d64ab3bd3bcb27058db0b0d4046a4c46f0acd811dacae9551d2b129,93846507926,93833.42759972528,89550895130621755,,,,,
0x8e557a7d8205920bd981e2f8bb5c50e1ce6222ff1402a89d97770293615a59a9,1760692031,2025-10-17,2025-10-17 09:07,23596380,MarketWithdraw,0x777791C4d6DC2CE140D00D2828a7C93503c67777,0x0f9563442d64ab3bd3bcb27058db0b0d4046a4c46f0acd811dacae9551d2b129,100000000000,99986.06199999999,95422718527509782,,,,,
0x2c63faf62670dedb7b243a0888dd095c28803ca14b5c2389611bd3d8b34ca3a6,1760692619,2025-10-17,2025-10-17 09:16,23596429,MarketWithdraw,0x777791C4d6DC2CE140D00D2828a7C93503c67777,0x0f9563442d64ab3bd3bcb27058db0b0d4046a4c46f0acd811dacae9551d2b129,190000051471,189973.56926382598,181302843346554470,,,,,
0xccf1e6c5facd2e01cbe52bd94e7afd19b871c16f79314de96ecdb7e108670c63,1760692667,2025-10-17,2025-10-17 09:17,23596433,MarketWithdraw,0x777791C4d6DC2CE140D00D2828a7C93503c67777,0x0f9563442d64ab3bd3bcb27058db0b0d4046a4c46f0acd811dacae9551d2b129,100000080083,99986.14207183803,95422577561747872,,,,,
0x0b9fd24befc1acc4972344c9b326eb94c52c584f88b23bf6b3e1004779f7c777,1760692679,2025-10-17,2025-10-17 09:17,23596434,MarketSupply,0x55555815a5595991C3A0Ff119B59AEF6C8B55555,0x0f9563442d64ab3bd3bcb27058db0b0d4046a4c46f0acd811dacae9551d2b129,105454019284,105439.3211027922,100626856017896001,,,,,
0x65f7fc85089ba96763ab7516e06af8025f99c24f98a64eb297c662d2a69eca5b,1760692715,2025-10-17,2025-10-17 09:18,23596437,MarketWithdraw,0x777791C4d6DC2CE140D00D2828a7C93503c67777,0x0f9563442d64ab3bd3bcb27058db0b0d4046a4c46f0acd811dacae9551d2b129,125454004945,125436.51916579076,119711320630991782,,,,,
0x762c80b8cfcc9f1b7e7ab77f05a64ec84e9a109233e75696666fc4cf714d9bef,1760693183,2025-10-17,2025-10-17 09:26,23596476,MarketSupply,0x777791C4d6DC2CE140D00D2828a7C93503c67777,0x0f9563442d64ab3bd3bcb27058db0b0d4046a4c46f0acd811dacae9551d2b129,19999952590,19997.164996608008,19084399187901241,,,,,
0xb45991615b10b21d25e63da40e7fb93505ea90af512154edfec1b1e4725497b7,1760693687,2025-10-17,2025-10-17 09:34,23596517,MarketWithdraw,0x777791C4d6DC2CE140D00D2828a7C93503c67777,0x0f9563442d64ab3bd3bcb27058db0b0d4046a4c46f0acd811dacae9551d2b129,2715476685,2715.0982018596446,2591160901638212,,,,,
0x6517d1e7f1be62e5c65f2a19206aabd0afdadf7b9128b2f9b9b530c114eb1efd,1760693699,2025-10-17,2025-10-17 09:34,23596518,MarketWithdraw,0x777791C4d6DC2CE140D00D2828a7C93503c67777,0x0f9563442d64ab3bd3bcb27058db0b0d4046a4c46f0acd811dacae9551d2b129,57284516571,57276.53225508033,54662001129609807,,,,,
0xf20ef494ba8300675b350ae22c661c611fc7e39ca64a6e3d408ad6303e1cbc40,1760694107,2025-10-17,2025-10-17 09:41,23596552,MarketSupply,0x777791C4d6DC2CE140D00D2828a7C93503c67777,0x0f9563442d64ab3bd3bcb27058db0b0d4046a4c46f0acd811dacae9551d2b129,9999978573,9998.584775986496,9542150720993215,,,,,
0x1c9fe3bb87e4089f3ff6814936c940f91d7febb4b7fb1c802e52541ec573999b,1760694887,2025-10-17,2025-10-17 09:54,23596617,MarketSupply,0xd63070114470f685b75B74D60EEc7c1113d33a3D,0x0f9563442d64ab3bd3bcb27058db0b0d4046a4c46f0acd811dacae9551d2b129,439710460042,439649.17319807934,419577292592859327,,,,,
0x57ee77f248ca36256478cb3eba61a06a545c721fbccf487cd7773344dd1152bc,1760694923,2025-10-17,2025-10-17 09:55,23596620,MarketWithdraw,0x777791C4d6DC2CE140D00D2828a7C93503c67777,0x0f9563442d64ab3bd3bcb27058db0b0d4046a4c46f0acd811dacae9551d2b129,379710251529,379657.32751414186,362324296719626366,,,,,
0x97ccbdf832fce29f8a18a967b8266af6f07f546f2a587bf49594c91ff9aad226,1760695223,2025-10-17,2025-10-17 10:00,23596645,MarketSupply,0x777791C4d6DC2CE140D00D2828a7C93503c67777,0x0f9563442d64ab3bd3bcb27058db0b0d4046a4c46f0acd811dacae9551d2b129,87627451375,87618.58976777394,83615077681207591,,,,,
0xfc4c465ddad9d067b13610003242e238c53c1cb78e12a04b7487c0244c1ff17b,1760696123,2025-10-17,2025-10-17 10:15,23596720,MarketWithdraw,0x777791C4d6DC2CE140D00D2828a7C93503c67777,0x0f9563442d64ab3bd3bcb27058db0b0d4046a4c46f0acd811dacae9551d2b129,147627550158,147612.62084823783,140867215786808498,,,,,
0xdaa990ba634a0c6b1bc13aaf72b2b78ed67d19a27a3cb250a97b8ea9618c0919,1760696171,2025-10-17,2025-10-17 10:16,23596724,MarketSupply,0x777791C4d6DC2CE140D00D2828a7C93503c67777,0x0f9563442d64ab3bd3bcb27058db0b0d4046a4c46f0acd811dacae9551d2b129,69999956538,69992.87756775782,66794417050604675,,,,,
0x237748df70b49a0f66b4f99966c43af6a56a13b3c3ad2763a53d0f607fa664a3,1760697167,2025-10-17,2025-10-17 10:32,23596806,MarketWithdraw,0x777791C4d6DC2CE140D00D2828a7C93503c67777,0x0f9563442d64ab3bd3bcb27058db0b0d4046a4c46f0acd811dacae9551d2b129,150083616026,150068.43833869515,143209993345489001,,,,,
0xcb62408dfac3254e39eca7d97c7d10ca83ad81158b0470832b0bc0e759bb44da,1760697191,2025-10-17,2025-10-17 10:33,23596808,MarketSupply,0x777791C4d6DC2CE140D00D2828a7C93503c67777,0x0f9563442d64ab3bd3bcb27058db0b0d4046a4c46f0acd811dacae9551d2b129,200083594277,200063.3601814393,190920011231283605,,,,,
0x475bda956b1ffdf33dd8a3ef0c0e90d31cdca109eadf09b77e02593ed87b572e,1760697443,2025-10-17,2025-10-17 10:37,23596829,MarketWithdraw,0x777791C4d6DC2CE140D00D2828a7C93503c67777,0x0f9563442d64ab3bd3bcb27058db0b0d4046a4c46f0acd811dacae9551d2b129,19999943469,19997.92091053476,19083946236149872,,,,,
0x44208dbbb603ec0de9230645eb634794a858e6655eb1eba992900f83fd09c56c,1760701295,2025-10-17,2025-10-17 11:41,23597149,MarketSupply,0x777791C4d6DC2CE140D00D2828a7C93503c67777,0x0f9563442d64ab3bd3bcb27058db0b0d4046a4c46f0acd811dacae9551d2b129,59999993411,59991.63061191838,57250842653274022,,,,,
0x35bf33d3ccae8951772c1faee62005dbaf6ca8de0abe306f0a85b44d79fd60db,1760701727,2025-10-17,2025-10-17 11:48,23597185,MarketSupply,0xd63070114470f685b75B74D60EEc7c1113d33a3D,0x0f9563442d64ab3bd3bcb27058db0b0d4046a4c46f0acd811dacae9551d2b129,189334043790,189307.65441097654,180658539247644716,,,,,
0x5774812b74f01df017d8cb1c72a96b70dd9d587444868def76ed54c49e8086c5,1760702171,2025-10-17,2025-10-17 11:56,23597222,MarketWithdraw,0x777791C4d6DC2CE140D00D2828a7C93503c67777,0x0f9563442d64ab3bd3bcb27058db0b0d4046a4c46f0acd811dacae9551d2b129,2500392,2.50004349536304,2385817515781,,,,,
0x68873afad1ce8d9ec42daec2aed3f210e9ecc4ffb1425ac97f3a7fcc98d21420,1760704415,2025-10-17,2025-10-17 12:33,23597407,MarketSupply,0x777791C4d6DC2CE140D00D2828a7C93503c67777,0x0f9563442d64ab3bd3bcb27058db0b0d4046a4c46f0acd811dacae9551d2b129,1850668453561,1850307.4039125012,1765852396258952494,,,,,
0x70da6a19e0a549f933a721cb7fee8abf22487d57e11cf1c06809e7f92f37f97b,1760705807,2025-10-17,2025-10-17 12:56,23597523,MarketSupply,0x777791C4d6DC2CE140D00D2828a7C93503c67777,0x0f9563442d64ab3bd3bcb27058db0b0d4046a4c46f0acd811dacae9551d2b129,569999977912,569888.7757724307,543875321134042996,,,,,
0x114c12134f643a7c9e85724776052a4e04f57cdcdddb5b1e235051bc8ccdfcaf,1760705867,2025-10-17,2025-10-17 12:57,23597528,MarketWithdraw,0xd63070114470f685b75B74D60EEc7c1113d33a3D,0x0f9563442d64ab3bd3bcb27058db0b0d4046a4c46f0acd811dacae9551d2b129,1658892145336,1658568.5096113954,1582860400273801132,,,,,
0xaa9392806037232693352828624e12dffd010522888030f323b8ac98ea8732ab,1760705927,2025-10-17,2025-10-17 12:58,23597533,MarketWithdraw,0x777791C4d6DC2CE140D00D2828a7C93503c67777,0x0f9563442d64ab3bd3bcb27058db0b0d4046a4c46f0acd811dacae9551d2b129,1201107956795,1200873.6308654821,1146057596040528380,,,,,
0x40ddd541b0049632df70d4f051a8c3dfc723726c49022ac84f00f1c68c09e770,1760708987,2025-10-17,2025-10-17 13:49,23597787,MarketSupply,0xd63070114470f685b75B74D60EEc7c1113d33a3D,0x0f9563442d64ab3bd3bcb27058db0b0d4046a4c46f0acd811dacae9551d2b129,870285922554,870164.6221021145,830381060776162685,,,,,
0x48e6f3ad4168aede32c80dd9f3cb5cfb168c9cc54e01afb6f0cb7d4b0f33f029,1760709083,2025-10-17,2025-10-17 13:51,23597795,MarketWithdraw,0x777791C4d6DC2CE140D00D2828a7C93503c67777,0x0f9563442d64ab3bd3bcb27058db0b0d4046a4c46f0acd811dacae9551d2b129,500285945886,500216.2160308624,477346423417057141,,,,,
0x1f5a2941018d5774beef80c97471660511fc8cb5b5fd40b4b862614d62f5a14b,1760709635,2025-10-17,2025-10-17 14:00,23597841,MarketWithdraw,0x777791C4d6DC2CE140D00D2828a7C93503c67777,0x0f9563442d64ab3bd3bcb27058db0b0d4046a4c46f0acd811dacae9551d2b129,160000144865,159984.15773549382,152663355944251799,,,,,
0xa418f3be42466d0e70be25a6deef0ac6c6a1ed2e59fe0173cab87f5098d52fd0,1760709947,2025-10-17,2025-10-17 14:05,23597867,MarketWithdraw,0x777791C4d6DC2CE140D00D2828a7C93503c67777,0x0f9563442d64ab3bd3bcb27058db0b0d4046a4c46f0acd811dacae9551d2b129,789999408463,789920.4721416387,753772875903707746,,,,,
0x1ac92c43072c089fba64ceb03e0b63e247c25360357c7c1bc265509427ba974d,1760709971,2025-10-17,2025-10-17 14:06,23597869,MarketSupply,0x777791C4d6DC2CE140D00D2828a7C93503c67777,0x0f9563442d64ab3bd3bcb27058db0b0d4046a4c46f0acd811dacae9551d2b129,749999372911,749924.433371949,715606893238489013,,,,,
0x0061e8796424846ac07886e4f0e0d1f9028c5a0ec24373bdb1901fa7f8cdb576,1760709983,2025-10-17,2025-10-17 14:06,23597870,MarketSupply,0x55555815a5595991C3A0Ff119B59AEF6C8B55555,0x0f9563442d64ab3bd3bcb27058db0b0d4046a4c46f0acd811dacae9551d2b129,339154615138,339120.72698896483,323602090249806320,,,,,
0x85a26cf52a149ecc8d4755640650d693b17edf24b4318f23a4e8500e0b5a0274,1760710031,2025-10-17,2025-10-17 14:07,23597874,MarketWithdraw,0x777791C4d6DC2CE140D00D2828a7C93503c67777,0x0f9563442d64ab3bd3bcb27058db0b0d4046a4c46f0acd811dacae9551d2b129,169154301745,169137.39993699972,161397414005745254,,,,,
0xd19e5920ba6853c35e468829ec88eea585cd14ba2e8c98816f47f893c66aac4d,1760710151,2025-10-17,2025-10-17 14:09,23597884,MarketWithdraw,0x777791C4d6DC2CE140D00D2828a7C93503c67777,0x0f9563442d64ab3bd3bcb27058db0b0d4046a4c46f0acd811dacae9551d2b129,919999686304,919907.7604239141,877810939281486193,,,,,
0x0ddeeb7d2714c57178cffea1b2ca87358356fb614920263e4912debc02a84064,1760710199,2025-10-17,2025-10-17 14:09,23597888,MarketSupply,0x777791C4d6DC2CE140D00D2828a7C93503c67777,0x0f9563442d64ab3bd3bcb27058db0b0d4046a4c46f0acd811dacae9551d2b129,897136843329,897047.2018920428,855996035368462430,,,,,
0xda43f2ca6702592f8c5acb0d0a8c25c8913b21ba4ff94d84983f2d2d271469c5,1760710967,2025-10-17,2025-10-17 14:22,23597952,MarketWithdraw,0x777791C4d6DC2CE140D00D2828a7C93503c67777,0x0f9563442d64ab3bd3bcb27058db0b0d4046a4c46f0acd811dacae9551d2b129,897136843329,897047.2018920428,855993205521010917,,,,,
0x24833196277eb58049716781486037e621a942a0a8b93f7ddd0723cf4e001d70,1760711003,2025-10-17,2025-10-17 14:23,23597955,MarketSupply,0x777791C4d6DC2CE140D00D2828a7C93503c67777,0x0f9563442d64ab3bd3bcb27058db0b0d4046a4c46f0acd811dacae9551d2b129,879999204731,879911.2756777904,839641156208993227,,,,,
0xe30eb3e70ceced30244ac52622ef6bcd706d77c052fbad115e1931bef20a0e75,1760711219,2025-10-17,2025-10-17 14:26,23597973,MarketSupply,0x777791C4d6DC2CE140D00D2828a7C93503c67777,0x0f9563442d64ab3bd3bcb27058db0b0d4046a4c46f0acd811dacae9551d2b129,170000359820,169983.3734743262,162203739887041605,,,,,
0x1a12fbc11984da059e99bff864fb43d4e44810626bb2ebd186e49efcd4b9db1c,1760712659,2025-10-17,2025-10-17 14:50,23598093,MarketSupply,0xd63070114470f685b75B74D60EEc7c1113d33a3D,0x0f9563442d64ab3bd3bcb27058db0b0d4046a4c46f0acd811dacae9551d2b129,458340844957,458295.04778317566,437318210921202440,,,,,
0xda16e333bae643e8bee3091756e28b91693cf69c5dad9c298a7e3e338144dea3,1760712947,2025-10-17,2025-10-17 14:55,23598116,MarketSupply,0x777791C4d6DC2CE140D00D2828a7C93503c67777,0x0f9563442d64ab3bd3bcb27058db0b0d4046a4c46f0acd811dacae9551d2b129,1431201561951,1431058.5570509753,1365555909254815473,,,,,
0xff818dd46218b36cb58a161292f8f67f6dd34650c25145db6c1284c07f341042,1760713007,2025-10-17,2025-10-17 14:56,23598121,MarketWithdraw,0x777791C4d6DC2CE140D00D2828a7C93503c67777,0x0f9563442d64ab3bd3bcb27058db0b0d4046a4c46f0acd811dacae9551d2b129,179542295281,179524.35551020218,171307115820630576,,,,,
0xbf16e96ebc813dfdee00671ce038cc17cbd782c2fff317e113387a1e6a5ed702,1760713427,2025-10-17,2025-10-17 15:03,23598156,MarketWithdraw,0x777791C4d6DC2CE140D00D2828a7C93503c67777,0x0f9563442d64ab3bd3bcb27058db0b0d4046a4c46f0acd811dacae9551d2b129,52261758904,52254.47466004396,49864591384125411,,,,,
0x339c6edd2b87b13197369fa97238a177d3eba4f758c349d7b551e30cc96755a2,1760714291,2025-10-17,2025-10-17 15:18,23598227,MarketWithdraw,0x777791C4d6DC2CE140D00D2828a7C93503c67777,0x0f9563442d64ab3bd3bcb27058db0b0d4046a4c46f0acd811dacae9551d2b129,2707737917274,2707360.5127630904,2583533311912430570,,,,,
0x03bcc88b035bd110d06fb8f872c5930091ed6f41d91208869b82beb51ea0d65f,1760714627,2025-10-17,2025-10-17 15:23,23598255,MarketSupply,0x777791C4d6DC2CE140D00D2828a7C93503c67777,0x0f9563442d64ab3bd3bcb27058db0b0d4046a4c46f0acd811dacae9551d2b129,2741224296819,2740842.2249765093,2615473170360798886,,,,,
0x412a82e8cb505e67f866b6d1c6b2c62b5e78b4f85a4bb95f10fa132947201532,1760715335,2025-10-17,2025-10-17 15:35,23598314,MarketWithdraw,0x777791C4d6DC2CE140D00D2828a7C93503c67777,0x0f9563442d64ab3bd3bcb27058db0b0d4046a4c46f0acd811dacae9551d2b129,1685388054304,1685153.144916991,1608070010356425617,,,,,
0x1855676fd4851b2e8c64d289ff54481994a6b9ef4767aaddbf3990c46ec2d289,1760715359,2025-10-17,2025-10-17 15:35,23598316,MarketSupply,0x777791C4d6DC2CE140D00D2828a7C93503c67777,0x0f9563442d64ab3bd3bcb27058db0b0d4046a4c46f0acd811dacae9551d2b129,1555324885828,1555108.1046454133,1483973442932096839,,,,,
0x098f381342a19d92ea4c9b87587517c0bd0dc3c6c0bf19e4fd96f791a9912bd2,1760715575,2025-10-17,2025-10-17 15:39,23598334,MarketWithdraw,0x777791C4d6DC2CE140D00D2828a7C93503c67777,0x0f9563442d64ab3bd3bcb27058db0b0d4046a4c46f0acd811dacae9551d2b129,81194806307,81183.48937489693,77469910561823188,,,,,
0xf1e28b935358bcf664de5654778957068c28b531225435495b1b84288e2b4c89,1760716823,2025-10-17,2025-10-17 16:00,23598438,MarketWithdraw,0xd63070114470f685b75B74D60EEc7c1113d33a3D,0x0f9563442d64ab3bd3bcb27058db0b0d4046a4c46f0acd811dacae9551d2b129,1007291932294,1007095.2460907467,961078742115061602,,,,,
0x91f26851bc69d11ab9f2e81e534c814af81199bc82b4e39070230f894e4fae6b,1760717963,2025-10-17,2025-10-17 16:19,23598533,MarketSupply,0x777791C4d6DC2CE140D00D2828a7C93503c67777,0x0f9563442d64ab3bd3bcb27058db0b0d4046a4c46f0acd811dacae9551d2b129,957325252900,957138.3233086524,913401830978498232,,,,,
0x593836e4f82236c2c89db873f43c62a36fb76ac45d11dd2cbb009804b8cf4b9b,1760719499,2025-10-17,2025-10-17 16:44,23598661,MarketWithdraw,0x777791C4d6DC2CE140D00D2828a7C93503c67777,0x0f9563442d64ab3bd3bcb27058db0b0d4046a4c46f0acd811dacae9551d2b129,1399999901140,1399726.533850655,1335761417734286392,,,,,
0xc397ebde95be5fa40a4203b33fa8b2aeab5d70fabed4c6e3b109e19d4921893a,1760719547,2025-10-17,2025-10-17 16:45,23598665,MarketWithdraw,0x55555815a5595991C3A0Ff119B59AEF6C8B55555,0x0f9563442d64ab3bd3bcb27058db0b0d4046a4c46f0acd811dacae9551d2b129,202077128354,202037.6702963446,192804865219754048,,,,,
0x311183f2a333abbe819651927b2c6c881c9ac928ec879d968c779ca57935f80c,1760719607,2025-10-17,2025-10-17 16:46,23598670,MarketSupply,0x777791C4d6DC2CE140D00D2828a7C93503c67777,0x0f9563442d64ab3bd3bcb27058db0b0d4046a4c46f0acd811dacae9551d2b129,182456218933,182420.59210048863,174084210356925324,,,,,
0xec8d61c75d889cdd390730e766186213b992ee0ccf1884ee4ede796116c80202,1760719679,2025-10-17,2025-10-17 16:47,23598676,MarketSupply,0xd63070114470f685b75B74D60EEc7c1113d33a3D,0x0f9563442d64ab3bd3bcb27058db0b0d4046a4c46f0acd811dacae9551d2b129,1162602856082,1162375.8435007185,1109256539984274688,,,,,
0xdfd64ee48c2a08b9a472e78151366bc915a636ad803fb994af8db163707e7af9,1760723807,2025-10-17,2025-10-17 17:56,23599014,MarketWithdraw,0xd63070114470f685b75B74D60EEc7c1113d33a3D,0x0f9563442d64ab3bd3bcb27058db0b0d4046a4c46f0acd811dacae9551d2b129,145277756540,145257.50772629346,138610342921116942,,,,,
0xa6a73b6e747f47c738ad3ebac334cc74a0292825de1d6c36f6cb557598ebf02f,1760723831,2025-10-17,2025-10-17 17:57,23599016,MarketSupply,0x777791C4d6DC2CE140D00D2828a7C93503c67777,0x0f9563442d64ab3bd3bcb27058db0b0d4046a4c46f0acd811dacae9551d2b129,1439070177934,1438869.6003325996,1373025055130144126,,,,,
0xa6614672f75b59af2ee26f8dafc0e95785a3735b1bae7c7c21a2f7c2abdda92e,1760724395,2025-10-17,2025-10-17 18:06,23599063,MarketWithdraw,0x777791C4d6DC2CE140D00D2828a7C93503c67777,0x0f9563442d64ab3bd3bcb27058db0b0d4046a4c46f0acd811dacae9551d2b129,258230384472,258188.3719709359,246378813259820572,,,,,
0x6b9fc985362d6bf2ef15fd41659b305dc01b39204a9197aed449c9fd3b9790cc,1760724983,2025-10-17,2025-10-17 18:16,23599111,MarketWithdraw,0x55555815a5595991C3A0Ff119B59AEF6C8B55555,0x0f9563442d64ab3bd3bcb27058db0b0d4046a4c46f0acd811dacae9551d2b129,242556567932,242517.10546483455,231424081047948273,,,,,
0x43ace7d81ff2d02623eac79b64378295e0c737689b815983af27c0efc94f0085,1760727539,2025-10-17,2025-10-17 18:58,23599323,MarketWithdraw,0xd63070114470f685b75B74D60EEc7c1113d33a3D,0x0f9563442d64ab3bd3bcb27058db0b0d4046a4c46f0acd811dacae9551d2b129,710507713446,710392.1181951613,677894370750220516,,,,,
0x74c799306e93684f4894895b8e2cdcea049b6a422a1f2fe9ab54dc62a0ffe2bf,1760731235,2025-10-17,2025-10-17 20:00,23599629,MarketWithdraw,0xd63070114470f685b75B74D60EEc7c1113d33a3D,0x0f9563442d64ab3bd3bcb27058db0b0d4046a4c46f0acd811dacae9551d2b129,25106732764,25103.233387587352,23954097198727973,,,,,
0xe5e310ad9929a02612b2caf049e76ad641504b50911e8d81662fd552a0d909b9,1760738039,2025-10-17,2025-10-17 21:53,23600193,MarketWithdraw,0xd63070114470f685b75B74D60EEc7c1113d33a3D,0x0f9563442d64ab3bd3bcb27058db0b0d4046a4c46f0acd811dacae9551d2b129,222918109213,222895.95416833504,212680792806080580,,,,,
0x41ebb41df926342b5458d20d0965cb6f7888c30f54cdc71e332f1a106700e20a,1760738699,2025-10-17,2025-10-17 22:04,23600248,MarketSupply,0x777791C4d6DC2CE140D00D2828a7C93503c67777,0x0f9563442d64ab3bd3bcb27058db0b0d4046a4c46f0acd811dacae9551d2b129,722545126997,722444.4186571991,689361821156781664,,,,,
0xe47300d01d6a1ceda76a174f6cf9b8b14f5242d4d216825bc4ae519e4002a45a,1760739623,2025-10-17,2025-10-17 22:20,23600325,MarketWithdraw,0x777791C4d6DC2CE140D00D2828a7C93503c67777,0x0f9563442d64ab3bd3bcb27058db0b0d4046a4c46f0acd811dacae9551d2b129,10000293224,9998.899383130438,9541005302888011,,,,,
0xb5b51e4f700c46628273ff3ccd1621c797458b58edf4de92f21f34ec08619bae,1760740199,2025-10-17,2025-10-17 22:29,23600373,MarketWithdraw,0x777791C4d6DC2CE140D00D2828a7C93503c67777,0x0f9563442d64ab3bd3bcb27058db0b0d4046a4c46f0acd811dacae9551d2b129,9999858628,9998.464847704428,9540579040306302,,,,,
0xfac71f0fbf4a286035e4069844d7c726a2039d9809fa7a8f4e1f59fc4de44d54,1760740535,2025-10-17,2025-10-17 22:35,23600401,MarketWithdraw,0x777791C4d6DC2CE140D00D2828a7C93503c67777,0x0f9563442d64ab3bd3bcb27058db0b0d4046a4c46f0acd811dacae9551d2b129,19999858807,19997.07122667948,19081279549236837,,,,,
0x9360a402be0b475d49078c0b01995b63ad307ba9f7afe5da722929c05b3288be,1760740775,2025-10-17,2025-10-17 22:39,23600421,MarketWithdraw,0x777791C4d6DC2CE140D00D2828a7C93503c67777,0x0f9563442d64ab3bd3bcb27058db0b0d4046a4c46f0acd811dacae9551d2b129,19999999721,19997.212121038887,19081404264929569,,,,,
0xe068375c82b2e8c8ceffc11511f88e621123682f89370237a9ee127185501ef7,1760741015,2025-10-17,2025-10-17 22:43,23600441,MarketWithdraw,0x777791C4d6DC2CE140D00D2828a7C93503c67777,0x0f9563442d64ab3bd3bcb27058db0b0d4046a4c46f0acd811dacae9551d2b129,19999999718,19997.212118039304,19081394510283215,,,,,
0xd540f7d2151073d1226c3fb18a11e7d8efd630f7d6611b118b67a23a3be1ad2c,1760741207,2025-10-17,2025-10-17 22:46,23600457,MarketWithdraw,0x777791C4d6DC2CE140D00D2828a7C93503c67777,0x0f9563442d64ab3bd3bcb27058db0b0d4046a4c46f0acd811dacae9551d2b129,9999999719,9998.605919039164,9540693210569457,,,,,
0x265962f330e07735e65bbf30725b414121a5a9560616d34c82a0cdb427bfc821,1760741927,2025-10-17,2025-10-17 22:58,23600517,MarketWithdraw,0x777791C4d6DC2CE140D00D2828a7C93503c67777,0x0f9563442d64ab3bd3bcb27058db0b0d4046a4c46f0acd811dacae9551d2b129,23142057,23.13883146009534,22079093247028,,,,,
0xc48afe073deeb5659a798f1efa1630ff5dac43a1b1ecdb428da579321b5628ce,1760742755,2025-10-17,2025-10-17 23:12,23600584,MarketWithdraw,0x777791C4d6DC2CE140D00D2828a7C93503c67777,0x0f9563442d64ab3bd3bcb27058db0b0d4046a4c46f0acd811dacae9551d2b129,1239976998160,1239734.1576759391,1183020131461567122,,,,,
0xa6ff015b405c5c3f4753e69040c8d4380a11022f885a8d9744dfeefee5ad2092,1760743499,2025-10-17,2025-10-17 23:24,23600645,MarketSupply,0x55555815a5595991C3A0Ff119B59AEF6C8B55555,0x0f9563442d64ab3bd3bcb27058db0b0d4046a4c46f0acd811dacae9551d2b129,97446791165,97427.70691910529,92970512622724273,,,,,
0x75b4b9c9be8164c404b1cc87df1cf94c0924e31d62582055a0d2998bdb9f8a16,1760749943,2025-10-18,2025-10-18 01:12,23601173,MarketWithdraw,0x55555815a5595991C3A0Ff119B59AEF6C8B55555,0x0f9563442d64ab3bd3bcb27058db0b0d4046a4c46f0acd811dacae9551d2b129,34797958317,34791.285558549076,33198955493066398,,,,,
0x0d76592c31f055f17a95d7128c3906cc04b9318dbba842d56efc9f39734dea03,1760752067,2025-10-18,2025-10-18 01:47,23601349,MarketSupply,0xd63070114470f685b75B74D60EEc7c1113d33a3D,0x0f9563442d64ab3bd3bcb27058db0b0d4046a4c46f0acd811dacae9551d2b129,171449383158,171416.5065073083,163570226897989767,,,,,
0xd370dabe58e944a260fd6530dbe118c1d82818ff2a7faedd6d16f6a4fadf42c1,1760752103,2025-10-18,2025-10-18 01:48,23601352,MarketSupply,0x777791C4d6DC2CE140D00D2828a7C93503c67777,0x0f9563442d64ab3bd3bcb27058db0b0d4046a4c46f0acd811dacae9551d2b129,1115901830211,1115687.8480198581,1064619166533492301,,,,,
0x93b4d61c9b73b532a07eaac174efc376b035258358c10d929b51172308a24732,1760752619,2025-10-18,2025-10-18 01:56,23601395,MarketSupply,0x777791C4d6DC2CE140D00D2828a7C93503c67777,0x0f9563442d64ab3bd3bcb27058db0b0d4046a4c46f0acd811dacae9551d2b129,225979351370,225936.01820623068,215593953597132092,,,,,
0x9d6b011e76ee47779897a5faef69466a5053a61b8b616c5d7c717e96e4d37253,1760753819,2025-10-18,2025-10-18 02:16,23601494,MarketWithdraw,0x777791C4d6DC2CE140D00D2828a7C93503c67777,0x0f9563442d64ab3bd3bcb27058db0b0d4046a4c46f0acd811dacae9551d2b129,252420868,252.38568557941818,240819699501816,,,,,
0x6a9b291a305a2fd84c833ae0b0ab2ddf98b507f9c85440df2488f8f5afda125b,1760755415,2025-10-18,2025-10-18 02:43,23601627,MarketWithdraw,0x55555815a5595991C3A0Ff119B59AEF6C8B55555,0x0f9563442d64ab3bd3bcb27058db0b0d4046a4c46f0acd811dacae9551d2b129,62651176556,62642.44423501162,59771557129657875,,,,,
0x051cb0da8c902befa6bdcafe27440bdfd14548c1a65eab8a3e7b9536b68df128,1760756471,2025-10-18,2025-10-18 03:01,23601715,MarketWithdraw,0xd63070114470f685b75B74D60EEc7c1113d33a3D,0x0f9563442d64ab3bd3bcb27058db0b0d4046a4c46f0acd811dacae9551d2b129,613822915092,613762.4320113655,585608662107347267,,,,,
0x1793d41a0e4a4e2af073408d50d88f013a566be38c309a4d673b17965630ba14,1760760083,2025-10-18,2025-10-18 04:01,23602016,MarketSupply,0xd63070114470f685b75B74D60EEc7c1113d33a3D,0x0f9563442d64ab3bd3bcb27058db0b0d4046a4c46f0acd811dacae9551d2b129,2223058694,2222.74884407923,2120859106523810,,,,,
0x4d1e78b17e7d69162874ce4515e6959294beb8f5253eec7ceab3f39d1affb17d,1760762903,2025-10-18,2025-10-18 04:48,23602251,MarketWithdraw,0xd63070114470f685b75B74D60EEc7c1113d33a3D,0x0f9563442d64ab3bd3bcb27058db0b0d4046a4c46f0acd811dacae9551d2b129,4490839501,4490.213567790351,4284357359804437,,,,,
0xb4fd920645fac86ec056a4c3c1a73ee096add1d8d1a9f9d7bc608d597855db38,1760764967,2025-10-18,2025-10-18 05:22,23602423,MarketSupply,0x777791C4d6DC2CE140D00D2828a7C93503c67777,0x0f9563442d64ab3bd3bcb27058db0b0d4046a4c46f0acd811dacae9551d2b129,353014868636,352945.37875959236,336782215872164089,,,,,
0x131a1104eb2f58d68cae1b7249bd8b91be4df191d74abcdb2489a557495fa27d,1760767199,2025-10-18,2025-10-18 05:59,23602608,MarketWithdraw,0xd63070114470f685b75B74D60EEc7c1113d33a3D,0x0f9563442d64ab3bd3bcb27058db0b0d4046a4c46f0acd811dacae9551d2b129,103363547750,103343.2009578494,98610122128705805,,,,,
0x45839cf187d462b12651aaa006d7035c8f3476e43b2d25499abd0509652e8f97,1760769803,2025-10-18,2025-10-18 06:43,23602822,MarketWithdraw,0x777791C4d6DC2CE140D00D2828a7C93503c67777,0x0f9563442d64ab3bd3bcb27058db0b0d4046a4c46f0acd811dacae9551d2b129,36636464232,36635.36367261447,34951450491438798,,,,,
0x8785ba99f61d1ee1c1441798e9e38edba2d820ae0fcbec2768fe226793872336,1760770523,2025-10-18,2025-10-18 06:55,23602881,MarketSupply,0xd63070114470f685b75B74D60EEc7c1113d33a3D,0x0f9563442d64ab3bd3bcb27058db0b0d4046a4c46f0acd811dacae9551d2b129,125291152775,125287.38902877065,119528474782002028,,,,,
0x36d75fd56bfbd9f06d01b7bf2ffbc95afeb772c33d050d04adb4e818078ea87d,1760774267,2025-10-18,2025-10-18 07:57,23603189,MarketWithdraw,0xd63070114470f685b75B74D60EEc7c1113d33a3D,0x0f9563442d64ab3bd3bcb27058db0b0d4046a4c46f0acd811dacae9551d2b129,15455326288,15452.25348841768,14744351915112232,,,,,
0xfdf399bc8728a7572e1e1df62aff5a952f8433347b86a9d2e896dbaf8d42e08d,1760775191,2025-10-18,2025-10-18 08:13,23603266,MarketSupply,0x777791C4d6DC2CE140D00D2828a7C93503c67777,0x0f9563442d64ab3bd3bcb27058db0b0d4046a4c46f0acd811dacae9551d2b129,20164181300,20163.57556799375,19236552733562885,,,,,
0x5f53a2d4905bba18350499f608f0395cc955165794108dd1a7201ced74e5145b,1760777795,2025-10-18,2025-10-18 08:56,23603481,MarketWithdraw,0x777791C4d6DC2CE140D00D2828a7C93503c67777,0x0f9563442d64ab3bd3bcb27058db0b0d4046a4c46f0acd811dacae9551d2b129,2689999547398,2689918.7398115965,2566235187458559216,,,,,
0xc3c0e59efea264781729166438ec9340c7379394e283f47144c673daae1fce2c,1760777831,2025-10-18,2025-10-18 08:57,23603484,MarketSupply,0x777791C4d6DC2CE140D00D2828a7C93503c67777,0x0f9563442d64ab3bd3bcb27058db0b0d4046a4c46f0acd811dacae9551d2b129,2466710067556,2466635.9675855706,2353218045545309991,,,,,
0x938d1c6ba2ebb750c5749e85a96546f3cac4d27cabb95825023e7df4ddc9d7cc,1760777867,2025-10-18,2025-10-18 08:57,23603487,MarketSupply,0x0F359FD18BDa75e9c49bC027E7da59a4b01BF32a,0x0f9563442d64ab3bd3bcb27058db0b0d4046a4c46f0acd811dacae9551d2b129,99997836328,99994.83239299672,95396981385104969,,,,,
0x50a713c3bffc85a747d218793705521d057eb691cdbc2460c60321f0fec35cd7,1760779175,2025-10-18,2025-10-18 09:19,23603596,MarketWithdraw,0x777791C4d6DC2CE140D00D2828a7C93503c67777,0x0f9563442d64ab3bd3bcb27058db0b0d4046a4c46f0acd811dacae9551d2b129,632908,0.63288898744368,603786483757,,,,,
0xfca2c820875e1890036ed0c2ded318058454d14a86ff8275a17cf874bce3e121,1760780399,2025-10-18,2025-10-18 09:39,23603698,MarketWithdraw,0x777791C4d6DC2CE140D00D2828a7C93503c67777,0x0f9563442d64ab3bd3bcb27058db0b0d4046a4c46f0acd811dacae9551d2b129,57246088699,57244.369026495486,54611923331397406,,,,,
0x6f0c3c4030b51cbd3e23d79746b878fec424c6f7a235453327a20ec5e8b5877c,1760780867,2025-10-18,2025-10-18 09:47,23603737,MarketWithdraw,0xd63070114470f685b75B74D60EEc7c1113d33a3D,0x0f9563442d64ab3bd3bcb27058db0b0d4046a4c46f0acd811dacae9551d2b129,83167944321,83165.4459559526,79340909974067807,,,,,
0x2758311e0925c8fcec6bdf1cf391fedc39edf65decd66cd829ff83a9efd47083,1760781803,2025-10-18,2025-10-18 10:03,23603815,MarketSupply,0x777791C4d6DC2CE140D00D2828a7C93503c67777,0x0f9563442d64ab3bd3bcb27058db0b0d4046a4c46f0acd811dacae9551d2b129,33706464280,33699.78446464302,32155370160763834,,,,,
0xedea75834a499f521f31c4acc015b3d9709720be4deaf1c19e31ef244120f506,1760781815,2025-10-18,2025-10-18 10:03,23603816,MarketWithdraw,0x777791C4d6DC2CE140D00D2828a7C93503c67777,0x0f9563442d64ab3bd3bcb27058db0b0d4046a4c46f0acd811dacae9551d2b129,135895,0.13586806886001462,129641420612,,,,,
0x65faf8db0ed1a07a74b5ff4920867b50840b083ba13abe1049c857a9b3a43054,1760782103,2025-10-18,2025-10-18 10:08,23603840,MarketWithdraw,0x777791C4d6DC2CE140D00D2828a7C93503c67777,0x0f9563442d64ab3bd3bcb27058db0b0d4046a4c46f0acd811dacae9551d2b129,10000013569,9998.03180539367,9539829624337502,,,,,
0x7c4e7a7602f4e9831e3b5587c9fb2b3a360f901ce65235868ca9b8708e5e74b5,1760782403,2025-10-18,2025-10-18 10:13,23603864,MarketWithdraw,0x777791C4d6DC2CE140D00D2828a7C93503c67777,0x0f9563442d64ab3bd3bcb27058db0b0d4046a4c46f0acd811dacae9551d2b129,19999999801,19996.03627920488,19079620606364744,,,,,
0xfe02ae4ec0e4ac2c5b67f6cd74a3b3e5d982ff776d04984b56862f9a9b4c2207,1760782727,2025-10-18,2025-10-18 10:18,23603891,MarketWithdraw,0x777791C4d6DC2CE140D00D2828a7C93503c67777,0x0f9563442d64ab3bd3bcb27058db0b0d4046a4c46f0acd811dacae9551d2b129,140000297385,139972.5526732235,133557534038573391,,,,,
0x1b58c913ef5792c331d77acc10077234e52a3e972dfeb5e6bfa5d13e8c25b933,1760782751,2025-10-18,2025-10-18 10:19,23603893,MarketWithdraw,0x777791C4d6DC2CE140D00D2828a7C93503c67777,0x0f9563442d64ab3bd3bcb27058db0b0d4046a4c46f0acd811dacae9551d2b129,858670467034,858500.2990767609,819154716779348457,,,,,
0x5f076d0231f9f528072a7649ffa91f7df4a23b9bf370ddd393ad221832204642,1760785007,2025-10-18,2025-10-18 10:56,23604081,MarketWithdraw,0x777791C4d6DC2CE140D00D2828a7C93503c67777,0x0f9563442d64ab3bd3bcb27058db0b0d4046a4c46f0acd811dacae9551d2b129,8345577006,8343.93626479819,7961470507059872,,,,,
0xd8a395649cfe70b62b220da5cbe67bbffd2d2e17f12f8032fef6e5e1269cf599,1760785235,2025-10-18,2025-10-18 11:00,23604100,MarketSupply,0xd63070114470f685b75B74D60EEc7c1113d33a3D,0x0f9563442d64ab3bd3bcb27058db0b0d4046a4c46f0acd811dacae9551d2b129,842650126986,842624.8137761854,803866555835294177,,,,,
0x78ff0b693709a5dd51daa076ee63f96d8159d214e297ea6d7c3ca34d594a80ce,1760788559,2025-10-18,2025-10-18 11:55,23604374,MarketSupply,0xd63070114470f685b75B74D60EEc7c1113d33a3D,0x0f9563442d64ab3bd3bcb27058db0b0d4046a4c46f0acd811dacae9551d2b129,152254143494,152249.56977952944,145245451758893378,,,,,
0xeb570dbec876da5919a71a031e16c6ed27f48d919c69f338dfd7a86e79cb16ee,1760792087,2025-10-18,2025-10-18 12:54,23604664,MarketWithdraw,0xd63070114470f685b75B74D60EEc7c1113d33a3D,0x0f9563442d64ab3bd3bcb27058db0b0d4046a4c46f0acd811dacae9551d2b129,13088966529,13086.466537213813,12486347107264406,,,,,
0xfaa514816dae4ae67ce608c6efd001488f8668f8eb06424b36a87618b8a66183,1760795507,2025-10-18,2025-10-18 13:51,23604942,MarketWithdraw,0xd63070114470f685b75B74D60EEc7c1113d33a3D,0x0f9563442d64ab3bd3bcb27058db0b0d4046a4c46f0acd811dacae9551d2b129,21978029827,21977.369606983997,20965997496161263,,,,,
0x54dd280f07cfccf70f72efd1fa7dd8d028ddc4214341dbb125ce23431e0cbbad,1760798927,2025-10-18,2025-10-18 14:48,23605226,MarketWithdraw,0xd63070114470f685b75B74D60EEc7c1113d33a3D,0x0f9563442d64ab3bd3bcb27058db0b0d4046a4c46f0acd811dacae9551d2b129,37646619013,37642.24590065631,35912816508057030,,,,,
0x62bb5872f73696fc7d9a801ed71a7f6fb2ec3aac4aa9180db49de3b91ab2bcfc,1760802323,2025-10-18,2025-10-18 15:45,23605507,MarketSupply,0x777791C4d6DC2CE140D00D2828a7C93503c67777,0x0f9563442d64ab3bd3bcb27058db0b0d4046a4c46f0acd811dacae9551d2b129,1184825763174,1184790.1710080742,1130250481967630611,,,,,
0x2484ff03ed0977f9c5b7433eda6102d0ee4a7f0b8d539b51b91fed6673ec2cf8,1760802647,2025-10-18,2025-10-18 15:50,23605534,MarketWithdraw,0xd63070114470f685b75B74D60EEc7c1113d33a3D,0x0f9563442d64ab3bd3bcb27058db0b0d4046a4c46f0acd811dacae9551d2b129,1981865989332,1981806.4540776806,1890576386826507692,,,,,
0x43136412bb47057c0fdf6947b202811d818ac8e33406dda8940d521b5d77bfb1,1760802863,2025-10-18,2025-10-18 15:54,23605552,MarketSupply,0x55555815a5595991C3A0Ff119B59AEF6C8B55555,0x0f9563442d64ab3bd3bcb27058db0b0d4046a4c46f0acd811dacae9551d2b129,268409316374,268401.2533581361,256045588084146446,,,,,
0x2a29cc3322502edabeb9cdff6c442c182ac0ae5f4fe1d6a3082123c79f2168d2,1760805755,2025-10-18,2025-10-18 16:42,23605792,MarketSupply,0x777791C4d6DC2CE140D00D2828a7C93503c67777,0x0f9563442d64ab3bd3bcb27058db0b0d4046a4c46f0acd811dacae9551d2b129,143456542318,143429.2294440607,136847562164372131,,,,,
0x5a95005d82c0ee64bad0d487421965c34d582e1eea07c5af06877b74192094ce,1760806787,2025-10-18,2025-10-18 16:59,23605878,MarketWithdraw,0x777791C4d6DC2CE140D00D2828a7C93503c67777,0x0f9563442d64ab3bd3bcb27058db0b0d4046a4c46f0acd811dacae9551d2b129,181609629425,181575.05253617713,173242534334857742,,,,,
0x39deda99aff7dfa0e6da71fc86d31b0213029f9b05a01e7f75de23beda467bc3,1760806919,2025-10-18,2025-10-18 17:01,23605889,MarketWithdraw,0xd63070114470f685b75B74D60EEc7c1113d33a3D,0x0f9563442d64ab3bd3bcb27058db0b0d4046a4c46f0acd811dacae9551d2b129,58681200023,58679.43723975131,55977629680565193,,,,,
0xda46f1b8a51f9481cbf66f02028e55137b804554f88db7d4d1d547c509615911,1760808335,2025-10-18,2025-10-18 17:25,23606006,MarketWithdraw,0x777791C4d6DC2CE140D00D2828a7C93503c67777,0x0f9563442d64ab3bd3bcb27058db0b0d4046a4c46f0acd811dacae9551d2b129,518894272,518.8786844160692,494985985731561,,,,,
0xd5e7af825598f3b11c33ed711fad7ab43fa128d5c599465bbbd5288bd2781d8b,1760809727,2025-10-18,2025-10-18 17:48,23606121,MarketSupply,0xd63070114470f685b75B74D60EEc7c1113d33a3D,0x0f9563442d64ab3bd3bcb27058db0b0d4046a4c46f0acd811dacae9551d2b129,101395499224,101392.45330320332,96723329559663001,,,,,
0x86a7d23bbc19401b6bf8e53fccd3a3b07588a9fc8bd41815d4b3bfeacc56a1cc,1760809895,2025-10-18,2025-10-18 17:51,23606135,MarketWithdraw,0x55555815a5595991C3A0Ff119B59AEF6C8B55555,0x0f9563442d64ab3bd3bcb27058db0b0d4046a4c46f0acd811dacae9551d2b129,202028164295,202022.09536894457,192718897973849513,,,,,
0x633bf5f238c527c75e5d500cea5b9bc77a88417429d51114f986e640bf50e726,1760811287,2025-10-18,2025-10-18 18:14,23606249,MarketWithdraw,0x777791C4d6DC2CE140D00D2828a7C93503c67777,0x0f9563442d64ab3bd3bcb27058db0b0d4046a4c46f0acd811dacae9551d2b129,1599948201164,1599642.8637493167,1526218875368531163,,,,,
0xa0392fed19ffe11a5fa85e3b3e96a914921505e2d699b0b6a851dd072810e35f,1760811335,2025-10-18,2025-10-18 18:15,23606253,MarketSupply,0x777791C4d6DC2CE140D00D2828a7C93503c67777,0x0f9563442d64ab3bd3bcb27058db0b0d4046a4c46f0acd811dacae9551d2b129,2098781231855,2098380.6961158714,2002063408374701989,,,,,
0xa1d8e6375dbb03cefac8555bcc9e7742dd9c4f97c0efdfa2ad52ee62c577d51a,1760813987,2025-10-18,2025-10-18 18:59,23606474,MarketWithdraw,0xd63070114470f685b75B74D60EEc7c1113d33a3D,0x0f9563442d64ab3bd3bcb27058db0b0d4046a4c46f0acd811dacae9551d2b129,215671629552,215630.47033338278,205731616407915226,,,,,
0x83f54aa1faf396432f040564664b37ada1cefff34ef2bb824d6a6f35a23d7c6d,1760817227,2025-10-18,2025-10-18 19:53,23606742,MarketWithdraw,0xd63070114470f685b75B74D60EEc7c1113d33a3D,0x0f9563442d64ab3bd3bcb27058db0b0d4046a4c46f0acd811dacae9551d2b129,76394970866,76392.67596107519,72873472778014181,,,,,
0xe6566799285976805d1f180913dcde5d506708d12096af2ed3d1a9e983a90589,1760820815,2025-10-18,2025-10-18 20:53,23607039,MarketWithdraw,0xd63070114470f685b75B74D60EEc7c1113d33a3D,0x0f9563442d64ab3bd3bcb27058db0b0d4046a4c46f0acd811dacae9551d2b129,84092825062,84076.59876800045,80215800362562121,,,,,
0x88450dbb673f505595270ffc27c3bd53d8ea0c4b1432e1e600f12666a7a9a323,1760824199,2025-10-18,2025-10-18 21:49,23607317,MarketWithdraw,0xd63070114470f685b75B74D60EEc7c1113d33a3D,0x0f9563442d64ab3bd3bcb27058db0b0d4046a4c46f0acd811dacae9551d2b129,15965954664,15965.475046721895,15229734110815464,,,,,
0x4619bf9265a56160e941886d7aa6f38cd1c2b86dff07d8ec51c8a98df79e4097,1760831747,2025-10-18,2025-10-18 23:55,23607943,MarketSupply,0xd63070114470f685b75B74D60EEc7c1113d33a3D,0x0f9563442d64ab3bd3bcb27058db0b0d4046a4c46f0acd811dacae9551d2b129,12086424608,12084.070418200514,11528886031269169,,,,,
0x4639f98afc61e8cb6f79d19fcf98af042b308ca07ee9e4ae1998484401e7a831,1760835083,2025-10-19,2025-10-19 00:51,23608218,MarketSupply,0x777791C4d6DC2CE140D00D2828a7C93503c67777,0x0f9563442d64ab3bd3bcb27058db0b0d4046a4c46f0acd811dacae9551d2b129,242647905483,242640.6163399193,231452858046253148,,,,,
0x482804b7992cafce12bfebe899cd5f848e3494f6885ef7e83fb51b5dbdaf4308,1760835263,2025-10-19,2025-10-19 00:54,23608233,MarketWithdraw,0x777791C4d6DC2CE140D00D2828a7C93503c67777,0x0f9563442d64ab3bd3bcb27058db0b0d4046a4c46f0acd811dacae9551d2b129,5103149171,5102.995872398903,4867703114129025,,,,,
0xd210579a066604f5a164013349572bf17073ecd54f7ea2c2fd6e0eb5c5fb82a1,1760838659,2025-10-19,2025-10-19 01:50,23608513,MarketWithdraw,0xd63070114470f685b75B74D60EEc7c1113d33a3D,0x0f9563442d64ab3bd3bcb27058db0b0d4046a4c46f0acd811dacae9551d2b129,68784640319,68771.17872652665,65610575974464849,,,,,
0xa8e4dd37d3fa9046fc0a011260bdf43570d3e3524c47c2254686d37b19e23180,1760841923,2025-10-19,2025-10-19 02:45,23608785,MarketSupply,0x777791C4d6DC2CE140D00D2828a7C93503c67777,0x0f9563442d64ab3bd3bcb27058db0b0d4046a4c46f0acd811dacae9551d2b129,3888330478,3888.213672552441,3708875131984361,,,,,
0x49ac3cf36f8f98f975542c25a8fae2b337fd8bd552bc9baeaff9aea991e409c7,1760842955,2025-10-19,2025-10-19 03:02,23608870,MarketSupply,0xd63070114470f685b75B74D60EEc7c1113d33a3D,0x0f9563442d64ab3bd3bcb27058db0b0d4046a4c46f0acd811dacae9551d2b129,14315584217,14312.784574936406,13654854110087777,,,,,
0x47a47f0ee6ee66cd2bb07c764171b9143e11b96cb3c42d2c091b05f9edd6afec,1760846171,2025-10-19,2025-10-19 03:56,23609135,MarketWithdraw,0x777791C4d6DC2CE140D00D2828a7C93503c67777,0x0f9563442d64ab3bd3bcb27058db0b0d4046a4c46f0acd811dacae9551d2b129,1924315216243,1923938.885543439,1835485357110601927,,,,,
0xd7f242583343ad05132e51522268d2ce5fde06e24754e8485e3bdbef22d4fee5,1760846231,2025-10-19,2025-10-19 03:57,23609140,MarketSupply,0x777791C4d6DC2CE140D00D2828a7C93503c67777,0x0f9563442d64ab3bd3bcb27058db0b0d4046a4c46f0acd811dacae9551d2b129,1839998705953,1839638.8646991567,1755059812907112267,,,,,
0x3ec244075743cae729ada7a058fa6cf910b6f388eda9a57ccde7f4a834f61994,1760847515,2025-10-19,2025-10-19 04:18,23609247,MarketWithdraw,0x55555815a5595991C3A0Ff119B59AEF6C8B55555,0x0f9563442d64ab3bd3bcb27058db0b0d4046a4c46f0acd811dacae9551d2b129,66391687841,66389.0222147332,63326690110296933,,,,,
0xe242151510bb90781a019b698404d30b15c33b69d34b8b6cefb38d87c0ea6ae2,1760850023,2025-10-19,2025-10-19 05:00,23609454,MarketSupply,0xd63070114470f685b75B74D60EEc7c1113d33a3D,0x0f9563442d64ab3bd3bcb27058db0b0d4046a4c46f0acd811dacae9551d2b129,242251566052,242204.53819196523,231066539942478152,,,,,
0x0783a769aa2541eb44d7dfffb24a04970da1e987a2a39485815019704706da0f,1760853551,2025-10-19,2025-10-19 05:59,23609747,MarketSupply,0xd63070114470f685b75B74D60EEc7c1113d33a3D,0x0f9563442d64ab3bd3bcb27058db0b0d4046a4c46f0acd811dacae9551d2b129,156392670652,156362.31042463076,149170627516353009,,,,,
0xeacc08321c70eee71c4d7c486f22a07f1d464c10b9d1b3c1eed0621efb82a9a3,1760857199,2025-10-19,2025-10-19 06:59,23610049,MarketSupply,0xd63070114470f685b75B74D60EEc7c1113d33a3D,0x0f9563442d64ab3bd3bcb27058db0b0d4046a4c46f0acd811dacae9551d2b129,304892210,304.87996857776847,290810218625984,,,,,
0x07f6a705988cad0058a0ae0a1f4f37e25c87061025f206b1be6df4490c37063b,1760864387,2025-10-19,2025-10-19 08:59,23610647,MarketSupply,0x777791C4d6DC2CE140D00D2828a7C93503c67777,0x0f9563442d64ab3bd3bcb27058db0b0d4046a4c46f0acd811dacae9551d2b129,27443329358,27437.897516868947,26175384612913246,,,,,
0x0bd06c55a3bc84b3e9a2804a45a947326625e9d5f88af4e9f93422bfe8185c5c,1760864507,2025-10-19,2025-10-19 09:01,23610657,MarketWithdraw,0x777791C4d6DC2CE140D00D2828a7C93503c67777,0x0f9563442d64ab3bd3bcb27058db0b0d4046a4c46f0acd811dacae9551d2b129,16549012,16.54572398956615,15784405432404,,,,,
0xfe62c5174421a3f8185991d1787eb47c4a16d7b3999d439c86f9d075bf335f30,1760864567,2025-10-19,2025-10-19 09:02,23610662,MarketWithdraw,0x777791C4d6DC2CE140D00D2828a7C93503c67777,0x0f9563442d64ab3bd3bcb27058db0b0d4046a4c46f0acd811dacae9551d2b129,16549014,16.54572598916878,15784405207225,,,,,
0x79f9a16db719f801daf8f8c8c3ab41dcf2022dc62f06b23869046e86dc9f9d7e,1760867975,2025-10-19,2025-10-19 09:59,23610944,MarketWithdraw,0x777791C4d6DC2CE140D00D2828a7C93503c67777,0x0f9563442d64ab3bd3bcb27058db0b0d4046a4c46f0acd811dacae9551d2b129,350000000000,349930.46088480396,333826500662294930,,,,,
0xcf7ea23e889851b082e4fb52784fee90434718e8d292d33d2b6abed06b2c9ee2,1760869175,2025-10-19,2025-10-19 10:19,23611043,MarketWithdraw,0x777791C4d6DC2CE140D00D2828a7C93503c67777,0x0f9563442d64ab3bd3bcb27058db0b0d4046a4c46f0acd811dacae9551d2b129,524680434,524.6593680805748,500433531514687,,,,,
0x745b1d74a54efcdc6ba6fd94fe333b0e57a09824377e9698fd21d85e2c462619,1760869475,2025-10-19,2025-10-19 10:24,23611068,MarketSupply,0x777791C4d6DC2CE140D00D2828a7C93503c67777,0x0f9563442d64ab3bd3bcb27058db0b0d4046a4c46f0acd811dacae9551d2b129,340557955137,340544.28173510125,324819620056714298,,,,,
0x676114a82fc4498335f3393f874285b17bd05fa9cfd2e25b00f082f0ba51022a,1760869523,2025-10-19,2025-10-19 10:25,23611072,MarketWithdraw,0x777791C4d6DC2CE140D00D2828a7C93503c67777,0x0f9563442d64ab3bd3bcb27058db0b0d4046a4c46f0acd811dacae9551d2b129,1662722258,1662.6554997013413,1585882066562272,,,,,
0xba4eb6badde44b33a6b01505f5e8a47347f05b6bea03449df1fb431e43d27c5b,1760871467,2025-10-19,2025-10-19 10:57,23611234,MarketWithdraw,0xd63070114470f685b75B74D60EEc7c1113d33a3D,0x0f9563442d64ab3bd3bcb27058db0b0d4046a4c46f0acd811dacae9551d2b129,279104998798,279093.79273229826,266205417458989192,,,,,
0x0af728d1c99dcc05258acf0ce076b9bcd77a6df19bc3c4ab1687ad391386317b,1760874923,2025-10-19,2025-10-19 11:55,23611521,MarketWithdraw,0x777791C4d6DC2CE140D00D2828a7C93503c67777,0x0f9563442d64ab3bd3bcb27058db0b0d4046a4c46f0acd811dacae9551d2b129,20000000000,19999.197,19075492151378403,,,,,
0x575a848b6e6a6e0202ef0d9ac7a3250525d154b186d747040cbab34498ebc1de,1760875151,2025-10-19,2025-10-19 11:59,23611540,MarketSupply,0xd63070114470f685b75B74D60EEc7c1113d33a3D,0x0f9563442d64ab3bd3bcb27058db0b0d4046a4c46f0acd811dacae9551d2b129,10388917675,10388.50055995535,9908680568078339,,,,,
0x0a82dc113fa28a87ab823c2d65ecbe125229f436aeaebc4ffdde55300962a193,1760877395,2025-10-19,2025-10-19 12:36,23611724,MarketWithdraw,0x777791C4d6DC2CE140D00D2828a7C93503c67777,0x0f9563442d64ab3bd3bcb27058db0b0d4046a4c46f0acd811dacae9551d2b129,1899620849680,1899245.8911232206,1811799617999516344,,,,,
0x22daf7bc1566e10561b0fa7d6a133a6031683b5148f6913fb42a090af67153eb,1760877443,2025-10-19,2025-10-19 12:37,23611728,MarketSupply,0x777791C4d6DC2CE140D00D2828a7C93503c67777,0x0f9563442d64ab3bd3bcb27058db0b0d4046a4c46f0acd811dacae9551d2b129,1809998092638,1809640.824358541,1726319234921868122,,,,,
0x3de6a11c7a1ed82770731d762c14ffc66e424dff960103361b1e869e314855a7,1760882099,2025-10-19,2025-10-19 13:54,23612110,MarketWithdraw,0x777791C4d6DC2CE140D00D2828a7C93503c67777,0x0f9563442d64ab3bd3bcb27058db0b0d4046a4c46f0acd811dacae9551d2b129,24775460,24.774465265281,23629792768830,,,,,
0x7455df30220dbf8312c945fbe553db7b1e1d706c74506acef53e77851dfa6994,1760882387,2025-10-19,2025-10-19 13:59,23612134,MarketWithdraw,0xd63070114470f685b75B74D60EEc7c1113d33a3D,0x0f9563442d64ab3bd3bcb27058db0b0d4046a4c46f0acd811dacae9551d2b129,121332705868,121327.83435985941,115721957679240441,,,,,
0x3e34d236a0c324509683ffef6e12ee306703c3ad548381b6c1fd55a0a63f77ee,1760883827,2025-10-19,2025-10-19 14:23,23612254,MarketWithdraw,0x777791C4d6DC2CE140D00D2828a7C93503c67777,0x0f9563442d64ab3bd3bcb27058db0b0d4046a4c46f0acd811dacae9551d2b129,499970825514,499873.2489869799,476849179256840140,,,,,
0xcd16ffe437aad81aac809af57dea8569dbfbfbcd7137bb610eb4b899ccb86c3e,1760884019,2025-10-19,2025-10-19 14:26,23612270,MarketSupply,0x777791C4d6DC2CE140D00D2828a7C93503c67777,0x0f9563442d64ab3bd3bcb27058db0b0d4046a4c46f0acd811dacae9551d2b129,721329848793,721189.0708557897,687970890796512839,,,,,
0x6a15e1d911b2f390ab62682836fbc9b262cf0c8d23f663762bf29aad7f78297f,1760884415,2025-10-19,2025-10-19 14:33,23612303,MarketWithdraw,0x777791C4d6DC2CE140D00D2828a7C93503c67777,0x0f9563442d64ab3bd3bcb27058db0b0d4046a4c46f0acd811dacae9551d2b129,4182935179,4182.118818791187,3989485499959248,,,,,
0xdca94ffc34a39041c8aea990d374fe7653219855d24dfa18bbfc36346ee83d01,1760885855,2025-10-19,2025-10-19 14:57,23612421,MarketWithdraw,0xd63070114470f685b75B74D60EEc7c1113d33a3D,0x0f9563442d64ab3bd3bcb27058db0b0d4046a4c46f0acd811dacae9551d2b129,305911151764,305851.44878486084,291762586372939327,,,,,
0x199c6f33f4076921f640505911b14cbba5c5221049e9c40744d9c3fb41f247ef,1760887499,2025-10-19,2025-10-19 15:24,23612555,MarketSupply,0x0F359FD18BDa75e9c49bC027E7da59a4b01BF32a,0x0f9563442d64ab3bd3bcb27058db0b0d4046a4c46f0acd811dacae9551d2b129,999998080429,999957.9305060707,953743757445539334,,,,,
0x482b0b40a83fcb9996313f466b4aef6e60c9c292e9795f215ad4cb013a191c8b,1760889179,2025-10-19,2025-10-19 15:52,23612695,MarketWithdraw,0xd63070114470f685b75B74D60EEc7c1113d33a3D,0x0f9563442d64ab3bd3bcb27058db0b0d4046a4c46f0acd811dacae9551d2b129,906662160339,906625.7578532625,864721946267990310,,,,,
0x6ec63ab00b393d49a5f0436bca221dee6c00fca6fa96bea97b8bc1bedb24920f,1760892911,2025-10-19,2025-10-19 16:55,23613005,MarketSupply,0xd63070114470f685b75B74D60EEc7c1113d33a3D,0x0f9563442d64ab3bd3bcb27058db0b0d4046a4c46f0acd811dacae9551d2b129,85286603859,85278.1135941215,81340698463598185,,,,,
0x76c1ef4414ed951c1701e12acb051494eb71a3afcb25cdf89f3b7e0dffb57f53,1760896295,2025-10-19,2025-10-19 17:51,23613285,MarketSupply,0xd63070114470f685b75B74D60EEc7c1113d33a3D,0x0f9563442d64ab3bd3bcb27058db0b0d4046a4c46f0acd811dacae9551d2b129,90867404085,90863.755758726,86662595786973538,,,,,
0x04a036e41c0c82d57347dddb88007f0e25e6b48aed2493edd5cd037b0aa21b4c,1760899271,2025-10-19,2025-10-19 18:41,23613532,MarketSupply,0x777791C4d6DC2CE140D00D2828a7C93503c67777,0x0f9563442d64ab3bd3bcb27058db0b0d4046a4c46f0acd811dacae9551d2b129,1728509942468,1728184.2640065283,1648513140474504760,,,,,
0x76f5754131b3b71de525f32c93cf177cfcfd06cc3bebf6ac873088e59a5ea3f7,1760900159,2025-10-19,2025-10-19 18:55,23613605,MarketWithdraw,0xd63070114470f685b75B74D60EEc7c1113d33a3D,0x0f9563442d64ab3bd3bcb27058db0b0d4046a4c46f0acd811dacae9551d2b129,1462362929793,1462087.3976150316,1394681309510266084,,,,,
0xa74eb74018e97da5f3f6c0bd865c896b33d6bf9aa110fe9b2e2f711deb38ec79,1760900975,2025-10-19,2025-10-19 19:09,23613673,MarketWithdraw,0x777791C4d6DC2CE140D00D2828a7C93503c67777,0x0f9563442d64ab3bd3bcb27058db0b0d4046a4c46f0acd811dacae9551d2b129,6004695890,6004.454801460016,5726773760779340,,,,,
0x55dc7ba956681e5d1be21ccfa2bcc68b2b2e1029c04284fe819aee1e864572c4,1760907107,2025-10-19,2025-10-19 20:51,23614181,MarketWithdraw,0xd63070114470f685b75B74D60EEc7c1113d33a3D,0x0f9563442d64ab3bd3bcb27058db0b0d4046a4c46f0acd811dacae9551d2b129,1329651014,1329.5248849582758,1268091660240088,,,,,
0xcc84be9e2b33e1a7144b17daa554e422b0d731c0e2de1d137d5212aebfc9ed98,1760909135,2025-10-19,2025-10-19 21:25,23614348,MarketSupply,0x777791C4d6DC2CE140D00D2828a7C93503c67777,0x0f9563442d64ab3bd3bcb27058db0b0d4046a4c46f0acd811dacae9551d2b129,281791183688,281779.8697719749,268743757095502883,,,,,
0xed3dccc5d47e8a115a6e11cd7f257cb74fac5671d0d49bf74fdddb5fe27182c2,1760910083,2025-10-19,2025-10-19 21:41,23614427,MarketWithdraw,0x777791C4d6DC2CE140D00D2828a7C93503c67777,0x0f9563442d64ab3bd3bcb27058db0b0d4046a4c46f0acd811dacae9551d2b129,1005895977017,1005855.5902935227,959319247430203794,,,,,
0xa985d5cf5cb70f053d7ba6dfbecc763efb773f9009d0e886cb200fbc6bbfcb4c,1760910995,2025-10-19,2025-10-19 21:56,23614502,MarketSupply,0xd63070114470f685b75B74D60EEc7c1113d33a3D,0x0f9563442d64ab3bd3bcb27058db0b0d4046a4c46f0acd811dacae9551d2b129,859230212671,859195.7145779612,819442774383444574,,,,,
0xaf39f180a6dbc59f88efbdd38213fdeb69bc52887f84ebd409fa591747c7fbb3,1760911163,2025-10-19,2025-10-19 21:59,23614516,MarketWithdraw,0x777791C4d6DC2CE140D00D2828a7C93503c67777,0x0f9563442d64ab3bd3bcb27058db0b0d4046a4c46f0acd811dacae9551d2b129,53599217,53.59706499143745,51117237320839,,,,,
0x21143c4d928223954243fffa5c35d6e4113670703c2a794a410aeb594ed21cf4,1760912015,2025-10-19,2025-10-19 22:13,23614586,MarketWithdraw,0x777791C4d6DC2CE140D00D2828a7C93503c67777,0x0f9563442d64ab3bd3bcb27058db0b0d4046a4c46f0acd811dacae9551d2b129,1173280565686,1173049.8794612682,1118948204665788032,,,,,
0xd95ff1b3b7de8d5d6490b5f252ed7ea1b1c2c97de27518cc96ebbe37a9fd4ab4,1760912123,2025-10-19,2025-10-19 22:15,23614595,MarketSupply,0x55555815a5595991C3A0Ff119B59AEF6C8B55555,0x0f9563442d64ab3bd3bcb27058db0b0d4046a4c46f0acd811dacae9551d2b129,89882791158,89865.11872536369,85720465602652489,,,,,
0x40f03cb9d7ba7eacc34f7bce12694a2fb99f1f7cc614a9beee6282e487606eed,1760912459,2025-10-19,2025-10-19 22:20,23614623,MarketWithdraw,0x777791C4d6DC2CE140D00D2828a7C93503c67777,0x0f9563442d64ab3bd3bcb27058db0b0d4046a4c46f0acd811dacae9551d2b129,563250364705,563139.6204346075,537166688704367173,,,,,
0x2dc5744c89261629762cd49c0869d7d2da2ccc8adf0c984aba08ab76ec1196e2,1760912519,2025-10-19,2025-10-19 22:21,23614628,MarketSupply,0x777791C4d6DC2CE140D00D2828a7C93503c67777,0x0f9563442d64ab3bd3bcb27058db0b0d4046a4c46f0acd811dacae9551d2b129,480907486850,480812.93254148145,458636871093378919,,,,,
0x06b9e6c6ac84d5e3d1cbbb446943a8157b2246b6630072defd21222aa89a2dfe,1760914055,2025-10-19,2025-10-19 22:47,23614755,MarketSupply,0xd63070114470f685b75B74D60EEc7c1113d33a3D,0x0f9563442d64ab3bd3bcb27058db0b0d4046a4c46f0acd811dacae9551d2b129,778559477231,778406.3996536632,742501484634300453,,,,,
0xcdb5c0e0504da066551b436ec8ea5f21ca6fe1869db49d858f7d9906bcb3b462,1760916071,2025-10-19,2025-10-19 23:21,23614922,MarketWithdraw,0xca7c196f00e04A5e1c71B91476d0d58f82499734,0x0f9563442d64ab3bd3bcb27058db0b0d4046a4c46f0acd811dacae9551d2b129,459917,0.45989853433245004,438614454298,,,,,
0x8dc1378c9427dc81546233dbe1d90ca9125c27d7410adac151200f39bef76cf2,1760916755,2025-10-19,2025-10-19 23:32,23614979,MarketWithdraw,0x777791C4d6DC2CE140D00D2828a7C93503c67777,0x0f9563442d64ab3bd3bcb27058db0b0d4046a4c46f0acd811dacae9551d2b129,1876098326507,1876023.0011591907,1789197884456514322,,,,,
0x46b6c1bc5ca23248becf5711913ab1f7f9d86f30879fb12c1148030dc302646e,1760916803,2025-10-19,2025-10-19 23:33,23614983,MarketSupply,0x777791C4d6DC2CE140D00D2828a7C93503c67777,0x0f9563442d64ab3bd3bcb27058db0b0d4046a4c46f0acd811dacae9551d2b129,2949331101687,2949212.686043267,2812717191893325578,,,,,
0xb1a313b7e245ae1fa104af8558ca406f0c33d0676ee9cce4b597864599b59c3c,1760917607,2025-10-19,2025-10-19 23:46,23615050,MarketWithdraw,0x55555815a5595991C3A0Ff119B59AEF6C8B55555,0x0f9563442d64ab3bd3bcb27058db0b0d4046a4c46f0acd811dacae9551d2b129,89884062071,89880.45322590784,85720465602652489,,,,,
0x7fd874716c436a96c9d3b42400325bb1cd4a405b0654e4b4c44ee9c4f12880e8,1760918267,2025-10-19,2025-10-19 23:57,23615105,MarketWithdraw,0xd63070114470f685b75B74D60EEc7c1113d33a3D,0x0f9563442d64ab3bd3bcb27058db0b0d4046a4c46f0acd811dacae9551d2b129,913327436369,913290.7662724297,871019238308981338,,,,,
0xa86dbb3b1f073ddf9fd3ca6c24e7d7950af04bc8ecabd9392f220903bf5a1852,1760919167,2025-10-20,2025-10-20 00:12,23615180,MarketWithdraw,0x777791C4d6DC2CE140D00D2828a7C93503c67777,0x0f9563442d64ab3bd3bcb27058db0b0d4046a4c46f0acd811dacae9551d2b129,300000000000,299946.34485123475,286102459139387651,,,,,
0xade900ffb9ff65b68ee368e7f27b68b3f24d77c0b0028572d13e6f9bc35020ca,1760920787,2025-10-20,2025-10-20 00:39,23615314,MarketWithdraw,0x777791C4d6DC2CE140D00D2828a7C93503c67777,0x0f9563442d64ab3bd3bcb27058db0b0d4046a4c46f0acd811dacae9551d2b129,5447252944,5446.2787001097595,5194887805083416,,,,,
0x6b6bd1736f319732446ededc48aca7c748f18668b77020cd28d7c18c189f4f24,1760920943,2025-10-20,2025-10-20 00:42,23615327,MarketWithdraw,0x777791C4d6DC2CE140D00D2828a7C93503c67777,0x0f9563442d64ab3bd3bcb27058db0b0d4046a4c46f0acd811dacae9551d2b129,15573958744,15571.173333755758,14852429025136277,,,,,
0x7fb277cedab8138fb8ff77644a395e0fa5c10a979c298cbf051cb35e918f745b,1760921795,2025-10-20,2025-10-20 00:56,23615398,MarketWithdraw,0x777791C4d6DC2CE140D00D2828a7C93503c67777,0x0f9563442d64ab3bd3bcb27058db0b0d4046a4c46f0acd811dacae9551d2b129,28997568,28.99238177058377,27654075328827,,,,,
0xdfc80b7f8a0e170862b409b83cbd3d2ecd8dc9126cd4a8ce4219351d03a572b8,1760922059,2025-10-20,2025-10-20 01:00,23615420,MarketSupply,0xd63070114470f685b75B74D60EEc7c1113d33a3D,0x0f9563442d64ab3bd3bcb27058db0b0d4046a4c46f0acd811dacae9551d2b129,275214176417,275203.1265678169,262462999661780033,,,,,
0x4e2931ccd6ab758c89f922006cebd9b781a401a9d9f2c9505fe217a4870c8fe3,1760925227,2025-10-20,2025-10-20 01:53,23615681,MarketSupply,0xd63070114470f685b75B74D60EEc7c1113d33a3D,0x0f9563442d64ab3bd3bcb27058db0b0d4046a4c46f0acd811dacae9551d2b129,162026773345,162020.2679700502,154518632807282498,,,,,
0xdc35ba6ddbfce58633ca46f6eef2367e3b0d99795bc9cbcb7f75a61e9df93370,1760927939,2025-10-20,2025-10-20 02:38,23615901,MarketWithdraw,0x777791C4d6DC2CE140D00D2828a7C93503c67777,0x0f9563442d64ab3bd3bcb27058db0b0d4046a4c46f0acd811dacae9551d2b129,773568450140,773537.3913667268,737717583195051483,,,,,
0x98ac476e1abb40e31136ebc6d0eb030d0478202a836c6dd4a332edb5e48bc4d3,1760929187,2025-10-20,2025-10-20 02:59,23616004,MarketSupply,0xd63070114470f685b75B74D60EEc7c1113d33a3D,0x0f9563442d64ab3bd3bcb27058db0b0d4046a4c46f0acd811dacae9551d2b129,449589851349,449571.80031646835,428752336786802998,,,,,
0x33da8dbc98e1fa5c0db899679cf5277c0bc1db88748fe89f4f2466be9f4450ef,1760932427,2025-10-20,2025-10-20 03:53,23616272,MarketWithdraw,0xd63070114470f685b75B74D60EEc7c1113d33a3D,0x0f9563442d64ab3bd3bcb27058db0b0d4046a4c46f0acd811dacae9551d2b129,157243157972,157228.65817999135,149954117550242141,,,,,
0x35e11b53ef28b6de0b8a699c0c2fd05a743fe8507205959b488de146f1082800,1760936399,2025-10-20,2025-10-20 04:59,23616599,MarketSupply,0xd63070114470f685b75B74D60EEc7c1113d33a3D,0x0f9563442d64ab3bd3bcb27058db0b0d4046a4c46f0acd811dacae9551d2b129,67148888767,67136.1799114157,64035565682395287,,,,,
0xd920fc2086dbc29f85ede262d73c11b6ba5974be5dc528b9b92f3ca8c7172d9f,1760938283,2025-10-20,2025-10-20 05:31,23616754,MarketSupply,0x777791C4d6DC2CE140D00D2828a7C93503c67777,0x0f9563442d64ab3bd3bcb27058db0b0d4046a4c46f0acd811dacae9551d2b129,1071761977090,1071551.3486917273,1022065633129463208,,,,,
0x28f8060f300f12175107bc0f5a0e380713caadb047d8ac672487d3100a7749bb,1760939483,2025-10-20,2025-10-20 05:51,23616852,MarketWithdraw,0xd63070114470f685b75B74D60EEc7c1113d33a3D,0x0f9563442d64ab3bd3bcb27058db0b0d4046a4c46f0acd811dacae9551d2b129,901633706806,901456.5129256864,859823862326662447,,,,,
0x5abe151e71a61ebff72ce7f9d12dba08ce479f6c457a848def2a15809265f483,1760943059,2025-10-20,2025-10-20 06:50,23617146,MarketSupply,0xd63070114470f685b75B74D60EEc7c1113d33a3D,0x0f9563442d64ab3bd3bcb27058db0b0d4046a4c46f0acd811dacae9551d2b129,44193469025,44191.01761327319,42143808795937177,,,,,
0x73d818e4cf764085dee269b075f43685dd1d5854c7c14527ffc2f808089ea3d2,1760946479,2025-10-20,2025-10-20 07:47,23617429,MarketSupply,0xd63070114470f685b75B74D60EEc7c1113d33a3D,0x0f9563442d64ab3bd3bcb27058db0b0d4046a4c46f0acd811dacae9551d2b129,9825478526,9823.513430294803,9369705019440286,,,,,
0x2a393dda093ac55ffde2a11d1994b5b685f3223287dfb830b8ecb8a30de397eb,1760950439,2025-10-20,2025-10-20 08:53,23617756,MarketWithdraw,0xd63070114470f685b75B74D60EEc7c1113d33a3D,0x0f9563442d64ab3bd3bcb27058db0b0d4046a4c46f0acd811dacae9551d2b129,128218097842,128210.98558411271,122269324508069751,,,,,
0x99262ccc1388cdbda2d5d6aa26eef4401193674d96afbf39e59b1d7f5fb520e2,1760952443,2025-10-20,2025-10-20 09:27,23617922,MarketWithdraw,0x777791C4d6DC2CE140D00D2828a7C93503c67777,0x0f9563442d64ab3bd3bcb27058db0b0d4046a4c46f0acd811dacae9551d2b129,302401557448,302341.07713651046,288370036563724369,,,,,
0xb664d40b9b76ccea17e47349972d9ee00586e25ce990f71c7117a9f42fae6b69,1760953583,2025-10-20,2025-10-20 09:46,23618016,MarketSupply,0x55555815a5595991C3A0Ff119B59AEF6C8B55555,0x0f9563442d64ab3bd3bcb27058db0b0d4046a4c46f0acd811dacae9551d2b129,35745687480,35738.538342504005,34086980263740985,,,,,
0x53433b6a1130996dc89db324d7798ffafde0f565cdbb29d046fbd749e4ce627f,1760954039,2025-10-20,2025-10-20 09:53,23618054,MarketSupply,0xd63070114470f685b75B74D60EEc7c1113d33a3D,0x0f9563442d64ab3bd3bcb27058db0b0d4046a4c46f0acd811dacae9551d2b129,235686587527,235639.45020949462,224749768243030665,,,,,
0x60c6f32e43fa8709a53746ecd9c0eb1c346f4c38281fab25a98aba397e5bba89,1760954351,2025-10-20,2025-10-20 09:59,23618079,MarketWithdraw,0x777791C4d6DC2CE140D00D2828a7C93503c67777,0x0f9563442d64ab3bd3bcb27058db0b0d4046a4c46f0acd811dacae9551d2b129,1463120981983,1462828.3577866035,1395225156728466793,,,,,
0xd0200414fe0ee4a225036e1cf380cdf5fc2c57c8538662e13f2b785798ae4032,1760954399,2025-10-20,2025-10-20 09:59,23618083,MarketSupply,0x777791C4d6DC2CE140D00D2828a7C93503c67777,0x0f9563442d64ab3bd3bcb27058db0b0d4046a4c46f0acd811dacae9551d2b129,2238754174236,2238306.423401153,2134864299196890891,,,,,
0xf946c19831b237f401460de4a6bcf35930d7fd15f85b9743572a887ef10706f5,1760954735,2025-10-20,2025-10-20 10:05,23618110,MarketWithdraw,0x777791C4d6DC2CE140D00D2828a7C93503c67777,0x0f9563442d64ab3bd3bcb27058db0b0d4046a4c46f0acd811dacae9551d2b129,19359477228,19358.403357798165,18461083162842067,,,,,
0x80f10e98d4515fa1125013c481cb65d212997c3ff63d6385c2c784b87d6fcb72,1760957519,2025-10-20,2025-10-20 10:51,23618337,MarketWithdraw,0xd63070114470f685b75B74D60EEc7c1113d33a3D,0x0f9563442d64ab3bd3bcb27058db0b0d4046a4c46f0acd811dacae9551d2b129,642869436458,642833.7764903597,613032827989107341,,,,,
0xb437ec8e49939583f582a2386aaa2ddf896b91f5e16ff4324cc9de1c0e07a8ef,1760961311,2025-10-20,2025-10-20 11:55,23618648,MarketSupply,0xd63070114470f685b75B74D60EEc7c1113d33a3D,0x0f9563442d64ab3bd3bcb27058db0b0d4046a4c46f0acd811dacae9551d2b129,46926489259,46917.5295521152,44748155850700856,,,,,
0x2315e1eeb0a40a2c92a2c530f2720880a2fd7736e3f658167f9ffd90e1f42332,1760963999,2025-10-20,2025-10-20 12:39,23618870,MarketWithdraw,0x777791C4d6DC2CE140D00D2828a7C93503c67777,0x0f9563442d64ab3bd3bcb27058db0b0d4046a4c46f0acd811dacae9551d2b129,2588558315,2588.4147276702674,2468381616978495,,,,,
0x1afee2f532962a5dacba750469b035a072baa8744fffedfb9531ba1066a4fede,1760964707,2025-10-20,2025-10-20 12:51,23618929,MarketSupply,0xd63070114470f685b75B74D60EEc7c1113d33a3D,0x0f9563442d64ab3bd3bcb27058db0b0d4046a4c46f0acd811dacae9551d2b129,80142696515,80138.25099962432,76421856273975856,,,,,
0xa3023c237f3d828595427db22c79e7f446cc77d755277b53db7f112bed46883c,1760965271,2025-10-20,2025-10-20 13:01,23618976,MarketWithdraw,0x777791C4d6DC2CE140D00D2828a7C93503c67777,0x0f9563442d64ab3bd3bcb27058db0b0d4046a4c46f0acd811dacae9551d2b129,16000000000,15996.896463025407,15257137087740483,,,,,
0x56c7ec151ad5c17cc6195a5dc83000582b719456079bd447adf1afe8243dfe74,1760966915,2025-10-20,2025-10-20 13:28,23619112,MarketSupply,0x777791C4d6DC2CE140D00D2828a7C93503c67777,0x0f9563442d64ab3bd3bcb27058db0b0d4046a4c46f0acd811dacae9551d2b129,4917131717,4916.177935744209,4688816697246691,,,,,
0x175232f21dc75afad2d09c61795b8808f75ae953efd3a162fb2cf025860152f7,1760968187,2025-10-20,2025-10-20 13:49,23619218,MarketSupply,0xd63070114470f685b75B74D60EEc7c1113d33a3D,0x0f9563442d64ab3bd3bcb27058db0b0d4046a4c46f0acd811dacae9551d2b129,531550422749,531447.3173495712,506867683841519321,,,,,
0xa2fe1f24cad2631387a5fe25d3c1e0412761c05d10496bff83243d04f25025f2,1760972267,2025-10-20,2025-10-20 14:57,23619553,MarketSupply,0xd63070114470f685b75B74D60EEc7c1113d33a3D,0x0f9563442d64ab3bd3bcb27058db0b0d4046a4c46f0acd811dacae9551d2b129,459067399025,459041.9345563761,437746602251028460,,,,,
0xcddf579870bab9ff60ff7ac8427c29e93a5da3a797d1e5d5785e7541d18f7168,1760972783,2025-10-20,2025-10-20 15:06,23619596,MarketSupply,0xd63070114470f685b75B74D60EEc7c1113d33a3D,0x0f9563442d64ab3bd3bcb27058db0b0d4046a4c46f0acd811dacae9551d2b129,601414709966,601381.3494920383,573482177752296783,,,,,
0xb1829a5ec494fb1edd11395e8f77f68473661c1e2fcb67b12a16cdb3f90ab41f,1760975879,2025-10-20,2025-10-20 15:57,23619853,MarketWithdraw,0xd63070114470f685b75B74D60EEc7c1113d33a3D,0x0f9563442d64ab3bd3bcb27058db0b0d4046a4c46f0acd811dacae9551d2b129,412159559071,412136.6965802584,393014655416973268,,,,,
0x143c8b7fbcaca33358c1bc50c5aac045f3f336172a64c8c0d6228d72e3f62a08,1760976515,2025-10-20,2025-10-20 16:08,23619906,MarketSupply,0x777791C4d6DC2CE140D00D2828a7C93503c67777,0x0f9563442d64ab3bd3bcb27058db0b0d4046a4c46f0acd811dacae9551d2b129,310127124618,310066.76416789595,295721280457615856,,,,,
0x472a95192e72cc6323613af9bf28e4474dc563576948c6ca9b0d8ae5978b570c,1760978087,2025-10-20,2025-10-20 16:34,23620035,MarketSupply,0x777791C4d6DC2CE140D00D2828a7C93503c67777,0x0f9563442d64ab3bd3bcb27058db0b0d4046a4c46f0acd811dacae9551d2b129,10000000512,9998.054198749625,9535457996171552,,,,,
0xd645d96ec4b02dd294252fba9f8c61456d64f8dc65be72a5516f3e70f25a7478,1760979395,2025-10-20,2025-10-20 16:56,23620143,MarketWithdraw,0xd63070114470f685b75B74D60EEc7c1113d33a3D,0x0f9563442d64ab3bd3bcb27058db0b0d4046a4c46f0acd811dacae9551d2b129,230775144030,230730.2279602314,220054114894896088,,,,,
0x4d5b776d8b3858d123e752e297c5d4b706e32cbcda2dbad58a154fe02d9c55a3,1760983091,2025-10-20,2025-10-20 17:58,23620446,MarketSupply,0xd63070114470f685b75B74D60EEc7c1113d33a3D,0x0f9563442d64ab3bd3bcb27058db0b0d4046a4c46f0acd811dacae9551d2b129,15026070110,15025.236613891,14327907118661378,,,,,
0xe89389873726be283e954bf6401e89f7ea1fe2366c31a3e63c2b875cea024882,1760985947,2025-10-20,2025-10-20 18:45,23620683,MarketRepay,0xef8f606651AAcd0dDA318EcC0FaACb41d5A0c62D,0x0f9563442d64ab3bd3bcb27058db0b0d4046a4c46f0acd811dacae9551d2b129,31016323551,31010.135514504054,29403799372895228,,,,,
0x1224324e3afe12b3300bfc29d537d8676a4a9087e6f60aa4eabf6b3a5fbfc845,1760986115,2025-10-20,2025-10-20 18:48,23620697,MarketWithdrawCollateral,0xef8f606651AAcd0dDA318EcC0FaACb41d5A0c62D,0x0f9563442d64ab3bd3bcb27058db0b0d4046a4c46f0acd811dacae9551d2b129,34092616072679839867338,36377.457302898125,,,,,,
0x6521c3cafe9a7b3e3059373170d0dee881fa86f1eff90bb9f464ac221121fb84,1760990303,2025-10-20,2025-10-20 19:58,23621041,MarketWithdraw,0x777791C4d6DC2CE140D00D2828a7C93503c67777,0x0f9563442d64ab3bd3bcb27058db0b0d4046a4c46f0acd811dacae9551d2b129,43643652243,43641.23132961008,41615238749983058,,,,,
0x22d4064f82dd7d2e2d272cd6df49a36a51617ec41b13d811386fda4a1eb839bc,1760990327,2025-10-20,2025-10-20 19:58,23621043,MarketWithdraw,0xd63070114470f685b75B74D60EEc7c1113d33a3D,0x0f9563442d64ab3bd3bcb27058db0b0d4046a4c46f0acd811dacae9551d2b129,214280689716,214268.80356614146,204321618145485950,,,,,
0x5f587ae83a406c2b78168534ede533ad92bb864b40cd56ace99fce6c5a9dbfe4,1760994059,2025-10-20,2025-10-20 21:00,23621348,MarketWithdraw,0xd63070114470f685b75B74D60EEc7c1113d33a3D,0x0f9563442d64ab3bd3bcb27058db0b0d4046a4c46f0acd811dacae9551d2b129,112671825171,112665.57526485778,107434407057928015,,,,,
0xf7375c35bbc13b3c41b465d13fbe44f1b3220a279c06e640dc5e8619731ff204,1760997551,2025-10-20,2025-10-20 21:59,23621636,MarketWithdraw,0xd63070114470f685b75B74D60EEc7c1113d33a3D,0x0f9563442d64ab3bd3bcb27058db0b0d4046a4c46f0acd811dacae9551d2b129,19186802140,19184.924775574473,18294797272108401,,,,,
0x10ab34cb131f5235cc7ddb9c0630e11b34a3e87493ab1b21ccbac90010891e3c,1761008015,2025-10-21,2025-10-21 00:53,23622505,MarketSupply,0xd63070114470f685b75B74D60EEc7c1113d33a3D,0x0f9563442d64ab3bd3bcb27058db0b0d4046a4c46f0acd811dacae9551d2b129,174306406989,174289.02309105164,166199297493039902,,,,,
0x3ed1201906105d61c17fa1689a31fd2ab82ee464485e5b9dfc5b73334e540543,1761012047,2025-10-21,2025-10-21 02:00,23622840,MarketSupply,0xd63070114470f685b75B74D60EEc7c1113d33a3D,0x0f9563442d64ab3bd3bcb27058db0b0d4046a4c46f0acd811dacae9551d2b129,24677291225,24672.355766754998,23529346792832266,,,,,
0x358437debb27b3f157a933a406c288d8c11d5d872ba2f9bcddc68bca7e1dfc12,1761015167,2025-10-21,2025-10-21 02:52,23623096,MarketWithdraw,0xd63070114470f685b75B74D60EEc7c1113d33a3D,0x0f9563442d64ab3bd3bcb27058db0b0d4046a4c46f0acd811dacae9551d2b129,1901007653,1900.6274514693998,1812565008828330,,,,,
0x637bef57a35c88a70435cd9b9a1333cc665fb09d2ae749ab88481240abe94220,1761018647,2025-10-21,2025-10-21 03:50,23623385,MarketWithdraw,0xd63070114470f685b75B74D60EEc7c1113d33a3D,0x0f9563442d64ab3bd3bcb27058db0b0d4046a4c46f0acd811dacae9551d2b129,27419412499,27416.670557750098,26143571020735170,,,,,
0xcc58928099d6e68a5820ba8b3d5b1d1bee75896ce8508878a290bb3636b4f6bf,1761025727,2025-10-21,2025-10-21 05:48,23623960,MarketWithdraw,0xd63070114470f685b75B74D60EEc7c1113d33a3D,0x0f9563442d64ab3bd3bcb27058db0b0d4046a4c46f0acd811dacae9551d2b129,33234020679,33230.82586856094,31687181177755760,,,,,
0xcd13bb600bb133afed332b663e9f705c4c9d6f5c5eab83f7ce3f2ca54f395b69,1761028295,2025-10-21,2025-10-21 06:31,23624174,MarketWithdraw,0x777791C4d6DC2CE140D00D2828a7C93503c67777,0x0f9563442d64ab3bd3bcb27058db0b0d4046a4c46f0acd811dacae9551d2b129,2021913559157,2021711.3678010842,1927796143834683736,,,,,
0xe392a58a9b31ca80b6cb7b6ff66196bb5d78ff8a3ba933f81ebabc22936ede75,1761028391,2025-10-21,2025-10-21 06:33,23624182,MarketSupply,0x55555815a5595991C3A0Ff119B59AEF6C8B55555,0x0f9563442d64ab3bd3bcb27058db0b0d4046a4c46f0acd811dacae9551d2b129,64646375218,64639.9105804782,61637150547823223,,,,,
0x667c8a3bc3903866ca4d2f9ee485d7c3339c09b75a8688453c917ea72fd2fd6c,1761029699,2025-10-21,2025-10-21 06:54,23624289,MarketSupply,0xd63070114470f685b75B74D60EEc7c1113d33a3D,0x0f9563442d64ab3bd3bcb27058db0b0d4046a4c46f0acd811dacae9551d2b129,1285502188790,1285238.9621340237,1225658341191923806,,,,,
0x7fe4578832be3c2d89e4ddd7918ca0a39ede04ae317fd155b4713c6cfbc119e3,1761029771,2025-10-21,2025-10-21 06:56,23624295,MarketSupply,0x777791C4d6DC2CE140D00D2828a7C93503c67777,0x0f9563442d64ab3bd3bcb27058db0b0d4046a4c46f0acd811dacae9551d2b129,974470590559,974271.052481868,929106019752010335,,,,,
0x1386da4a5bbebaf71b5ea9eb0a69a035e6465c1878fa9a424afc3d3119fa15bc,1761032219,2025-10-21,2025-10-21 07:36,23624497,MarketSupply,0x777791C4d6DC2CE140D00D2828a7C93503c67777,0x0f9563442d64ab3bd3bcb27058db0b0d4046a4c46f0acd811dacae9551d2b129,1465380939069,1465095.677247476,1397156516277751549,,,,,
0xfc8e4a5931a3022ccde8c46ddbe89b0202413c4d9aeec06d126062aedefeaf28,1761033443,2025-10-21,2025-10-21 07:57,23624598,MarketWithdraw,0xd63070114470f685b75B74D60EEc7c1113d33a3D,0x0f9563442d64ab3bd3bcb27058db0b0d4046a4c46f0acd811dacae9551d2b129,1425749118796,1425471.5719958332,1359367210714379315,,,,,
0x3d6182dbffc0ec9d6d94dc1612d8123e4d4f0e49ff62481ddf8dba1daf976715,1761033851,2025-10-21,2025-10-21 08:04,23624632,MarketWithdraw,0x55555815a5595991C3A0Ff119B59AEF6C8B55555,0x0f9563442d64ab3bd3bcb27058db0b0d4046a4c46f0acd811dacae9551d2b129,100398699470,100388.69198586169,95724130811564208,,,,,
0xca7798edf77d027df8dd2089b3e9f22ca5a59b6ad18bb06e1b434fa9398a6f4d,1761037199,2025-10-21,2025-10-21 08:59,23624907,MarketSupply,0xd63070114470f685b75B74D60EEc7c1113d33a3D,0x0f9563442d64ab3bd3bcb27058db0b0d4046a4c46f0acd811dacae9551d2b129,45685110601,45680.55682667712,43557731325877842,,,,,
0x09fad05eb2b21129a9b512aae22988c90ce6ee8b18b7c0f7b85aa5e78d27df85,1761040859,2025-10-21,2025-10-21 10:00,23625210,MarketSupply,0xd63070114470f685b75B74D60EEc7c1113d33a3D,0x0f9563442d64ab3bd3bcb27058db0b0d4046a4c46f0acd811dacae9551d2b129,22923500942,22918.89407006477,21855890425169540,,,,,
0x47b508746574a2fd0a268191827b4e4730d360e43bbd5286dc5496c9c71e9b09,1761044555,2025-10-21,2025-10-21 11:02,23625516,MarketWithdraw,0xd63070114470f685b75B74D60EEc7c1113d33a3D,0x0f9563442d64ab3bd3bcb27058db0b0d4046a4c46f0acd811dacae9551d2b129,11889097317,11886.83550583107,11335310271378885,,,,,
0x5364a22ea4b6bc2751a33764cfccbccc6367c719d6cf739324658cb4fa5abe1e,1761046403,2025-10-21,2025-10-21 11:33,23625667,MarketSupply,0x777791C4d6DC2CE140D00D2828a7C93503c67777,0x0f9563442d64ab3bd3bcb27058db0b0d4046a4c46f0acd811dacae9551d2b129,53484020601,53473.845669133494,50992588903774347,,,,,
0xad6f11fb801f35cc058108261a8723020b9fab67adf88cbb92aec4cfd89d7962,1761047987,2025-10-21,2025-10-21 11:59,23625798,MarketWithdraw,0xd63070114470f685b75B74D60EEc7c1113d33a3D,0x0f9563442d64ab3bd3bcb27058db0b0d4046a4c46f0acd811dacae9551d2b129,104379479841,104359.62243155866,99516903108794671,,,,,
0xbf4d411626a0212824d36382819ca7e637d9576f1b9509d645f0fbbe92e5ca31,1761049943,2025-10-21,2025-10-21 12:32,23625959,MarketWithdraw,0x777791C4d6DC2CE140D00D2828a7C93503c67777,0x0f9563442d64ab3bd3bcb27058db0b0d4046a4c46f0acd811dacae9551d2b129,639676341705,639554.7789487626,609874393945650426,,,,,
0xaf65d6d83a51ecbf7dbc0046e461bcaa8e148ab62fade4ddfa9f4e5cdf7157fc,1761051167,2025-10-21,2025-10-21 12:52,23626058,MarketSupply,0xd63070114470f685b75B74D60EEc7c1113d33a3D,0x0f9563442d64ab3bd3bcb27058db0b0d4046a4c46f0acd811dacae9551d2b129,647923645938,647800.5158812876,617735901942697620,,,,,
0x07ee61e497dd7dd2cf3b3670135a4a9389476d3fb77b7163d20e84078c073c65,1761051923,2025-10-21,2025-10-21 13:05,23626120,MarketWithdraw,0x777791C4d6DC2CE140D00D2828a7C93503c67777,0x0f9563442d64ab3bd3bcb27058db0b0d4046a4c46f0acd811dacae9551d2b129,77923601418,77908.75558656077,74292916296359626,,,,,
0xb3fcf507fbf362dc015b2f946aea8a3722cbef5fe0427a1d7694e7c573b7e0ce,1761052559,2025-10-21,2025-10-21 13:15,23626173,MarketWithdraw,0x777791C4d6DC2CE140D00D2828a7C93503c67777,0x0f9563442d64ab3bd3bcb27058db0b0d4046a4c46f0acd811dacae9551d2b129,50000179754,49990.653830825875,47670469244384288,,,,,
0xa85d2af2cc6e8c4c59ff643ec7d1996ea096497eddf9874b85d9c5a799033d65,1761054935,2025-10-21,2025-10-21 13:55,23626370,MarketWithdraw,0xd63070114470f685b75B74D60EEc7c1113d33a3D,0x0f9563442d64ab3bd3bcb27058db0b0d4046a4c46f0acd811dacae9551d2b129,367621266,367.55122761305176,350490700463978,,,,,
0x8e08284425fd0a36432dfc661f52090e9bcb34e1b8627fa0e31976a1857759f9,1761058367,2025-10-21,2025-10-21 14:52,23626654,MarketWithdraw,0xd63070114470f685b75B74D60EEc7c1113d33a3D,0x0f9563442d64ab3bd3bcb27058db0b0d4046a4c46f0acd811dacae9551d2b129,26385177259,26380.69068134554,25155503777437060,,,,,
0x4d3c467fa4ed20dc3e299c2a2c1825733e9964fd4f0fc32743f5a3f59bcf1c56,1761062387,2025-10-21,2025-10-21 15:59,23626985,MarketWithdraw,0xd63070114470f685b75B74D60EEc7c1113d33a3D,0x0f9563442d64ab3bd3bcb27058db0b0d4046a4c46f0acd811dacae9551d2b129,229234589195,229190.4577509683,218549482064335760,,,,,
0x46c6cacd4e93524b2161e431870a01097781b0d9727461fe46505673d2f26f58,1761064823,2025-10-21,2025-10-21 16:40,23627185,MarketSupply,0x777791C4d6DC2CE140D00D2828a7C93503c67777,0x0f9563442d64ab3bd3bcb27058db0b0d4046a4c46f0acd811dacae9551d2b129,595987550701,595873.9401772476,568204563997386061,,,,,
0xb7cbdfff727aca227b9a7693c39f69abf65800a867dfd0e65b363faf6240333a,1761065915,2025-10-21,2025-10-21 16:58,23627273,MarketWithdraw,0xd63070114470f685b75B74D60EEc7c1113d33a3D,0x0f9563442d64ab3bd3bcb27058db0b0d4046a4c46f0acd811dacae9551d2b129,375410355630,375338.7927809522,357909235812416304,,,,,
0x2540110b3c53f63facc87198fa44b1ac42a367f3b700473e99d53bde5fb791d8,1761069095,2025-10-21,2025-10-21 17:51,23627536,MarketWithdraw,0xd63070114470f685b75B74D60EEc7c1113d33a3D,0x0f9563442d64ab3bd3bcb27058db0b0d4046a4c46f0acd811dacae9551d2b129,34345288399,34341.77564036536,32743956897518036,,,,,
0x00c71a98e5825ee79c7cbaebb7039611113194e0be45feddae2ba54a76a55f14,1761076235,2025-10-21,2025-10-21 19:50,23628124,MarketSupply,0xd63070114470f685b75B74D60EEc7c1113d33a3D,0x0f9563442d64ab3bd3bcb27058db0b0d4046a4c46f0acd811dacae9551d2b129,200643501728,200605.50761442952,191285957304655251,,,,,
0x47ea66d1c84868f7a20a126bf2ce07e93a7a9c3b572f514c35e43447a0193f78,1761082247,2025-10-21,2025-10-21 21:30,23628618,MarketWithdraw,0x777791C4d6DC2CE140D00D2828a7C93503c67777,0x0f9563442d64ab3bd3bcb27058db0b0d4046a4c46f0acd811dacae9551d2b129,3260887301535,3260561.2128048465,3108771932914615397,,,,,
0xc09518a8daf649cd6987c82b0324d4c61f1d13b0340b947b09a569b932d712be,1761082271,2025-10-21,2025-10-21 21:31,23628620,MarketSupply,0x55555815a5595991C3A0Ff119B59AEF6C8B55555,0x0f9563442d64ab3bd3bcb27058db0b0d4046a4c46f0acd811dacae9551d2b129,472991086440,472943.78733135597,450926658804108604,,,,,
0x52d26ba7d790bb63504de2fdd9465ae9565b0bf909ab55ecce3c7b14eae3b30e,1761082283,2025-10-21,2025-10-21 21:31,23628621,MarketSupply,0x777791C4d6DC2CE140D00D2828a7C93503c67777,0x0f9563442d64ab3bd3bcb27058db0b0d4046a4c46f0acd811dacae9551d2b129,1089998867086,1089889.8671992915,1039151728080524817,,,,,
0x35abfa6e0f71f3e60eb976de6746b8a84aaf8b1464527a1992a93ada5b503ffd,1761084023,2025-10-21,2025-10-21 22:00,23628766,MarketSupply,0xd63070114470f685b75B74D60EEc7c1113d33a3D,0x0f9563442d64ab3bd3bcb27058db0b0d4046a4c46f0acd811dacae9551d2b129,1127638795082,1127425.9729091797,1075031350341569113,,,,,
0xb4cef706e527f0ce02d8b9535147e2efb660cd065ab3e47711213e8e98f82fd9,1761084143,2025-10-21,2025-10-21 22:02,23628776,MarketSupply,0x777791C4d6DC2CE140D00D2828a7C93503c67777,0x0f9563442d64ab3bd3bcb27058db0b0d4046a4c46f0acd811dacae9551d2b129,1669370798848,1669055.734199459,1591489682019706329,,,,,
0x07f89d7004541dcfdb166a27d7d1024af5f4afd6c5e704f9e29802cdb583debb,1761087347,2025-10-21,2025-10-21 22:55,23629041,MarketWithdraw,0xd63070114470f685b75B74D60EEc7c1113d33a3D,0x0f9563442d64ab3bd3bcb27058db0b0d4046a4c46f0acd811dacae9551d2b129,1508246888044,1507962.232725947,1437875107233225140,,,,,
0x670f630de5ebba24231705bef91a710c7b3a6e60b7b71aa50a94ec3eb976bd31,1761088103,2025-10-21,2025-10-21 23:08,23629104,MarketWithdraw,0x55555815a5595991C3A0Ff119B59AEF6C8B55555,0x0f9563442d64ab3bd3bcb27058db0b0d4046a4c46f0acd811dacae9551d2b129,472996399793,472949.1001530207,450926658804108604,,,,,
0x6aea9e963cd9922f3c6a2b89fabdab3cad47eca103be94f1070b592629c17629,1761090707,2025-10-21,2025-10-21 23:51,23629320,MarketSupply,0xd63070114470f685b75B74D60EEc7c1113d33a3D,0x0f9563442d64ab3bd3bcb27058db0b0d4046a4c46f0acd811dacae9551d2b129,383129940291,383091.6272969709,365251307565635561,,,,,
0xfc0d1c67c4709f39a688aeb17770b9d397459c5f6e3ebf214886e0c5d38ab25b,1761097979,2025-10-22,2025-10-22 01:52,23629922,MarketWithdraw,0xd63070114470f685b75B74D60EEc7c1113d33a3D,0x0f9563442d64ab3bd3bcb27058db0b0d4046a4c46f0acd811dacae9551d2b129,2969165730,2968.7500467978,2830569344376463,,,,,
0xce702bfbd38ff19d5724944a22ea9495fbf6d1e09f65f732711cd8826b087078,1761098171,2025-10-22,2025-10-22 01:56,23629938,MarketSupply,0x777791C4d6DC2CE140D00D2828a7C93503c67777,0x0f9563442d64ab3bd3bcb27058db0b0d4046a4c46f0acd811dacae9551d2b129,1082020176,1081.86869317536,1031512633808905,,,,,
0x98388cc70302903d499e8451aa254ccf455de998d9dc91af45f826ecbdc03115,1761101987,2025-10-22,2025-10-22 02:59,23630250,MarketSupply,0xd63070114470f685b75B74D60EEc7c1113d33a3D,0x0f9563442d64ab3bd3bcb27058db0b0d4046a4c46f0acd811dacae9551d2b129,71832813438,71818.9862036687,68479211574093259,,,,,
0xfdca52774dae6d11833bd4d6f70e7daef47aa800acdbb0cf0c15fd87b87c08bc,1761104999,2025-10-22,2025-10-22 03:49,23630497,MarketSupply,0xd63070114470f685b75B74D60EEc7c1113d33a3D,0x0f9563442d64ab3bd3bcb27058db0b0d4046a4c46f0acd811dacae9551d2b129,32590034021,32585.47141623706,31068343406802629,,,,,
0xea525bb06bcc92cce189ef49bf893ae50735949f8f62efa78f592b59acde591c,1761106307,2025-10-22,2025-10-22 04:11,23630606,MarketSupply,0x777791C4d6DC2CE140D00D2828a7C93503c67777,0x0f9563442d64ab3bd3bcb27058db0b0d4046a4c46f0acd811dacae9551d2b129,59979699838,59967.70518832151,57178986195085520,,,,,
0x413cbc4547846a87bbd79b136036f4bf265b8042bfab93bf39f47c84a825e345,1761112175,2025-10-22,2025-10-22 05:49,23631090,MarketWithdraw,0xd63070114470f685b75B74D60EEc7c1113d33a3D,0x0f9563442d64ab3bd3bcb27058db0b0d4046a4c46f0acd811dacae9551d2b129,53235960224,53228.50718956864,50749558993102077,,,,,
0x59eba0210e94fc3aad021d95ad9f0b9edfdffc7ff0776a5b186d98a3334cbff4,1761115799,2025-10-22,2025-10-22 06:49,23631392,MarketWithdraw,0xd63070114470f685b75B74D60EEc7c1113d33a3D,0x0f9563442d64ab3bd3bcb27058db0b0d4046a4c46f0acd811dacae9551d2b129,7694350049,7693.272839993139,7334930880141629,,,,,
0x8f644f84168474a906d3055b6bd9062eb250632c50232a6be9bee2d1593d5f1a,1761119279,2025-10-22,2025-10-22 07:47,23631680,MarketWithdraw,0xd63070114470f685b75B74D60EEc7c1113d33a3D,0x0f9563442d64ab3bd3bcb27058db0b0d4046a4c46f0acd811dacae9551d2b129,95554522650,95534.42305840417,91090347614585564,,,,,
0x23cdbb9dd8c9c5b6065aa1c1e2847005b5fd3d896d81a6e85814c215a3018e36,1761123479,2025-10-22,2025-10-22 08:57,23632027,MarketWithdraw,0xd63070114470f685b75B74D60EEc7c1113d33a3D,0x0f9563442d64ab3bd3bcb27058db0b0d4046a4c46f0acd811dacae9551d2b129,48002670416,47995.95004214176,45759669479606145,,,,,
0x001dea41805b37b7c9e0c9f65c0de9725ef49f472c606fd18aa21757ad447d96,1761133679,2025-10-22,2025-10-22 11:47,23632868,MarketSupply,0xd63070114470f685b75B74D60EEc7c1113d33a3D,0x0f9563442d64ab3bd3bcb27058db0b0d4046a4c46f0acd811dacae9551d2b129,157227638676,157196.9255588065,149877869047381854,,,,,
0xf63622aae71e02265f788dfdbde29066dcaec0b515dbca57ea50539c795ffae9,1761137327,2025-10-22,2025-10-22 12:48,23633168,MarketWithdraw,0x777791C4d6DC2CE140D00D2828a7C93503c67777,0x0f9563442d64ab3bd3bcb27058db0b0d4046a4c46f0acd811dacae9551d2b129,447142667698,447080.06772452226,426237475771118826,,,,,
0x30514a9bd8d40f26077200f70c36f1a95081f5ad6d62723b3f6dc8279ea6c7b0,1761137939,2025-10-22,2025-10-22 12:58,23633218,MarketSupply,0xd63070114470f685b75B74D60EEc7c1113d33a3D,0x0f9563442d64ab3bd3bcb27058db0b0d4046a4c46f0acd811dacae9551d2b129,623338141302,623250.8739622177,594194554285872799,,,,,
0xf7eb27a169cdf7be0581be40d214e35906de8882b6b9cda8f938486fd36d29cc,1761145079,2025-10-22,2025-10-22 14:57,23633802,MarketWithdraw,0xd63070114470f685b75B74D60EEc7c1113d33a3D,0x0f9563442d64ab3bd3bcb27058db0b0d4046a4c46f0acd811dacae9551d2b129,89818187779,89805.61323271094,85617655796351256,,,,,
0x00add8a554d1f667545f0c9f4117aba7326abe9c79776100e85a5efafacb38cc,1761149675,2025-10-22,2025-10-22 16:14,23634181,MarketSupply,0x5b56F90340dBAa6a8693DADb141D620f0e154fE6,0x0f9563442d64ab3bd3bcb27058db0b0d4046a4c46f0acd811dacae9551d2b129,331464275083,331417.87008448836,315959865729194919,,,,,
0x17d28d92b81dca4bf4a237a92edf68bec475b30118956c601fe6c555c61394da,1761151727,2025-10-22,2025-10-22 16:48,23634352,MarketSupply,0xd63070114470f685b75B74D60EEc7c1113d33a3D,0x0f9563442d64ab3bd3bcb27058db0b0d4046a4c46f0acd811dacae9551d2b129,169765272239,169741.50510088654,161823802288173280,,,,,
0x8036316e23fe9c5257838321d585cf6238d752540d9d1905fe3152aef10dbf6b,1761155663,2025-10-22,2025-10-22 17:54,23634679,MarketSupply,0x55555815a5595991C3A0Ff119B59AEF6C8B55555,0x0f9563442d64ab3bd3bcb27058db0b0d4046a4c46f0acd811dacae9551d2b129,135045013399,135031.5378155547,128726811341339193,,,,,
0x25d5e4c0c58e12c49f66bea849320f00e4d30ccc5fdcb8ca59e93496f981e8b2,1761159083,2025-10-22,2025-10-22 18:51,23634961,MarketWithdraw,0xd63070114470f685b75B74D60EEc7c1113d33a3D,0x0f9563442d64ab3bd3bcb27058db0b0d4046a4c46f0acd811dacae9551d2b129,129211627220,129193.5375921892,123165597969050485,,,,,
0x835ebd68cd8b5d888ed3018cf95b6532d7cbeca4a10642850ba3c823640454b3,1761163235,2025-10-22,2025-10-22 20:00,23635304,MarketWithdraw,0xd63070114470f685b75B74D60EEc7c1113d33a3D,0x0f9563442d64ab3bd3bcb27058db0b0d4046a4c46f0acd811dacae9551d2b129,22526069583,22521.66138610856,21471876327465114,,,,,
0x7344f97ae930847b1022d850884e0b0e80f596018777d30182c5b6cb5fc6e4b1,1761163655,2025-10-22,2025-10-22 20:07,23635339,MarketWithdraw,0x55555815a5595991C3A0Ff119B59AEF6C8B55555,0x0f9563442d64ab3bd3bcb27058db0b0d4046a4c46f0acd811dacae9551d2b129,135046945312,135020.51755360523,128726811341339193,,,,,
0x1a4987ac18fae8bc0f34e6f01f159bcd6a9e8403760b086c7b2674b659ae826e,1761164351,2025-10-22,2025-10-22 20:19,23635396,MarketWithdraw,0x777791C4d6DC2CE140D00D2828a7C93503c67777,0x0f9563442d64ab3bd3bcb27058db0b0d4046a4c46f0acd811dacae9551d2b129,423009271196,422926.4911909278,403212119555410138,,,,,
0x13b22d23c8d668a80086bc9360ea73b93247297cfa41aa6661828657f2e36f9c,1761166595,2025-10-22,2025-10-22 20:56,23635582,MarketSupply,0xd63070114470f685b75B74D60EEc7c1113d33a3D,0x0f9563442d64ab3bd3bcb27058db0b0d4046a4c46f0acd811dacae9551d2b129,329481218533,329416.74132458266,314059883464684173,,,,,
0x40aad54c9597c91f2960e8b0c4f7707034e1bb3b07456ee2436f9d7a10f5f3fe,1761168251,2025-10-22,2025-10-22 21:24,23635719,MarketSupply,0xd63070114470f685b75B74D60EEc7c1113d33a3D,0x0f9563442d64ab3bd3bcb27058db0b0d4046a4c46f0acd811dacae9551d2b129,7717301465,7716.221042794899,7356071331902442,,,,,
0x6fce2ef7486df3fc6aaeeeb21c23af7421f3bc2a002a96669c1bd29874622af7,1761168779,2025-10-22,2025-10-22 21:32,23635762,MarketSupply,0x777791C4d6DC2CE140D00D2828a7C93503c67777,0x0f9563442d64ab3bd3bcb27058db0b0d4046a4c46f0acd811dacae9551d2b129,3172801495529,3172357.303319626,3024286581968956245,,,,,
0x1165936128bc488c82cd5e0f9af6f347d9c56c23e03a75b2d26b0832060422e2,1761169379,2025-10-22,2025-10-22 21:42,23635811,MarketWithdraw,0x0F359FD18BDa75e9c49bC027E7da59a4b01BF32a,0x0f9563442d64ab3bd3bcb27058db0b0d4046a4c46f0acd811dacae9551d2b129,1300001644337,1299819.644106793,1239149213982049467,,,,,
0xd723c33a4d9c80a25bec01b07ca1034a8a47c385be173c79d323943de70fb96b,1761170147,2025-10-22,2025-10-22 21:55,23635874,MarketWithdraw,0xd63070114470f685b75B74D60EEc7c1113d33a3D,0x0f9563442d64ab3bd3bcb27058db0b0d4046a4c46f0acd811dacae9551d2b129,1982186329639,1981908.8235528504,1889399021530123307,,,,,
0x557938a9af5b121c7b49d4d3cd230d50edc65f9af327565e40c5e77fc73f4812,1761171827,2025-10-22,2025-10-22 22:23,23636014,MarketSupply,0x777791C4d6DC2CE140D00D2828a7C93503c67777,0x0f9563442d64ab3bd3bcb27058db0b0d4046a4c46f0acd811dacae9551d2b129,1352187596045,1352018.3463800428,1288886830219111879,,,,,
0x87b8bd34419179879d714f284e88c3626f72216ac3b45a4434187f3b78164b0c,1761173519,2025-10-22,2025-10-22 22:51,23636154,MarketWithdraw,0xd63070114470f685b75B74D60EEc7c1113d33a3D,0x0f9563442d64ab3bd3bcb27058db0b0d4046a4c46f0acd811dacae9551d2b129,596857246927,596782.5399193591,568914680095377381,,,,,
0xf928547484e9147dfbbc47f2cffceed2531a8c5ade7dec1b6439987c80f97cfa,1761179723,2025-10-23,2025-10-23 00:35,23636666,MarketWithdraw,0x777791C4d6DC2CE140D00D2828a7C93503c67777,0x0f9563442d64ab3bd3bcb27058db0b0d4046a4c46f0acd811dacae9551d2b129,623142534891,623019.7359860144,593963104231154384,,,,,
0x5ce33ff0a38fed2770f1ba424a3ae6a4e17ce53ff48a3d964816f42baa4c2fb3,1761182135,2025-10-23,2025-10-23 01:15,23636866,MarketWithdraw,0x777791C4d6DC2CE140D00D2828a7C93503c67777,0x0f9563442d64ab3bd3bcb27058db0b0d4046a4c46f0acd811dacae9551d2b129,810000252719,809895.6168863538,772067545076372177,,,,,
0xe76bd6a2651917ddc62cbc6b6d7290e219d68ba3b1abd68523b10a247cc8af1c,1761184619,2025-10-23,2025-10-23 01:56,23637073,MarketSupply,0xd63070114470f685b75B74D60EEc7c1113d33a3D,0x0f9563442d64ab3bd3bcb27058db0b0d4046a4c46f0acd811dacae9551d2b129,691007955816,690918.6914082677,658644362386028523,,,,,
0xdcd1f15b7ff4400891b0c2ad978e29fde432f7a7a9cbb79872ec3e213e361d61,1761187655,2025-10-23,2025-10-23 02:47,23637324,MarketWithdraw,0xd63070114470f685b75B74D60EEc7c1113d33a3D,0x0f9563442d64ab3bd3bcb27058db0b0d4046a4c46f0acd811dacae9551d2b129,9287456075,9285.639696580662,8852424687885045,,,,,
0x644fe990ed78830f596dce0b68beb618968901448d80e721f37a0cbd38f0be2e,1761191759,2025-10-23,2025-10-23 03:55,23637663,MarketWithdraw,0xd63070114470f685b75B74D60EEc7c1113d33a3D,0x0f9563442d64ab3bd3bcb27058db0b0d4046a4c46f0acd811dacae9551d2b129,343478666492,343434.29591786256,327387357789144213,,,,,
0x98499929bdb8c64c5350f6c88879155b1c7d802ad82a540d81ccbf10f6919beb,1761195479,2025-10-23,2025-10-23 04:57,23637973,MarketWithdraw,0xd63070114470f685b75B74D60EEc7c1113d33a3D,0x0f9563442d64ab3bd3bcb27058db0b0d4046a4c46f0acd811dacae9551d2b129,36523390024,36519.59378209906,34812087129232133,,,,,
0x263c61b31e9b03bddca814e06c0c373b76f88b7d2abcbdd01a9d8d8270faf72f,1761205727,2025-10-23,2025-10-23 07:48,23638817,MarketWithdraw,0xd63070114470f685b75B74D60EEc7c1113d33a3D,0x0f9563442d64ab3bd3bcb27058db0b0d4046a4c46f0acd811dacae9551d2b129,68303431360,68294.60792273692,65101767249303506,,,,,
0x7eda12ebcec28acf64bf99da15dd6925dab4b55b6944807b5c7fcb6a0886361c,1761208139,2025-10-23,2025-10-23 08:28,23639017,MarketWithdraw,0x777791C4d6DC2CE140D00D2828a7C93503c67777,0x0f9563442d64ab3bd3bcb27058db0b0d4046a4c46f0acd811dacae9551d2b129,2673414285149,2673068.933491645,2548088165218765683,,,,,
0xfcd1235eba992ca29c7dfa7b150829a700f3838a7bcb0b03da0965d570e1a93e,1761208187,2025-10-23,2025-10-23 08:29,23639021,MarketSupply,0x777791C4d6DC2CE140D00D2828a7C93503c67777,0x0f9563442d64ab3bd3bcb27058db0b0d4046a4c46f0acd811dacae9551d2b129,1039998030336,1039863.6833904412,991243778449349187,,,,,
0xd6b65ae25bfaf0e439721278e3ad76ea7074dedac06ab3495a30fe46f02f1f20,1761210047,2025-10-23,2025-10-23 09:00,23639173,MarketSupply,0xd63070114470f685b75B74D60EEc7c1113d33a3D,0x0f9563442d64ab3bd3bcb27058db0b0d4046a4c46f0acd811dacae9551d2b129,1164691310268,1164490.7025335613,1110085300295556191,,,,,
0x50c7bf069105650ea00a60306a23e93b54b87203aaeecdd1cc7c24cbeb3cb80f,1761213119,2025-10-23,2025-10-23 09:51,23639427,MarketWithdraw,0xd63070114470f685b75B74D60EEc7c1113d33a3D,0x0f9563442d64ab3bd3bcb27058db0b0d4046a4c46f0acd811dacae9551d2b129,29031389053,29026.38865406666,27670086802904731,,,,,
0x95aac0c60d198933713de2936321f9806c7458a9c4db4ce08fe1402de15653dc,1761220367,2025-10-23,2025-10-23 11:52,23640025,MarketWithdraw,0xd63070114470f685b75B74D60EEc7c1113d33a3D,0x0f9563442d64ab3bd3bcb27058db0b0d4046a4c46f0acd811dacae9551d2b129,28271057084,28268.25821544078,26944994479506541,,,,,
0xee1c5c832bcc6ffc48f3bf09453fea2fd984db3dd2f3e84c77bda71d5cf540de,1761223787,2025-10-23,2025-10-23 12:49,23640307,MarketWithdraw,0xd63070114470f685b75B74D60EEc7c1113d33a3D,0x0f9563442d64ab3bd3bcb27058db0b0d4046a4c46f0acd811dacae9551d2b129,377306440021,377260.8703379391,359606157324940791,,,,,
0xe7515fba4b74ead3cce0702921364894f9a08d673384146e1100d1fe70dfb618,1761225695,2025-10-23,2025-10-23 13:21,23640466,MarketWithdraw,0x777791C4d6DC2CE140D00D2828a7C93503c67777,0x0f9563442d64ab3bd3bcb27058db0b0d4046a4c46f0acd811dacae9551d2b129,10080912064,10078.841780269106,9607953072505672,,,,,
0x3b7d6e6ed7fd4f566e89c09fd79db4658619d73dafe7676110d966ac7ed39e04,1761227747,2025-10-23,2025-10-23 13:55,23640637,MarketSupply,0xd63070114470f685b75B74D60EEc7c1113d33a3D,0x0f9563442d64ab3bd3bcb27058db0b0d4046a4c46f0acd811dacae9551d2b129,9656407978,9654.42487327606,9203322822223262,,,,,
0xdc0496cd862d2275904c1777b0f9ec35242ce7bcf601f7c605785c1668953ecb,1761229475,2025-10-23,2025-10-23 14:24,23640780,MarketWithdraw,0x777791C4d6DC2CE140D00D2828a7C93503c67777,0x0f9563442d64ab3bd3bcb27058db0b0d4046a4c46f0acd811dacae9551d2b129,379656407325,379607.36331030173,361841274402406967,,,,,
0xf78f19461d95159f295f5e93c9dec68f9334da47ee2c4765968a32027bd79d64,1761231551,2025-10-23,2025-10-23 14:59,23640952,MarketSupply,0xd63070114470f685b75B74D60EEc7c1113d33a3D,0x0f9563442d64ab3bd3bcb27058db0b0d4046a4c46f0acd811dacae9551d2b129,273922330286,273895.0834454633,261067418172515240,,,,,
0xc1b0c7d553855e3008b24792bfba2bc8cf9bfea0a371186f4c622916dfc1947a,1761235187,2025-10-23,2025-10-23 15:59,23641247,MarketWithdraw,0x777791C4d6DC2CE140D00D2828a7C93503c67777,0x0f9563442d64ab3bd3bcb27058db0b0d4046a4c46f0acd811dacae9551d2b129,103922316575,103908.1137996641,99044523858332444,,,,,
0x0bfb01aca73f8ed22542d31e2c9b0c37cd14308aaa6ecd552c11019160ed2cc1,1761242147,2025-10-23,2025-10-23 17:55,23641823,MarketWithdraw,0xd63070114470f685b75B74D60EEc7c1113d33a3D,0x0f9563442d64ab3bd3bcb27058db0b0d4046a4c46f0acd811dacae9551d2b129,136979918797,136966.3265744944,130548408820608105,,,,,
0xbe53c3a0b4b0dbfb1b2a935edf3b539489e1156646ddd07878a223031488b94c,1761242591,2025-10-23,2025-10-23 18:03,23641859,MarketWithdraw,0x777791C4d6DC2CE140D00D2828a7C93503c67777,0x0f9563442d64ab3bd3bcb27058db0b0d4046a4c46f0acd811dacae9551d2b129,1423019637949,1422835.8122721699,1356204303261735136,,,,,
0x6020ac421103fce60dec1ef48ac22967cdb8a34928aee7fe8f1d591189bef336,1761242627,2025-10-23,2025-10-23 18:03,23641862,MarketSupply,0x777791C4d6DC2CE140D00D2828a7C93503c67777,0x0f9563442d64ab3bd3bcb27058db0b0d4046a4c46f0acd811dacae9551d2b129,999999132947,999869.9530590059,953045591945496628,,,,,
0x3c5b76db34d4d3199875404d94ef9e893fcdb6ae159b404e2346c631438a775b,1761245399,2025-10-23,2025-10-23 18:49,23642092,MarketSupply,0xd63070114470f685b75B74D60EEc7c1113d33a3D,0x0f9563442d64ab3bd3bcb27058db0b0d4046a4c46f0acd811dacae9551d2b129,244903900173,244872.26348717566,233402670385064489,,,,,
0x9955b0139aa1f6bbbce46301ffa43c8e68c57984f4e4d67c4f1e0c381c78da07,1761246191,2025-10-23,2025-10-23 19:03,23642158,MarketSupply,0x55555815a5595991C3A0Ff119B59AEF6C8B55555,0x0f9563442d64ab3bd3bcb27058db0b0d4046a4c46f0acd811dacae9551d2b129,89021386014,89007.63092325575,84840581922726619,,,,,
0x96d6c3d4d12b082fad92be12f749ba55e97f643dbc2a3827f7d8c81f6a643cc4,1761248075,2025-10-23,2025-10-23 19:34,23642314,MarketSupply,0xd63070114470f685b75B74D60EEc7c1113d33a3D,0x0f9563442d64ab3bd3bcb27058db0b0d4046a4c46f0acd811dacae9551d2b129,38960837796,38954.81778346872,37130912433080207,,,,,
0x1920dcafb9350eca9476210372b5b15f2477425ada02d24acf5c55cc5e70aae6,1761248123,2025-10-23,2025-10-23 19:35,23642318,MarketWithdraw,0x777791C4d6DC2CE140D00D2828a7C93503c67777,0x0f9563442d64ab3bd3bcb27058db0b0d4046a4c46f0acd811dacae9551d2b129,362885689894,362829.61881021014,345841516828613934,,,,,
0xbb98af67cea9eefed6e2153c0afe57e21d92f0384dac9da945794c22afca5a63,1761249395,2025-10-23,2025-10-23 19:56,23642421,MarketWithdraw,0xd63070114470f685b75B74D60EEc7c1113d33a3D,0x0f9563442d64ab3bd3bcb27058db0b0d4046a4c46f0acd811dacae9551d2b129,19470856154,19467.847625316517,18556264847624785,,,,,
0x9a4651923a9c43b61220cbec5f78c0f42042e68d3fc238617152436fc90229f8,1761249431,2025-10-23,2025-10-23 19:57,23642424,MarketSupply,0x777791C4d6DC2CE140D00D2828a7C93503c67777,0x0f9563442d64ab3bd3bcb27058db0b0d4046a4c46f0acd811dacae9551d2b129,49470710373,49463.06643325887,47146950630653580,,,,,
0xcb0e1654f26bdc4585bc00428d68c64bad7aa98eacdda7199654e3f3f8c8867c,1761249551,2025-10-23,2025-10-23 19:59,23642434,MarketSupply,0xd63070114470f685b75B74D60EEc7c1113d33a3D,0x0f9563442d64ab3bd3bcb27058db0b0d4046a4c46f0acd811dacae9551d2b129,100131181146,100115.70943134061,95427741184122227,,,,,
0xa4ff1a03b7c39f53dfcb6dc738d8c9f5ec05cc5270d8efabf07e5fdec2adc67b,1761250055,2025-10-23,2025-10-23 20:07,23642476,MarketWithdraw,0x777791C4d6DC2CE140D00D2828a7C93503c67777,0x0f9563442d64ab3bd3bcb27058db0b0d4046a4c46f0acd811dacae9551d2b129,170131247809,170109.27025440804,162139509158064404,,,,,
0x002b962c6b25a45f0275bd8770c6642fe43c8af7c6a4995662fe705ff9e19da5,1761250679,2025-10-23,2025-10-23 20:17,23642527,MarketWithdraw,0x777791C4d6DC2CE140D00D2828a7C93503c67777,0x0f9563442d64ab3bd3bcb27058db0b0d4046a4c46f0acd811dacae9551d2b129,29999946356,29996.070962929734,28590668263914510,,,,,
0x7ce45c433685481f666f675ba0440f2e4211210161fc06a47fe8aeeacfb26b95,1761251939,2025-10-23,2025-10-23 20:38,23642630,MarketSupply,0x55555815a5595991C3A0Ff119B59AEF6C8B55555,0x0f9563442d64ab3bd3bcb27058db0b0d4046a4c46f0acd811dacae9551d2b129,50799997694,50793.43535029789,48413392820382241,,,,,
0xf18eecbb0753c75c438dee7793a831d9f5e72a6c4a2b10a21edb13b7205afbf6,1761252743,2025-10-23,2025-10-23 20:52,23642696,MarketSupply,0xd63070114470f685b75B74D60EEc7c1113d33a3D,0x0f9563442d64ab3bd3bcb27058db0b0d4046a4c46f0acd811dacae9551d2b129,834296586190,834188.811756996,795098859138291737,,,,,
0x900dc1088c56508a53f42578431513c135076e84334b1c23b9566754d1e4c19a,1761252791,2025-10-23,2025-10-23 20:53,23642699,MarketWithdraw,0x777791C4d6DC2CE140D00D2828a7C93503c67777,0x0f9563442d64ab3bd3bcb27058db0b0d4046a4c46f0acd811dacae9551d2b129,835096369984,834988.4922349255,795860981895977180,,,,,
0x858a2fc5d3ef31cadbdd8181db17e78406ca3c0c2515946bb71a4e8b32979958,1761256667,2025-10-23,2025-10-23 21:57,23643014,MarketSupply,0xd63070114470f685b75B74D60EEc7c1113d33a3D,0x0f9563442d64ab3bd3bcb27058db0b0d4046a4c46f0acd811dacae9551d2b129,718735678159,718642.8318840954,684958413502359313,,,,,
0x335b76528e7b5059d418ec40b318af3c96b19eb416b8cded716e5b4f90ba721d,1761256703,2025-10-23,2025-10-23 21:58,23643017,MarketWithdraw,0x777791C4d6DC2CE140D00D2828a7C93503c67777,0x0f9563442d64ab3bd3bcb27058db0b0d4046a4c46f0acd811dacae9551d2b129,718735809253,718642.9629611607,684958482708169107,,,,,
0x04d09491fded99816c5f9e415ca938cc0d1f78c5a936b8331a02d44c0fc09d64,1761260087,2025-10-23,2025-10-23 22:54,23643295,MarketSupply,0xd63070114470f685b75B74D60EEc7c1113d33a3D,0x0f9563442d64ab3bd3bcb27058db0b0d4046a4c46f0acd811dacae9551d2b129,549855249792,549791.1738889273,524008623596412490,,,,,
0xd76ac905b534dbcf19991400dde6e6fe7021a21f694b62cb2314e04bbb66f96c,1761260123,2025-10-23,2025-10-23 22:55,23643298,MarketWithdraw,0x777791C4d6DC2CE140D00D2828a7C93503c67777,0x0f9563442d64ab3bd3bcb27058db0b0d4046a4c46f0acd811dacae9551d2b129,549855048934,549790.9730543337,524008388443493758,,,,,
0x227af5ec81e62b8182040aa66d08c009f2b5f6592d00661edc1a5548e183e425,1761263915,2025-10-23,2025-10-23 23:58,23643612,MarketSupply,0xd63070114470f685b75B74D60EEc7c1113d33a3D,0x0f9563442d64ab3bd3bcb27058db0b0d4046a4c46f0acd811dacae9551d2b129,487744577988,487683.93670461874,464811612953453508,,,,,
0xbc4560b18b7954d233d11e2ac5a933b33bb932c4873739fb9e2cfdbc07ecadce,1761264695,2025-10-24,2025-10-24 00:11,23643677,MarketWithdraw,0x55555815a5595991C3A0Ff119B59AEF6C8B55555,0x0f9563442d64ab3bd3bcb27058db0b0d4046a4c46f0acd811dacae9551d2b129,139828740451,139812.57499366134,133253974743108860,,,,,
0x1d2df23a79752bf8680b6957bb17a8bc1d9ae5078cde9a5d8209b1f72e0a50a1,1761265883,2025-10-24,2025-10-24 00:31,23643775,MarketWithdraw,0x777791C4d6DC2CE140D00D2828a7C93503c67777,0x0f9563442d64ab3bd3bcb27058db0b0d4046a4c46f0acd811dacae9551d2b129,1337915529437,1337760.8543942007,1275002943454785149,,,,,
0xa379ef6556a1146b9f80a6ca07b4803fc1ee48c58d72fd16c9fa3ea1ac04bd26,1761265943,2025-10-24,2025-10-24 00:32,23643780,MarketSupply,0x777791C4d6DC2CE140D00D2828a7C93503c67777,0x0f9563442d64ab3bd3bcb27058db0b0d4046a4c46f0acd811dacae9551d2b129,849998558091,849900.2906290718,810028679685715370,,,,,
0x7e8db8f28ee6ab86a86a2431cab7ed1c22ab42eeb2db3e1775c4df4259756804,1761267059,2025-10-24,2025-10-24 00:50,23643871,MarketSupply,0x73A5cAcD96Ec124C84A520f115543847b7a8d95e,0x0f9563442d64ab3bd3bcb27058db0b0d4046a4c46f0acd811dacae9551d2b129,36018481217,36014.31715731071,34324603976564828,,,,,
0xe0c59eedf230f66d84dde9c0a56106b89cc365f32c1b0c605e9032947704d718,1761267563,2025-10-24,2025-10-24 00:59,23643913,MarketSupply,0xd63070114470f685b75B74D60EEc7c1113d33a3D,0x0f9563442d64ab3bd3bcb27058db0b0d4046a4c46f0acd811dacae9551d2b129,242370710712,242342.69048259998,230972031636345532,,,,,
0x1d293592ed95650b3c33ec0d7a1ce0f1916408b9c30751abf2a804d8beb95b8b,1761268499,2025-10-24,2025-10-24 01:14,23643990,MarketWithdraw,0x777791C4d6DC2CE140D00D2828a7C93503c67777,0x0f9563442d64ab3bd3bcb27058db0b0d4046a4c46f0acd811dacae9551d2b129,48388150986,48382.13488718791,46112352487257533,,,,,
0xfd278f069bb0518bed11c82329b37d8577853da18c79d905fb402b95c4a1d988,1761269711,2025-10-24,2025-10-24 01:35,23644091,MarketWithdraw,0x777791C4d6DC2CE140D00D2828a7C93503c67777,0x0f9563442d64ab3bd3bcb27058db0b0d4046a4c46f0acd811dacae9551d2b129,80000043649,79990.09724357312,76237213679031623,,,,,
0x5215f69b381d6008f3f812eb82219a2ce01ae4cf45bfd15c6f9a3d1fbfbf8eaa,1761270131,2025-10-24,2025-10-24 01:42,23644125,MarketSupply,0x55555815a5595991C3A0Ff119B59AEF6C8B55555,0x0f9563442d64ab3bd3bcb27058db0b0d4046a4c46f0acd811dacae9551d2b129,74902321746,74893.00914033732,71379166555094454,,,,,
0x11261a6dec7496f3a2e48080f796be242380305db1d0dc68506a0de162fcc481,1761270863,2025-10-24,2025-10-24 01:54,23644186,MarketSupply,0xd63070114470f685b75B74D60EEc7c1113d33a3D,0x0f9563442d64ab3bd3bcb27058db0b0d4046a4c46f0acd811dacae9551d2b129,274470281638,274436.15674788394,261559578369936795,,,,,
0xbcc2a0430ce4c145377015f9c7c2029f388ce226d65edf480777be3ed20baa0b,1761274727,2025-10-24,2025-10-24 02:58,23644501,MarketSupply,0xd63070114470f685b75B74D60EEc7c1113d33a3D,0x0f9563442d64ab3bd3bcb27058db0b0d4046a4c46f0acd811dacae9551d2b129,75996443062,75981.30507458384,72421006677317194,,,,,
0x9cc19dc7ca0e312a2ba5ed9b6cb0f626d6d5a8c20ed3043abe6148789423dca4,1761277763,2025-10-24,2025-10-24 03:49,23644752,MarketSupply,0x777791C4d6DC2CE140D00D2828a7C93503c67777,0x0f9563442d64ab3bd3bcb27058db0b0d4046a4c46f0acd811dacae9551d2b129,2012726852536,2012476.6102064243,1918019499975033212,,,,,
0xfe8d8523b6751a47ba4a3fad0c3d877853b8271f01542655a5ee28a0aeac1570,1761278087,2025-10-24,2025-10-24 03:54,23644779,MarketWithdraw,0xd63070114470f685b75B74D60EEc7c1113d33a3D,0x0f9563442d64ab3bd3bcb27058db0b0d4046a4c46f0acd811dacae9551d2b129,1540387434205,1540195.9178353054,1467904807374641279,,,,,
0xb32584ee521ae0f9c1ddc494a48d530c87f8bd5d36c9ce97ae265b82cca8ab6a,1761278207,2025-10-24,2025-10-24 03:56,23644789,MarketWithdraw,0x55555815a5595991C3A0Ff119B59AEF6C8B55555,0x0f9563442d64ab3bd3bcb27058db0b0d4046a4c46f0acd811dacae9551d2b129,74903767420,74894.45463459668,71379166555094454,,,,,
0xb75645d6a124591e75d96f9dcf6cc7d18ef4261cca8e4a4de7fcc127f4f1db0a,1761281903,2025-10-24,2025-10-24 04:58,23645095,MarketSupply,0xd63070114470f685b75B74D60EEc7c1113d33a3D,0x0f9563442d64ab3bd3bcb27058db0b0d4046a4c46f0acd811dacae9551d2b129,54543020153,54532.20038714297,51976067706413558,,,,,
0x6e20f7143e777d6957088e1417c97cf74fadfdd330312566da24b7b1d9900eba,1761285119,2025-10-24,2025-10-24 05:51,23645360,MarketWithdraw,0x777791C4d6DC2CE140D00D2828a7C93503c67777,0x0f9563442d64ab3bd3bcb27058db0b0d4046a4c46f0acd811dacae9551d2b129,317347611132,317308.1553035079,302410166391383367,,,,,
0x349314b27397829c65499f29824e668d8a7c6fdddc274c790773545933ef9087,1761285419,2025-10-24,2025-10-24 05:56,23645382,MarketSupply,0xd63070114470f685b75B74D60EEc7c1113d33a3D,0x0f9563442d64ab3bd3bcb27058db0b0d4046a4c46f0acd811dacae9551d2b129,212683983139,212657.5401393763,202672879362640793,,,,,
0x8e2d90b15afffc764bc24dccdb050dd5ef7938d9ff9ec2e417e285164e66b80f,1761287399,2025-10-24,2025-10-24 06:29,23645547,MarketWithdraw,0x777791C4d6DC2CE140D00D2828a7C93503c67777,0x0f9563442d64ab3bd3bcb27058db0b0d4046a4c46f0acd811dacae9551d2b129,312684134323,312653.2758279979,297964668927183171,,,,,
0x65ab3f55b81fb303af1211acfcdf28205854959271d181307c285cd3599ab02a,1761288455,2025-10-24,2025-10-24 06:47,23645635,MarketSupply,0xd63070114470f685b75B74D60EEc7c1113d33a3D,0x0f9563442d64ab3bd3bcb27058db0b0d4046a4c46f0acd811dacae9551d2b129,111745495180,111734.4671250845,106484862196642875,,,,,
0x300913189128d27218b9bea46801af9f761f49f86dd326067eafea2fab6b906e,1761292175,2025-10-24,2025-10-24 07:49,23645942,MarketWithdraw,0x777791C4d6DC2CE140D00D2828a7C93503c67777,0x0f9563442d64ab3bd3bcb27058db0b0d4046a4c46f0acd811dacae9551d2b129,41745483759,41740.29354300425,39779893725636025,,,,,
0x132b5e01bd143ffd3fde6ea973c5a919e9b95f2a10510125f687bbb28d6e8b2d,1761292787,2025-10-24,2025-10-24 07:59,23645993,MarketSupply,0xd63070114470f685b75B74D60EEc7c1113d33a3D,0x0f9563442d64ab3bd3bcb27058db0b0d4046a4c46f0acd811dacae9551d2b129,116956165660,116941.62449992349,111449115217589977,,,,,
0xcf1acdb9ee952e55d30ad92e5c03b8f190bbe9f6207aa20d750c01850e695a1c,1761296327,2025-10-24,2025-10-24 08:58,23646284,MarketWithdraw,0xd63070114470f685b75B74D60EEc7c1113d33a3D,0x0f9563442d64ab3bd3bcb27058db0b0d4046a4c46f0acd811dacae9551d2b129,289805984965,289777.461625194,276157819880359251,,,,,
0x034d1179df4cde80ab287ca43a6d2f6693574a71e2e571dc388884034cc9ca17,1761299639,2025-10-24,2025-10-24 09:53,23646559,MarketSupply,0xd63070114470f685b75B74D60EEc7c1113d33a3D,0x0f9563442d64ab3bd3bcb27058db0b0d4046a4c46f0acd811dacae9551d2b129,52879395546,52872.821050751765,50388688047386653,,,,,
0xbe96702b9344029a57aa0d14f759c733d2e1116fb2ebec96d2d769716371b506,1761303659,2025-10-24,2025-10-24 11:00,23646890,MarketSupply,0xd63070114470f685b75B74D60EEc7c1113d33a3D,0x0f9563442d64ab3bd3bcb27058db0b0d4046a4c46f0acd811dacae9551d2b129,251535457474,251510.72229524655,239685442115475406,,,,,
0xed5af117f30066e8b4a10c96b2e84c62d072539e10725a39dccde7ac89302970,1761309827,2025-10-24,2025-10-24 12:43,23647402,MarketWithdraw,0x777791C4d6DC2CE140D00D2828a7C93503c67777,0x0f9563442d64ab3bd3bcb27058db0b0d4046a4c46f0acd811dacae9551d2b129,611565179499,611489.1436002329,582745727606331617,,,,,
0x316eeab3d7120293051feadaf4488194f7182fe0725356992bf5db84a7856a8f,1761310295,2025-10-24,2025-10-24 12:51,23647441,MarketSupply,0xd63070114470f685b75B74D60EEc7c1113d33a3D,0x0f9563442d64ab3bd3bcb27058db0b0d4046a4c46f0acd811dacae9551d2b129,672953577073,672869.9087547625,641240365571434146,,,,,
0xa9dff577274dfc19ad0a08a70b8bbe42c0c3aebeb354d214d8ef9dedea94eef8,1761313535,2025-10-24,2025-10-24 13:45,23647709,MarketWithdraw,0x777791C4d6DC2CE140D00D2828a7C93503c67777,0x0f9563442d64ab3bd3bcb27058db0b0d4046a4c46f0acd811dacae9551d2b129,632953781133,632830.386070525,603121171089818560,,,,,
0x95ee60c3c127d30be8f1f97eeaffa51cb113d4f521e7a483dfde7081bc6be55f,1761314351,2025-10-24,2025-10-24 13:59,23647776,MarketSupply,0xd63070114470f685b75B74D60EEc7c1113d33a3D,0x0f9563442d64ab3bd3bcb27058db0b0d4046a4c46f0acd811dacae9551d2b129,658776902602,658648.4732925043,627725801351774926,,,,,
0xe3d3285d23faafe5f4f3fd42d9c1e5e58d4b980e0a3b656c7ab0db0f7df5125d,1761316727,2025-10-24,2025-10-24 14:38,23647973,MarketSupply,0x777791C4d6DC2CE140D00D2828a7C93503c67777,0x0f9563442d64ab3bd3bcb27058db0b0d4046a4c46f0acd811dacae9551d2b129,1861223443719,1860992.0378082425,1773486198271802341,,,,,
0x3075b3ff2e45d5e0c80df79943c5340bcbfa53c7e53fa6658588dacbc54cdf7a,1761317435,2025-10-24,2025-10-24 14:50,23648031,MarketWithdraw,0xd63070114470f685b75B74D60EEc7c1113d33a3D,0x0f9563442d64ab3bd3bcb27058db0b0d4046a4c46f0acd811dacae9551d2b129,1186961984693,1186814.409709443,1131007725268043373,,,,,
0xae5334dc4202c0fbd22fe2aee75d8621692ac2b094a2ef5ff071dff8a00af421,1761321539,2025-10-24,2025-10-24 15:58,23648370,MarketWithdraw,0xd63070114470f685b75B74D60EEc7c1113d33a3D,0x0f9563442d64ab3bd3bcb27058db0b0d4046a4c46f0acd811dacae9551d2b129,231676462727,231630.92206919123,220753216338117362,,,,,
0x18de4e7f0c4eea26e007b2e7eda2984ac64a6e675972e109daad13c1710e8223,1761322763,2025-10-24,2025-10-24 16:19,23648472,MarketWithdraw,0x777791C4d6DC2CE140D00D2828a7C93503c67777,0x0f9563442d64ab3bd3bcb27058db0b0d4046a4c46f0acd811dacae9551d2b129,2145415696705,2145148.9571714285,2044256845814385129,,,,,
0xb66f566882da0456f614f2d4928d921315cb25b7dade4914d243415933a0922b,1761322835,2025-10-24,2025-10-24 16:20,23648478,MarketSupply,0x777791C4d6DC2CE140D00D2828a7C93503c67777,0x0f9563442d64ab3bd3bcb27058db0b0d4046a4c46f0acd811dacae9551d2b129,954053040211,953934.4227965106,909067638345864549,,,,,
0x30c5003803d98c399a118df79131654b1123a01cb41e87af26490e868c0c223a,1761322859,2025-10-24,2025-10-24 16:20,23648479,MarketSupply,0x55555815a5595991C3A0Ff119B59AEF6C8B55555,0x0f9563442d64ab3bd3bcb27058db0b0d4046a4c46f0acd811dacae9551d2b129,354488181815,354444.10829935496,337773368350174755,,,,,
0x1f54af3526ddf19df9beac68c1610213ea6cbee5354e79fed3e286029a90cb10,1761324671,2025-10-24,2025-10-24 16:51,23648628,MarketWithdraw,0x777791C4d6DC2CE140D00D2828a7C93503c67777,0x0f9563442d64ab3bd3bcb27058db0b0d4046a4c46f0acd811dacae9551d2b129,244487036335,244456.63926177248,232957988698322877,,,,,
0xf412ed4ce757ee4f39d4cb26d2318b07f0d3eb2bed739c520fde0c444d2d823e,1761324707,2025-10-24,2025-10-24 16:51,23648631,MarketSupply,0xd63070114470f685b75B74D60EEc7c1113d33a3D,0x0f9563442d64ab3bd3bcb27058db0b0d4046a4c46f0acd811dacae9551d2b129,680955754691,680871.0914620192,648844497638230579,,,,,
0xde9203cb50a630c5241e03fc76ccfc9293cd7d1c39ca32e0df16a069f23906dc,1761326759,2025-10-24,2025-10-24 17:25,23648802,MarketWithdraw,0x777791C4d6DC2CE140D00D2828a7C93503c67777,0x0f9563442d64ab3bd3bcb27058db0b0d4046a4c46f0acd811dacae9551d2b129,408664114239,408622.54762626457,389391303667163701,,,,,
0x00166038368245d9b5ee2714be0a34585fd18fea008b4fa6f1555c547d5f244e,1761326807,2025-10-24,2025-10-24 17:26,23648805,MarketWithdraw,0x777791C4d6DC2CE140D00D2828a7C93503c67777,0x0f9563442d64ab3bd3bcb27058db0b0d4046a4c46f0acd811dacae9551d2b129,272291710294,272264.01458087395,259450263193178606,,,,,
0xff9337ad61dd0e321e558c2f92336cf60b8562301e97c5f1fc52ce8e84ee31f0,1761328319,2025-10-24,2025-10-24 17:51,23648930,MarketWithdraw,0x55555815a5595991C3A0Ff119B59AEF6C8B55555,0x0f9563442d64ab3bd3bcb27058db0b0d4046a4c46f0acd811dacae9551d2b129,174514618272,174496.86779844083,166283751249647764,,,,,
0x32f4526885b97abf558268f2332e0a96a47a44883d762b7526ef48dd386661a3,1761328439,2025-10-24,2025-10-24 17:53,23648940,MarketSupply,0xd63070114470f685b75B74D60EEc7c1113d33a3D,0x0f9563442d64ab3bd3bcb27058db0b0d4046a4c46f0acd811dacae9551d2b129,719673498314,719600.2978822564,685730268507426847,,,,,
0xeaf782c29ce2c696cf8ea89c89b411eac02b0b32a2c940b33de5dcbc798cb5ff,1761331979,2025-10-24,2025-10-24 18:52,23649233,MarketWithdraw,0xd63070114470f685b75B74D60EEc7c1113d33a3D,0x0f9563442d64ab3bd3bcb27058db0b0d4046a4c46f0acd811dacae9551d2b129,32589100283,32585.048480161815,31051793189092590,,,,,
0xe40e89c45433f307bca4925422d01e7f3cddba6eff42a91ef4aca9fae5f38ce2,1761333767,2025-10-24,2025-10-24 19:22,23649382,MarketWithdraw,0x55555815a5595991C3A0Ff119B59AEF6C8B55555,0x0f9563442d64ab3bd3bcb27058db0b0d4046a4c46f0acd811dacae9551d2b129,168604848572,168571.38795331283,160650691862349962,,,,,
0xc59c4d0b9d699d8c453bed669d0881f15c47f6a4f1f761b8b67391525a9b5aca,1761335987,2025-10-24,2025-10-24 19:59,23649566,MarketSupply,0xd63070114470f685b75B74D60EEc7c1113d33a3D,0x0f9563442d64ab3bd3bcb27058db0b0d4046a4c46f0acd811dacae9551d2b129,55802757521,55791.68313727429,53169912206776860,,,,,
0x31741aab6ff6577dd9619f69e11c6c8e58c5e115ac18c976abf880d7735c49b4,1761339083,2025-10-24,2025-10-24 20:51,23649823,MarketWithdraw,0xd63070114470f685b75B74D60EEc7c1113d33a3D,0x0f9563442d64ab3bd3bcb27058db0b0d4046a4c46f0acd811dacae9551d2b129,11663195525,11661.745439900376,11112831183189116,,,,,
0xdb1869dfbc97a86b6579c5db590586262d74cb5d5581455585a728b1feaa79f2,1761339599,2025-10-24,2025-10-24 20:59,23649865,MarketSupply,0x777791C4d6DC2CE140D00D2828a7C93503c67777,0x0f9563442d64ab3bd3bcb27058db0b0d4046a4c46f0acd811dacae9551d2b129,981895663873,981773.5847851107,935560724572854040,,,,,
0x70998e266cfcb4fb94d7d0edc25261f43dda1380ca4bf575f315c47a33ae7e0d,1761343187,2025-10-24,2025-10-24 21:59,23650161,MarketWithdraw,0xd63070114470f685b75B74D60EEc7c1113d33a3D,0x0f9563442d64ab3bd3bcb27058db0b0d4046a4c46f0acd811dacae9551d2b129,749773869088,749680.1872336832,714387408159527149,,,,,
0x4524959f90492ca66be5873996a9c112e91cf162ad10de821371fda6962412e1,1761346535,2025-10-24,2025-10-24 22:55,23650439,MarketWithdraw,0xd63070114470f685b75B74D60EEc7c1113d33a3D,0x0f9563442d64ab3bd3bcb27058db0b0d4046a4c46f0acd811dacae9551d2b129,7246714140,7246.073458002882,6904645015648072,,,,,
0x95aabae4dc0a9747d4b0407eae9837bf063aefa7eb256272d737e53e64fc26a5,1761349727,2025-10-24,2025-10-24 23:48,23650701,MarketWithdraw,0xd63070114470f685b75B74D60EEc7c1113d33a3D,0x0f9563442d64ab3bd3bcb27058db0b0d4046a4c46f0acd811dacae9551d2b129,49631386866,49626.998955087176,47288280293717904,,,,,
0xa26fd340920726cbf98c9470bc44fd8304cade9ed51e5177707d67d377d6d731,1761353447,2025-10-25,2025-10-25 00:50,23651008,MarketSupply,0xd63070114470f685b75B74D60EEc7c1113d33a3D,0x0f9563442d64ab3bd3bcb27058db0b0d4046a4c46f0acd811dacae9551d2b129,23161879598,23159.58200365847,22068217345646922,,,,,
0x0a72ea64a911a19761fa60199a508c93addd64cac94c32140cb433eac45027c3,1761358631,2025-10-25,2025-10-25 02:17,23651437,MarketWithdraw,0x73A5cAcD96Ec124C84A520f115543847b7a8d95e,0x0f9563442d64ab3bd3bcb27058db0b0d4046a4c46f0acd811dacae9551d2b129,36026092443,36022.30541957888,34324603976564828,,,,,
0xcd3728265514901b0a567bb276e8ae369d9465bc66c0a34dd7bf92a941d72907,1761361223,2025-10-25,2025-10-25 03:00,23651652,MarketWithdraw,0xd63070114470f685b75B74D60EEc7c1113d33a3D,0x0f9563442d64ab3bd3bcb27058db0b0d4046a4c46f0acd811dacae9551d2b129,399014502206,398979.2253338599,380167078563055651,,,,,
0xcd80a763cfb73504135f667ef658797ef575a362042180649bd0aa46b11c5234,1761361271,2025-10-25,2025-10-25 03:01,23651656,MarketSupply,0x55555815a5595991C3A0Ff119B59AEF6C8B55555,0x0f9563442d64ab3bd3bcb27058db0b0d4046a4c46f0acd811dacae9551d2b129,229883613822,229863.289811702,219025051221057060,,,,,
0x5e4c02f03b3a5d26efc26f2828bb3835d92b4d7bc1073362bc745ac292588982,1761368207,2025-10-25,2025-10-25 04:56,23652232,MarketWithdraw,0xd63070114470f685b75B74D60EEc7c1113d33a3D,0x0f9563442d64ab3bd3bcb27058db0b0d4046a4c46f0acd811dacae9551d2b129,164616502196,164600.0995896242,156838307120285608,,,,,
0x06d2dd3eccc6306a8a1ff1c37b68f6bd3fbfac7e21943fd3af30f27abf179ac2,1761368327,2025-10-25,2025-10-25 04:58,23652242,MarketWithdraw,0x55555815a5595991C3A0Ff119B59AEF6C8B55555,0x0f9563442d64ab3bd3bcb27058db0b0d4046a4c46f0acd811dacae9551d2b129,150969714513,150954.6716906293,143836294470868864,,,,,
0x4b51e956b88dca6ca22ebb23e4242c479615fb0cb4839f4fcee6f8e7aa56863b,1761371771,2025-10-25,2025-10-25 05:56,23652525,MarketSupply,0x777791C4d6DC2CE140D00D2828a7C93503c67777,0x0f9563442d64ab3bd3bcb27058db0b0d4046a4c46f0acd811dacae9551d2b129,664233336941,664174.612071681,632842555904779902,,,,,
0xaee172f9d1f65ebb2ebd413a7509d87409161d1beb5bdf5e6acccedca62a6ad3,1761372011,2025-10-25,2025-10-25 06:00,23652545,MarketWithdraw,0xd63070114470f685b75B74D60EEc7c1113d33a3D,0x0f9563442d64ab3bd3bcb27058db0b0d4046a4c46f0acd811dacae9551d2b129,323819819725,323787.57522134687,308516363818942056,,,,,
0xb800ee448ef37dde509ed12796c46662029886bff49cddf859243a6a99d76e52,1761374855,2025-10-25,2025-10-25 06:47,23652780,MarketSupply,0xd63070114470f685b75B74D60EEc7c1113d33a3D,0x0f9563442d64ab3bd3bcb27058db0b0d4046a4c46f0acd811dacae9551d2b129,194088307955,194068.98152476418,184914638678599879,,,,,
0x88c8901ee1074a76c205009e989c4204531206254a83aa217cddadcfe3c640f4,1761378635,2025-10-25,2025-10-25 07:50,23653094,MarketWithdraw,0xd63070114470f685b75B74D60EEc7c1113d33a3D,0x0f9563442d64ab3bd3bcb27058db0b0d4046a4c46f0acd811dacae9551d2b129,20557822154,20556.004636943366,19585981210066809,,,,,
0xd84730dbfc3d755335a85f941547ac9eed287a4c8257e6a2db20695fbcd94c54,1761382247,2025-10-25,2025-10-25 08:50,23653391,MarketWithdraw,0xd63070114470f685b75B74D60EEc7c1113d33a3D,0x0f9563442d64ab3bd3bcb27058db0b0d4046a4c46f0acd811dacae9551d2b129,91999361885,91990.2023180684,87649513087430421,,,,,
0x5714de4812bfda788cd797fbc968c376fbb37f73bf57caafb3034b04fbe4191f,1761384275,2025-10-25,2025-10-25 09:24,23653558,MarketWithdraw,0x55555815a5595991C3A0Ff119B59AEF6C8B55555,0x0f9563442d64ab3bd3bcb27058db0b0d4046a4c46f0acd811dacae9551d2b129,90297461296,90289.47809744682,86027681988365225,,,,,
0x05190629f712fd591b2f403eb4f3a621ef19c7705cf0ca121ae59b2c22a32ba5,1761393347,2025-10-25,2025-10-25 11:55,23654312,MarketWithdraw,0xd63070114470f685b75B74D60EEc7c1113d33a3D,0x0f9563442d64ab3bd3bcb27058db0b0d4046a4c46f0acd811dacae9551d2b129,72463154512,72456.74804450959,69035233295797097,,,,,
0xb9f7ca9f2e97b38ab6ecae1b51de982da28a1fb3b96c7713260789b090f2ac8d,1761396503,2025-10-25,2025-10-25 12:48,23654571,MarketWithdraw,0xd63070114470f685b75B74D60EEc7c1113d33a3D,0x0f9563442d64ab3bd3bcb27058db0b0d4046a4c46f0acd811dacae9551d2b129,1604507357,1604.3655025045675,1528593706292839,,,,,
0x587ba9ca6415ef9716fa0559e15b2d9c2caf1268cefe6fa55b93f1f01b58ca01,1761398747,2025-10-25,2025-10-25 13:25,23654757,MarketSupply,0x777791C4d6DC2CE140D00D2828a7C93503c67777,0x0f9563442d64ab3bd3bcb27058db0b0d4046a4c46f0acd811dacae9551d2b129,96653629291,96635.37394448854,92080197139624246,,,,,
0x133ed64ba8eca2ab03086d2d8664d3a2d59a3ebc973f50722ca528c93c3ca296,1761400655,2025-10-25,2025-10-25 13:57,23654916,MarketSupply,0xd63070114470f685b75B74D60EEc7c1113d33a3D,0x0f9563442d64ab3bd3bcb27058db0b0d4046a4c46f0acd811dacae9551d2b129,35559486762,35552.77050356902,33876742859737018,,,,,
0xb11071801baf16213cbad7f4ba2c1db0b3233e77eb264f6cb7ca26e4ca429fb9,1761402815,2025-10-25,2025-10-25 14:33,23655096,MarketSupply,0x777791C4d6DC2CE140D00D2828a7C93503c67777,0x0f9563442d64ab3bd3bcb27058db0b0d4046a4c46f0acd811dacae9551d2b129,74440515024,74433.93373806671,70917494127740397,,,,,
0x3eb393e11caaead6e35bd8b2b157d2dc1bfc04b54e4d05929db0207c62b8119a,1761406943,2025-10-25,2025-10-25 15:42,23655438,MarketSupply,0x55555815a5595991C3A0Ff119B59AEF6C8B55555,0x0f9563442d64ab3bd3bcb27058db0b0d4046a4c46f0acd811dacae9551d2b129,67061172798,67054.59282454984,63886793445946627,,,,,
0x362afba940cbd0003ed11fc8c5b8cf5c557c9e66fae5373bb722bcf79a38bf52,1761407639,2025-10-25,2025-10-25 15:53,23655496,MarketWithdraw,0xd63070114470f685b75B74D60EEc7c1113d33a3D,0x0f9563442d64ab3bd3bcb27058db0b0d4046a4c46f0acd811dacae9551d2b129,117105424528,117093.93426393044,111561997282874405,,,,,
0x483fa9dbac0aa2a4423ff16bd05b5d193b53d31cd05a5b1b715f45de47993af2,1761410411,2025-10-25,2025-10-25 16:40,23655725,MarketSupply,0x777791C4d6DC2CE140D00D2828a7C93503c67777,0x0f9563442d64ab3bd3bcb27058db0b0d4046a4c46f0acd811dacae9551d2b129,1420044247625,1419918.7015130676,1352814953947840039,,,,,
0xbf051452901d6859c6a45ad078717255dc827d25a7fa4a4484d49091eada831d,1761410915,2025-10-25,2025-10-25 16:48,23655767,MarketWithdraw,0xd63070114470f685b75B74D60EEc7c1113d33a3D,0x0f9563442d64ab3bd3bcb27058db0b0d4046a4c46f0acd811dacae9551d2b129,1136530594109,1136430.1134391748,1082722692151900179,,,,,
0x49cb476d43f95488d304a49f62b266627f36e3a0105a334da498680bb2f60bfa,1761411227,2025-10-25,2025-10-25 16:53,23655793,MarketSupply,0x777791C4d6DC2CE140D00D2828a7C93503c67777,0x0f9563442d64ab3bd3bcb27058db0b0d4046a4c46f0acd811dacae9551d2b129,246530698199,246508.90241997223,234858788835098007,,,,,
0xcac0614475f304d1b6ec54424198c6b2bbab0447b8996acae3b805deef9bc560,1761412499,2025-10-25,2025-10-25 17:14,23655897,MarketWithdraw,0x55555815a5595991C3A0Ff119B59AEF6C8B55555,0x0f9563442d64ab3bd3bcb27058db0b0d4046a4c46f0acd811dacae9551d2b129,67061991761,67054.49557489034,63886793445946627,,,,,
0x0d66e05870b139c926c2b33281752aa24e03e3cfbb7eddb886a6bd61705622d2,1761414479,2025-10-25,2025-10-25 17:47,23656062,MarketWithdraw,0xd63070114470f685b75B74D60EEc7c1113d33a3D,0x0f9563442d64ab3bd3bcb27058db0b0d4046a4c46f0acd811dacae9551d2b129,164607987830,164589.58795729256,156813595840085191,,,,,
0x6ebabca13a6cf91dbf8e02eb463cf13d005918c091bba623e240ac508819844e,1761418631,2025-10-25,2025-10-25 18:57,23656407,MarketWithdraw,0xd63070114470f685b75B74D60EEc7c1113d33a3D,0x0f9563442d64ab3bd3bcb27058db0b0d4046a4c46f0acd811dacae9551d2b129,20813617612,20811.77748006692,19827887196380983,,,,,
0xafda599e84acd66285b5e715575b97167d90f1906a9ed09a729282b5e5a46377,1761425495,2025-10-25,2025-10-25 20:51,23656973,MarketWithdraw,0xd63070114470f685b75B74D60EEc7c1113d33a3D,0x0f9563442d64ab3bd3bcb27058db0b0d4046a4c46f0acd811dacae9551d2b129,103304559681,103295.4265248786,98410588819315625,,,,,
0x8b79c0d7bf76f51623bc9d9ea3c3f149398ba8b9a640a5a3fae2b16fb3daa4f1,1761429527,2025-10-25,2025-10-25 21:58,23657308,MarketWithdraw,0xd63070114470f685b75B74D60EEc7c1113d33a3D,0x0f9563442d64ab3bd3bcb27058db0b0d4046a4c46f0acd811dacae9551d2b129,38569484887,38562.72605073797,36741957214523256,,,,,
0x7a0fa0a77391de700f2627cedbb9fd7682931a173513bfddf6974f474ed6da16,1761440207,2025-10-26,2025-10-26 00:56,23658193,MarketSupply,0xd63070114470f685b75B74D60EEc7c1113d33a3D,0x0f9563442d64ab3bd3bcb27058db0b0d4046a4c46f0acd811dacae9551d2b129,87965407555,87953.46185265403,83795367304850946,,,,,
0x78aac5ef8058b44405d7c1d58664c78f56e228c42a6a420b6888c44f85cffffb,1761443939,2025-10-26,2025-10-26 01:58,23658504,MarketSupply,0xd63070114470f685b75B74D60EEc7c1113d33a3D,0x0f9563442d64ab3bd3bcb27058db0b0d4046a4c46f0acd811dacae9551d2b129,9951920059,9949.93270154431,9480066790232410,,,,,
0x5ab369c206a4356c9ff722159b992b05b08e359b93b7ca0435c85d7a496c0c0d,1761447467,2025-10-26,2025-10-26 02:57,23658797,MarketWithdraw,0xd63070114470f685b75B74D60EEc7c1113d33a3D,0x0f9563442d64ab3bd3bcb27058db0b0d4046a4c46f0acd811dacae9551d2b129,26452290479,26447.05311017435,25197904821721340,,,,,
0xea2cb2006a7a24ef728e4ab84ccb6c6522c2938b1b8e8968b3e80ce068e1ad6c,1761450839,2025-10-26,2025-10-26 03:53,23659078,MarketWithdraw,0xd63070114470f685b75B74D60EEc7c1113d33a3D,0x0f9563442d64ab3bd3bcb27058db0b0d4046a4c46f0acd811dacae9551d2b129,219371108975,219341.3183784012,208966825914586027,,,,,
0x2bc28824a49c2917bd367ab2053a9557194de91c036d80be98ea1c5879474785,1761452219,2025-10-26,2025-10-26 04:16,23659193,MarketSupply,0x777791C4d6DC2CE140D00D2828a7C93503c67777,0x0f9563442d64ab3bd3bcb27058db0b0d4046a4c46f0acd811dacae9551d2b129,2263263174,2262.81072003925,2155914861739620,,,,,
0xc001870841ad3acd4378d37d735c12079a98ee331b51307d0d61dfec4543cb41,1761454091,2025-10-26,2025-10-26 04:48,23659348,MarketSupply,0xd63070114470f685b75B74D60EEc7c1113d33a3D,0x0f9563442d64ab3bd3bcb27058db0b0d4046a4c46f0acd811dacae9551d2b129,97395516365,97376.04581131236,92775576465187611,,,,,
0xb518ec300a01a7d3f6c6d12515db55a80658c784f434d0198bc780fbd9f471f2,1761457715,2025-10-26,2025-10-26 05:48,23659648,MarketWithdraw,0xd63070114470f685b75B74D60EEc7c1113d33a3D,0x0f9563442d64ab3bd3bcb27058db0b0d4046a4c46f0acd811dacae9551d2b129,37128263055,37123.221036877134,35366802372167386,,,,,
0xc2a30d50a1d05253c635fb52717bf4c1fe16f9188521a0c30f2c2718a3a794fe,1761458399,2025-10-26,2025-10-26 05:59,23659705,MarketSupply,0x777791C4d6DC2CE140D00D2828a7C93503c67777,0x0f9563442d64ab3bd3bcb27058db0b0d4046a4c46f0acd811dacae9551d2b129,9732963123,9731.641386607896,9271191902506973,,,,,
0xa965a2fc67dd4c44d82a802ff4f5134fa73074b26931e1db6b68d0d14c4b2853,1761461735,2025-10-26,2025-10-26 06:55,23659981,MarketWithdraw,0xd63070114470f685b75B74D60EEc7c1113d33a3D,0x0f9563442d64ab3bd3bcb27058db0b0d4046a4c46f0acd811dacae9551d2b129,25869148022,25864.028089220137,24641625517812738,,,,,
0xfcb6bfdeb2aaeef96bf0888ded23013f59541d1283384131f758e4ccbbe0264c,1761465047,2025-10-26,2025-10-26 07:50,23660255,MarketSupply,0xd63070114470f685b75B74D60EEc7c1113d33a3D,0x0f9563442d64ab3bd3bcb27058db0b0d4046a4c46f0acd811dacae9551d2b129,47516446803,47509.99406952415,45261394604375490,,,,,
0xbef055e14ed4ada9a6f9cef4337286cbcdf1ee47f842e41f6e73d124e5cf9f9d,1761468647,2025-10-26,2025-10-26 08:50,23660552,MarketWithdraw,0xd63070114470f685b75B74D60EEc7c1113d33a3D,0x0f9563442d64ab3bd3bcb27058db0b0d4046a4c46f0acd811dacae9551d2b129,52523068916,52517.83977367785,50030006249076793,,,,,
0xf68fdf8ad40283db68fc48e3465a35dd2a3c910ae985ed46bc4481de6b2e811a,1761472547,2025-10-26,2025-10-26 09:55,23660876,MarketWithdraw,0xd63070114470f685b75B74D60EEc7c1113d33a3D,0x0f9563442d64ab3bd3bcb27058db0b0d4046a4c46f0acd811dacae9551d2b129,38003977147,37998.81620690344,36199759024321612,,,,,
0x3290ffcaee91b875867928d67b5fdbf26d1e32a11a8c7ae95954bdf601e5b9a6,1761475667,2025-10-26,2025-10-26 10:47,23661132,MarketSupply,0x777791C4d6DC2CE140D00D2828a7C93503c67777,0x0f9563442d64ab3bd3bcb27058db0b0d4046a4c46f0acd811dacae9551d2b129,8879320792,8878.435692454226,8457719847605701,,,,,
0x98980dea7d65f787bbff622bd09ec3eb40460b3f2d3fb274aa1c906ddb493cd1,1761476279,2025-10-26,2025-10-26 10:57,23661182,MarketSupply,0xd63070114470f685b75B74D60EEc7c1113d33a3D,0x0f9563442d64ab3bd3bcb27058db0b0d4046a4c46f0acd811dacae9551d2b129,73051507104,73044.22525696794,69582836021647577,,,,,
0x2845736df812a537f9bb1ce8bb765e8cdfc7677b02190bb461b5fa0914c28e69,1761479939,2025-10-26,2025-10-26 11:58,23661486,MarketWithdraw,0xd63070114470f685b75B74D60EEc7c1113d33a3D,0x0f9563442d64ab3bd3bcb27058db0b0d4046a4c46f0acd811dacae9551d2b129,16439313111,16437.080652279525,15658604013676857,,,,,
0x69bef65ab7d7701e40ea33eef4333ca6727e1ab21834b3ca6b6df53f8a0f2170,1761483467,2025-10-26,2025-10-26 12:57,23661780,MarketWithdraw,0xd63070114470f685b75B74D60EEc7c1113d33a3D,0x0f9563442d64ab3bd3bcb27058db0b0d4046a4c46f0acd811dacae9551d2b129,268373124399,268319.6374923243,255625954244317318,,,,,
0x1a669eeb2e8749f95117722fc6dc6286d9f36db7a8ca228ea8f6ccdefbe862aa,1761486839,2025-10-26,2025-10-26 13:53,23662061,MarketSupply,0xd63070114470f685b75B74D60EEc7c1113d33a3D,0x0f9563442d64ab3bd3bcb27058db0b0d4046a4c46f0acd811dacae9551d2b129,30252726866,30248.6185456916,28815557023589360,,,,,
0xc3a064e5cd1c386369910d3100edea65a7b90afad3a9183e0c50a01a95257fbc,1761488519,2025-10-26,2025-10-26 14:21,23662201,MarketSupply,0x777791C4d6DC2CE140D00D2828a7C93503c67777,0x0f9563442d64ab3bd3bcb27058db0b0d4046a4c46f0acd811dacae9551d2b129,1508823677,1508.6187787446634,1437140676162685,,,,,
0x493f89dfa2ce30af2f5f283810bc44e71dec210a459dbbd2ba04420a6229751c,1761490139,2025-10-26,2025-10-26 14:48,23662336,MarketSupply,0xd63070114470f685b75B74D60EEc7c1113d33a3D,0x0f9563442d64ab3bd3bcb27058db0b0d4046a4c46f0acd811dacae9551d2b129,124681466893,124664.53514979593,118757501976262710,,,,,
0x4304d0cb1f8619895d88d9fb8ffc169f57b109ab7ca0324537598849d77aec83,1761491171,2025-10-26,2025-10-26 15:06,23662421,MarketSupply,0x777791C4d6DC2CE140D00D2828a7C93503c67777,0x0f9563442d64ab3bd3bcb27058db0b0d4046a4c46f0acd811dacae9551d2b129,5318541166,5318.003943382173,5065830448982919,,,,,
0xf397f1d061aa15ae752205da459f14fe1815083eccbe386fab6aa8d5c6514aff,1761492299,2025-10-26,2025-10-26 15:24,23662514,MarketSupply,0x777791C4d6DC2CE140D00D2828a7C93503c67777,0x0f9563442d64ab3bd3bcb27058db0b0d4046a4c46f0acd811dacae9551d2b129,1269999576095,1269871.2942079909,1209652370678160015,,,,,
0xc12d580c4c01177448c3ede0046df5216c44be1bc36d877b3f708c5ce279380a,1761494015,2025-10-26,2025-10-26 15:53,23662654,MarketWithdraw,0xd63070114470f685b75B74D60EEc7c1113d33a3D,0x0f9563442d64ab3bd3bcb27058db0b0d4046a4c46f0acd811dacae9551d2b129,1028320835661,1028216.9655969997,979454385872474851,,,,,
0x03e9282a3565a671b6e1efce2f39c9597d1940a1470dd8ee410a1a2ec5d40c1c,1761494939,2025-10-26,2025-10-26 16:08,23662731,MarketSupply,0x777791C4d6DC2CE140D00D2828a7C93503c67777,0x0f9563442d64ab3bd3bcb27058db0b0d4046a4c46f0acd811dacae9551d2b129,8321207405,8320.0773850344,7925762268114402,,,,,
0x0688a2b8c41dcaaa5972d9e2fdb874a41dfd5029e56fd9190b8c34c29de04529,1761497387,2025-10-26,2025-10-26 16:49,23662935,MarketSupply,0xd63070114470f685b75B74D60EEc7c1113d33a3D,0x0f9563442d64ab3bd3bcb27058db0b0d4046a4c46f0acd811dacae9551d2b129,117196808089,117180.8927624615,111626713033166268,,,,,
0xfea08ce358d26bbd4e2df5db32147870974533c37077a245a8f8d2b2847805a5,1761499799,2025-10-26,2025-10-26 17:29,23663133,MarketSupply,0x0F359FD18BDa75e9c49bC027E7da59a4b01BF32a,0x0f9563442d64ab3bd3bcb27058db0b0d4046a4c46f0acd811dacae9551d2b129,499987981129,499937.87829565094,476222214089564617,,,,,
0x2f4457f1ba25b39b12734d212c88a9f51fbbdd7fa7c938a2426e35a0a6afa594,1761501587,2025-10-26,2025-10-26 17:59,23663281,MarketWithdraw,0xd63070114470f685b75B74D60EEc7c1113d33a3D,0x0f9563442d64ab3bd3bcb27058db0b0d4046a4c46f0acd811dacae9551d2b129,554123911074,554068.383383297,527783014507759990,,,,,
0x34e1d6a0dc44e7283c5fc304fde8e65833fc3d4274686227f0635569f21705d3,1761504899,2025-10-26,2025-10-26 18:54,23663555,MarketSupply,0xd63070114470f685b75B74D60EEc7c1113d33a3D,0x0f9563442d64ab3bd3bcb27058db0b0d4046a4c46f0acd811dacae9551d2b129,7639390491,7638.353061771322,7276191010555980,,,,,
0xafea996c3a1cce87ef439a0513cd7999de032561122c730e09529cfb50879079,1761508151,2025-10-26,2025-10-26 19:49,23663825,MarketWithdraw,0xd63070114470f685b75B74D60EEc7c1113d33a3D,0x0f9563442d64ab3bd3bcb27058db0b0d4046a4c46f0acd811dacae9551d2b129,20438181241,20436.07781299558,19466351095480645,,,,,
0x35915a63f1f41fcdae8b22d00004fca6036337ba936b28a176edee52fd492c7b,1761511787,2025-10-26,2025-10-26 20:49,23664127,MarketWithdraw,0xd63070114470f685b75B74D60EEc7c1113d33a3D,0x0f9563442d64ab3bd3bcb27058db0b0d4046a4c46f0acd811dacae9551d2b129,34572354619,34567.88821650677,32928186825819057,,,,,
0xb6d41265226220d3ea7c3f9db51311ef232c42155c9b238d9310ad85a727f265,1761515759,2025-10-26,2025-10-26 21:55,23664453,MarketSupply,0xd63070114470f685b75B74D60EEc7c1113d33a3D,0x0f9563442d64ab3bd3bcb27058db0b0d4046a4c46f0acd811dacae9551d2b129,96157371779,96147.31621928784,91583588940135576,,,,,
0x7607474edf8a0e88036804ed3b470ea4893ee0bd51546b0b1143bf6c69bcce3a,1761519587,2025-10-26,2025-10-26 22:59,23664771,MarketWithdraw,0xd63070114470f685b75B74D60EEc7c1113d33a3D,0x0f9563442d64ab3bd3bcb27058db0b0d4046a4c46f0acd811dacae9551d2b129,7206422608,7205.491610263272,6863587991610998,,,,,
0xb8773409761c5c7afe970844360c4ad0598c391893697a5025aa3d3b4dd6a8bc,1761523127,2025-10-26,2025-10-26 23:58,23665065,MarketWithdraw,0xd63070114470f685b75B74D60EEc7c1113d33a3D,0x0f9563442d64ab3bd3bcb27058db0b0d4046a4c46f0acd811dacae9551d2b129,47921181307,47911.44213598497,45641054207907119,,,,,
0x73999d845e3e3143b50d74b8ddaadc55d44ad5fa866c9818348fae4f3fd59a59,1761525803,2025-10-27,2025-10-27 00:43,23665285,MarketSupply,0x777791C4d6DC2CE140D00D2828a7C93503c67777,0x0f9563442d64ab3bd3bcb27058db0b0d4046a4c46f0acd811dacae9551d2b129,3280504805,3280.0809965842423,3124397620148405,,,,,
0x2d84adcf84a51bf48e2112619048911b08fa5d54cb00dab22e2a39c7632c14a4,1761526847,2025-10-27,2025-10-27 01:00,23665372,MarketWithdraw,0xd63070114470f685b75B74D60EEc7c1113d33a3D,0x0f9563442d64ab3bd3bcb27058db0b0d4046a4c46f0acd811dacae9551d2b129,61635351325,61629.42671127153,58702217729318278,,,,,
0x1c92035f369a9c0061f6e8ef319a9acc7900171cce05fb5b8d10e0d445304275,1761528047,2025-10-27,2025-10-27 01:20,23665472,MarketSupply,0x777791C4d6DC2CE140D00D2828a7C93503c67777,0x0f9563442d64ab3bd3bcb27058db0b0d4046a4c46f0acd811dacae9551d2b129,1635109821,1634.9526483079524,1557293301435109,,,,,
0x77dde3ed544ecfbb0dc7710b68a830384b7cc1720a2d3861ad483357bad39b73,1761530015,2025-10-27,2025-10-27 01:53,23665634,MarketSupply,0xd63070114470f685b75B74D60EEc7c1113d33a3D,0x0f9563442d64ab3bd3bcb27058db0b0d4046a4c46f0acd811dacae9551d2b129,54601379086,54596.13060321906,52002619896127623,,,,,
0x2c44c5acf6a810fecb4d1fd190d6f4d55e44a80711ff686af19a8cf3dcd2680c,1761533927,2025-10-27,2025-10-27 02:58,23665958,MarketWithdraw,0xd63070114470f685b75B74D60EEc7c1113d33a3D,0x0f9563442d64ab3bd3bcb27058db0b0d4046a4c46f0acd811dacae9551d2b129,54601844218,54594.79020574548,52002619896127623,,,,,
0x089c0497081e534d6382c972e53e4a90ba5bee125bf889c005def8aff2724185,1761541091,2025-10-27,2025-10-27 04:58,23666547,MarketSupply,0xd63070114470f685b75B74D60EEc7c1113d33a3D,0x0f9563442d64ab3bd3bcb27058db0b0d4046a4c46f0acd811dacae9551d2b129,27630657465,27624.813152014678,26314935255214616,,,,,
0x9137ec7053634404e89d73f65eec5f6c0adef340d42b7a75b0d4396c638477d9,1761544127,2025-10-27,2025-10-27 05:48,23666798,MarketWithdraw,0xd63070114470f685b75B74D60EEc7c1113d33a3D,0x0f9563442d64ab3bd3bcb27058db0b0d4046a4c46f0acd811dacae9551d2b129,27630840677,27627.27104869294,26314935255214616,,,,,
0x270608d266aabfb5fde9642fab75170f635eb2ea46aaf7dc3b466e49a8fc32e0,1761547715,2025-10-27,2025-10-27 06:48,23667097,MarketSupply,0xd63070114470f685b75B74D60EEc7c1113d33a3D,0x0f9563442d64ab3bd3bcb27058db0b0d4046a4c46f0acd811dacae9551d2b129,55117715326,55110.11990400817,52492347912093525,,,,,
0x69f2371821dfa538df2b5c007a5f485a506cc01dd554373c4346dddf8af2bf9e,1761548219,2025-10-27,2025-10-27 06:56,23667138,MarketWithdraw,0xca7c196f00e04A5e1c71B91476d0d58f82499734,0x0f9563442d64ab3bd3bcb27058db0b0d4046a4c46f0acd811dacae9551d2b129,271758,0.2717205507574571,258813337360,,,,,
0x0633a88e22df9e2a4187481d6eec405b79eb367c9ccd970a9849bc7b0e84ac73,1761551903,2025-10-27,2025-10-27 07:58,23667443,MarketSupply,0xd63070114470f685b75B74D60EEc7c1113d33a3D,0x0f9563442d64ab3bd3bcb27058db0b0d4046a4c46f0acd811dacae9551d2b129,193849810212,193824.76675501873,184614673816314846,,,,,
0x4315b80005593c5d0027b8a68ac57bbe7fc0226901b8af36d8a246a7c43b7d9e,1761552347,2025-10-27,2025-10-27 08:05,23667480,MarketSupply,0x777791C4d6DC2CE140D00D2828a7C93503c67777,0x0f9563442d64ab3bd3bcb27058db0b0d4046a4c46f0acd811dacae9551d2b129,1032963965,1032.7580156327545,983751938003361,,,,,
0x1b1c0c02e7af0e32844b0ff9f19a6fe7357636da25e403ed22200b2925cce426,1761555347,2025-10-27,2025-10-27 08:55,23667728,MarketWithdraw,0xd63070114470f685b75B74D60EEc7c1113d33a3D,0x0f9563442d64ab3bd3bcb27058db0b0d4046a4c46f0acd811dacae9551d2b129,41682467968,41674.15743811308,39696398019663009,,,,,
0x542a7739634036fc1a260f9b1f20d7ba284c60aefa5c9747838052a15d9a1209,1761558899,2025-10-27,2025-10-27 09:54,23668022,MarketWithdraw,0xd63070114470f685b75B74D60EEc7c1113d33a3D,0x0f9563442d64ab3bd3bcb27058db0b0d4046a4c46f0acd811dacae9551d2b129,109372146398,109358.01661040683,104160038921100876,,,,,
0xb596ead05ae2bcc7ec839a893e36dd6519c9c86aeb2f7995c2c599d80f44b195,1761559559,2025-10-27,2025-10-27 10:05,23668077,MarketSupply,0x777791C4d6DC2CE140D00D2828a7C93503c67777,0x0f9563442d64ab3bd3bcb27058db0b0d4046a4c46f0acd811dacae9551d2b129,1055057113,1054.9498364287113,1004777148949442,,,,,
0xf55891da09833d09d32ef84f8142386da740a8144ac3c6d3e7f5ef2a33ce4cdb,1761562499,2025-10-27,2025-10-27 10:54,23668317,MarketSupply,0xd63070114470f685b75B74D60EEc7c1113d33a3D,0x0f9563442d64ab3bd3bcb27058db0b0d4046a4c46f0acd811dacae9551d2b129,217198721816,217176.6373867519,206846554202678305,,,,,
0x55befacae4d33f1ad2b8523f3e0bdecf9e6d569acf6ffb942e0a9d196a83391b,1761564407,2025-10-27,2025-10-27 11:26,23668476,MarketSupply,0xd63070114470f685b75B74D60EEc7c1113d33a3D,0x0f9563442d64ab3bd3bcb27058db0b0d4046a4c46f0acd811dacae9551d2b129,25831070727,25827.733610972777,24599807082253097,,,,,
0x152242aba491137fc5619726c02825e6e52511f7e5cb14d963a2bde66f4ad21f,1761565691,2025-10-27,2025-10-27 11:48,23668580,MarketWithdraw,0xd63070114470f685b75B74D60EEc7c1113d33a3D,0x0f9563442d64ab3bd3bcb27058db0b0d4046a4c46f0acd811dacae9551d2b129,102892220486,102878.92784003542,97987498529239940,,,,,
0x088d38af3bc86d0755fb46e1588833995b9f435145375d561d433c4162a8e1a6,1761567851,2025-10-27,2025-10-27 12:24,23668759,MarketSupply,0x777791C4d6DC2CE140D00D2828a7C93503c67777,0x0f9563442d64ab3bd3bcb27058db0b0d4046a4c46f0acd811dacae9551d2b129,9862671027,9861.652339945444,9392489027230896,,,,,
0xc9a2a7cebe8aea6cf8802bb793cdd6917a66edc73e1861dfaa0205ac0aeef2ad,1761569615,2025-10-27,2025-10-27 12:53,23668904,MarketWithdraw,0xd63070114470f685b75B74D60EEc7c1113d33a3D,0x0f9563442d64ab3bd3bcb27058db0b0d4046a4c46f0acd811dacae9551d2b129,174715657830,174697.61194989586,166385838873440687,,,,,
0x9e22e947473c8e9b6ae29924fcef8eba289d051771b1f9994c6f91437d8d0384,1761573239,2025-10-27,2025-10-27 13:53,23669205,MarketWithdraw,0xd63070114470f685b75B74D60EEc7c1113d33a3D,0x0f9563442d64ab3bd3bcb27058db0b0d4046a4c46f0acd811dacae9551d2b129,3278277760,3277.8542392961854,3121956711566157,,,,,
0xc751f8a3b05a6b5dce9347e948155b45b1f75666d8bfa23cedcf05de503de1e2,1761576299,2025-10-27,2025-10-27 14:44,23669458,MarketSupply,0x777791C4d6DC2CE140D00D2828a7C93503c67777,0x0f9563442d64ab3bd3bcb27058db0b0d4046a4c46f0acd811dacae9551d2b129,7993924319,7993.105949751892,7612692499376384,,,,,
0xa876f091569342067ff02cae7ce41d114a62c24c16528e09cfab3950d84967f2,1761577331,2025-10-27,2025-10-27 15:02,23669542,MarketWithdraw,0xd63070114470f685b75B74D60EEc7c1113d33a3D,0x0f9563442d64ab3bd3bcb27058db0b0d4046a4c46f0acd811dacae9551d2b129,60066355753,60058.595780500276,57201651958329104,,,,,
0xd286ab569f2bbcea90b2d47f1182474e4aeaa1d2770718dde95f338e78d06861,1761579335,2025-10-27,2025-10-27 15:35,23669708,MarketWithdraw,0x777791C4d6DC2CE140D00D2828a7C93503c67777,0x0f9563442d64ab3bd3bcb27058db0b0d4046a4c46f0acd811dacae9551d2b129,9933648080,9932.364752004545,9459848070291486,,,,,
0x513f85655640f0c28661aad68ce7a608448c415f75b754d418f57d58d5318920,1761586955,2025-10-27,2025-10-27 17:42,23670340,MarketSupply,0xd63070114470f685b75B74D60EEc7c1113d33a3D,0x0f9563442d64ab3bd3bcb27058db0b0d4046a4c46f0acd811dacae9551d2b129,1870276271,1869.9093010524912,1781041088560528,,,,,
0x81d0031c145bc6bfc08f557a4d5f14f1fdfc407f510f23bc5fe5f1b30c177fb6,1761587387,2025-10-27,2025-10-27 17:49,23670376,MarketWithdraw,0xd63070114470f685b75B74D60EEc7c1113d33a3D,0x0f9563442d64ab3bd3bcb27058db0b0d4046a4c46f0acd811dacae9551d2b129,1870278031,1869.9110607071586,1781041088560528,,,,,
0xaadf4b60d1bd7c91f4d5a97797c83131825a34f81c08acd037f824078d07e1d3,1761594467,2025-10-27,2025-10-27 19:47,23670960,MarketSupply,0xd63070114470f685b75B74D60EEc7c1113d33a3D,0x0f9563442d64ab3bd3bcb27058db0b0d4046a4c46f0acd811dacae9551d2b129,38147253945,38143.358440388336,36326566062247665,,,,,
0x534cc9bd695f7a42cfa952c281bc9461c95deaf451d7118c9a0fcd6aacd74cd3,1761594503,2025-10-27,2025-10-27 19:48,23670963,MarketWithdraw,0x0F359FD18BDa75e9c49bC027E7da59a4b01BF32a,0x0f9563442d64ab3bd3bcb27058db0b0d4046a4c46f0acd811dacae9551d2b129,200039479702,200019.0521578099,190492002863013284,,,,,
0x9e30ec589b7f8baf3771d2a2a251dab55636c78bb2107990670eb842cdf02447,1761595439,2025-10-27,2025-10-27 20:03,23671041,MarketSupply,0x777791C4d6DC2CE140D00D2828a7C93503c67777,0x0f9563442d64ab3bd3bcb27058db0b0d4046a4c46f0acd811dacae9551d2b129,1890526302,1890.284314633344,1800291574292642,,,,,
0x65b35c2c7d73be2a1fd987bca846859050d76a65cdf1efcdac88058b2c75489e,1761598079,2025-10-27,2025-10-27 20:47,23671258,MarketSupply,0xd63070114470f685b75B74D60EEc7c1113d33a3D,0x0f9563442d64ab3bd3bcb27058db0b0d4046a4c46f0acd811dacae9551d2b129,106450162351,106436.53673021907,101368704614933319,,,,,
0xd71ccba98b57b75781d838799647c550b3dbb87cbe7d3b4cc968ece2597c4ad6,1761600323,2025-10-27,2025-10-27 21:25,23671441,MarketSupply,0x777791C4d6DC2CE140D00D2828a7C93503c67777,0x0f9563442d64ab3bd3bcb27058db0b0d4046a4c46f0acd811dacae9551d2b129,3551535719,3551.1848656400016,3381984528582743,,,,,
0x7684bbe1f3b454d2310431cef226c034f1ddee015bfeda892e301f78fb78df49,1761605687,2025-10-27,2025-10-27 22:54,23671886,MarketSupply,0xd63070114470f685b75B74D60EEc7c1113d33a3D,0x0f9563442d64ab3bd3bcb27058db0b0d4046a4c46f0acd811dacae9551d2b129,123731897893,123716.0602100697,117823520630687570,,,,,
0x0326851da8d37c8d0cb38d6d2288199bdcb7feea283e47dce307d785f80920de,1761609215,2025-10-27,2025-10-27 23:53,23672179,MarketWithdraw,0xd63070114470f685b75B74D60EEc7c1113d33a3D,0x0f9563442d64ab3bd3bcb27058db0b0d4046a4c46f0acd811dacae9551d2b129,122263128397,122250.89413157232,116424002633244522,,,,,
0x53433953af4d0acd44f22c1bdf18179da69ed261416729e10adaacb1cd169ad4,1761610811,2025-10-28,2025-10-28 00:20,23672311,MarketSupply,0x777791C4d6DC2CE140D00D2828a7C93503c67777,0x0f9563442d64ab3bd3bcb27058db0b0d4046a4c46f0acd811dacae9551d2b129,8531231089,8530.13909142061,8123762334812925,,,,,
0xe002f4ca915c423c8ecf3641912cbd85a41306d91ef1798e5eb5f568b90297c2,1761613115,2025-10-28,2025-10-28 00:58,23672502,MarketWithdraw,0xd63070114470f685b75B74D60EEc7c1113d33a3D,0x0f9563442d64ab3bd3bcb27058db0b0d4046a4c46f0acd811dacae9551d2b129,13202440814,13200.750901575808,12571802311547277,,,,,
0x71fa48a4af11fb4f6e9ed4625e513630cc6df3e6b8b1b554c8b3ac481aed9883,1761613595,2025-10-28,2025-10-28 01:06,23672542,MarketWithdraw,0x777791C4d6DC2CE140D00D2828a7C93503c67777,0x0f9563442d64ab3bd3bcb27058db0b0d4046a4c46f0acd811dacae9551d2b129,616797559852,616691.3805376787,587334489072497265,,,,,
0xcf4d916622282174d8fde283757b2df604fbccaf1c7472465967a157132c7c2f,1761614207,2025-10-28,2025-10-28 01:16,23672591,MarketSupply,0x777791C4d6DC2CE140D00D2828a7C93503c67777,0x0f9563442d64ab3bd3bcb27058db0b0d4046a4c46f0acd811dacae9551d2b129,970000232305,969833.2505167089,923664082222201742,,,,,
0x68c9ee9b74c39f16a0483522b356cd5c99ddcf1bc887ec37628df4439ab2e107,1761615215,2025-10-28,2025-10-28 01:33,23672675,MarketWithdraw,0x777791C4d6DC2CE140D00D2828a7C93503c67777,0x0f9563442d64ab3bd3bcb27058db0b0d4046a4c46f0acd811dacae9551d2b129,1060000226395,1059817.7514558223,1009362727475976287,,,,,
0x24c56419f273cd322d4fa25a7c05948eef37f9bea0016d43aead11af8a61d84e,1761616379,2025-10-28,2025-10-28 01:52,23672771,MarketWithdraw,0xd63070114470f685b75B74D60EEc7c1113d33a3D,0x0f9563442d64ab3bd3bcb27058db0b0d4046a4c46f0acd811dacae9551d2b129,132870821477,132847.94827899136,126522986363076755,,,,,
0x4a33e1dbb302ade9e7704b3efcdb0bf32270c2604d91ed927f944f44006c36c4,1761618311,2025-10-28,2025-10-28 02:25,23672930,MarketSupply,0x777791C4d6DC2CE140D00D2828a7C93503c67777,0x0f9563442d64ab3bd3bcb27058db0b0d4046a4c46f0acd811dacae9551d2b129,2870912216,2870.544739236352,2733735856440953,,,,,
0xb4d1ee3ca79011aacf42db8bba3d27e345605850ce558e457608a5a30b8211c0,1761618923,2025-10-28,2025-10-28 02:35,23672981,MarketSupply,0x777791C4d6DC2CE140D00D2828a7C93503c67777,0x0f9563442d64ab3bd3bcb27058db0b0d4046a4c46f0acd811dacae9551d2b129,30000001647,29996.161646789184,28566492029141755,,,,,
0x5c6b2e8eac07ae08a2eb89fdb538b18172f37a8f981723306f6f0a0d22f1a92c,1761619343,2025-10-28,2025-10-28 02:42,23673016,MarketSupply,0x55555815a5595991C3A0Ff119B59AEF6C8B55555,0x0f9563442d64ab3bd3bcb27058db0b0d4046a4c46f0acd811dacae9551d2b129,17990382631,17988.07986202323,17130710708893421,,,,,
0xa7a37221442b9f78749afe97453998389ae1bd775174bd03eba51d8637d41d63,1761619535,2025-10-28,2025-10-28 02:45,23673032,MarketSupply,0x777791C4d6DC2CE140D00D2828a7C93503c67777,0x0f9563442d64ab3bd3bcb27058db0b0d4046a4c46f0acd811dacae9551d2b129,2009646709,2009.389474221248,1913614301644063,,,,,
0xa9d977cba2c631ea315b44770db8bdeb207bed76d7390d41f743d7b35f2a4257,1761623807,2025-10-28,2025-10-28 03:56,23673385,MarketSupply,0xd63070114470f685b75B74D60EEc7c1113d33a3D,0x0f9563442d64ab3bd3bcb27058db0b0d4046a4c46f0acd811dacae9551d2b129,57229560180,57218.459617398104,54494000543274551,,,,,
0x452ffe5e791787a05a77b39b7ebbcd4ca21b581ffd60727d9da56e8fea0278b1,1761623843,2025-10-28,2025-10-28 03:57,23673388,MarketSupply,0x777791C4d6DC2CE140D00D2828a7C93503c67777,0x0f9563442d64ab3bd3bcb27058db0b0d4046a4c46f0acd811dacae9551d2b129,2770165846,2769.628529283002,2637752270190305,,,,,
0x1fb9d83a009bd6cd4f1b0d19f6e9674aa62238bffce8217fead5705a6148d615,1761624911,2025-10-28,2025-10-28 04:15,23673477,MarketWithdraw,0x55555815a5595991C3A0Ff119B59AEF6C8B55555,0x0f9563442d64ab3bd3bcb27058db0b0d4046a4c46f0acd811dacae9551d2b129,15594864595,15592.868452331839,14849383201128221,,,,,
0x6d0be8f7fa81b77f0738f0c3495a825b2b4047d773049680226cfb2ed3088162,1761627023,2025-10-28,2025-10-28 04:50,23673653,MarketWithdraw,0xd63070114470f685b75B74D60EEc7c1113d33a3D,0x0f9563442d64ab3bd3bcb27058db0b0d4046a4c46f0acd811dacae9551d2b129,16571065769,16568.94467258157,15778813126252645,,,,,
0x440bb1aec298b3816ac3674dbd0e55a69cbd698cde298e68ebccc774f8f594af,1761630335,2025-10-28,2025-10-28 05:45,23673926,MarketSupply,0x55555815a5595991C3A0Ff119B59AEF6C8B55555,0x0f9563442d64ab3bd3bcb27058db0b0d4046a4c46f0acd811dacae9551d2b129,13930497313,13928.714209343936,13264344423148762,,,,,
0xbf19d5823be6b8b1cb2dfd64366128d0dcceaf3247bdc73c11eaff87a1cb18a0,1761631187,2025-10-28,2025-10-28 05:59,23673996,MarketSupply,0xd63070114470f685b75B74D60EEc7c1113d33a3D,0x0f9563442d64ab3bd3bcb27058db0b0d4046a4c46f0acd811dacae9551d2b129,72743631932,72734.32074711271,69264861015502425,,,,,
0x072a17f2630d52504d74999eb7de79ee689da1a785bccbd431bb8f7800095bac,1761631799,2025-10-28,2025-10-28 06:09,23674047,MarketWithdraw,0x777791C4d6DC2CE140D00D2828a7C93503c67777,0x0f9563442d64ab3bd3bcb27058db0b0d4046a4c46f0acd811dacae9551d2b129,24508129136,24505.687047537205,23336053725836098,,,,,
0x94885fec70e9e87e4edf1b7d29bd0d06e357bcd9e4c52f49f78a29545885acb3,1761635759,2025-10-28,2025-10-28 07:15,23674373,MarketWithdraw,0x55555815a5595991C3A0Ff119B59AEF6C8B55555,0x0f9563442d64ab3bd3bcb27058db0b0d4046a4c46f0acd811dacae9551d2b129,16326655469,16324.565657099967,15545671930913962,,,,,
0x9b88dbe8adad71377f79d86996994dcac8527a466e4b98c51b2259b5625eb0df,1761637763,2025-10-28,2025-10-28 07:49,23674540,MarketWithdraw,0xd63070114470f685b75B74D60EEc7c1113d33a3D,0x0f9563442d64ab3bd3bcb27058db0b0d4046a4c46f0acd811dacae9551d2b129,22640652003,22637.753999543616,21557509585432495,,,,,
0x722d9e8d22b5e2fda482688866b0724c1e22bc07c6b533ab6ca02190a0da1689,1761637835,2025-10-28,2025-10-28 07:50,23674546,MarketSupply,0x777791C4d6DC2CE140D00D2828a7C93503c67777,0x0f9563442d64ab3bd3bcb27058db0b0d4046a4c46f0acd811dacae9551d2b129,8967230327,8966.082521518143,8538230700008980,,,,,
0xfae6de795385280a308eee0726a3d1b64db0074fa9587987645e5cdbcc11d8c0,1761640835,2025-10-28,2025-10-28 08:40,23674794,MarketWithdraw,0x777791C4d6DC2CE140D00D2828a7C93503c67777,0x0f9563442d64ab3bd3bcb27058db0b0d4046a4c46f0acd811dacae9551d2b129,29999680327,29998.072055324767,28564206598799365,,,,,
0x73ba76867d9337ab7cf0dc7ca34165ad9e17f453b2853c46b7a6ecf888ac4dce,1761641447,2025-10-28,2025-10-28 08:50,23674845,MarketWithdraw,0x777791C4d6DC2CE140D00D2828a7C93503c67777,0x0f9563442d64ab3bd3bcb27058db0b0d4046a4c46f0acd811dacae9551d2b129,10000017656,9999.481558782541,9521501385481318,,,,,
0xf0b14b0398e39baece8837ed70e82d1f0a674a657f56361c8b3837b9d69d71cd,1761641855,2025-10-28,2025-10-28 08:57,23674878,MarketWithdraw,0xd63070114470f685b75B74D60EEc7c1113d33a3D,0x0f9563442d64ab3bd3bcb27058db0b0d4046a4c46f0acd811dacae9551d2b129,13509404636,13508.680401855217,12862941265312114,,,,,
0x76f572fc5d808920f09c102d6c4480095cde28e7edec2a053028d7d36be5480b,1761642071,2025-10-28,2025-10-28 09:01,23674896,MarketSupply,0x777791C4d6DC2CE140D00D2828a7C93503c67777,0x0f9563442d64ab3bd3bcb27058db0b0d4046a4c46f0acd811dacae9551d2b129,3509048660,3508.59950177152,3341128246977410,,,,,
0x1f0750cbbd3cd2afa29803186e2469708c2c36e3aa85c14a586279b257f879af,1761645275,2025-10-28,2025-10-28 09:54,23675160,MarketSupply,0xd63070114470f685b75B74D60EEc7c1113d33a3D,0x0f9563442d64ab3bd3bcb27058db0b0d4046a4c46f0acd811dacae9551d2b129,165778339193,165757.1195655833,157843537248866581,,,,,
0xeab0655c6a575b07c0d3ca39593e8bf23178eff9ffe4a5cba4575a1a02cfe4a1,1761646691,2025-10-28,2025-10-28 10:18,23675277,MarketSupply,0x55555815a5595991C3A0Ff119B59AEF6C8B55555,0x0f9563442d64ab3bd3bcb27058db0b0d4046a4c46f0acd811dacae9551d2b129,32412679811,32406.276645771522,30861176209369003,,,,,
0xe426542b54f53d4a88d5aea79399b760e621f75f0a4eb53f62373720acd47f1e,1761647687,2025-10-28,2025-10-28 10:34,23675360,MarketWithdraw,0x777791C4d6DC2CE140D00D2828a7C93503c67777,0x0f9563442d64ab3bd3bcb27058db0b0d4046a4c46f0acd811dacae9551d2b129,88191055319,88173.63306628366,83969397168878694,,,,,
0x2e2668477b96001f0a1fc39dc6ec11f14096764506c4235d8add3459eb857153,1761649163,2025-10-28,2025-10-28 10:59,23675482,MarketSupply,0xd63070114470f685b75B74D60EEc7c1113d33a3D,0x0f9563442d64ab3bd3bcb27058db0b0d4046a4c46f0acd811dacae9551d2b129,145582962703,145568.56780799647,138613428283160240,,,,,
0x9825431d686a4d37340745e18b50d32f95e1428d768be614804ebbd0291565a6,1761652151,2025-10-28,2025-10-28 11:49,23675728,MarketWithdraw,0x55555815a5595991C3A0Ff119B59AEF6C8B55555,0x0f9563442d64ab3bd3bcb27058db0b0d4046a4c46f0acd811dacae9551d2b129,32413118257,32408.9693778631,30861176209369003,,,,,
0xaa7a85c07e6096ca717eb9880be23d6dcc8c44d33a96058928a78a15193e0cfb,1761652427,2025-10-28,2025-10-28 11:53,23675751,MarketSupply,0xd63070114470f685b75B74D60EEc7c1113d33a3D,0x0f9563442d64ab3bd3bcb27058db0b0d4046a4c46f0acd811dacae9551d2b129,59459311053,59451.700261185215,56612358266344640,,,,,
0x2320cc20f165867e63c6b5f367d7ecf8b668d8ab2b236f8524180ff5c958db02,1761655475,2025-10-28,2025-10-28 12:44,23676001,MarketWithdraw,0x777791C4d6DC2CE140D00D2828a7C93503c67777,0x0f9563442d64ab3bd3bcb27058db0b0d4046a4c46f0acd811dacae9551d2b129,182628904517,182610.88652362072,173883249532151656,,,,,
0x6654532a90e56692b82a6d88a86e052345887ad2402ff2de08eb195292badb8c,1761656147,2025-10-28,2025-10-28 12:55,23676057,MarketSupply,0xd63070114470f685b75B74D60EEc7c1113d33a3D,0x0f9563442d64ab3bd3bcb27058db0b0d4046a4c46f0acd811dacae9551d2b129,176347818794,176330.42048654213,167902635859752003,,,,,
0xa9d016cbc371cc48bdb57b935219baf6a8e87e838df38ebd8eb0866a6c4ee0a8,1761656219,2025-10-28,2025-10-28 12:56,23676063,MarketWithdraw,0x777791C4d6DC2CE140D00D2828a7C93503c67777,0x0f9563442d64ab3bd3bcb27058db0b0d4046a4c46f0acd811dacae9551d2b129,166348038093,166331.62635436017,158381711109588255,,,,,
0x628b56218a1655d240fdc5ab2356f95c04c319f7dcee3603035d7b21fb337159,1761659279,2025-10-28,2025-10-28 13:47,23676316,MarketSupply,0xd63070114470f685b75B74D60EEc7c1113d33a3D,0x0f9563442d64ab3bd3bcb27058db0b0d4046a4c46f0acd811dacae9551d2b129,237349323585,237318.94287158112,225980897587854370,,,,,
0xc5536f4a07b687a2fd1e9de1964775c6c3a16e3ff5b8dd6be9981cc07542b60b,1761660335,2025-10-28,2025-10-28 14:05,23676402,MarketWithdraw,0x777791C4d6DC2CE140D00D2828a7C93503c67777,0x0f9563442d64ab3bd3bcb27058db0b0d4046a4c46f0acd811dacae9551d2b129,257349080118,257298.87602059147,245022109042694819,,,,,
0xb1758ad69de6a505afd52ad91028e64f961fc374a5426ea406ad5500672c984c,1761660947,2025-10-28,2025-10-28 14:15,23676452,MarketWithdraw,0x777791C4d6DC2CE140D00D2828a7C93503c67777,0x0f9563442d64ab3bd3bcb27058db0b0d4046a4c46f0acd811dacae9551d2b129,39999815893,39992.012660703636,38083766175506816,,,,,
0x60614cfcd4011926a5557475eb4bc501ee26d672aaa7707d9ac8c3404a2393c3,1761661559,2025-10-28,2025-10-28 14:25,23676503,MarketWithdraw,0x777791C4d6DC2CE140D00D2828a7C93503c67777,0x0f9563442d64ab3bd3bcb27058db0b0d4046a4c46f0acd811dacae9551d2b129,40000021154,39992.217881660974,38083889550302731,,,,,
0x2ae4dc50295d4e641c33b98cda729d7e2f8f716c85d9f2a3c95907e50ecff22b,1761663287,2025-10-28,2025-10-28 14:54,23676647,MarketWithdraw,0xd63070114470f685b75B74D60EEc7c1113d33a3D,0x0f9563442d64ab3bd3bcb27058db0b0d4046a4c46f0acd811dacae9551d2b129,189963235447,189926.17709508343,180862331526831099,,,,,
0x6252f946c0a066a7ae1836535bf314ce7ad86c8810936bda67338678d533c5eb,1761663299,2025-10-28,2025-10-28 14:54,23676648,MarketSupply,0x777791C4d6DC2CE140D00D2828a7C93503c67777,0x0f9563442d64ab3bd3bcb27058db0b0d4046a4c46f0acd811dacae9551d2b129,69963101877,69949.45335577728,66611252437932489,,,,,
0xc134366a6f4bdc17d89e7fc3ec3beebb8397efc471f3a4127484c878c305358e,1761667259,2025-10-28,2025-10-28 16:00,23676974,MarketSupply,0xd63070114470f685b75B74D60EEc7c1113d33a3D,0x0f9563442d64ab3bd3bcb27058db0b0d4046a4c46f0acd811dacae9551d2b129,16117297692,16114.636982387763,15344886655712225,,,,,
0xd54c5fc489d4cb486298450cb2652dacb2a3915a047e63c0f8c0375aceb9c540,1761669575,2025-10-28,2025-10-28 16:39,23677164,MarketSupply,0x55555815a5595991C3A0Ff119B59AEF6C8B55555,0x0f9563442d64ab3bd3bcb27058db0b0d4046a4c46f0acd811dacae9551d2b129,58317736465,58308.109133859165,55522380006235945,,,,,
0x02afe6a94739bee501ce29e2c9e9ab027294f85a65685ba39aec724953af8407,1761669803,2025-10-28,2025-10-28 16:43,23677182,MarketSupply,0x777791C4d6DC2CE140D00D2828a7C93503c67777,0x0f9563442d64ab3bd3bcb27058db0b0d4046a4c46f0acd811dacae9551d2b129,5564715407,5563.796760955501,5297976321658939,,,,,
0x9b187260dd25d7a38d227c6654568600ff973c83e4134d837fd099ab9ee4e068,1761670127,2025-10-28,2025-10-28 16:48,23677209,MarketSupply,0xd63070114470f685b75B74D60EEc7c1113d33a3D,0x0f9563442d64ab3bd3bcb27058db0b0d4046a4c46f0acd811dacae9551d2b129,26193914491,26189.59029215475,24938306176282022,,,,,
0xac32d967e7d208f4fae892355c041f49dd849406527dd610b364cbde00e65475,1761671579,2025-10-28,2025-10-28 17:12,23677327,MarketSupply,0x777791C4d6DC2CE140D00D2828a7C93503c67777,0x0f9563442d64ab3bd3bcb27058db0b0d4046a4c46f0acd811dacae9551d2b129,3806436343,3805.9491191480956,3623956279185269,,,,,
0x36cec01193bba4976850710fefa4290e511c94b96bfbb98236c6046982944e49,1761672515,2025-10-28,2025-10-28 17:28,23677405,MarketSupplyCollateral,0x1597E4B7cF6D2877A1d690b6088668afDb045763,0x0f9563442d64ab3bd3bcb27058db0b0d4046a4c46f0acd811dacae9551d2b129,4675650896519592643948306,4994720.033799413,,,,,,
0x36cec01193bba4976850710fefa4290e511c94b96bfbb98236c6046982944e49,1761672515,2025-10-28,2025-10-28 17:28,23677405,MarketSupply,0x777791C4d6DC2CE140D00D2828a7C93503c67777,0x0f9563442d64ab3bd3bcb27058db0b0d4046a4c46f0acd811dacae9551d2b129,3530000314444,3529548.474403751,3360761811879879271,,,,,
0x36cec01193bba4976850710fefa4290e511c94b96bfbb98236c6046982944e49,1761672515,2025-10-28,2025-10-28 17:28,23677405,MarketBorrow,0x1597E4B7cF6D2877A1d690b6088668afDb045763,0x0f9563442d64ab3bd3bcb27058db0b0d4046a4c46f0acd811dacae9551d2b129,4500000000000,4499424,4258176501283839556,,,,,
0xac76e8d8375e769150ea21f6431b56c8a04050d4bee38b33e8869b68bcc7fc90,1761672803,2025-10-28,2025-10-28 17:33,23677429,MarketSupply,0x777791C4d6DC2CE140D00D2828a7C93503c67777,0x0f9563442d64ab3bd3bcb27058db0b0d4046a4c46f0acd811dacae9551d2b129,1160492000226,1160343.457249971,1104851200762571358,,,,,
0x365ef618d04253e2c1fc3a126f4368401300df21f1535f1ac8f8ac4c4d57e188,1761673511,2025-10-28,2025-10-28 17:45,23677487,MarketSupplyCollateral,0x1597E4B7cF6D2877A1d690b6088668afDb045763,0x0f9563442d64ab3bd3bcb27058db0b0d4046a4c46f0acd811dacae9551d2b129,3743508310298338482579926,3998967.4952122145,,,,,,
0x365ef618d04253e2c1fc3a126f4368401300df21f1535f1ac8f8ac4c4d57e188,1761673511,2025-10-28,2025-10-28 17:45,23677487,MarketSupply,0x777791C4d6DC2CE140D00D2828a7C93503c67777,0x0f9563442d64ab3bd3bcb27058db0b0d4046a4c46f0acd811dacae9551d2b129,2439507999774,2439195.742750029,2322536262714274542,,,,,
0x365ef618d04253e2c1fc3a126f4368401300df21f1535f1ac8f8ac4c4d57e188,1761673511,2025-10-28,2025-10-28 17:45,23677487,MarketBorrow,0x1597E4B7cF6D2877A1d690b6088668afDb045763,0x0f9563442d64ab3bd3bcb27058db0b0d4046a4c46f0acd811dacae9551d2b129,3600000000000,3599539.1999999997,3406518907590972342,,,,,
0xf184b0aa5e7e1419c3e6c4214b00140342b8368fae2123d00d38fabf2d1882f5,1761673535,2025-10-28,2025-10-28 17:45,23677489,MarketSupply,0x777791C4d6DC2CE140D00D2828a7C93503c67777,0x0f9563442d64ab3bd3bcb27058db0b0d4046a4c46f0acd811dacae9551d2b129,1369824306956,1369648.9694447096,1304142393876831975,,,,,
0xabf05d5d61183b73b6980de39bca7e77768ca363bb5df25293f03a55d7f865fc,1761674147,2025-10-28,2025-10-28 17:55,23677539,MarketSupply,0x777791C4d6DC2CE140D00D2828a7C93503c67777,0x0f9563442d64ab3bd3bcb27058db0b0d4046a4c46f0acd811dacae9551d2b129,130173840316,130157.17806443955,123931751997549688,,,,,
0xb0226c42655827a2e3938047e144725c4ae67bd5f1fb228cbbc9e0aa775e864e,1761674771,2025-10-28,2025-10-28 18:06,23677590,MarketSupply,0x777791C4d6DC2CE140D00D2828a7C93503c67777,0x0f9563442d64ab3bd3bcb27058db0b0d4046a4c46f0acd811dacae9551d2b129,30000175586,29996.102762162445,28561532307166092,,,,,
0x8b9dbd9b0f299079cef6ea68bae60afc9a55929d1113888d455cc1c7b8240421,1761674999,2025-10-28,2025-10-28 18:09,23677609,MarketSupply,0x55555815a5595991C3A0Ff119B59AEF6C8B55555,0x0f9563442d64ab3bd3bcb27058db0b0d4046a4c46f0acd811dacae9551d2b129,81383081550,81372.03298284877,77480322946552229,,,,,
0x9c02d0123ef3e3f25023721888a36344130eb191e062313343ae9b9a8129a56a,1761676415,2025-10-28,2025-10-28 18:33,23677725,MarketSupply,0x777791C4d6DC2CE140D00D2828a7C93503c67777,0x0f9563442d64ab3bd3bcb27058db0b0d4046a4c46f0acd811dacae9551d2b129,28617074456,28613.18940197185,27244580925589651,,,,,
0x85770447534ecbf53f0fdc5b15af19e65e34cb2acf7aaf2d8e987bd2febbe69c,1761677519,2025-10-28,2025-10-28 18:51,23677817,MarketSupply,0xd63070114470f685b75B74D60EEc7c1113d33a3D,0x0f9563442d64ab3bd3bcb27058db0b0d4046a4c46f0acd811dacae9551d2b129,215920104483,215890.79116961538,205563575595515557,,,,,
0xa53044db81944cb616fd2986124667927a3321f7f43af938c2fd4f721716f4c8,1761678911,2025-10-28,2025-10-28 19:15,23677931,MarketWithdraw,0x777791C4d6DC2CE140D00D2828a7C93503c67777,0x0f9563442d64ab3bd3bcb27058db0b0d4046a4c46f0acd811dacae9551d2b129,95919767928,95905.67805698566,91318626680383037,,,,,
0xb26ce7c729d938cb2f541921015d8712bac860a0d84372482a081559f4baf486,1761680687,2025-10-28,2025-10-28 19:44,23678076,MarketWithdraw,0x55555815a5595991C3A0Ff119B59AEF6C8B55555,0x0f9563442d64ab3bd3bcb27058db0b0d4046a4c46f0acd811dacae9551d2b129,3995908147,3995.3211790413343,3804207131380217,,,,,
0xebfab9266461f5d82c03f505ebfc57aacd1aff3654fabbb3f36c3061e02288c4,1761684563,2025-10-28,2025-10-28 20:49,23678398,MarketSupply,0xd63070114470f685b75B74D60EEc7c1113d33a3D,0x0f9563442d64ab3bd3bcb27058db0b0d4046a4c46f0acd811dacae9551d2b129,139200764696,139181.86680018486,132520965875601331,,,,,
0x2bacec39494d2dc7aaf153c1e87db8eea8ec56cccb1d02662a2550c2ca4fd540,1761688247,2025-10-28,2025-10-28 21:50,23678699,MarketWithdraw,0x777791C4d6DC2CE140D00D2828a7C93503c67777,0x0f9563442d64ab3bd3bcb27058db0b0d4046a4c46f0acd811dacae9551d2b129,15204798503,15202.66739757786,14475014583543104,,,,,
0xb25b715bcf96754baede781f9a3021f6784c733153b731d3fd5e1a3751f38dda,1761688295,2025-10-28,2025-10-28 21:51,23678703,MarketWithdraw,0x55555815a5595991C3A0Ff119B59AEF6C8B55555,0x0f9563442d64ab3bd3bcb27058db0b0d4046a4c46f0acd811dacae9551d2b129,44537862354,44531.619924681756,42400174902711588,,,,,
0x8a855bab912537e512c0de11f6670e001d80ab4b26f2839f81f88fa7e131f959,1761688727,2025-10-28,2025-10-28 21:58,23678739,MarketSupply,0xd63070114470f685b75B74D60EEc7c1113d33a3D,0x0f9563442d64ab3bd3bcb27058db0b0d4046a4c46f0acd811dacae9551d2b129,905170925950,905044.0571415856,861724207587579402,,,,,
0x823aeaf62bef28fdf9bfcf8a4921272553678ddccf4da828531638a175680a18,1761688871,2025-10-28,2025-10-28 22:01,23678751,MarketWithdraw,0x777791C4d6DC2CE140D00D2828a7C93503c67777,0x0f9563442d64ab3bd3bcb27058db0b0d4046a4c46f0acd811dacae9551d2b129,1150632828522,1150476.6186091998,1095403980149534901,,,,,
0xd853434a32727284ecc66e2085eaeadc15e9dd606e12883a65b7b6ae07dcbfc7,1761692339,2025-10-28,2025-10-28 22:58,23679036,MarketSupply,0xd63070114470f685b75B74D60EEc7c1113d33a3D,0x0f9563442d64ab3bd3bcb27058db0b0d4046a4c46f0acd811dacae9551d2b129,1710427719110,1710195.5114428536,1628306977807005137,,,,,
0x56f57be5f54b42ea0bc99f1e0be9b2291204b8fb4293791365c476c16e9c6eca,1761692699,2025-10-28,2025-10-28 23:04,23679066,MarketWithdraw,0x777791C4d6DC2CE140D00D2828a7C93503c67777,0x0f9563442d64ab3bd3bcb27058db0b0d4046a4c46f0acd811dacae9551d2b129,1650427619600,1650106.411408731,1571186351798990156,,,,,
0x120c9044cf8afc26987fe1fa94262cb350ad31bf08a8d0c95dcc06bfd650d195,1761693515,2025-10-28,2025-10-28 23:18,23679133,MarketWithdraw,0x777791C4d6DC2CE140D00D2828a7C93503c67777,0x0f9563442d64ab3bd3bcb27058db0b0d4046a4c46f0acd811dacae9551d2b129,60001024436,59989.34696508004,57120045691681194,,,,,
0x41b0d85c95556fbd93393c2cf8c547b5b8621a90d297b9d5cf296df0053128bd,1761693755,2025-10-28,2025-10-28 23:22,23679153,MarketSupply,0x55555815a5595991C3A0Ff119B59AEF6C8B55555,0x0f9563442d64ab3bd3bcb27058db0b0d4046a4c46f0acd811dacae9551d2b129,133881217614,133855.1614917902,127452723127107776,,,,,
0x7e35d54337bc78621a335ef4e866bd5f60b513cd3ed7a8e382069f7795dc3b02,1761694115,2025-10-28,2025-10-28 23:28,23679183,MarketWithdraw,0x777791C4d6DC2CE140D00D2828a7C93503c67777,0x0f9563442d64ab3bd3bcb27058db0b0d4046a4c46f0acd811dacae9551d2b129,293881082253,293823.886766353,279769617235147963,,,,,
0xd61f694056a043fa1e7a081cec6a9eb506d5a9a1fd6b2c841cfd66d86e4e0aeb,1761695291,2025-10-28,2025-10-28 23:48,23679280,MarketSupply,0xd63070114470f685b75B74D60EEc7c1113d33a3D,0x0f9563442d64ab3bd3bcb27058db0b0d4046a4c46f0acd811dacae9551d2b129,1829217530224,1828861.525727139,1741373507785042648,,,,,
0xd73bb437181b5b4155bc91363f1beab72b60430bb471ad1fba5487160e64bbfa,1761695339,2025-10-28,2025-10-28 23:48,23679284,MarketWithdraw,0x777791C4d6DC2CE140D00D2828a7C93503c67777,0x0f9563442d64ab3bd3bcb27058db0b0d4046a4c46f0acd811dacae9551d2b129,1749216883271,1748876.4485954407,1665214534426258382,,,,,
0x513e62c0603e476fafb5a01e3ec92a06526ee8b945708cd4aa470b5c016592f0,1761699059,2025-10-29,2025-10-29 00:50,23679594,MarketSupply,0xd63070114470f685b75B74D60EEc7c1113d33a3D,0x0f9563442d64ab3bd3bcb27058db0b0d4046a4c46f0acd811dacae9551d2b129,1319971116973,1319840.664250471,1256562333893959727,,,,,
0x55ff1d12f0d9ed57d4193ff25e7494c89a1317dfb88838bf4b1cc977b5a448b7,1761699107,2025-10-29,2025-10-29 00:51,23679598,MarketWithdraw,0x777791C4d6DC2CE140D00D2828a7C93503c67777,0x0f9563442d64ab3bd3bcb27058db0b0d4046a4c46f0acd811dacae9551d2b129,1299971321121,1299842.844977947,1237523152743798592,,,,,
0x7e996b38224b6c14a058fce30fee0dfc06750026cccdd4c100f391aeccc68192,1761699155,2025-10-29,2025-10-29 00:52,23679602,MarketSupply,0x55555815a5595991C3A0Ff119B59AEF6C8B55555,0x0f9563442d64ab3bd3bcb27058db0b0d4046a4c46f0acd811dacae9551d2b129,101122349485,101112.35556495945,96264603227409863,,,,,
0xa06994e2f8809a979a9add5e3710b97bad777db63e84860129efd3799c5ce796,1761700139,2025-10-29,2025-10-29 01:08,23679684,MarketWithdraw,0x777791C4d6DC2CE140D00D2828a7C93503c67777,0x0f9563442d64ab3bd3bcb27058db0b0d4046a4c46f0acd811dacae9551d2b129,151122955333,151102.43888058397,143862720737697194,,,,,
0x7ef3e1033683d43f6f017b773bd0256226426ad7724465b1b06c096291a72462,1761702611,2025-10-29,2025-10-29 01:50,23679886,MarketSupply,0xd63070114470f685b75B74D60EEc7c1113d33a3D,0x0f9563442d64ab3bd3bcb27058db0b0d4046a4c46f0acd811dacae9551d2b129,678151837045,678059.7711516029,645565102939965036,,,,,
0xde69523d234900da41686777dd95f47766fe90ba5a40f66eed7d8292cd4b66ab,1761702695,2025-10-29,2025-10-29 01:51,23679893,MarketWithdraw,0x777791C4d6DC2CE140D00D2828a7C93503c67777,0x0f9563442d64ab3bd3bcb27058db0b0d4046a4c46f0acd811dacae9551d2b129,628151136316,628065.8585177338,597966927777507205,,,,,
0x1feacf218fcfa99093002e84b5c5ab97dde088f87927683f6161cdd59423b92e,1761703295,2025-10-29,2025-10-29 02:01,23679943,MarketWithdraw,0x777791C4d6DC2CE140D00D2828a7C93503c67777,0x0f9563442d64ab3bd3bcb27058db0b0d4046a4c46f0acd811dacae9551d2b129,70000257035,69993.31479622044,66636403629702233,,,,,
0xfa1654dcf2b37c9c05739c476d69590448557cc4b883c4d55d1ccb2a32fd18ff,1761704315,2025-10-29,2025-10-29 02:18,23680027,MarketBorrow,0x1597E4B7cF6D2877A1d690b6088668afDb045763,0x0f9563442d64ab3bd3bcb27058db0b0d4046a4c46f0acd811dacae9551d2b129,1000000,0.9999008255244536,946135779880,,,,,
0x21048b6717d60d4e8dcb6d3010e56bdc87531cd7718371079bd52fc3155a56b5,1761704411,2025-10-29,2025-10-29 02:20,23680035,MarketWithdraw,0x0404fD1a77756EB029F06b5CDea88B2B2ddC2fEE,0x0f9563442d64ab3bd3bcb27058db0b0d4046a4c46f0acd811dacae9551d2b129,6042002603,6041.4033905605975,5751626160627742,,,,,
0xcbc1f74dac24243e6a61173db0c959558f13f882ffeecf846fa2a08945df44ce,1761704843,2025-10-29,2025-10-29 02:27,23680071,MarketSupply,0x55555815a5595991C3A0Ff119B59AEF6C8B55555,0x0f9563442d64ab3bd3bcb27058db0b0d4046a4c46f0acd811dacae9551d2b129,42410460342,42406.2543068379,40372150458555559,,,,,
0x449d834c201ad7f5f7def81969e989eebd7eec62a7d76b1b185da3dfa0c6fd41,1761704927,2025-10-29,2025-10-29 02:28,23680078,MarketSupply,0x777791C4d6DC2CE140D00D2828a7C93503c67777,0x0f9563442d64ab3bd3bcb27058db0b0d4046a4c46f0acd811dacae9551d2b129,113632510580,113621.24113535821,108171123380228544,,,,,
0x0e21c229f672a65ca18807438f4e3bcdea9248dfbd39e263dd08916e08449645,1761705551,2025-10-29,2025-10-29 02:39,23680130,MarketSupply,0x777791C4d6DC2CE140D00D2828a7C93503c67777,0x0f9563442d64ab3bd3bcb27058db0b0d4046a4c46f0acd811dacae9551d2b129,100000558889,99990.64138601784,95194114984741128,,,,,
0x26eb66d42ce8d5b6866cbf08371af743334863aca587d7f811cc4fba70649f23,1761706175,2025-10-29,2025-10-29 02:49,23680182,MarketSupply,0x777791C4d6DC2CE140D00D2828a7C93503c67777,0x0f9563442d64ab3bd3bcb27058db0b0d4046a4c46f0acd811dacae9551d2b129,29999671381,29996.696179324226,28557698516500784,,,,,
0x480605a0ed2d6b30035572b7ec24482fe27b678ffae47a798de666c540ed6d4c,1761706415,2025-10-29,2025-10-29 02:53,23680202,MarketSupply,0xd63070114470f685b75B74D60EEc7c1113d33a3D,0x0f9563442d64ab3bd3bcb27058db0b0d4046a4c46f0acd811dacae9551d2b129,300914562285,300884.7192411011,286450478278456202,,,,,
0x4df7c0d1d2b4a76f24d07e5dbfb68877c66ae80fe2024fa686342b6907a7c3c6,1761707219,2025-10-29,2025-10-29 03:06,23680267,MarketWithdraw,0x777791C4d6DC2CE140D00D2828a7C93503c67777,0x0f9563442d64ab3bd3bcb27058db0b0d4046a4c46f0acd811dacae9551d2b129,180914187758,180879.0555677904,172217832398903231,,,,,
0xe42bfb67986655ce8ab958c2f6b029014b98ec6d5c7b1356ed1a723811b1af43,1761709619,2025-10-29,2025-10-29 03:46,23680466,MarketWithdraw,0x777791C4d6DC2CE140D00D2828a7C93503c67777,0x0f9563442d64ab3bd3bcb27058db0b0d4046a4c46f0acd811dacae9551d2b129,9999843824,9997.901928675788,9519092462554269,,,,,
0x1263b86ed4eb3282a9f902b0506fda68eff56959ed4c6c582f4da406bdbd9d20,1761710147,2025-10-29,2025-10-29 03:55,23680509,MarketSupply,0xd63070114470f685b75B74D60EEc7c1113d33a3D,0x0f9563442d64ab3bd3bcb27058db0b0d4046a4c46f0acd811dacae9551d2b129,178003093885,177968.5270075773,169445162494474294,,,,,
0x40cddfaf3f054b750fab103ecef577ddd50f20eedbddd66063dd32409e43ac80,1761710267,2025-10-29,2025-10-29 03:57,23680519,MarketWithdraw,0x777791C4d6DC2CE140D00D2828a7C93503c67777,0x0f9563442d64ab3bd3bcb27058db0b0d4046a4c46f0acd811dacae9551d2b129,158003508745,157972.82563831942,150407061636408531,,,,,
0xdd5dcb19ad6c297f7e6210f4110e08e7a3e1ce69a1a2cef57ffa6755d7908615,1761710303,2025-10-29,2025-10-29 03:58,23680522,MarketWithdraw,0x55555815a5595991C3A0Ff119B59AEF6C8B55555,0x0f9563442d64ab3bd3bcb27058db0b0d4046a4c46f0acd811dacae9551d2b129,197419432982,197381.0955958804,187927938133641923,,,,,
0x19687445d2f14474a8ec725c66d03e7942a4a29242eda6627f8de803223ccfc2,1761712055,2025-10-29,2025-10-29 04:27,23680668,MarketSupplyCollateral,0x1597E4B7cF6D2877A1d690b6088668afDb045763,0x0f9563442d64ab3bd3bcb27058db0b0d4046a4c46f0acd811dacae9551d2b129,3743246963063316398887294,3998206.274814575,,,,,,
0x19687445d2f14474a8ec725c66d03e7942a4a29242eda6627f8de803223ccfc2,1761712055,2025-10-29,2025-10-29 04:27,23680668,MarketSupply,0x777791C4d6DC2CE140D00D2828a7C93503c67777,0x0f9563442d64ab3bd3bcb27058db0b0d4046a4c46f0acd811dacae9551d2b129,1927420518925,1927158.8523153507,1834742447517103193,,,,,
0x19687445d2f14474a8ec725c66d03e7942a4a29242eda6627f8de803223ccfc2,1761712055,2025-10-29,2025-10-29 04:27,23680668,MarketBorrow,0x1597E4B7cF6D2877A1d690b6088668afDb045763,0x0f9563442d64ab3bd3bcb27058db0b0d4046a4c46f0acd811dacae9551d2b129,3600000000000,3599511.264,3405991729713458367,,,,,
0x95530520e958cb1be5b2e426abf02befc364666101b68a42a67e2f481c4fde62,1761712127,2025-10-29,2025-10-29 04:28,23680674,MarketSupply,0x777791C4d6DC2CE140D00D2828a7C93503c67777,0x0f9563442d64ab3bd3bcb27058db0b0d4046a4c46f0acd811dacae9551d2b129,1789375301536,1789132.3759450635,1703333659028120162,,,,,
0x00aca788a12a391bb030f9d1111cc534747565667e0e510e9e76a71f4d416d3a,1761712463,2025-10-29,2025-10-29 04:34,23680702,MarketSupply,0x777791C4d6DC2CE140D00D2828a7C93503c67777,0x0f9563442d64ab3bd3bcb27058db0b0d4046a4c46f0acd811dacae9551d2b129,619887482791,619803.3268663363,590079491073540639,,,,,
0x4b41ed90462b561a13b3862d125ae8995ccab419c7cfb9b7c709fca0ee2a6a68,1761712511,2025-10-29,2025-10-29 04:35,23680706,MarketSupplyCollateral,0x1597E4B7cF6D2877A1d690b6088668afDb045763,0x0f9563442d64ab3bd3bcb27058db0b0d4046a4c46f0acd811dacae9551d2b129,1697442462777792355183961,1813058.334858276,,,,,,
0x4b41ed90462b561a13b3862d125ae8995ccab419c7cfb9b7c709fca0ee2a6a68,1761712511,2025-10-29,2025-10-29 04:35,23680706,MarketSupply,0x777791C4d6DC2CE140D00D2828a7C93503c67777,0x0f9563442d64ab3bd3bcb27058db0b0d4046a4c46f0acd811dacae9551d2b129,1321,0.0013208206610399998,1257478067,,,,,
0x4b41ed90462b561a13b3862d125ae8995ccab419c7cfb9b7c709fca0ee2a6a68,1761712511,2025-10-29,2025-10-29 04:35,23680706,MarketBorrow,0x1597E4B7cF6D2877A1d690b6088668afDb045763,0x0f9563442d64ab3bd3bcb27058db0b0d4046a4c46f0acd811dacae9551d2b129,1600000000000,1599782.784,1513770312741144814,,,,,
0xfa00f9a7e7052b36810e008af1ac1f8583bb1c742e049cf77440892bcd16f959,1761713051,2025-10-29,2025-10-29 04:44,23680751,MarketSupply,0x777791C4d6DC2CE140D00D2828a7C93503c67777,0x0f9563442d64ab3bd3bcb27058db0b0d4046a4c46f0acd811dacae9551d2b129,1769569837094,1769329.6002929162,1684470675058843962,,,,,
0x271ad1d19a22600b286735217bb9a3610a476b4c91024d470c88ea1673052ff7,1761713927,2025-10-29,2025-10-29 04:58,23680821,MarketSupply,0xd63070114470f685b75B74D60EEc7c1113d33a3D,0x0f9563442d64ab3bd3bcb27058db0b0d4046a4c46f0acd811dacae9551d2b129,299424934021,299384.28409195726,285024864057841358,,,,,
0x82c7507fade7f9a6331098360c673a0d24a1c7fd73abfb4755e4034c51497ca4,1761717467,2025-10-29,2025-10-29 05:57,23681114,MarketSupply,0xd63070114470f685b75B74D60EEc7c1113d33a3D,0x0f9563442d64ab3bd3bcb27058db0b0d4046a4c46f0acd811dacae9551d2b129,48585362581,48580.24911895097,46248380408051106,,,,,
0xd74e6cccfbfbeb9af0f5442225b3013dfa3620ef6e89e52bab491e0707e9053a,1761718151,2025-10-29,2025-10-29 06:09,23681170,MarketSupply,0x000000000000000000000000000000000000dEaD,0x0f9563442d64ab3bd3bcb27058db0b0d4046a4c46f0acd811dacae9551d2b129,10506,0.01050457370544,10000000000,,,,,
0x5827209a22e77b510e2b00f20a8973bb3c21fcd71daa00c0366fb96abb0891d6,1761719495,2025-10-29,2025-10-29 06:31,23681282,MarketSupply,0x777791C4d6DC2CE140D00D2828a7C93503c67777,0x0f9563442d64ab3bd3bcb27058db0b0d4046a4c46f0acd811dacae9551d2b129,3156197052,3155.7685666882203,3004367637439791,,,,,
0xe503e80df9a50f2bc8dde3c332fbb3a85d39ba464f6f268eebb8c8dfc56bb852,1761720383,2025-10-29,2025-10-29 06:46,23681356,MarketSupply,0x55555815a5595991C3A0Ff119B59AEF6C8B55555,0x0f9563442d64ab3bd3bcb27058db0b0d4046a4c46f0acd811dacae9551d2b129,60279973828,60271.79021875311,57380072742256689,,,,,
0x39dedcb935c4c21c00711d7ecf17937218bd6ed56555e71a7d259271a60510fa,1761720599,2025-10-29,2025-10-29 06:49,23681374,MarketSupply,0xd63070114470f685b75B74D60EEc7c1113d33a3D,0x0f9563442d64ab3bd3bcb27058db0b0d4046a4c46f0acd811dacae9551d2b129,295379365932,295339.26522928104,281169344852626309,,,,,
0xc4dbd5fb8d744ee1ee4bbc59e483461796ef3434741473f0096e7c6941037fd5,1761721235,2025-10-29,2025-10-29 07:00,23681426,MarketSupply,0x777791C4d6DC2CE140D00D2828a7C93503c67777,0x0f9563442d64ab3bd3bcb27058db0b0d4046a4c46f0acd811dacae9551d2b129,4341106889,4340.456030466244,4132260069365196,,,,,
0xc905da33c1e51d91005060dfd3c5b109c7c6d6daecc7e5262c7e1dae090e62e9,1761724151,2025-10-29,2025-10-29 07:49,23681667,MarketSupply,0xd63070114470f685b75B74D60EEc7c1113d33a3D,0x0f9563442d64ab3bd3bcb27058db0b0d4046a4c46f0acd811dacae9551d2b129,59922444575,59913.46045288267,57039238697679888,,,,,
0x52e7cd06477a97ab3ebe83e3d11f5d41620d69494d5a3b239baa309857955459,1761724247,2025-10-29,2025-10-29 07:50,23681675,MarketWithdraw,0x777791C4d6DC2CE140D00D2828a7C93503c67777,0x0f9563442d64ab3bd3bcb27058db0b0d4046a4c46f0acd811dacae9551d2b129,294945256762,294901.03586574865,280753718423793426,,,,,
0xd22d17dc07ffbbae5a34ca9384f8ee9c56ef49b337de6d54e1cba7b29e453a9c,1761724955,2025-10-29,2025-10-29 08:02,23681734,MarketSupply,0x777791C4d6DC2CE140D00D2828a7C93503c67777,0x0f9563442d64ab3bd3bcb27058db0b0d4046a4c46f0acd811dacae9551d2b129,5022389466,5021.707626406095,4780724927052340,,,,,
0xb9a517aa691bc82eb631fd8ff6f746d148c1f55534b35eac9fd8c8cd40a6bdef,1761725831,2025-10-29,2025-10-29 08:17,23681807,MarketWithdraw,0x55555815a5595991C3A0Ff119B59AEF6C8B55555,0x0f9563442d64ab3bd3bcb27058db0b0d4046a4c46f0acd811dacae9551d2b129,231478547545,231447.1220173853,220339932340384333,,,,,
0x2bf052c5ce5918d663861724d222c8c8959abaa8a0166e063c01303d94523f0f,1761728267,2025-10-29,2025-10-29 08:57,23682007,MarketSupply,0x777791C4d6DC2CE140D00D2828a7C93503c67777,0x0f9563442d64ab3bd3bcb27058db0b0d4046a4c46f0acd811dacae9551d2b129,1477672240,1477.4716312166977,1406559217256623,,,,,
0x9dc3853e59a981e61e04a16eaedd6119e1b60f39bf4b269f8f5c73d8ceb10b9c,1761728387,2025-10-29,2025-10-29 08:59,23682017,MarketSupply,0xd63070114470f685b75B74D60EEc7c1113d33a3D,0x0f9563442d64ab3bd3bcb27058db0b0d4046a4c46f0acd811dacae9551d2b129,523937464188,523866.3344378618,498722812732686029,,,,,
0x3b9fafa9d26c3ce3b2e7f0c2a0991d40dc1bcd6d6d7f55916749a732ae6716da,1761728855,2025-10-29,2025-10-29 09:07,23682056,MarketSupply,0x777791C4d6DC2CE140D00D2828a7C93503c67777,0x0f9563442d64ab3bd3bcb27058db0b0d4046a4c46f0acd811dacae9551d2b129,6063427257,6062.410439967652,5771616651251315,,,,,
0xfb06954a503d79fe3f514eb96a175ff3d67fed93ced0fc351dcdeb29b7308518,1761731495,2025-10-29,2025-10-29 09:51,23682275,MarketWithdraw,0xd63070114470f685b75B74D60EEc7c1113d33a3D,0x0f9563442d64ab3bd3bcb27058db0b0d4046a4c46f0acd811dacae9551d2b129,149043851088,149018.8569188726,141870040981671410,,,,,
0x2a5651f16639cd5a63457d72cad195d10a6f5194c2f7c087607ecf1757ed3c75,1761735395,2025-10-29,2025-10-29 10:56,23682598,MarketWithdraw,0xd63070114470f685b75B74D60EEc7c1113d33a3D,0x0f9563442d64ab3bd3bcb27058db0b0d4046a4c46f0acd811dacae9551d2b129,205492055679,205464.15807752102,195599471450080281,,,,,
0x1f900ad6c74f08db2f32a843ef0e9c46abd4bbdbc82a0dc4c030db11bc9b3599,1761738755,2025-10-29,2025-10-29 11:52,23682874,MarketSupply,0x777791C4d6DC2CE140D00D2828a7C93503c67777,0x0f9563442d64ab3bd3bcb27058db0b0d4046a4c46f0acd811dacae9551d2b129,4535887452,4535.271659919516,4317490850715429,,,,,
0x6f1a4b6019f2cd61d73a64617f0d2c9940d7ac48beb964fb287248ecef033f95,1761739151,2025-10-29,2025-10-29 11:59,23682906,MarketWithdraw,0xd63070114470f685b75B74D60EEc7c1113d33a3D,0x0f9563442d64ab3bd3bcb27058db0b0d4046a4c46f0acd811dacae9551d2b129,697559512901,697464.8122215285,663972375846619207,,,,,
0xe384ef4da6feec23e2f13e8e6a725d321c03a8060150fa17081b5e31429755e8,1761742103,2025-10-29,2025-10-29 12:48,23683151,MarketSupply,0x777791C4d6DC2CE140D00D2828a7C93503c67777,0x0f9563442d64ab3bd3bcb27058db0b0d4046a4c46f0acd811dacae9551d2b129,267559204607,267512.2391817405,254673921572197402,,,,,
0x085542a88477a7dd61519dde1e25645e3c48980706bd48011d525668e8924777,1761742307,2025-10-29,2025-10-29 12:51,23683168,MarketWithdraw,0xd63070114470f685b75B74D60EEc7c1113d33a3D,0x0f9563442d64ab3bd3bcb27058db0b0d4046a4c46f0acd811dacae9551d2b129,161843181414,161814.77262181652,154048957095032737,,,,,
0xb0208e0a85fd159152697d2ae84b6a04a0eb780f1f56da9ada39e6ed0d256c88,1761745511,2025-10-29,2025-10-29 13:45,23683431,MarketSupply,0x777791C4d6DC2CE140D00D2828a7C93503c67777,0x0f9563442d64ab3bd3bcb27058db0b0d4046a4c46f0acd811dacae9551d2b129,161843265094,161821.29325233083,154047574754291436,,,,,
0xedb0f5035d7d624abc1d767e1b09b7328de8a72d21be78f50e5fce78b2a8dc9e,1761746363,2025-10-29,2025-10-29 13:59,23683502,MarketWithdraw,0xd63070114470f685b75B74D60EEc7c1113d33a3D,0x0f9563442d64ab3bd3bcb27058db0b0d4046a4c46f0acd811dacae9551d2b129,72004347426,71994.57211579343,68535883670323335,,,,,
0x33883dca6e2da2f0ec313981ad0dd7faf65aebf7fc2d865249747e8218c3cd98,1761747359,2025-10-29,2025-10-29 14:15,23683584,MarketSupply,0x777791C4d6DC2CE140D00D2828a7C93503c67777,0x0f9563442d64ab3bd3bcb27058db0b0d4046a4c46f0acd811dacae9551d2b129,72003924809,71996.48101516679,68535295677029693,,,,,
0x917802160876e36c70b44f8405cf53cfe4ecb78366cff4ff38878a98df9a6768,1761748403,2025-10-29,2025-10-29 14:33,23683670,MarketSupply,0x55555815a5595991C3A0Ff119B59AEF6C8B55555,0x0f9563442d64ab3bd3bcb27058db0b0d4046a4c46f0acd811dacae9551d2b129,3689699110,3689.317667466773,3511946776914047,,,,,
0x1d0dee66859a24ae755686e527486c067b53186d9f9d231d39eb6f6ddb4c93eb,1761748703,2025-10-29,2025-10-29 14:38,23683693,MarketSupply,0x777791C4d6DC2CE140D00D2828a7C93503c67777,0x0f9563442d64ab3bd3bcb27058db0b0d4046a4c46f0acd811dacae9551d2b129,6310870294,6310.217873767336,6006837732089109,,,,,
0xf257b3eff27d8ff8b99044a959ea8ee2a0d1d95f2123d77ace49085ed44f3767,1761749747,2025-10-29,2025-10-29 14:55,23683780,MarketWithdraw,0xd63070114470f685b75B74D60EEc7c1113d33a3D,0x0f9563442d64ab3bd3bcb27058db0b0d4046a4c46f0acd811dacae9551d2b129,208131766965,208110.25022174552,198104290784666907,,,,,
0x29653517edfbcaa2b3f955b50681e0ac8c4ec647aba489ea101a56307672d01a,1761750887,2025-10-29,2025-10-29 15:14,23683875,MarketSupply,0x777791C4d6DC2CE140D00D2828a7C93503c67777,0x0f9563442d64ab3bd3bcb27058db0b0d4046a4c46f0acd811dacae9551d2b129,198131566338,198104.66799655394,188585226554461083,,,,,
0x59182d1132efc4213ebaa56219b56bc9577adedf7537b6cb92b2b68263c45851,1761753167,2025-10-29,2025-10-29 15:52,23684065,MarketSupply,0x0F359FD18BDa75e9c49bC027E7da59a4b01BF32a,0x0f9563442d64ab3bd3bcb27058db0b0d4046a4c46f0acd811dacae9551d2b129,1999985087969,1999713.5699934573,1903611182021534576,,,,,
0x7c2a1b61341c3414bcb9e53f2ed0e79a4ec21f9dbfb900e23921cda09c8cc30b,1761753479,2025-10-29,2025-10-29 15:57,23684091,MarketWithdraw,0xd63070114470f685b75B74D60EEc7c1113d33a3D,0x0f9563442d64ab3bd3bcb27058db0b0d4046a4c46f0acd811dacae9551d2b129,2722528131824,2722260.932525315,2591335071035282567,,,,,
0x9d45606367264bfa00e9308ff3580932f929628ed86c7089f6c4ae0421babf3b,1761753527,2025-10-29,2025-10-29 15:58,23684095,MarketSupply,0x777791C4d6DC2CE140D00D2828a7C93503c67777,0x0f9563442d64ab3bd3bcb27058db0b0d4046a4c46f0acd811dacae9551d2b129,722541621720,722470.7087283812,687723668979667800,,,,,
0x3d617905dba6e54e09a0f196f15da2051affb8bafb74aedb137f05d4d16a696d,1761754823,2025-10-29,2025-10-29 16:20,23684203,MarketWithdraw,0x55555815a5595991C3A0Ff119B59AEF6C8B55555,0x0f9563442d64ab3bd3bcb27058db0b0d4046a4c46f0acd811dacae9551d2b129,3689761098,3689.3789625231134,3511946776914047,,,,,
0x96438026ca4845a82d5230ee35cea4e8a4a6d9ccc3e6e8a3c91926e0c41c9562,1761755519,2025-10-29,2025-10-29 16:31,23684261,MarketWithdraw,0xd63070114470f685b75B74D60EEc7c1113d33a3D,0x0f9563442d64ab3bd3bcb27058db0b0d4046a4c46f0acd811dacae9551d2b129,2573740223367,2573473.6702158563,2449704048860733009,,,,,
0xb01735f64b8a1266ff17f328ccd32b0e8f93970897d66889a1be1e0c26871024,1761755567,2025-10-29,2025-10-29 16:32,23684265,MarketSupply,0x777791C4d6DC2CE140D00D2828a7C93503c67777,0x0f9563442d64ab3bd3bcb27058db0b0d4046a4c46f0acd811dacae9551d2b129,2575689027765,2575422.272783093,2451557652187378767,,,,,
0x8cd8009028f7e4bbb96cf34ac0f2ffa4f3b131e189ae3b27a978d46d65664a5e,1761759083,2025-10-29,2025-10-29 17:31,23684556,MarketSupply,0x777791C4d6DC2CE140D00D2828a7C93503c67777,0x0f9563442d64ab3bd3bcb27058db0b0d4046a4c46f0acd811dacae9551d2b129,1741211637,1740.8633946726002,1657281844809930,,,,,
0x92d1edcff116b99f3cb38b9ea2f2cf6abf20dc8738c60a0e34519784f68d79e6,1761760103,2025-10-29,2025-10-29 17:48,23684639,MarketSupply,0xd63070114470f685b75B74D60EEc7c1113d33a3D,0x0f9563442d64ab3bd3bcb27058db0b0d4046a4c46f0acd811dacae9551d2b129,387770672282,387693.11814754363,369078417920803793,,,,,
0x18a8cf14e5e3eabed0252fbb604d6c125fe18e01c3fdfa03b180ae01b9c264b8,1761760271,2025-10-29,2025-10-29 17:51,23684653,MarketSupply,0x777791C4d6DC2CE140D00D2828a7C93503c67777,0x0f9563442d64ab3bd3bcb27058db0b0d4046a4c46f0acd811dacae9551d2b129,2230539432,2230.0933241136,2123016752047841,,,,,
0x76f4b503cd8f84e9a12e081082206823ba33e093998e7416d6aa11649e8f3bfc,1761761015,2025-10-29,2025-10-29 18:03,23684715,MarketWithdraw,0x777791C4d6DC2CE140D00D2828a7C93503c67777,0x0f9563442d64ab3bd3bcb27058db0b0d4046a4c46f0acd811dacae9551d2b129,361147791571,361093.723898213,343738126101727649,,,,,
0x569a22888cec1f36a6e576d60b90cbc01161d38ff8d5bb6dc55b3f26e43bded5,1761761483,2025-10-29,2025-10-29 18:11,23684754,MarketSupply,0x777791C4d6DC2CE140D00D2828a7C93503c67777,0x0f9563442d64ab3bd3bcb27058db0b0d4046a4c46f0acd811dacae9551d2b129,1148332156,1148.1602384396258,1092973844026582,,,,,
0x04de27749c13c5a2a87c6b25ed835bcb4089a9bc2966352ccf0c7656cc9071ff,1761769091,2025-10-29,2025-10-29 20:18,23685384,MarketSupply,0x55555815a5595991C3A0Ff119B59AEF6C8B55555,0x0f9563442d64ab3bd3bcb27058db0b0d4046a4c46f0acd811dacae9551d2b129,162718378331,162702.21588107565,154871227525773858,,,,,
0x2fa0ce004f80ddee10d574a9ca0cdde682cc767123d27874df0041310c3ea5d2,1761772499,2025-10-29,2025-10-29 21:14,23685665,MarketSupply,0x777791C4d6DC2CE140D00D2828a7C93503c67777,0x0f9563442d64ab3bd3bcb27058db0b0d4046a4c46f0acd811dacae9551d2b129,7281627582,7280.1712564836,6930411199421534,,,,,
0x94aa444601768608070d9aa7b914356a3683204e5d1b9270174def2750267f2f,1761775247,2025-10-29,2025-10-29 22:00,23685893,MarketWithdraw,0x55555815a5595991C3A0Ff119B59AEF6C8B55555,0x0f9563442d64ab3bd3bcb27058db0b0d4046a4c46f0acd811dacae9551d2b129,162720809669,162688.26550706621,154871227525773858,,,,,
0xa63175035247202e58a40084d361549e93048635cf56bb90538ab30f818c4578,1761777575,2025-10-29,2025-10-29 22:39,23686087,MarketWithdraw,0x777791C4d6DC2CE140D00D2828a7C93503c67777,0x0f9563442d64ab3bd3bcb27058db0b0d4046a4c46f0acd811dacae9551d2b129,8309163479,8308.385311944963,7908287831392345,,,,,
0xa2baf1ecca8e6e5be911e270079307cc3b9df1fc7cd1bc516da45d04e84dd3f4,1761781943,2025-10-29,2025-10-29 23:52,23686449,MarketSupply,0x55555815a5595991C3A0Ff119B59AEF6C8B55555,0x0f9563442d64ab3bd3bcb27058db0b0d4046a4c46f0acd811dacae9551d2b129,138979174223,138951.37838815543,132272704963863130,,,,,
0x7b0c302bdeb6c8233b9a4961f851b682ed4fd8fb3d542d5368e64e995e4e8314,1761787379,2025-10-30,2025-10-30 01:22,23686901,MarketSupply,0x55555815a5595991C3A0Ff119B59AEF6C8B55555,0x0f9563442d64ab3bd3bcb27058db0b0d4046a4c46f0acd811dacae9551d2b129,45730108361,45721.243401530766,43522817069832100,,,,,
0xe7d8b12c365e4b70173abcdb9429e9b0cd005971b0d943c600178d107393cf3b,1761798107,2025-10-30,2025-10-30 04:21,23687787,MarketWithdraw,0x777791C4d6DC2CE140D00D2828a7C93503c67777,0x0f9563442d64ab3bd3bcb27058db0b0d4046a4c46f0acd811dacae9551d2b129,25498917836,25493.8180524328,24267510324994317,,,,,
0x1727af9121370e5772db6f682f5e14ef9b5263b567904d8781d3209d02080c2b,1761802019,2025-10-30,2025-10-30 05:26,23688108,MarketWithdraw,0x55555815a5595991C3A0Ff119B59AEF6C8B55555,0x0f9563442d64ab3bd3bcb27058db0b0d4046a4c46f0acd811dacae9551d2b129,47840022424,47830.649681214476,45529273774778260,,,,,
0x4d9b772da2d369ebf4b55160ea8fa300a243edbe5f32a6d6f4c770db3b3f12b9,1761808151,2025-10-30,2025-10-30 07:09,23688611,MarketWithdraw,0x55555815a5595991C3A0Ff119B59AEF6C8B55555,0x0f9563442d64ab3bd3bcb27058db0b0d4046a4c46f0acd811dacae9551d2b129,3593852870,3593.305187914529,3420213017162516,,,,,
0xae731852d2885fd1356de362bc1fa5a3dd8c348881c6d3f6d4b215fea9b1aa63,1761816647,2025-10-30,2025-10-30 09:30,23689318,MarketWithdraw,0x55555815a5595991C3A0Ff119B59AEF6C8B55555,0x0f9563442d64ab3bd3bcb27058db0b0d4046a4c46f0acd811dacae9551d2b129,82203459834,82187.05334180279,78230115284588233,,,,,
0xc5383bd7a5649d697ec0c3cf1320edc52d90c736208b22eea15d8ae0bdbfb537,1761822995,2025-10-30,2025-10-30 11:16,23689846,MarketSupply,0x777791C4d6DC2CE140D00D2828a7C93503c67777,0x0f9563442d64ab3bd3bcb27058db0b0d4046a4c46f0acd811dacae9551d2b129,5456939407,5455.890851436682,5193094814737758,,,,,
0xdad06853031028811476a573876b543072a34b08429899a50e2a24f406e2b8f9,1761823247,2025-10-30,2025-10-30 11:20,23689867,MarketWithdraw,0x55555815a5595991C3A0Ff119B59AEF6C8B55555,0x0f9563442d64ab3bd3bcb27058db0b0d4046a4c46f0acd811dacae9551d2b129,51085971387,51076.155174007676,48615919957166221,,,,,
0x909ccbb12e0510616d270b1491690b5b5299ed8c6854fd58a042db48fd21dc15,1761826691,2025-10-30,2025-10-30 12:18,23690151,MarketSupply,0x777791C4d6DC2CE140D00D2828a7C93503c67777,0x0f9563442d64ab3bd3bcb27058db0b0d4046a4c46f0acd811dacae9551d2b129,1085958341,1085.7411493318,1033442380347493,,,,,
0x7cfcf9c75b7711da0da7b9fa7d40dfe1e35406c86069c936f2ded8762ca8fcf8,1761839963,2025-10-30,2025-10-30 15:59,23691248,MarketWithdraw,0x777791C4d6DC2CE140D00D2828a7C93503c67777,0x0f9563442d64ab3bd3bcb27058db0b0d4046a4c46f0acd811dacae9551d2b129,1199999984931,1199766.4334945139,1141931109692516824,,,,,
0x29be3de16eb814cfe93255b7bad6b6f382581def88e9e00bf73b52dfcc375cc8,1761839999,2025-10-30,2025-10-30 15:59,23691251,MarketSupply,0x777791C4d6DC2CE140D00D2828a7C93503c67777,0x0f9563442d64ab3bd3bcb27058db0b0d4046a4c46f0acd811dacae9551d2b129,1190597916431,1190366.1948833733,1132983770165605282,,,,,
0x098befce9bd936d4e1ad36676a8049807abb63b08c0434a2c3b9520b2a289a09,1761841223,2025-10-30,2025-10-30 16:20,23691353,MarketWithdraw,0x777791C4d6DC2CE140D00D2828a7C93503c67777,0x0f9563442d64ab3bd3bcb27058db0b0d4046a4c46f0acd811dacae9551d2b129,1185996904460,1185875.453664541,1128601910219200084,,,,,
0xb8b9dce18198ab3d02a46a14b3b2b35b1833f48dfe445dadab87ffdc082b5a99,1761841247,2025-10-30,2025-10-30 16:20,23691355,MarketSupply,0x777791C4d6DC2CE140D00D2828a7C93503c67777,0x0f9563442d64ab3bd3bcb27058db0b0d4046a4c46f0acd811dacae9551d2b129,1185340350976,1185218.9674142266,1127976968357220588,,,,,
0x76aa0c47a092a4c641157b59ea744c6d69eb70d5bff6a168b03f34120aff8f4f,1761841259,2025-10-30,2025-10-30 16:20,23691356,MarketSupply,0x55555815a5595991C3A0Ff119B59AEF6C8B55555,0x0f9563442d64ab3bd3bcb27058db0b0d4046a4c46f0acd811dacae9551d2b129,528775524595,528721.3758802437,503185936900265965,,,,,
0x41c35b3f95cef74cb1beb3e00e3ecbdfa54e9eef2c07b073582ebafcc0f08057,1761841859,2025-10-30,2025-10-30 16:30,23691406,MarketSupply,0x777791C4d6DC2CE140D00D2828a7C93503c67777,0x0f9563442d64ab3bd3bcb27058db0b0d4046a4c46f0acd811dacae9551d2b129,1282600115,1282.4687716519381,1220528165828263,,,,,
0xebb7ae914fa4419e4038625e136ed54972b53511508de4b83e29d99e918950bb,1761846707,2025-10-30,2025-10-30 17:51,23691807,MarketWithdraw,0x55555815a5595991C3A0Ff119B59AEF6C8B55555,0x0f9563442d64ab3bd3bcb27058db0b0d4046a4c46f0acd811dacae9551d2b129,528782363165,528703.1727182925,503185936900265965,,,,,
0xf5ebc91534e6606f2642eb8b4c3258a91e0bb038f494b917500a0c1de1eac037,1761849647,2025-10-30,2025-10-30 18:40,23692050,MarketSupply,0x777791C4d6DC2CE140D00D2828a7C93503c67777,0x0f9563442d64ab3bd3bcb27058db0b0d4046a4c46f0acd811dacae9551d2b129,8782855976,8781.917576500982,8357647813598089,,,,,
0xf093b8f10161f7722ffbfef13e1c0740915285832eca52ed44824c909d66be95,1761871127,2025-10-31,2025-10-31 00:38,23693820,MarketWithdraw,0x777791C4d6DC2CE140D00D2828a7C93503c67777,0x0f9563442d64ab3bd3bcb27058db0b0d4046a4c46f0acd811dacae9551d2b129,2589899995360,2589387.9479146963,2464381416160133615,,,,,
0xfae8dd90f7b430b6366168fdd5f2ed76060950e485bc7e44a938450216386a33,1761871595,2025-10-31,2025-10-31 00:46,23693859,MarketSupply,0x55555815a5595991C3A0Ff119B59AEF6C8B55555,0x0f9563442d64ab3bd3bcb27058db0b0d4046a4c46f0acd811dacae9551d2b129,1070650531705,1070438.8540840282,1018756632848049808,,,,,
0xf10c89bc76f580fe4a8e231d7b43accd6e3f18f9406e625d8d35f769251a2bc1,1761871631,2025-10-31,2025-10-31 00:47,23693861,MarketWithdraw,0x777791C4d6DC2CE140D00D2828a7C93503c67777,0x0f9563442d64ab3bd3bcb27058db0b0d4046a4c46f0acd811dacae9551d2b129,1070652660255,1070440.982213194,1018758400520443743,,,,,
0x943ba6c927881bba34e754c0883a218e6db4618b6d4707cfad8d05c0cea0cdc8,1761877007,2025-10-31,2025-10-31 02:16,23694306,MarketSupply,0x55555815a5595991C3A0Ff119B59AEF6C8B55555,0x0f9563442d64ab3bd3bcb27058db0b0d4046a4c46f0acd811dacae9551d2b129,334157745719,334107.7022550011,317942465422448920,,,,,
0xe78e2daf3351e8bf16784afc16ba2e1fdef56d01f9ac42ba37ce66ef2d24b092,1761877055,2025-10-31,2025-10-31 02:17,23694310,MarketWithdraw,0x777791C4d6DC2CE140D00D2828a7C93503c67777,0x0f9563442d64ab3bd3bcb27058db0b0d4046a4c46f0acd811dacae9551d2b129,334161986197,334111.9420979472,317946351876471922,,,,,
0x3708ea5c049507ef4c0ecc535af06a1448d20ec2c27ae271244c21472eab8f7e,1761882431,2025-10-31,2025-10-31 03:47,23694754,MarketSupply,0x55555815a5595991C3A0Ff119B59AEF6C8B55555,0x0f9563442d64ab3bd3bcb27058db0b0d4046a4c46f0acd811dacae9551d2b129,95044170416,95025.35642345411,90426655569410898,,,,,
0x28bb692091162ddd8a731ce4bd2a2ae4164f086305f2c2c9bc86c22f15810c34,1761882467,2025-10-31,2025-10-31 03:47,23694757,MarketWithdraw,0x777791C4d6DC2CE140D00D2828a7C93503c67777,0x0f9563442d64ab3bd3bcb27058db0b0d4046a4c46f0acd811dacae9551d2b129,95040982664,95022.16930246959,90423587769802466,,,,,
0x13d7bad77a957c733f862342738c44342dc8f47799b9974d60da181cec79e599,1761884399,2025-10-31,2025-10-31 04:19,23694916,MarketRepay,0x1597E4B7cF6D2877A1d690b6088668afDb045763,0x0f9563442d64ab3bd3bcb27058db0b0d4046a4c46f0acd811dacae9551d2b129,785263841625,785146.2405120783,742505498660516676,,,,,
0x13d7bad77a957c733f862342738c44342dc8f47799b9974d60da181cec79e599,1761884399,2025-10-31,2025-10-31 04:19,23694916,MarketWithdrawCollateral,0x1597E4B7cF6D2877A1d690b6088668afDb045763,0x0f9563442d64ab3bd3bcb27058db0b0d4046a4c46f0acd811dacae9551d2b129,900000000000000000000000,961478.0660319512,,,,,,
0x3619db6440e804453d45e135028b96af8fb2941eb0841c037cdeabb8621987f9,1761884447,2025-10-31,2025-10-31 04:20,23694920,MarketWithdraw,0x777791C4d6DC2CE140D00D2828a7C93503c67777,0x0f9563442d64ab3bd3bcb27058db0b0d4046a4c46f0acd811dacae9551d2b129,785262896844,785145.2958725686,747095969671079933,,,,,
0xf3346386b4af2b194c064d2ccc0a6cef72f78cdc50478b39d210cc8a960bd1ef,1761886007,2025-10-31,2025-10-31 04:46,23695050,MarketRepay,0x1597E4B7cF6D2877A1d690b6088668afDb045763,0x0f9563442d64ab3bd3bcb27058db0b0d4046a4c46f0acd811dacae9551d2b129,1199965984307,1199786.27740119,1134606527994787665,,,,,
0xf3346386b4af2b194c064d2ccc0a6cef72f78cdc50478b39d210cc8a960bd1ef,1761886007,2025-10-31,2025-10-31 04:46,23695050,MarketWithdrawCollateral,0x1597E4B7cF6D2877A1d690b6088668afDb045763,0x0f9563442d64ab3bd3bcb27058db0b0d4046a4c46f0acd811dacae9551d2b129,1300000000000000000000000,1388801.6509350406,,,,,,
0xbb315010a041084fc5917a401c68ce60cec99a267326c3b0807e7fe980a6e750,1761886019,2025-10-31,2025-10-31 04:46,23695051,MarketWithdraw,0x777791C4d6DC2CE140D00D2828a7C93503c67777,0x0f9563442d64ab3bd3bcb27058db0b0d4046a4c46f0acd811dacae9551d2b129,1199964236165,1199784.5295209917,1141621207460055646,,,,,
0xdfeea2106b7466b225c01bad2a9764418873da12ea867313906e84db7fdeb9c5,1761887819,2025-10-31,2025-10-31 05:16,23695199,MarketRepay,0x1597E4B7cF6D2877A1d690b6088668afDb045763,0x0f9563442d64ab3bd3bcb27058db0b0d4046a4c46f0acd811dacae9551d2b129,1801706517953,1801173.0881538496,1703537171134935423,,,,,
0xdfeea2106b7466b225c01bad2a9764418873da12ea867313906e84db7fdeb9c5,1761887819,2025-10-31,2025-10-31 05:16,23695199,MarketWithdrawCollateral,0x1597E4B7cF6D2877A1d690b6088668afDb045763,0x0f9563442d64ab3bd3bcb27058db0b0d4046a4c46f0acd811dacae9551d2b129,1900000000000000000000000,2029930.8528151505,,,,,,
0x0860dd4c519d518556051d15728c47e9c216326ce2b0a2c15b93a6c4ae0f2432,1761887867,2025-10-31,2025-10-31 05:17,23695203,MarketWithdraw,0x777791C4d6DC2CE140D00D2828a7C93503c67777,0x0f9563442d64ab3bd3bcb27058db0b0d4046a4c46f0acd811dacae9551d2b129,1801706611536,1801173.1817091424,1714071662741797311,,,,,
0xd42addfdf321a8175c51b0561869a762dcf96ab123f59e740fd365e7418a9a0d,1761889763,2025-10-31,2025-10-31 05:49,23695359,MarketRepay,0x1597E4B7cF6D2877A1d690b6088668afDb045763,0x0f9563442d64ab3bd3bcb27058db0b0d4046a4c46f0acd811dacae9551d2b129,2529927433437,2529178.3998573152,2392028257766740944,,,,,
0xd42addfdf321a8175c51b0561869a762dcf96ab123f59e740fd365e7418a9a0d,1761889763,2025-10-31,2025-10-31 05:49,23695359,MarketWithdrawCollateral,0x1597E4B7cF6D2877A1d690b6088668afDb045763,0x0f9563442d64ab3bd3bcb27058db0b0d4046a4c46f0acd811dacae9551d2b129,2600000000000000000000000,2777800.114378627,,,,,,
0xb0b8e74441354ed5dd361144652143a65614b71ef634e1fd3e12f71094a2fd92,1761889787,2025-10-31,2025-10-31 05:49,23695361,MarketWithdraw,0x777791C4d6DC2CE140D00D2828a7C93503c67777,0x0f9563442d64ab3bd3bcb27058db0b0d4046a4c46f0acd811dacae9551d2b129,2529926905001,2529177.871577769,2406820019944161272,,,,,
0x45a9e3a55e627db3c3ba9dd12e88b0b8d3057cd9c37152830e9e85ee4d997fb1,1761892115,2025-10-31,2025-10-31 06:28,23695554,MarketRepay,0x1597E4B7cF6D2877A1d690b6088668afDb045763,0x0f9563442d64ab3bd3bcb27058db0b0d4046a4c46f0acd811dacae9551d2b129,1400000000000,1399790.336,1323655198539232066,,,,,
0x45a9e3a55e627db3c3ba9dd12e88b0b8d3057cd9c37152830e9e85ee4d997fb1,1761892115,2025-10-31,2025-10-31 06:28,23695554,MarketWithdrawCollateral,0x1597E4B7cF6D2877A1d690b6088668afDb045763,0x0f9563442d64ab3bd3bcb27058db0b0d4046a4c46f0acd811dacae9551d2b129,1500000000000000000000000,1602490.8241347861,,,,,,
0x8331f54b914dec210ba148dd8e71fe915139fed90315d48f304111cee84bf2c2,1761892163,2025-10-31,2025-10-31 06:29,23695558,MarketWithdraw,0x777791C4d6DC2CE140D00D2828a7C93503c67777,0x0f9563442d64ab3bd3bcb27058db0b0d4046a4c46f0acd811dacae9551d2b129,1400000564709,1399790.9006244293,1331841029117323166,,,,,
0xd30edb993d3b59a0651cb2346835ffa8deb605dc677c11d417a653ff2c35a6ee,1761896015,2025-10-31,2025-10-31 07:33,23695874,MarketRepay,0x86b7AE7E49797E6F9882a6557a8576632a140c38,0x0f9563442d64ab3bd3bcb27058db0b0d4046a4c46f0acd811dacae9551d2b129,280000018968,279921.6148676687,264719468838719134,,,,,
0xd30edb993d3b59a0651cb2346835ffa8deb605dc677c11d417a653ff2c35a6ee,1761896015,2025-10-31,2025-10-31 07:33,23695874,MarketWithdrawCollateral,0x86b7AE7E49797E6F9882a6557a8576632a140c38,0x0f9563442d64ab3bd3bcb27058db0b0d4046a4c46f0acd811dacae9551d2b129,299816713268749109764703,320346.5263157297,,,,,,
0x4c6c1764ac1b177c879eed4c6560d9bf54d2730cf24b710e197ea2c5f42b813f,1761896063,2025-10-31,2025-10-31 07:34,23695878,MarketWithdraw,0x777791C4d6DC2CE140D00D2828a7C93503c67777,0x0f9563442d64ab3bd3bcb27058db0b0d4046a4c46f0acd811dacae9551d2b129,280000399613,279921.99540608254,266356750646604618,,,,,
0xef55e6ab90745fe4213af99a680061a4f2f6e8e6d636548568041cc0896ce24a,1761906755,2025-10-31,2025-10-31 10:32,23696761,MarketSupply,0xcDCf2b6F97dE9fD66D0a4B47bc633f437Df0D106,0x0f9563442d64ab3bd3bcb27058db0b0d4046a4c46f0acd811dacae9551d2b129,100000000000,99985.024,95115638250342249,,,,,
0x29ce86c32de42d31d74dd8523d467856b463f0ad921b0ff5b9c20ca3459777d1,1761906779,2025-10-31,2025-10-31 10:32,23696763,MarketWithdraw,0x777791C4d6DC2CE140D00D2828a7C93503c67777,0x0f9563442d64ab3bd3bcb27058db0b0d4046a4c46f0acd811dacae9551d2b129,100000128775,99985.15275571466,95115735821021834,,,,,
0x7ca9771591903eaff2cb498d3c7c481eb786366952335e8a94369cfb77e024ee,1761907067,2025-10-31,2025-10-31 10:37,23696787,MarketSupply,0x94643e86aa5E38DDAc6c7791C1297f4E40cD96c1,0x0f9563442d64ab3bd3bcb27058db0b0d4046a4c46f0acd811dacae9551d2b129,382752249337,382694.9283601393,364055939327978956,,,,,
0x06b5d5e668e30fd2ef01a429483f61a7ea3109c4e28eb8e2870a412ab784285f,1761907091,2025-10-31,2025-10-31 10:38,23696789,MarketWithdraw,0x777791C4d6DC2CE140D00D2828a7C93503c67777,0x0f9563442d64ab3bd3bcb27058db0b0d4046a4c46f0acd811dacae9551d2b129,382751967288,382694.64635337895,364055590409963867,,,,,
0x819463755ce50f6f941b79aa10b046f698746c4a7be98150c9008278fdfeeabc,1761945143,2025-10-31,2025-10-31 21:12,23699935,MarketRepay,0x86b7AE7E49797E6F9882a6557a8576632a140c38,0x0f9563442d64ab3bd3bcb27058db0b0d4046a4c46f0acd811dacae9551d2b129,384125676216,384052.86903533,362952247794597090,,,,,
0x819463755ce50f6f941b79aa10b046f698746c4a7be98150c9008278fdfeeabc,1761945143,2025-10-31,2025-10-31 21:12,23699935,MarketWithdrawCollateral,0x86b7AE7E49797E6F9882a6557a8576632a140c38,0x0f9563442d64ab3bd3bcb27058db0b0d4046a4c46f0acd811dacae9551d2b129,412906513912005835388930,441406.9948382904,,,,,,
0xc3b0502d7fabb23a45386d4bf89883ad85b99ef308bceeee89ad2277d4542835,1761945203,2025-10-31,2025-10-31 21:13,23699940,MarketWithdraw,0x777791C4d6DC2CE140D00D2828a7C93503c67777,0x0f9563442d64ab3bd3bcb27058db0b0d4046a4c46f0acd811dacae9551d2b129,384126359766,384053.55245576997,365197212730851769,,,,,
0x4dae7de4cb1ffe5b6e5371123a9feddf3d0c7ceb407e04e15e1616b7f504f152,1761946667,2025-10-31,2025-10-31 21:37,23700059,MarketRepay,0x86b7AE7E49797E6F9882a6557a8576632a140c38,0x0f9563442d64ab3bd3bcb27058db0b0d4046a4c46f0acd811dacae9551d2b129,439768985423,439685.6316095029,415520718799841624,,,,,
0x4dae7de4cb1ffe5b6e5371123a9feddf3d0c7ceb407e04e15e1616b7f504f152,1761946667,2025-10-31,2025-10-31 21:37,23700059,MarketWithdrawCollateral,0x86b7AE7E49797E6F9882a6557a8576632a140c38,0x0f9563442d64ab3bd3bcb27058db0b0d4046a4c46f0acd811dacae9551d2b129,473189311993778296676226,505850.7559444407,,,,,,
0xdaa9d3c07a0fcd850c332f4f1d9c9a68319573057ff894e1f4de46f88554e61d,1761946715,2025-10-31,2025-10-31 21:38,23700063,MarketWithdraw,0x777791C4d6DC2CE140D00D2828a7C93503c67777,0x0f9563442d64ab3bd3bcb27058db0b0d4046a4c46f0acd811dacae9551d2b129,439768146187,439684.79253257165,418089356370979058,,,,,
0x35d4c3ca18527e26580e2b19ff72364303aab9341be3e2a96f7e2523aae892d0,1761947099,2025-10-31,2025-10-31 21:44,23700095,MarketRepay,0x86b7AE7E49797E6F9882a6557a8576632a140c38,0x0f9563442d64ab3bd3bcb27058db0b0d4046a4c46f0acd811dacae9551d2b129,37646874590,37639.73900139021,35570892507086295,,,,,
0x35d4c3ca18527e26580e2b19ff72364303aab9341be3e2a96f7e2523aae892d0,1761947099,2025-10-31,2025-10-31 21:44,23700095,MarketWithdrawCollateral,0x86b7AE7E49797E6F9882a6557a8576632a140c38,0x0f9563442d64ab3bd3bcb27058db0b0d4046a4c46f0acd811dacae9551d2b129,40507925281909455000173,43303.946446415604,,,,,,
0x0baca64f10d32843d8bc5054067c7cb7826fd20df622c76ed970a229555fd50f,1761947123,2025-10-31,2025-10-31 21:45,23700097,MarketRepay,0x1597E4B7cF6D2877A1d690b6088668afDb045763,0x0f9563442d64ab3bd3bcb27058db0b0d4046a4c46f0acd811dacae9551d2b129,4000000000000,3999241.84,3779424730010570252,,,,,
0x0baca64f10d32843d8bc5054067c7cb7826fd20df622c76ed970a229555fd50f,1761947123,2025-10-31,2025-10-31 21:45,23700097,MarketWithdrawCollateral,0x1597E4B7cF6D2877A1d690b6088668afDb045763,0x0f9563442d64ab3bd3bcb27058db0b0d4046a4c46f0acd811dacae9551d2b129,4000000000000000000000000,4276096.210314166,,,,,,
0x7340a72c2bd76578053e6fadd6ea92da2a9edc273ad4a8d2c7b6acadf6ee37e5,1761947171,2025-10-31,2025-10-31 21:46,23700101,MarketWithdraw,0x777791C4d6DC2CE140D00D2828a7C93503c67777,0x0f9563442d64ab3bd3bcb27058db0b0d4046a4c46f0acd811dacae9551d2b129,4037645862234,4036880.566837272,3838586677187906954,,,,,
0xd3fb17835f35d53d41e12314ff3f537c124182d2676c1ac0bd53bb44884a900b,1761970175,2025-11-01,2025-11-01 04:09,23702009,MarketSupply,0xad6452a9b8F10b0fE084C83c396ABAe96411C761,0x0f9563442d64ab3bd3bcb27058db0b0d4046a4c46f0acd811dacae9551d2b129,200000500000,199948.60817364443,190085527734219355,,,,,
0x49d0643126f239cc253a256650da33848af209a311579c0be4f82aed9a9403a4,1761970223,2025-11-01,2025-11-01 04:10,23702013,MarketWithdraw,0x777791C4d6DC2CE140D00D2828a7C93503c67777,0x0f9563442d64ab3bd3bcb27058db0b0d4046a4c46f0acd811dacae9551d2b129,200000547815,199948.6559762384,190085474725321252,,,,,
0xe59c5a0c61e5dc51636a55d3fcdf510c7ccc873dd5fa69c07d1651742fa432af,1761970607,2025-11-01,2025-11-01 04:16,23702045,MarketSupply,0xd52929B69680A6f74D2eB9c8F1ef482f37b1b32B,0x0f9563442d64ab3bd3bcb27058db0b0d4046a4c46f0acd811dacae9551d2b129,32742587398,32734.09205593991,31119213606782440,,,,,
0x326cb12d638650333f0d6b7182725e325d6422fd64927708204a0a7ce5818788,1761971819,2025-11-01,2025-11-01 04:36,23702145,MarketSupply,0x48Cd090C9E8a9954B0955c8b87754031d90c4955,0x0f9563442d64ab3bd3bcb27058db0b0d4046a4c46f0acd811dacae9551d2b129,15252615533,15248.658112510017,14496173913539671,,,,,
0x3d910cdad748cd1071326d8d886b889d2015ca4c7b7d1f80f8ba254db2f1235f,1761973415,2025-11-01,2025-11-01 05:03,23702278,MarketSupply,0x73A5cAcD96Ec124C84A520f115543847b7a8d95e,0x0f9563442d64ab3bd3bcb27058db0b0d4046a4c46f0acd811dacae9551d2b129,20000018828,19996.22802443134,19007759729247895,,,,,
0x85c3cf40cf71fc06e6306b96b80dcbdc88c8941d5540d0f916b0ef293c83c47e,1761973451,2025-11-01,2025-11-01 05:04,23702281,MarketWithdraw,0x777791C4d6DC2CE140D00D2828a7C93503c67777,0x0f9563442d64ab3bd3bcb27058db0b0d4046a4c46f0acd811dacae9551d2b129,67995069132,67982.18134659673,64621607780751698,,,,,
0x70e61fc24a695263d63d0b046c863939de4da46e6277a50bd48b5d3fa0a9e25e,1761973751,2025-11-01,2025-11-01 05:09,23702306,MarketWithdraw,0x94643e86aa5E38DDAc6c7791C1297f4E40cD96c1,0x0f9563442d64ab3bd3bcb27058db0b0d4046a4c46f0acd811dacae9551d2b129,54984649,54.97422720962854,52256476785276,,,,,
0x9abed389d9871e4d7b090400c3110f2dba6ecb6f3c710be153f20b882bbff013,1761979007,2025-11-01,2025-11-01 06:36,23702741,MarketRepay,0x1597E4B7cF6D2877A1d690b6088668afDb045763,0x0f9563442d64ab3bd3bcb27058db0b0d4046a4c46f0acd811dacae9551d2b129,2000000000000,1999620.92,1888955480181295914,,,,,
0x7436c9db4befc1624efd03cf0f7761e3a9cb538f152d344c811b231f3d5b9c88,1761979031,2025-11-01,2025-11-01 06:37,23702743,MarketWithdraw,0x55555815a5595991C3A0Ff119B59AEF6C8B55555,0x0f9563442d64ab3bd3bcb27058db0b0d4046a4c46f0acd811dacae9551d2b129,1290125878963,1289881.3485039012,1226030646965707640,,,,,
0xed03b9020c6da1d8687df41a9b56ee91d6144552b02f9fe36d588dc5e95d42a5,1761979055,2025-11-01,2025-11-01 06:37,23702745,MarketWithdrawCollateral,0x1597E4B7cF6D2877A1d690b6088668afDb045763,0x0f9563442d64ab3bd3bcb27058db0b0d4046a4c46f0acd811dacae9551d2b129,2100000000000000000000000,2245836.225244187,,,,,,
0x3ee4ce84aa90c436155f1043294f99e48682e4def25569745b4b3c965ce5d570,1761979067,2025-11-01,2025-11-01 06:37,23702746,MarketWithdraw,0x777791C4d6DC2CE140D00D2828a7C93503c67777,0x0f9563442d64ab3bd3bcb27058db0b0d4046a4c46f0acd811dacae9551d2b129,709819159267,709684.6201435525,674554239885453582,,,,,
0x9cc303bbc304b00a2c16ce4d04011a75b68c2f060c2514dc4d7c889677fa6df0,1761984467,2025-11-01,2025-11-01 08:07,23703193,MarketSupply,0x55555815a5595991C3A0Ff119B59AEF6C8B55555,0x0f9563442d64ab3bd3bcb27058db0b0d4046a4c46f0acd811dacae9551d2b129,301982932487,301925.69464197644,286959821133613826,,,,,
0x38cd2af36720fefd4f5811258d2fc724c4bf8e944aa113c2907f8ef71a395ba5,1761984479,2025-11-01,2025-11-01 08:07,23703194,MarketWithdraw,0x777791C4d6DC2CE140D00D2828a7C93503c67777,0x0f9563442d64ab3bd3bcb27058db0b0d4046a4c46f0acd811dacae9551d2b129,111687850281,111666.68096585774,106131567285207849,,,,,
0x2dc80744ed4b968c1976266e8bd593c3e65ef06e092d6a6d242fb1af21bf8d42,1761986387,2025-11-01,2025-11-01 08:39,23703353,MarketSupply,0x81136654A5D75F0F8Bc96281C5B7237813b0fE27,0x0f9563442d64ab3bd3bcb27058db0b0d4046a4c46f0acd811dacae9551d2b129,300000000000,299943.138,285069674964124185,,,,,
0xc118f4bbb5e0d64cefa1da6579f6f4bd317b39cfd327fe234c44d7f3b0fd17e9,1761988607,2025-11-01,2025-11-01 09:16,23703536,MarketSupply,0xd63070114470f685b75B74D60EEc7c1113d33a3D,0x0f9563442d64ab3bd3bcb27058db0b0d4046a4c46f0acd811dacae9551d2b129,699953629970,699763.0960581723,665107583836509051,,,,,
0xb3ab9374c7b952f44ef77656434ef8734e9df81a42e93024eaef7702bd1b8ea4,1761989927,2025-11-01,2025-11-01 09:38,23703645,MarketWithdraw,0x55555815a5595991C3A0Ff119B59AEF6C8B55555,0x0f9563442d64ab3bd3bcb27058db0b0d4046a4c46f0acd811dacae9551d2b129,377483619525,377380.8649601268,358689876099540715,,,,,
0xd49ea67e5fd27d1a8384571f24333983da858f12514a9f0b6789f2bcf621e19b,1761992495,2025-11-01,2025-11-01 10:21,23703858,MarketWithdraw,0xd52929B69680A6f74D2eB9c8F1ef482f37b1b32B,0x0f9563442d64ab3bd3bcb27058db0b0d4046a4c46f0acd811dacae9551d2b129,32750079313,32743.87186296701,31119213606782440,,,,,
0x1c083555a27c8a03fc7565a015855663bcf5deb009ce38c0c1545da7a3ef0a64,1761995531,2025-11-01,2025-11-01 11:12,23704109,MarketSupply,0x55555815a5595991C3A0Ff119B59AEF6C8B55555,0x0f9563442d64ab3bd3bcb27058db0b0d4046a4c46f0acd811dacae9551d2b129,18884005746,18878.281620922564,17943384507799020,,,,,
0x04bb2ea976d0f9cd51223f97e3f3b45e1d156ac08aa59cd7a2654812b0d71b55,1762007663,2025-11-01,2025-11-01 14:34,23705115,MarketSupply,0x55555815a5595991C3A0Ff119B59AEF6C8B55555,0x0f9563442d64ab3bd3bcb27058db0b0d4046a4c46f0acd811dacae9551d2b129,2136300321,2136.0331766448594,2029781877500460,,,,,
0xeae84f3a0973482d4ad2a916f6dfa2e6d06b6765ccfef0c8fde87e88f71d030b,1762012343,2025-11-01,2025-11-01 15:52,23705503,MarketSupply,0xd63070114470f685b75B74D60EEc7c1113d33a3D,0x0f9563442d64ab3bd3bcb27058db0b0d4046a4c46f0acd811dacae9551d2b129,99927664694,99907.67916106121,94943204153441033,,,,,
0xf69a4941dbaa13d4a456e39c2055cd6b58e967d7331e3d08d72240989c8c2839,1762012487,2025-11-01,2025-11-01 15:54,23705515,MarketWithdraw,0x94643e86aa5E38DDAc6c7791C1297f4E40cD96c1,0x0f9563442d64ab3bd3bcb27058db0b0d4046a4c46f0acd811dacae9551d2b129,143668719153,143639.98540916943,136502356213151293,,,,,
0x5e512fb74da5f612ba85b854efec671bbd64b447d057c583259a5b277d1122bc,1762015811,2025-11-01,2025-11-01 16:50,23705791,MarketSupply,0x55555815a5595991C3A0Ff119B59AEF6C8B55555,0x0f9563442d64ab3bd3bcb27058db0b0d4046a4c46f0acd811dacae9551d2b129,17159346914,17157.201137668406,16303158582982130,,,,,
0xbb61e6f9fa5acd1d4bd90d4b73c44d5b7822e94333ffcbcb3887e50e0aee874b,1762027307,2025-11-01,2025-11-01 20:01,23706734,MarketSupply,0x55555815a5595991C3A0Ff119B59AEF6C8B55555,0x0f9563442d64ab3bd3bcb27058db0b0d4046a4c46f0acd811dacae9551d2b129,2296176628,2295.7755572517535,2181489246017546,,,,,
0xed62369eece0bca8078932d86cd64115301ea00e9c2b83463c78f2c7d9313c63,1762041707,2025-11-02,2025-11-02 00:01,23707928,MarketWithdraw,0x55555815a5595991C3A0Ff119B59AEF6C8B55555,0x0f9563442d64ab3bd3bcb27058db0b0d4046a4c46f0acd811dacae9551d2b129,1164595229,1164.339428599042,1106353053423072,,,,,
0x909f0c74e439a69e05a64387e80d13da3d3970062d318e76534407700b0439f1,1762047143,2025-11-02,2025-11-02 01:32,23708380,MarketSupply,0x55555815a5595991C3A0Ff119B59AEF6C8B55555,0x0f9563442d64ab3bd3bcb27058db0b0d4046a4c46f0acd811dacae9551d2b129,7855407543,7854.425224286749,7462363993763849,,,,,
0xdf4e910d8faaf50892a337bb90c3f7cf3d240d920d7370ad4a9262c42e3870b8,1762052087,2025-11-02,2025-11-02 02:54,23708791,MarketWithdraw,0x48Cd090C9E8a9954B0955c8b87754031d90c4955,0x0f9563442d64ab3bd3bcb27058db0b0d4046a4c46f0acd811dacae9551d2b129,15260036284,15255.503390638898,14496173913539671,,,,,
0xb7c34c00fe4b8f22f48fc232c025f32c9217469f46aa8be1876e1005d7d573e8,1762056287,2025-11-02,2025-11-02 04:04,23709135,MarketSupply,0x55555815a5595991C3A0Ff119B59AEF6C8B55555,0x0f9563442d64ab3bd3bcb27058db0b0d4046a4c46f0acd811dacae9551d2b129,7904176730,7901.832443683518,7508372273328083,,,,,
0xc2b92fef054c7be1a3985bba444f960995bc635a4bb288ef63ccb9844f8e0c2d,1762062395,2025-11-02,2025-11-02 05:46,23709643,MarketSupply,0x55555815a5595991C3A0Ff119B59AEF6C8B55555,0x0f9563442d64ab3bd3bcb27058db0b0d4046a4c46f0acd811dacae9551d2b129,2095498400,2095.23635792508,1990508609707402,,,,,
0x7e5f217c8cde087055439ce3f19acfd97f47beb5412178b63878af3c7ed7ef0d,1762076795,2025-11-02,2025-11-02 09:46,23710838,MarketWithdraw,0x55555815a5595991C3A0Ff119B59AEF6C8B55555,0x0f9563442d64ab3bd3bcb27058db0b0d4046a4c46f0acd811dacae9551d2b129,5973622457,5971.831197183246,5673946487827424,,,,,
0xc07cd3f21bbfd807abdb792c30fe2d00d3650c485519b7cf9ed5f77245bc26c0,1762082591,2025-11-02,2025-11-02 11:23,23711318,MarketSupply,0x55555815a5595991C3A0Ff119B59AEF6C8B55555,0x0f9563442d64ab3bd3bcb27058db0b0d4046a4c46f0acd811dacae9551d2b129,5359659225,5358.661724419411,5090643529673297,,,,,
0x925cf7845b0700d5277e6da68027e4076d25d80061545bbbf99e2ba378e11750,1762088495,2025-11-02,2025-11-02 13:01,23711807,MarketWithdraw,0x55555815a5595991C3A0Ff119B59AEF6C8B55555,0x0f9563442d64ab3bd3bcb27058db0b0d4046a4c46f0acd811dacae9551d2b129,16618329178,16615.47873520825,15783771992178794,,,,,
0x7b1bfdd536928486dd753cb4e3040a6a3957d741c9f0ead607d314dc6fd86421,1762093991,2025-11-02,2025-11-02 14:33,23712260,MarketSupply,0x55555815a5595991C3A0Ff119B59AEF6C8B55555,0x0f9563442d64ab3bd3bcb27058db0b0d4046a4c46f0acd811dacae9551d2b129,3708893644,3708.267063507783,3522542073617874,,,,,
0x77c07de2f3c021ef50618e56e16fff771092c157840d34c2d734e522f28ba817,1762106111,2025-11-02,2025-11-02 17:55,23713263,MarketWithdraw,0x55555815a5595991C3A0Ff119B59AEF6C8B55555,0x0f9563442d64ab3bd3bcb27058db0b0d4046a4c46f0acd811dacae9551d2b129,6978397269,6976.7475194372655,6627381422126852,,,,,
0x7117f3e6bd3bdcc052df4f152636aa12699b7b8744e679946de88c35a3a93aeb,1762121711,2025-11-02,2025-11-02 22:15,23714557,MarketWithdraw,0x55555815a5595991C3A0Ff119B59AEF6C8B55555,0x0f9563442d64ab3bd3bcb27058db0b0d4046a4c46f0acd811dacae9551d2b129,8094428922,8092.711269704039,7686684010163727,,,,,
0xde6ad59e75d3d5b8139d7b8a6f4a2ad4f71297d5d48af632c15c6fa6fade3431,1762127183,2025-11-02,2025-11-02 23:46,23715010,MarketSupply,0x55555815a5595991C3A0Ff119B59AEF6C8B55555,0x0f9563442d64ab3bd3bcb27058db0b0d4046a4c46f0acd811dacae9551d2b129,18198662046,18195.58756403395,17281455206043931,,,,,
0xdaafc4c045e2606240f1acba95e64437dda56c29563cb9489d6c472142f74d6e,1762132727,2025-11-03,2025-11-03 01:18,23715471,MarketWithdraw,0x55555815a5595991C3A0Ff119B59AEF6C8B55555,0x0f9563442d64ab3bd3bcb27058db0b0d4046a4c46f0acd811dacae9551d2b129,11636082360,11634.116560246102,11049329346249879,,,,,
0xf66e41dc3c78fe3f8bfedc0f8a15c92b94592625b19bf37f70a2a6f00a27ecb6,1762138307,2025-11-03,2025-11-03 02:51,23715933,MarketSupply,0x55555815a5595991C3A0Ff119B59AEF6C8B55555,0x0f9563442d64ab3bd3bcb27058db0b0d4046a4c46f0acd811dacae9551d2b129,5661141144,5659.462470361191,5375526748777725,,,,,
0x3abb471ed493662ab110f2ba85edbc2484595b3932cf5f799a6bc56858bc3f35,1762143731,2025-11-03,2025-11-03 04:22,23716381,MarketSupply,0x55555815a5595991C3A0Ff119B59AEF6C8B55555,0x0f9563442d64ab3bd3bcb27058db0b0d4046a4c46f0acd811dacae9551d2b129,24311225635,24303.045126333625,23084063371391638,,,,,
0x6c73a3adc12ccd11cd5b86aa93bd7594db342d6605f743e1180566865852651a,1762151579,2025-11-03,2025-11-03 06:32,23717029,MarketWithdraw,0x55555815a5595991C3A0Ff119B59AEF6C8B55555,0x0f9563442d64ab3bd3bcb27058db0b0d4046a4c46f0acd811dacae9551d2b129,24884625283,24876.94016412874,23627645031075071,,,,,
0xb808921a70e2b69cecc35c59e8a342912417766a6a65d6cdeecebf38f584c01f,1762153883,2025-11-03,2025-11-03 07:11,23717220,MarketSupply,0x94643e86aa5E38DDAc6c7791C1297f4E40cD96c1,0x0f9563442d64ab3bd3bcb27058db0b0d4046a4c46f0acd811dacae9551d2b129,31801670,31.7962974258702,30194948415664,,,,,
0xbc2495847f20d0ffe9ad217cee889fcd9f273ff35d868e7833354ffebad4425d,1762157015,2025-11-03,2025-11-03 08:03,23717480,MarketSupply,0x55555815a5595991C3A0Ff119B59AEF6C8B55555,0x0f9563442d64ab3bd3bcb27058db0b0d4046a4c46f0acd811dacae9551d2b129,29346803940,29337.80614874607,27863676473992522,,,,,
0x3bf17b1c5fab9c55a3199ee5418d0c881d4d0bf4078b659bb8bf8add8538d842,1762162463,2025-11-03,2025-11-03 09:34,23717934,MarketWithdraw,0x55555815a5595991C3A0Ff119B59AEF6C8B55555,0x0f9563442d64ab3bd3bcb27058db0b0d4046a4c46f0acd811dacae9551d2b129,24693719809,24689.548051975467,23445150829520366,,,,,
0x1ada16c364c50ca8e4dbcae71b29293e543bd0883e45d179490aed1cc6cb2106,1762169099,2025-11-03,2025-11-03 11:24,23718485,MarketSupply,0x55555815a5595991C3A0Ff119B59AEF6C8B55555,0x0f9563442d64ab3bd3bcb27058db0b0d4046a4c46f0acd811dacae9551d2b129,22927169032,22920.11136375997,21767207637563711,,,,,
0x0f6b3beeec5826ec741d60f505c9cb4effabb2025f61fef487966a102fccb3c4,1762177331,2025-11-03,2025-11-03 13:42,23719168,MarketWithdraw,0xd63070114470f685b75B74D60EEc7c1113d33a3D,0x0f9563442d64ab3bd3bcb27058db0b0d4046a4c46f0acd811dacae9551d2b129,788298255835,788114.4653303446,748386534888074195,,,,,
0x996e623d3ff7c8b7ca12b295d21b5fde4c83e5f3c3cadb178ec0ed26beb4057f,1762177823,2025-11-03,2025-11-03 13:50,23719209,MarketSupply,0x55555815a5595991C3A0Ff119B59AEF6C8B55555,0x0f9563442d64ab3bd3bcb27058db0b0d4046a4c46f0acd811dacae9551d2b129,245292871589,245235.6819398742,232872055307757597,,,,,
0x46dcdcc78a9c29a0be6530b4f99a4933e770657d8f9b17b11293b304854f4066,1762178339,2025-11-03,2025-11-03 13:58,23719252,MarketWithdraw,0xd63070114470f685b75B74D60EEc7c1113d33a3D,0x0f9563442d64ab3bd3bcb27058db0b0d4046a4c46f0acd811dacae9551d2b129,245015603594,244958.4785894733,232607547836367154,,,,,
0xd426e9c40392ea2ed3754455a8d0210a5782d90ef3b17f084181a4c70d2d67ff,1762181831,2025-11-03,2025-11-03 14:57,23719543,MarketWithdraw,0xca7c196f00e04A5e1c71B91476d0d58f82499734,0x0f9563442d64ab3bd3bcb27058db0b0d4046a4c46f0acd811dacae9551d2b129,643851321,643.7289892490099,611215891189415,,,,,
0xb98aa8c5f98c610de7dfbb7e050796ce1c1b193d49c3984c4c6939bfff37a7f5,1762207655,2025-11-03,2025-11-03 22:07,23721677,MarketWithdraw,0x0404fD1a77756EB029F06b5CDea88B2B2ddC2fEE,0x0f9563442d64ab3bd3bcb27058db0b0d4046a4c46f0acd811dacae9551d2b129,70698,0.07068456738,67089994813,,,,,
0xe674801fefff6fda929d8a4f67a09ffc963646ee601f1e7927987fa1e6e40052,1762218323,2025-11-04,2025-11-04 01:05,23722560,MarketWithdraw,0x94643e86aa5E38DDAc6c7791C1297f4E40cD96c1,0x0f9563442d64ab3bd3bcb27058db0b0d4046a4c46f0acd811dacae9551d2b129,89287951,89.27098628931,84717874604039,,,,,
0x7877babd2beb0a557a6a0a59d2f09ed79ba768601909be6b7a9f7a3b824f96d2,1762238627,2025-11-04,2025-11-04 06:43,23724245,MarketWithdraw,0xd63070114470f685b75B74D60EEc7c1113d33a3D,0x0f9563442d64ab3bd3bcb27058db0b0d4046a4c46f0acd811dacae9551d2b129,192040516,192.00359079056247,182155811271725,,,,,
0x97eaeb4b03b3af67f031911d552d1590d8a7e289520ac9206b49d844bc7ba0a7,1762402955,2025-11-06,2025-11-06 04:22,23737828,MarketSupplyCollateral,0x8eD0dAD74299d62d7B0D2a8d6d57959F3D6e171B,0x0f9563442d64ab3bd3bcb27058db0b0d4046a4c46f0acd811dacae9551d2b129,15351734692415575886,16.414587180442123,,,,,,
0x73b0309aa25a78dc8a6df8fb060d0dd6fd893cd441bb06b847bd97ad83a75f19,1762403555,2025-11-06,2025-11-06 04:32,23737878,MarketWithdrawCollateral,0x8eD0dAD74299d62d7B0D2a8d6d57959F3D6e171B,0x0f9563442d64ab3bd3bcb27058db0b0d4046a4c46f0acd811dacae9551d2b129,15351734692415575886,16.414587180442123,,,,,,
0x33113985caaa8333d640fb65c296faf37f1afdb2c3a6e6cd6ec62d51a0f47122,1762404527,2025-11-06,2025-11-06 04:48,23737959,MarketSupply,0x8eD0dAD74299d62d7B0D2a8d6d57959F3D6e171B,0x0f9563442d64ab3bd3bcb27058db0b0d4046a4c46f0acd811dacae9551d2b129,1000000,0.9997448359719133,945792819370,,,,,
0x06ed0fe38f52e35abe5d2c2151ecc338a708247a0cfa29ef15231e5215b6cac1,1762404551,2025-11-06,2025-11-06 04:49,23737961,MarketWithdraw,0x8eD0dAD74299d62d7B0D2a8d6d57959F3D6e171B,0x0f9563442d64ab3bd3bcb27058db0b0d4046a4c46f0acd811dacae9551d2b129,1000000,0.9997448359719133,945792819370,,,,,
0xeacd1bd13c5c0ab348a930822fbecbea74c6972b03b2bee9f4aa1a28a0e1653c,1762405247,2025-11-06,2025-11-06 05:00,23738019,MarketSupply,0x8eD0dAD74299d62d7B0D2a8d6d57959F3D6e171B,0x0f9563442d64ab3bd3bcb27058db0b0d4046a4c46f0acd811dacae9551d2b129,1000000,0.99981815,945779331304,,,,,
0xf3409fe5440c3c8f41b902a9a35817402539f25cba1fb1c5731547db7b4c249b,1762405331,2025-11-06,2025-11-06 05:02,23738026,MarketWithdraw,0x81136654A5D75F0F8Bc96281C5B7237813b0fE27,0x0f9563442d64ab3bd3bcb27058db0b0d4046a4c46f0acd811dacae9551d2b129,1000000,0.99981815,945777756708,,,,,
0x6f1260bd0473de2000aadf27bdae58b8fb4d61a2b7f345446e6dcd90423a163a,1762405667,2025-11-06,2025-11-06 05:07,23738054,MarketSupply,0x8eD0dAD74299d62d7B0D2a8d6d57959F3D6e171B,0x0f9563442d64ab3bd3bcb27058db0b0d4046a4c46f0acd811dacae9551d2b129,1000000,0.99981815,945771456243,,,,,
0x59a9841bdd9b4f03a569604d054d63c338150a843c25905aae46363575640172,1762405727,2025-11-06,2025-11-06 05:08,23738059,MarketWithdraw,0x8eD0dAD74299d62d7B0D2a8d6d57959F3D6e171B,0x0f9563442d64ab3bd3bcb27058db0b0d4046a4c46f0acd811dacae9551d2b129,1000000,0.99981815,945770330813,,,,,
0x34f53d72fed2bdcfc7dd941cfa47a93eb3a644dbadeeec2adfe1be5d4ba01aa0,1762409855,2025-11-06,2025-11-06 06:17,23738399,MarketSupply,0x81136654A5D75F0F8Bc96281C5B7237813b0fE27,0x0f9563442d64ab3bd3bcb27058db0b0d4046a4c46f0acd811dacae9551d2b129,200000,0.1999611832345006,189138529330,,,,,
0x2f1473e5ee5eeca71ca5c1951f40997106d29ffe46724ec41c7fb84362124d84,1762409975,2025-11-06,2025-11-06 06:19,23738409,MarketWithdraw,0x8eD0dAD74299d62d7B0D2a8d6d57959F3D6e171B,0x0f9563442d64ab3bd3bcb27058db0b0d4046a4c46f0acd811dacae9551d2b129,200000,0.1999611832345006,189138076175,,,,,
0x2403e639fe855d513a96e02018afc162325b83f4cabe7576456d614d795db2ba,1762410095,2025-11-06,2025-11-06 06:21,23738419,MarketSupply,0x81136654A5D75F0F8Bc96281C5B7237813b0fE27,0x0f9563442d64ab3bd3bcb27058db0b0d4046a4c46f0acd811dacae9551d2b129,800000,0.7998447329380024,756550491737,,,,,
0x91231bc746413bd458cab9b371fa41b3b7efc15d49d9a585e15a1c56fdaa1316,1762410215,2025-11-06,2025-11-06 06:23,23738429,MarketWithdraw,0x81136654A5D75F0F8Bc96281C5B7237813b0fE27,0x0f9563442d64ab3bd3bcb27058db0b0d4046a4c46f0acd811dacae9551d2b129,700000,0.699864141320752,661980093633,,,,,
0x17e1fa3d20d863db086eff5a47622fec7c5eb8cd5fc61d3d04e4c15b151b9250,1762410779,2025-11-06,2025-11-06 06:32,23738476,MarketWithdraw,0x8eD0dAD74299d62d7B0D2a8d6d57959F3D6e171B,0x0f9563442d64ab3bd3bcb27058db0b0d4046a4c46f0acd811dacae9551d2b129,100000,0.0999805916172503,94567518919,,,,,
0x72c64de745bdd559ef3282dc91d655a5c80c0ce76a083a80f74654d7aaa1b051,1762410791,2025-11-06,2025-11-06 06:33,23738477,MarketSupply,0x81136654A5D75F0F8Bc96281C5B7237813b0fE27,0x0f9563442d64ab3bd3bcb27058db0b0d4046a4c46f0acd811dacae9551d2b129,100000,0.0999805916172503,94567496230,,,,,
0x902dc554c0fdfc9b7310173bae5b5d0736d2e0e21a1a0e9ac59f2962b8d5b2d9,1762410863,2025-11-06,2025-11-06 06:34,23738483,MarketWithdraw,0x81136654A5D75F0F8Bc96281C5B7237813b0fE27,0x0f9563442d64ab3bd3bcb27058db0b0d4046a4c46f0acd811dacae9551d2b129,100000,0.0999805916172503,94567360090,,,,,
0xfbe7fc83a05f0a6283cc6a4fa7eddaa7b7cd3d38e7330fc6445477c5027dc957,1762410959,2025-11-06,2025-11-06 06:35,23738491,MarketSupply,0x81136654A5D75F0F8Bc96281C5B7237813b0fE27,0x0f9563442d64ab3bd3bcb27058db0b0d4046a4c46f0acd811dacae9551d2b129,100000,0.0999805916172503,94567178544,,,,,
0xd87118dd8fbd896f58cf1c80f086c28378860e08de16ccddc88e756a7df3e2f9,1762410971,2025-11-06,2025-11-06 06:36,23738492,MarketWithdraw,0x8eD0dAD74299d62d7B0D2a8d6d57959F3D6e171B,0x0f9563442d64ab3bd3bcb27058db0b0d4046a4c46f0acd811dacae9551d2b129,100000,0.0999805916172503,94567155850,,,,,
0xb8934b008110e24d8a03187025593c134b3813aaf35a7ab525beac1cda312361,1762411031,2025-11-06,2025-11-06 06:37,23738497,MarketSupply,0x81136654A5D75F0F8Bc96281C5B7237813b0fE27,0x0f9563442d64ab3bd3bcb27058db0b0d4046a4c46f0acd811dacae9551d2b129,333000,0.3329353700854435,314908251085,,,,,
0x14acbba43446e48b94655afe65afa90e82e85830136d2414cfe6452bc8cdef39,1762411043,2025-11-06,2025-11-06 06:37,23738498,MarketWithdraw,0x8eD0dAD74299d62d7B0D2a8d6d57959F3D6e171B,0x0f9563442d64ab3bd3bcb27058db0b0d4046a4c46f0acd811dacae9551d2b129,333000,0.3329353700854435,314908175503,,,,,
0x36d9eb92dafaaa151607b9457de194a7b8c0ac780be7105282d027a171923d22,1762415267,2025-11-06,2025-11-06 07:47,23738850,MarketSupply,0x81136654A5D75F0F8Bc96281C5B7237813b0fE27,0x0f9563442d64ab3bd3bcb27058db0b0d4046a4c46f0acd811dacae9551d2b129,50000,0.0499909075,47279501782,,,,,
0xe47809d33550e11c44335f198625c327c7cb3e7ccf4577f4defdf0a3dbe4870c,1762415279,2025-11-06,2025-11-06 07:47,23738851,MarketWithdraw,0x8eD0dAD74299d62d7B0D2a8d6d57959F3D6e171B,0x0f9563442d64ab3bd3bcb27058db0b0d4046a4c46f0acd811dacae9551d2b129,50000,0.0499909075,47279490359,,,,,
0x6dc077aadc3c76bf14af447cb833f395aa3fc39f3dcc933d58eec32bfea6c2a7,1762415471,2025-11-06,2025-11-06 07:51,23738867,MarketSupply,0x81136654A5D75F0F8Bc96281C5B7237813b0fE27,0x0f9563442d64ab3bd3bcb27058db0b0d4046a4c46f0acd811dacae9551d2b129,3000000,2.99945445,2836758452398,,,,,
0x3278a6212c36fb2df9afdcbc9e629241332b1ef061c7d221b5aceab81332e3c6,1762415507,2025-11-06,2025-11-06 07:51,23738870,MarketWithdraw,0x81136654A5D75F0F8Bc96281C5B7237813b0fE27,0x0f9563442d64ab3bd3bcb27058db0b0d4046a4c46f0acd811dacae9551d2b129,3000000,2.99945445,2836756395335,,,,,
0x12f2a94797d37123b705245f5a58aa2c9ac9d59310d3a97c60928eef2c9d9e1e,1762415771,2025-11-06,2025-11-06 07:56,23738892,MarketSupply,0x81136654A5D75F0F8Bc96281C5B7237813b0fE27,0x0f9563442d64ab3bd3bcb27058db0b0d4046a4c46f0acd811dacae9551d2b129,1000000,0.99981815,945580435536,,,,,
0x7c6db6f9a0dbf73085e5fb042c22c3106dc4c748fd579e1ed92f8461d1d3e836,1762415783,2025-11-06,2025-11-06 07:56,23738893,MarketWithdraw,0x8eD0dAD74299d62d7B0D2a8d6d57959F3D6e171B,0x0f9563442d64ab3bd3bcb27058db0b0d4046a4c46f0acd811dacae9551d2b129,217136,0.21709651381839998,205319503800,,,,,
0x4ccdda6a14d06491ab3132cb9323fb86381cfc6797cbcf1bb2f2ba5b0513ef2f,1762415819,2025-11-06,2025-11-06 07:56,23738896,MarketWithdraw,0x0F359FD18BDa75e9c49bC027E7da59a4b01BF32a,0x0f9563442d64ab3bd3bcb27058db0b0d4046a4c46f0acd811dacae9551d2b129,782864,0.7827216361816,740260166008,,,,,
0x997fe4a86b9334be7321f66dc3e90b2d60f71f8e44bd6e8298e769dcfd7dea2a,1762430279,2025-11-06,2025-11-06 11:57,23740090,MarketSupply,0x8eD0dAD74299d62d7B0D2a8d6d57959F3D6e171B,0x0f9563442d64ab3bd3bcb27058db0b0d4046a4c46f0acd811dacae9551d2b129,1200000,1.199903364,1134360981098,,,,,
0x7b15222292cc4675aadce1c6d251db7a4c03bb4bdfe499e7a19ddb1178e7194c,1762430291,2025-11-06,2025-11-06 11:58,23740091,MarketWithdraw,0x81136654A5D75F0F8Bc96281C5B7237813b0fE27,0x0f9563442d64ab3bd3bcb27058db0b0d4046a4c46f0acd811dacae9551d2b129,1200000,1.199903364,1134360700398,,,,,
0xc37e9de99f938574bd73e85f4876cca9c3f17443d3d28f94b2edd0e9503ba29d,1762430315,2025-11-06,2025-11-06 11:58,23740093,MarketSupply,0x8eD0dAD74299d62d7B0D2a8d6d57959F3D6e171B,0x0f9563442d64ab3bd3bcb27058db0b0d4046a4c46f0acd811dacae9551d2b129,2300000,2.299814781,2174190266375,,,,,
0x1e681350ec82a0e7ac91c5378be73430ec72025b973992e06286ad53408e49b0,1762430327,2025-11-06,2025-11-06 11:58,23740094,MarketSupply,0x8eD0dAD74299d62d7B0D2a8d6d57959F3D6e171B,0x0f9563442d64ab3bd3bcb27058db0b0d4046a4c46f0acd811dacae9551d2b129,3000000,2.99975841,2835899645654,,,,,
0xe80e77b6e88966d456d25200b23e7dba4d56ce62d6c85893c0c8578e93dce037,1762430339,2025-11-06,2025-11-06 11:58,23740095,MarketWithdraw,0x81136654A5D75F0F8Bc96281C5B7237813b0fE27,0x0f9563442d64ab3bd3bcb27058db0b0d4046a4c46f0acd811dacae9551d2b129,5300000,5.299573191,5010088134139,,,,,
0xd35648971eb7ed6bf52144529064afb114ba5c6bd617e1f2c03757d19399d7bd,1762431491,2025-11-06,2025-11-06 12:18,23740190,MarketSupply,0x8eD0dAD74299d62d7B0D2a8d6d57959F3D6e171B,0x0f9563442d64ab3bd3bcb27058db0b0d4046a4c46f0acd811dacae9551d2b129,1000000,0.9998019251125753,945277169666,,,,,
0x2f7782cd75a3aefc2254f4818babee4d0af51fd53c704ace2be83be517ee7006,1762431503,2025-11-06,2025-11-06 12:18,23740191,MarketWithdraw,0x81136654A5D75F0F8Bc96281C5B7237813b0fE27,0x0f9563442d64ab3bd3bcb27058db0b0d4046a4c46f0acd811dacae9551d2b129,1000000,0.9998019251125753,945276935305,,,,,
0xbf07dc79ada56e29c65fa7b374ff3a6100320faa4e9de9d9afd28727dd1d1998,1762449359,2025-11-06,2025-11-06 17:15,23741668,MarketSupply,0xb0DebcB643eE79f19Ef659Bd01D0FAC12d058604,0x0f9563442d64ab3bd3bcb27058db0b0d4046a4c46f0acd811dacae9551d2b129,5000000,4.998998535790966,4724616413177,,,,,
0xdca1dc39bc44de212decbbee0bcaf905c26d37daf7aff415d550ab3f03db2428,1762449779,2025-11-06,2025-11-06 17:22,23741703,MarketWithdraw,0x73A5cAcD96Ec124C84A520f115543847b7a8d95e,0x0f9563442d64ab3bd3bcb27058db0b0d4046a4c46f0acd811dacae9551d2b129,4000035,3.9992338216225227,3779693117495,,,,,
0x1ec83d06cc05693a0c89b5af0775457f406fb068e100e605871e19ce0ebc0873,1762454867,2025-11-06,2025-11-06 18:47,23742125,MarketWithdraw,0xd63070114470f685b75B74D60EEc7c1113d33a3D,0x0f9563442d64ab3bd3bcb27058db0b0d4046a4c46f0acd811dacae9551d2b129,999965,0.99988447281855,944779115650,,,,,
0xaf4e587a520587f38a95a9bd3009a80694ef7cac7b780f12b1b69e84e15a8673,1762479935,2025-11-07,2025-11-07 01:45,23744202,MarketSupply,0x8eD0dAD74299d62d7B0D2a8d6d57959F3D6e171B,0x0f9563442d64ab3bd3bcb27058db0b0d4046a4c46f0acd811dacae9551d2b129,200000,0.19995966986026942,188858857350,,,,,
0x27b7d5637ace436187bd55e495caabc8274a2a16f4c3eb21d58c313b6f440363,1762479947,2025-11-07,2025-11-07 01:45,23744203,MarketWithdraw,0xd63070114470f685b75B74D60EEc7c1113d33a3D,0x0f9563442d64ab3bd3bcb27058db0b0d4046a4c46f0acd811dacae9551d2b129,200000,0.19995966986026942,188858806789,,,,,
0xb221d1f6b3b19eeda59c9d46a6f106e4a5a6de9c95505cbd7629bc4d35d1f3b1,1762480127,2025-11-07,2025-11-07 01:48,23744218,MarketSupply,0x8eD0dAD74299d62d7B0D2a8d6d57959F3D6e171B,0x0f9563442d64ab3bd3bcb27058db0b0d4046a4c46f0acd811dacae9551d2b129,100000,0.09997983493013471,94429024124,,,,,
0xe1f324f85d945a1d70275b8c1b3366aa2a48097361a909d52e98f86abb6a79d9,1762480151,2025-11-07,2025-11-07 01:49,23744220,MarketWithdraw,0x81136654A5D75F0F8Bc96281C5B7237813b0fE27,0x0f9563442d64ab3bd3bcb27058db0b0d4046a4c46f0acd811dacae9551d2b129,100000,0.09997983493013471,94428973547,,,,,
0xbc77ebafa639d6aecd6ad376ece2520ab02208a89c593cd46f818bb2e8e8fad3,1762481411,2025-11-07,2025-11-07 02:10,23744322,MarketSupply,0x8eD0dAD74299d62d7B0D2a8d6d57959F3D6e171B,0x0f9563442d64ab3bd3bcb27058db0b0d4046a4c46f0acd811dacae9551d2b129,100000,0.09999194700000001,94426315566,,,,,
0x30baa24ac321c30dcff551420732ec41bb6d11e6923ece8c30c427e52e61baaf,1762482059,2025-11-07,2025-11-07 02:20,23744376,MarketWithdraw,0xd63070114470f685b75B74D60EEc7c1113d33a3D,0x0f9563442d64ab3bd3bcb27058db0b0d4046a4c46f0acd811dacae9551d2b129,100000,0.09999194700000001,94424946566,,,,,
0x277d7e2a36f0bd64d0a4de48635ab95b588f4472fa60a5e85ea8a838887241f0,1762482443,2025-11-07,2025-11-07 02:27,23744408,MarketSupply,0x8eD0dAD74299d62d7B0D2a8d6d57959F3D6e171B,0x0f9563442d64ab3bd3bcb27058db0b0d4046a4c46f0acd811dacae9551d2b129,100000,0.09999194700000001,94424134651,,,,,
0x1a0bd57831d8640106abb15922b4069d129ad96e388d0f235b9cbe4ccf36a473,1762482455,2025-11-07,2025-11-07 02:27,23744409,MarketWithdraw,0x81136654A5D75F0F8Bc96281C5B7237813b0fE27,0x0f9563442d64ab3bd3bcb27058db0b0d4046a4c46f0acd811dacae9551d2b129,100000,0.09999194700000001,94424109272,,,,,
0x20a241044245c201b6e8445ebf5755685647ef36f6682f8c165348eb5886c180,1762482827,2025-11-07,2025-11-07 02:33,23744439,MarketSupply,0x8eD0dAD74299d62d7B0D2a8d6d57959F3D6e171B,0x0f9563442d64ab3bd3bcb27058db0b0d4046a4c46f0acd811dacae9551d2b129,110000,0.1099911417,103865654474,,,,,
0x65c10126e6aaebb56ed0fc6bd442cc839f34773b0ceca9d495bcfbc12b7dcf79,1762482839,2025-11-07,2025-11-07 02:33,23744440,MarketWithdraw,0x81136654A5D75F0F8Bc96281C5B7237813b0fE27,0x0f9563442d64ab3bd3bcb27058db0b0d4046a4c46f0acd811dacae9551d2b129,110000,0.1099911417,103865626540,,,,,
0x21f7b36f9f792bc9590041bcb7db7ce59569bce63d7205dfbbda60a762a4680d,1762483115,2025-11-07,2025-11-07 02:38,23744463,MarketSupply,0x8eD0dAD74299d62d7B0D2a8d6d57959F3D6e171B,0x0f9563442d64ab3bd3bcb27058db0b0d4046a4c46f0acd811dacae9551d2b129,120000,0.1199903364,113307255153,,,,,
0x23ec854738922ccc04a6a026963d0ee24150c8144805f95ab275a1b1fbfe8a36,1762483139,2025-11-07,2025-11-07 02:38,23744465,MarketWithdraw,0x81136654A5D75F0F8Bc96281C5B7237813b0fE27,0x0f9563442d64ab3bd3bcb27058db0b0d4046a4c46f0acd811dacae9551d2b129,120000,0.1199903364,113307194177,,,,,
0xd7726e2c050f4da9abbcca26fa1c5dcfab056a73778c087e0d62384389ee85ca,1762483187,2025-11-07,2025-11-07 02:39,23744469,MarketSupply,0x8eD0dAD74299d62d7B0D2a8d6d57959F3D6e171B,0x0f9563442d64ab3bd3bcb27058db0b0d4046a4c46f0acd811dacae9551d2b129,100000,0.09999194700000001,94422560179,,,,,
0x3096923f5990b90327154499b9cd5a7ade21624796538d074fb2d78569ed1439,1762483223,2025-11-07,2025-11-07 02:40,23744472,MarketWithdraw,0x8eD0dAD74299d62d7B0D2a8d6d57959F3D6e171B,0x0f9563442d64ab3bd3bcb27058db0b0d4046a4c46f0acd811dacae9551d2b129,100000,0.09999194700000001,94422483950,,,,,
0x4d344a62a6de397a546425c394cc9f35458d7fec2f99a10a5e91475fdf777b86,1762483535,2025-11-07,2025-11-07 02:45,23744498,MarketSupply,0x8eD0dAD74299d62d7B0D2a8d6d57959F3D6e171B,0x0f9563442d64ab3bd3bcb27058db0b0d4046a4c46f0acd811dacae9551d2b129,130000,0.1299895311,122748370035,,,,,
0x70e5d44fa19f8a8beafd3be11bbb5cd1da06b574caaa231184a52185221e38f9,1762483547,2025-11-07,2025-11-07 02:45,23744499,MarketWithdraw,0x81136654A5D75F0F8Bc96281C5B7237813b0fE27,0x0f9563442d64ab3bd3bcb27058db0b0d4046a4c46f0acd811dacae9551d2b129,130000,0.1299895311,122748336986,,,,,
0x24169f91fcafed36eba1c821aef94c72d3925d8fa4f729691f5b6ddeddf208a6,1762484315,2025-11-07,2025-11-07 02:58,23744563,MarketSupply,0x8eD0dAD74299d62d7B0D2a8d6d57959F3D6e171B,0x0f9563442d64ab3bd3bcb27058db0b0d4046a4c46f0acd811dacae9551d2b129,122000,0.12199017534,115192606890,,,,,
0xcfb9dd2aa3565141443c0b537ca62979ea3228d0945ddb2ea0c59773c2514c21,1762484327,2025-11-07,2025-11-07 02:58,23744564,MarketWithdraw,0x81136654A5D75F0F8Bc96281C5B7237813b0fE27,0x0f9563442d64ab3bd3bcb27058db0b0d4046a4c46f0acd811dacae9551d2b129,122000,0.12199017534,115192575836,,,,,
0xa6bd86a04fc41f84cbd54ba100e4030556318b02d2c6e2af4593dc1b96e6625c,1762484567,2025-11-07,2025-11-07 03:02,23744584,MarketSupply,0x8eD0dAD74299d62d7B0D2a8d6d57959F3D6e171B,0x0f9563442d64ab3bd3bcb27058db0b0d4046a4c46f0acd811dacae9551d2b129,100000,0.0999729444212496,94419634936,,,,,
0xa1b9a80e42671df80590cc99632167f027545cfa28e6bbf9806106f04e37913d,1762484591,2025-11-07,2025-11-07 03:03,23744586,MarketWithdraw,0x81136654A5D75F0F8Bc96281C5B7237813b0fE27,0x0f9563442d64ab3bd3bcb27058db0b0d4046a4c46f0acd811dacae9551d2b129,100000,0.0999729444212496,94419584007,,,,,
0x44370501a04881036aff89d33798dac15319b46a5e535d588f1a9fa3952bfac3,1762484687,2025-11-07,2025-11-07 03:04,23744594,MarketSupply,0x8eD0dAD74299d62d7B0D2a8d6d57959F3D6e171B,0x0f9563442d64ab3bd3bcb27058db0b0d4046a4c46f0acd811dacae9551d2b129,100000,0.0999729444212496,94419380269,,,,,
0xdb8f2384d007baad13393a32080bd8e74ae242812258f4159c8c4d1ea8170ecd,1762484699,2025-11-07,2025-11-07 03:04,23744595,MarketWithdraw,0x81136654A5D75F0F8Bc96281C5B7237813b0fE27,0x0f9563442d64ab3bd3bcb27058db0b0d4046a4c46f0acd811dacae9551d2b129,100000,0.0999729444212496,94419354800,,,,,
0x5010de6e4c2aeeb8343094fa4f63dcb6d32b5046dd3d0185e514a0aa185ad8e6,1762485623,2025-11-07,2025-11-07 03:20,23744672,MarketSupply,0x8eD0dAD74299d62d7B0D2a8d6d57959F3D6e171B,0x0f9563442d64ab3bd3bcb27058db0b0d4046a4c46f0acd811dacae9551d2b129,100000,0.0999729444212496,94417392223,,,,,
0x13b6afee6349ab8e24750d6474f3b654867a4913047ceee86d93969c1ad4045b,1762485635,2025-11-07,2025-11-07 03:20,23744673,MarketWithdraw,0x81136654A5D75F0F8Bc96281C5B7237813b0fE27,0x0f9563442d64ab3bd3bcb27058db0b0d4046a4c46f0acd811dacae9551d2b129,100000,0.0999729444212496,94417366718,,,,,
0xb4061d7d2b9c3526cc6752f42b03806d75b7fd5a7c444d473eea5c4da9ce8b4c,1762486271,2025-11-07,2025-11-07 03:31,23744726,MarketSupply,0x8eD0dAD74299d62d7B0D2a8d6d57959F3D6e171B,0x0f9563442d64ab3bd3bcb27058db0b0d4046a4c46f0acd811dacae9551d2b129,100000,0.0999729444212496,94416014180,,,,,
0xe36f24faad5a69e236fe49fd2717f0b3ba2e53e7aeda9e8eeda7b9530f941ecc,1762486283,2025-11-07,2025-11-07 03:31,23744727,MarketWithdraw,0x81136654A5D75F0F8Bc96281C5B7237813b0fE27,0x0f9563442d64ab3bd3bcb27058db0b0d4046a4c46f0acd811dacae9551d2b129,100000,0.0999729444212496,94415988648,,,,,
0x1c390161c6d93598ee0a9eda2ce69d4032f8230b4ddfd312d2fe67c7a684281c,1762489187,2025-11-07,2025-11-07 04:19,23744967,MarketSupply,0x8eD0dAD74299d62d7B0D2a8d6d57959F3D6e171B,0x0f9563442d64ab3bd3bcb27058db0b0d4046a4c46f0acd811dacae9551d2b129,100000,0.09999194700000001,94409795682,,,,,
0xe3021a8de2768afb628626ebcf6b4cbe58c6073d7b80009d1f299caed5de316f,1762489199,2025-11-07,2025-11-07 04:19,23744968,MarketWithdraw,0x81136654A5D75F0F8Bc96281C5B7237813b0fE27,0x0f9563442d64ab3bd3bcb27058db0b0d4046a4c46f0acd811dacae9551d2b129,100000,0.09999194700000001,94409770034,,,,,
0x8a407458356fa078b43f0021ea7e560176c109abc0cb2aff3046507a14726ab8,1762496807,2025-11-07,2025-11-07 06:26,23745598,MarketSupply,0x974c8FBf4fd795F66B85B73ebC988A51F1A040a9,0x0f9563442d64ab3bd3bcb27058db0b0d4046a4c46f0acd811dacae9551d2b129,1,9.99801871951663e-07,943934,,,,,
0xba10e5676871fb2cff14be372c848b2009b47028a5aeecd901370486828f643f,1762496819,2025-11-07,2025-11-07 06:26,23745599,MarketWithdraw,0xd63070114470f685b75B74D60EEc7c1113d33a3D,0x0f9563442d64ab3bd3bcb27058db0b0d4046a4c46f0acd811dacae9551d2b129,1,9.99801871951663e-07,943934,,,,,
0x8cf91b051e7cd0055cacf983611e301aa1836141c0c5e842997f622327608f89,1762513907,2025-11-07,2025-11-07 11:11,23747012,MarketSupply,0x8eD0dAD74299d62d7B0D2a8d6d57959F3D6e171B,0x0f9563442d64ab3bd3bcb27058db0b0d4046a4c46f0acd811dacae9551d2b129,100000,0.09998596100000001,94355925074,,,,,
0xc8f7df68819be8268d909190bcd5f032685ccad6686a600e382cda5ff44a0dac,1762513919,2025-11-07,2025-11-07 11:11,23747013,MarketWithdraw,0x81136654A5D75F0F8Bc96281C5B7237813b0fE27,0x0f9563442d64ab3bd3bcb27058db0b0d4046a4c46f0acd811dacae9551d2b129,100000,0.09998596100000001,94355898416,,,,,
0xf2f19f1698ba2aea37b47e6aa3e6925b4e514812294c4f55b4f09a22014d0b40,1763033507,2025-11-13,2025-11-13 11:31,23790004,MarketSupply,0x6c44E47b53Ce126dE8b4D1957BbF049bFCe0281A,0x0f9563442d64ab3bd3bcb27058db0b0d4046a4c46f0acd811dacae9551d2b129,1000000,0.9997612511190369,925809364676,,,,,
0xf2f19f1698ba2aea37b47e6aa3e6925b4e514812294c4f55b4f09a22014d0b40,1763033507,2025-11-13,2025-11-13 11:31,23790004,MarketWithdraw,0x0F359FD18BDa75e9c49bC027E7da59a4b01BF32a,0x0f9563442d64ab3bd3bcb27058db0b0d4046a4c46f0acd811dacae9551d2b129,1000000,0.9997612511190369,925809364677,,,,,
0x6ab4c884be53ec43327afe15e151d987220a577690444a0b6af45b9b77ab1eb7,1763035523,2025-11-13,2025-11-13 12:05,23790172,MarketSupply,0x6c44E47b53Ce126dE8b4D1957BbF049bFCe0281A,0x0f9563442d64ab3bd3bcb27058db0b0d4046a4c46f0acd811dacae9551d2b129,49000000,48.98830130483281,45359747697168,,,,,
0x6ab4c884be53ec43327afe15e151d987220a577690444a0b6af45b9b77ab1eb7,1763035523,2025-11-13,2025-11-13 12:05,23790172,MarketWithdraw,0x0F359FD18BDa75e9c49bC027E7da59a4b01BF32a,0x0f9563442d64ab3bd3bcb27058db0b0d4046a4c46f0acd811dacae9551d2b129,49000000,48.98830130483281,45359747697169,,,,,
0x1912054612bb20739136712d6b60aa916cc97d67219e965a6eab878a36dd07f0,1763039483,2025-11-13,2025-11-13 13:11,23790500,MarketSupply,0x6c44E47b53Ce126dE8b4D1957BbF049bFCe0281A,0x0f9563442d64ab3bd3bcb27058db0b0d4046a4c46f0acd811dacae9551d2b129,100000000000,99975.64996797027,92551135682597665,,,,,
0x1912054612bb20739136712d6b60aa916cc97d67219e965a6eab878a36dd07f0,1763039483,2025-11-13,2025-11-13 13:11,23790500,MarketWithdraw,0x0F359FD18BDa75e9c49bC027E7da59a4b01BF32a,0x0f9563442d64ab3bd3bcb27058db0b0d4046a4c46f0acd811dacae9551d2b129,100000000000,99975.64996797027,92551135682597666,,,,,
0x553d5004012fc0dc3955376ca5e8d0ac44fe11f0583d72cc56684e9a5af2c80b,1763041355,2025-11-13,2025-11-13 13:42,23790654,MarketSupply,0x6c44E47b53Ce126dE8b4D1957BbF049bFCe0281A,0x0f9563442d64ab3bd3bcb27058db0b0d4046a4c46f0acd811dacae9551d2b129,100048000000,100023.6382799549,92586164299208814,,,,,
0x553d5004012fc0dc3955376ca5e8d0ac44fe11f0583d72cc56684e9a5af2c80b,1763041355,2025-11-13,2025-11-13 13:42,23790654,MarketWithdraw,0x0F359FD18BDa75e9c49bC027E7da59a4b01BF32a,0x0f9563442d64ab3bd3bcb27058db0b0d4046a4c46f0acd811dacae9551d2b129,100048000000,100023.6382799549,92586164299208815,,,,,
0xec7fc6510a2a5da211094bd328d5c0002348da7b84f8c4b7e12db60445ebc375,1763042003,2025-11-13,2025-11-13 13:53,23790708,MarketSupply,0x6c44E47b53Ce126dE8b4D1957BbF049bFCe0281A,0x0f9563442d64ab3bd3bcb27058db0b0d4046a4c46f0acd811dacae9551d2b129,100048000000,100023.6382799549,92582905582763869,,,,,
0xec7fc6510a2a5da211094bd328d5c0002348da7b84f8c4b7e12db60445ebc375,1763042003,2025-11-13,2025-11-13 13:53,23790708,MarketWithdraw,0x0F359FD18BDa75e9c49bC027E7da59a4b01BF32a,0x0f9563442d64ab3bd3bcb27058db0b0d4046a4c46f0acd811dacae9551d2b129,100048000000,100023.6382799549,92582905582763870,,,,,
0x9cdef728db07df33d4f92fd772ceb45b0190a8fafb9ce0fdaeed83533ad3916e,1763043239,2025-11-13,2025-11-13 14:13,23790811,MarketSupply,0x6c44E47b53Ce126dE8b4D1957BbF049bFCe0281A,0x0f9563442d64ab3bd3bcb27058db0b0d4046a4c46f0acd811dacae9551d2b129,53091659200,53078.731363979685,49126915008380498,,,,,
0x9cdef728db07df33d4f92fd772ceb45b0190a8fafb9ce0fdaeed83533ad3916e,1763043239,2025-11-13,2025-11-13 14:13,23790811,MarketWithdraw,0x0F359FD18BDa75e9c49bC027E7da59a4b01BF32a,0x0f9563442d64ab3bd3bcb27058db0b0d4046a4c46f0acd811dacae9551d2b129,53091659200,53078.731363979685,49126915008380499,,,,,
0xdc23546ac60a2cc0fcedd50bb92a9c7eb2593ad10d1837974ef22d92231c81b4,1763128199,2025-11-14,2025-11-14 13:49,23797833,MarketSupply,0x1b84AE5a02Eb58c7542bf876e4A875FdC82bd460,0x0f9563442d64ab3bd3bcb27058db0b0d4046a4c46f0acd811dacae9551d2b129,100000,0.09997993761814304,92075041047,,,,,
0x1e75d6d9ed6d01ef3cb70508dab7042dc7089a2057a0df2c066d3ebe7e2bbfc2,1763128235,2025-11-14,2025-11-14 13:50,23797836,MarketWithdraw,0x974c8FBf4fd795F66B85B73ebC988A51F1A040a9,0x0f9563442d64ab3bd3bcb27058db0b0d4046a4c46f0acd811dacae9551d2b129,1,9.997993761814302e-07,1522040,,,,,
0x0ba8117969c77a7b57ad357af4605f48e7b1940bfcab75f3f688b475552612ef,1763232503,2025-11-15,2025-11-15 18:48,23806474,MarketWithdraw,0x55555815a5595991C3A0Ff119B59AEF6C8B55555,0x0f9563442d64ab3bd3bcb27058db0b0d4046a4c46f0acd811dacae9551d2b129,99999,0.0999907700823,91425773071,,,,,
