timestamp,date,datetime,supply_assets,supply_usd,borrow_assets,borrow_usd,collateral_assets,collateral_usd,liquidity_assets,liquidity_usd,utilization
1758830400,2025-09-25,2025-09-25 20:00,0,,0,,0,,0,,0
1758834000,2025-09-25,2025-09-25 21:00,0,,0,,0,,0,,0
1758837600,2025-09-25,2025-09-25 22:00,0,,0,,0,,0,,0
1758841200,2025-09-25,2025-09-25 23:00,0,,0,,0,,0,,0
1758844800,2025-09-26,2025-09-26 00:00,0,,0,,0,,0,,0
1758848400,2025-09-26,2025-09-26 01:00,0,,0,,0,,0,,0
1758852000,2025-09-26,2025-09-26 02:00,0,,0,,0,,0,,0
1758855600,2025-09-26,2025-09-26 03:00,0,,0,,0,,0,,0
1758859200,2025-09-26,2025-09-26 04:00,0,,0,,0,,0,,0
1758862800,2025-09-26,2025-09-26 05:00,0,,0,,0,,0,,0
1758866400,2025-09-26,2025-09-26 06:00,0,,0,,0,,0,,0
1758870000,2025-09-26,2025-09-26 07:00,0,,0,,0,,0,,0
1758873600,2025-09-26,2025-09-26 08:00,0,,0,,0,,0,,0
1758877200,2025-09-26,2025-09-26 09:00,0,,0,,0,,0,,0
1758880800,2025-09-26,2025-09-26 10:00,0,,0,,0,,0,,0
1758884400,2025-09-26,2025-09-26 11:00,0,,0,,0,,0,,0
1758888000,2025-09-26,2025-09-26 12:00,0,,0,,0,,0,,0
1758891600,2025-09-26,2025-09-26 13:00,0,,0,,0,,0,,0
1758895200,2025-09-26,2025-09-26 14:00,0,,0,,0,,0,,0
1758898800,2025-09-26,2025-09-26 15:00,0,,0,,0,,0,,0
1758902400,2025-09-26,2025-09-26 16:00,0,,0,,0,,0,,0
1758906000,2025-09-26,2025-09-26 17:00,0,,0,,0,,0,,0
1758909600,2025-09-26,2025-09-26 18:00,0,,0,,0,,0,,0
1758913200,2025-09-26,2025-09-26 19:00,0,,0,,0,,0,,0
1758916800,2025-09-26,2025-09-26 20:00,0,,0,,0,,0,,0
1758920400,2025-09-26,2025-09-26 21:00,0,,0,,0,,0,,0
1758924000,2025-09-26,2025-09-26 22:00,0,,0,,0,,0,,0
1758927600,2025-09-26,2025-09-26 23:00,0,,0,,0,,0,,0
1758931200,2025-09-27,2025-09-27 00:00,0,,0,,0,,0,,0
1758934800,2025-09-27,2025-09-27 01:00,0,,0,,0,,0,,0
1758938400,2025-09-27,2025-09-27 02:00,0,,0,,0,,0,,0
1758942000,2025-09-27,2025-09-27 03:00,0,,0,,0,,0,,0
1758945600,2025-09-27,2025-09-27 04:00,0,,0,,0,,0,,0
1758949200,2025-09-27,2025-09-27 05:00,0,,0,,0,,0,,0
1758952800,2025-09-27,2025-09-27 06:00,0,,0,,0,,0,,0
1758956400,2025-09-27,2025-09-27 07:00,0,,0,,0,,0,,0
1758960000,2025-09-27,2025-09-27 08:00,0,,0,,0,,0,,0
1758963600,2025-09-27,2025-09-27 09:00,0,,0,,0,,0,,0
1758967200,2025-09-27,2025-09-27 10:00,0,,0,,0,,0,,0
1758970800,2025-09-27,2025-09-27 11:00,0,,0,,0,,0,,0
1758974400,2025-09-27,2025-09-27 12:00,0,,0,,0,,0,,0
1758978000,2025-09-27,2025-09-27 13:00,0,,0,,0,,0,,0
1758981600,2025-09-27,2025-09-27 14:00,0,,0,,0,,0,,0
1758985200,2025-09-27,2025-09-27 15:00,0,,0,,0,,0,,0
1758988800,2025-09-27,2025-09-27 16:00,0,,0,,0,,0,,0
1758992400,2025-09-27,2025-09-27 17:00,0,,0,,0,,0,,0
1758996000,2025-09-27,2025-09-27 18:00,0,,0,,0,,0,,0
1758999600,2025-09-27,2025-09-27 19:00,0,,0,,0,,0,,0
1759003200,2025-09-27,2025-09-27 20:00,0,,0,,0,,0,,0
1759006800,2025-09-27,2025-09-27 21:00,0,,0,,0,,0,,0
1759010400,2025-09-27,2025-09-27 22:00,0,,0,,0,,0,,0
1759014000,2025-09-27,2025-09-27 23:00,0,,0,,0,,0,,0
1759017600,2025-09-28,2025-09-28 00:00,0,,0,,0,,0,,0
1759021200,2025-09-28,2025-09-28 01:00,0,,0,,0,,0,,0
1759024800,2025-09-28,2025-09-28 02:00,0,,0,,0,,0,,0
1759028400,2025-09-28,2025-09-28 03:00,0,,0,,0,,0,,0
1759032000,2025-09-28,2025-09-28 04:00,0,,0,,0,,0,,0
1759035600,2025-09-28,2025-09-28 05:00,0,,0,,0,,0,,0
1759039200,2025-09-28,2025-09-28 06:00,0,,0,,0,,0,,0
1759042800,2025-09-28,2025-09-28 07:00,0,,0,,0,,0,,0
1759046400,2025-09-28,2025-09-28 08:00,0,,0,,0,,0,,0
1759050000,2025-09-28,2025-09-28 09:00,0,,0,,0,,0,,0
1759053600,2025-09-28,2025-09-28 10:00,0,,0,,0,,0,,0
1759057200,2025-09-28,2025-09-28 11:00,0,,0,,0,,0,,0
1759060800,2025-09-28,2025-09-28 12:00,0,,0,,0,,0,,0
1759064400,2025-09-28,2025-09-28 13:00,0,,0,,0,,0,,0
1759068000,2025-09-28,2025-09-28 14:00,0,,0,,0,,0,,0
1759071600,2025-09-28,2025-09-28 15:00,0,,0,,0,,0,,0
1759075200,2025-09-28,2025-09-28 16:00,0,,0,,0,,0,,0
1759078800,2025-09-28,2025-09-28 17:00,0,,0,,0,,0,,0
1759082400,2025-09-28,2025-09-28 18:00,0,,0,,0,,0,,0
1759086000,2025-09-28,2025-09-28 19:00,0,,0,,0,,0,,0
1759089600,2025-09-28,2025-09-28 20:00,0,,0,,0,,0,,0
1759093200,2025-09-28,2025-09-28 21:00,0,,0,,0,,0,,0
1759096800,2025-09-28,2025-09-28 22:00,0,,0,,0,,0,,0
1759100400,2025-09-28,2025-09-28 23:00,0,,0,,0,,0,,0
1759104000,2025-09-29,2025-09-29 00:00,0,,0,,0,,0,,0
1759107600,2025-09-29,2025-09-29 01:00,0,,0,,0,,0,,0
1759111200,2025-09-29,2025-09-29 02:00,0,,0,,0,,0,,0
1759114800,2025-09-29,2025-09-29 03:00,0,,0,,0,,0,,0
1759118400,2025-09-29,2025-09-29 04:00,0,,0,,0,,0,,0
1759122000,2025-09-29,2025-09-29 05:00,0,,0,,0,,0,,0
1759125600,2025-09-29,2025-09-29 06:00,0,,0,,0,,0,,0
1759129200,2025-09-29,2025-09-29 07:00,0,,0,,0,,0,,0
1759132800,2025-09-29,2025-09-29 08:00,0,,0,,0,,0,,0
1759136400,2025-09-29,2025-09-29 09:00,0,,0,,0,,0,,0
1759140000,2025-09-29,2025-09-29 10:00,0,,0,,0,,0,,0
1759143600,2025-09-29,2025-09-29 11:00,0,,0,,0,,0,,0
1759147200,2025-09-29,2025-09-29 12:00,0,,0,,0,,0,,0
1759150800,2025-09-29,2025-09-29 13:00,0,,0,,0,,0,,0
1759154400,2025-09-29,2025-09-29 14:00,0,,0,,0,,0,,0
1759158000,2025-09-29,2025-09-29 15:00,0,,0,,0,,0,,0
1759161600,2025-09-29,2025-09-29 16:00,0,,0,,0,,0,,0
1759165200,2025-09-29,2025-09-29 17:00,0,,0,,0,,0,,0
1759168800,2025-09-29,2025-09-29 18:00,0,,0,,0,,0,,0
1759172400,2025-09-29,2025-09-29 19:00,0,,0,,0,,0,,0
1759176000,2025-09-29,2025-09-29 20:00,0,,0,,0,,0,,0
1759179600,2025-09-29,2025-09-29 21:00,0,,0,,0,,0,,0
1759183200,2025-09-29,2025-09-29 22:00,0,,0,,0,,0,,0
1759186800,2025-09-29,2025-09-29 23:00,0,,0,,0,,0,,0
1759190400,2025-09-30,2025-09-30 00:00,0,,0,,0,,0,,0
1759194000,2025-09-30,2025-09-30 01:00,0,,0,,0,,0,,0
1759197600,2025-09-30,2025-09-30 02:00,0,,0,,0,,0,,0
1759201200,2025-09-30,2025-09-30 03:00,0,,0,,0,,0,,0
1759204800,2025-09-30,2025-09-30 04:00,0,,0,,0,,0,,0
1759208400,2025-09-30,2025-09-30 05:00,0,,0,,0,,0,,0
1759212000,2025-09-30,2025-09-30 06:00,0,,0,,0,,0,,0
1759215600,2025-09-30,2025-09-30 07:00,0,,0,,0,,0,,0
1759219200,2025-09-30,2025-09-30 08:00,1000000,,0,,1000000,,1000000,,0
1759222800,2025-09-30,2025-09-30 09:00,1000004,,1000004,,10000000,,0,,1
1759226400,2025-09-30,2025-09-30 10:00,1000014,,1000014,,10000000,,0,,1
1759230000,2025-09-30,2025-09-30 11:00,1000024,,1000024,,10000000,,0,,1
1759233600,2025-09-30,2025-09-30 12:00,1000034,,1000034,,10000000,,0,,1
1759237200,2025-09-30,2025-09-30 13:00,1000044,,1000044,,10000000,,0,,1
1759240800,2025-09-30,2025-09-30 14:00,1000054,,1000054,,10000000,,0,,1
1759244400,2025-09-30,2025-09-30 15:00,1000065,,1000065,,10000000,,0,,1
1759248000,2025-09-30,2025-09-30 16:00,1000075,,1000075,,10000000,,0,,1
1759251600,2025-09-30,2025-09-30 17:00,1000085,,1000085,,10000000,,0,,1
1759255200,2025-09-30,2025-09-30 18:00,1000095,,1000095,,10000000,,0,,1
1759258800,2025-09-30,2025-09-30 19:00,1000106,,1000106,,10000000,,0,,1
1759262400,2025-09-30,2025-09-30 20:00,1000116,,1000116,,10000000,,0,,1
1759266000,2025-09-30,2025-09-30 21:00,1000127,,1000127,,10000000,,0,,1
1759269600,2025-09-30,2025-09-30 22:00,1000137,,1000137,,10000000,,0,,1
1759273200,2025-09-30,2025-09-30 23:00,1000148,,1000148,,10000000,,0,,1
1759276800,2025-10-01,2025-10-01 00:00,1000159,,1000159,,10000000,,0,,1
1759280400,2025-10-01,2025-10-01 01:00,1000170,,1000170,,10000000,,0,,1
1759284000,2025-10-01,2025-10-01 02:00,1000180,,1000180,,10000000,,0,,1
1759287600,2025-10-01,2025-10-01 03:00,1000191,,1000191,,10000000,,0,,1
1759291200,2025-10-01,2025-10-01 04:00,1000202,,1000202,,10000000,,0,,1
1759294800,2025-10-01,2025-10-01 05:00,1000213,,1000213,,10000000,,0,,1
1759298400,2025-10-01,2025-10-01 06:00,1000224,,1000224,,10000000,,0,,1
1759302000,2025-10-01,2025-10-01 07:00,1000236,,1000236,,10000000,,0,,1
1759305600,2025-10-01,2025-10-01 08:00,1000247,,1000247,,10000000,,0,,1
1759309200,2025-10-01,2025-10-01 09:00,1000258,,1000258,,10000000,,0,,1
1759312800,2025-10-01,2025-10-01 10:00,1000269,,1000269,,10000000,,0,,1
1759316400,2025-10-01,2025-10-01 11:00,1000281,,1000281,,10000000,,0,,1
1759320000,2025-10-01,2025-10-01 12:00,1000292,,1000292,,10000000,,0,,1
1759323600,2025-10-01,2025-10-01 13:00,1000304,,1000304,,10000000,,0,,1
1759327200,2025-10-01,2025-10-01 14:00,1000315,,1000315,,10000000,,0,,1
1759330800,2025-10-01,2025-10-01 15:00,1000327,,1000327,,10000000,,0,,1
1759334400,2025-10-01,2025-10-01 16:00,1000339,,1000339,,10000000,,0,,1
1759338000,2025-10-01,2025-10-01 17:00,1000351,,1000351,,10000000,,0,,1
1759341600,2025-10-01,2025-10-01 18:00,1000363,,1000363,,10000000,,0,,1
1759345200,2025-10-01,2025-10-01 19:00,1000374,,1000374,,10000000,,0,,1
1759348800,2025-10-01,2025-10-01 20:00,1000386,,1000386,,10000000,,0,,1
1759352400,2025-10-01,2025-10-01 21:00,1000399,,1000399,,10000000,,0,,1
1759356000,2025-10-01,2025-10-01 22:00,1000411,,1000411,,10000000,,0,,1
1759359600,2025-10-01,2025-10-01 23:00,1000423,,1000423,,10000000,,0,,1
1759363200,2025-10-02,2025-10-02 00:00,1000435,,1000435,,10000000,,0,,1
1759366800,2025-10-02,2025-10-02 01:00,1000448,,1000448,,10000000,,0,,1
1759370400,2025-10-02,2025-10-02 02:00,1000460,,1000460,,10000000,,0,,1
1759374000,2025-10-02,2025-10-02 03:00,1000473,,1000473,,10000000,,0,,1
1759377600,2025-10-02,2025-10-02 04:00,1000485,,1000485,,10000000,,0,,1
1759381200,2025-10-02,2025-10-02 05:00,1000498,,1000498,,10000000,,0,,1
1759384800,2025-10-02,2025-10-02 06:00,1000511,,1000511,,10000000,,0,,1
1759388400,2025-10-02,2025-10-02 07:00,1000523,,1000523,,10000000,,0,,1
1759392000,2025-10-02,2025-10-02 08:00,1000536,,1000536,,10000000,,0,,1
1759395600,2025-10-02,2025-10-02 09:00,1000549,,1000549,,10000000,,0,,1
1759399200,2025-10-02,2025-10-02 10:00,1000562,,1000562,,10000000,,0,,1
1759402800,2025-10-02,2025-10-02 11:00,1000575,,1000575,,10000000,,0,,1
1759406400,2025-10-02,2025-10-02 12:00,1000588,,1000588,,10000000,,0,,1
1759410000,2025-10-02,2025-10-02 13:00,1000602,,1000602,,10000000,,0,,1
1759413600,2025-10-02,2025-10-02 14:00,1000615,,1000615,,10000000,,0,,1
1759417200,2025-10-02,2025-10-02 15:00,1000628,,1000628,,10000000,,0,,1
1759420800,2025-10-02,2025-10-02 16:00,1000642,,1000642,,10000000,,0,,1
1759424400,2025-10-02,2025-10-02 17:00,1000655,,1000655,,10000000,,0,,1
1759428000,2025-10-02,2025-10-02 18:00,1000669,,1000669,,10000000,,0,,1
1759431600,2025-10-02,2025-10-02 19:00,1000683,,1000683,,10000000,,0,,1
1759435200,2025-10-02,2025-10-02 20:00,1000696,,1000696,,10000000,,0,,1
1759438800,2025-10-02,2025-10-02 21:00,1000710,,1000710,,10000000,,0,,1
1759442400,2025-10-02,2025-10-02 22:00,1000727,,1000727,,10000000,,0,,1
1759446000,2025-10-02,2025-10-02 23:00,1000741,,1000741,,10000000,,0,,1
1759449600,2025-10-03,2025-10-03 00:00,1000755,,1000755,,10000000,,0,,1
1759453200,2025-10-03,2025-10-03 01:00,1000770,,1000770,,10000000,,0,,1
1759456800,2025-10-03,2025-10-03 02:00,1000784,,1000784,,10000000,,0,,1
1759460400,2025-10-03,2025-10-03 03:00,1000798,,1000798,,10000000,,0,,1
1759464000,2025-10-03,2025-10-03 04:00,1000813,,1000813,,10000000,,0,,1
1759467600,2025-10-03,2025-10-03 05:00,1000827,,1000827,,10000000,,0,,1
1759471200,2025-10-03,2025-10-03 06:00,1000842,,1000842,,10000000,,0,,1
1759474800,2025-10-03,2025-10-03 07:00,1000857,,1000857,,10000000,,0,,1
1759478400,2025-10-03,2025-10-03 08:00,1000871,,1000871,,10000000,,0,,1
1759482000,2025-10-03,2025-10-03 09:00,1000886,,1000886,,10000000,,0,,1
1759485600,2025-10-03,2025-10-03 10:00,1000901,,1000901,,10000000,,0,,1
1759489200,2025-10-03,2025-10-03 11:00,1000916,,1000916,,10000000,,0,,1
1759492800,2025-10-03,2025-10-03 12:00,1000931,,1000931,,10000000,,0,,1
1759496400,2025-10-03,2025-10-03 13:00,1000947,,1000947,,10000000,,0,,1
1759500000,2025-10-03,2025-10-03 14:00,1000962,,1000962,,10000000,,0,,1
1759503600,2025-10-03,2025-10-03 15:00,1000978,,1000978,,10000000,,0,,1
1759507200,2025-10-03,2025-10-03 16:00,1000993,,1000993,,10000000,,0,,1
1759510800,2025-10-03,2025-10-03 17:00,1001009,,1001009,,10000000,,0,,1
1759514400,2025-10-03,2025-10-03 18:00,1001024,,1001024,,10000000,,0,,1
1759518000,2025-10-03,2025-10-03 19:00,1001040,,1001040,,10000000,,0,,1
1759521600,2025-10-03,2025-10-03 20:00,1001056,,1001056,,10000000,,0,,1
1759525200,2025-10-03,2025-10-03 21:00,1001072,,1001072,,10000000,,0,,1
1759528800,2025-10-03,2025-10-03 22:00,1001088,,1001088,,10000000,,0,,1
1759532400,2025-10-03,2025-10-03 23:00,1001104,,1001104,,10000000,,0,,1
1759536000,2025-10-04,2025-10-04 00:00,1001121,,1001121,,10000000,,0,,1
1759539600,2025-10-04,2025-10-04 01:00,1001137,,1001137,,10000000,,0,,1
1759543200,2025-10-04,2025-10-04 02:00,1001154,,1001154,,10000000,,0,,1
1759546800,2025-10-04,2025-10-04 03:00,1001170,,1001170,,10000000,,0,,1
1759550400,2025-10-04,2025-10-04 04:00,1001187,,1001187,,10000000,,0,,1
1759554000,2025-10-04,2025-10-04 05:00,1001204,,1001204,,10000000,,0,,1
1759557600,2025-10-04,2025-10-04 06:00,1001220,,1001220,,10000000,,0,,1
1759561200,2025-10-04,2025-10-04 07:00,1001237,,1001237,,10000000,,0,,1
1759564800,2025-10-04,2025-10-04 08:00,1001255,,1001255,,10000000,,0,,1
1759568400,2025-10-04,2025-10-04 09:00,1001272,,1001272,,10000000,,0,,1
1759572000,2025-10-04,2025-10-04 10:00,1001289,,1001289,,10000000,,0,,1
1759575600,2025-10-04,2025-10-04 11:00,1001306,,1001306,,10000000,,0,,1
1759579200,2025-10-04,2025-10-04 12:00,1001324,,1001324,,10000000,,0,,1
1759582800,2025-10-04,2025-10-04 13:00,1001342,,1001342,,10000000,,0,,1
1759586400,2025-10-04,2025-10-04 14:00,1001359,,1001359,,10000000,,0,,1
1759590000,2025-10-04,2025-10-04 15:00,1001377,,1001377,,10000000,,0,,1
1759593600,2025-10-04,2025-10-04 16:00,1001395,,1001395,,10000000,,0,,1
1759597200,2025-10-04,2025-10-04 17:00,1001413,,1001413,,10000000,,0,,1
1759600800,2025-10-04,2025-10-04 18:00,1001431,,1001431,,10000000,,0,,1
1759604400,2025-10-04,2025-10-04 19:00,1001449,,1001449,,10000000,,0,,1
1759608000,2025-10-04,2025-10-04 20:00,1001468,,1001468,,10000000,,0,,1
1759611600,2025-10-04,2025-10-04 21:00,1001486,,1001486,,10000000,,0,,1
1759615200,2025-10-04,2025-10-04 22:00,1001505,,1001505,,10000000,,0,,1
1759618800,2025-10-04,2025-10-04 23:00,1001524,,1001524,,10000000,,0,,1
1759622400,2025-10-05,2025-10-05 00:00,1001542,,1001542,,10000000,,0,,1
1759626000,2025-10-05,2025-10-05 01:00,1001561,,1001561,,10000000,,0,,1
1759629600,2025-10-05,2025-10-05 02:00,1001580,,1001580,,10000000,,0,,1
1759633200,2025-10-05,2025-10-05 03:00,1001600,,1001600,,10000000,,0,,1
1759636800,2025-10-05,2025-10-05 04:00,1001619,,1001619,,10000000,,0,,1
1759640400,2025-10-05,2025-10-05 05:00,1001638,,1001638,,10000000,,0,,1
1759644000,2025-10-05,2025-10-05 06:00,1001658,,1001658,,10000000,,0,,1
1759647600,2025-10-05,2025-10-05 07:00,1001677,,1001677,,10000000,,0,,1
1759651200,2025-10-05,2025-10-05 08:00,1001697,,1001697,,10000000,,0,,1
1759654800,2025-10-05,2025-10-05 09:00,1001717,,1001717,,10000000,,0,,1
1759658400,2025-10-05,2025-10-05 10:00,1001749,,1001749,,10000000,,0,,1
1759662000,2025-10-05,2025-10-05 11:00,1001769,,1001769,,10000000,,0,,1
1759665600,2025-10-05,2025-10-05 12:00,1001789,,1001789,,10000000,,0,,1
1759669200,2025-10-05,2025-10-05 13:00,1001810,,1001810,,10000000,,0,,1
1759672800,2025-10-05,2025-10-05 14:00,1001830,,1001830,,10000000,,0,,1
1759676400,2025-10-05,2025-10-05 15:00,1001851,,1001851,,10000000,,0,,1
1759680000,2025-10-05,2025-10-05 16:00,1001872,,1001872,,10000000,,0,,1
1759683600,2025-10-05,2025-10-05 17:00,1001892,,1001892,,10000000,,0,,1
1759687200,2025-10-05,2025-10-05 18:00,1001913,,1001913,,10000000,,0,,1
1759690800,2025-10-05,2025-10-05 19:00,1001935,,1001935,,10000000,,0,,1
1759694400,2025-10-05,2025-10-05 20:00,1001956,,1001956,,10000000,,0,,1
1759698000,2025-10-05,2025-10-05 21:00,1001977,,1001977,,10000000,,0,,1
1759701600,2025-10-05,2025-10-05 22:00,1001999,,1001999,,10000000,,0,,1
1759705200,2025-10-05,2025-10-05 23:00,1002020,,1002020,,10000000,,0,,1
1759708800,2025-10-06,2025-10-06 00:00,1002042,,1002042,,10000000,,0,,1
1759712400,2025-10-06,2025-10-06 01:00,1002064,,1002064,,10000000,,0,,1
1759716000,2025-10-06,2025-10-06 02:00,1002086,,1002086,,10000000,,0,,1
1759719600,2025-10-06,2025-10-06 03:00,1002108,,1002108,,10000000,,0,,1
1759723200,2025-10-06,2025-10-06 04:00,1002131,,1002131,,10000000,,0,,1
1759726800,2025-10-06,2025-10-06 05:00,1002153,,1002153,,10000000,,0,,1
1759730400,2025-10-06,2025-10-06 06:00,1002176,,1002176,,10000000,,0,,1
1759734000,2025-10-06,2025-10-06 07:00,1002198,,1002198,,10000000,,0,,1
1759737600,2025-10-06,2025-10-06 08:00,1002221,,1002221,,10000000,,0,,1
1759741200,2025-10-06,2025-10-06 09:00,1002244,,1002244,,10000000,,0,,1
1759744800,2025-10-06,2025-10-06 10:00,1002267,,1002267,,10000000,,0,,1
1759748400,2025-10-06,2025-10-06 11:00,1002291,,1002291,,10000000,,0,,1
1759752000,2025-10-06,2025-10-06 12:00,1002314,,1002314,,10000000,,0,,1
1759755600,2025-10-06,2025-10-06 13:00,1002338,,1002338,,10000000,,0,,1
1759759200,2025-10-06,2025-10-06 14:00,1002361,,1002361,,10000000,,0,,1
1759762800,2025-10-06,2025-10-06 15:00,1002385,,1002385,,10000000,,0,,1
1759766400,2025-10-06,2025-10-06 16:00,1002409,,1002409,,10000000,,0,,1
1759770000,2025-10-06,2025-10-06 17:00,1002433,,1002433,,10000000,,0,,1
1759773600,2025-10-06,2025-10-06 18:00,1002458,,1002458,,10000000,,0,,1
1759777200,2025-10-06,2025-10-06 19:00,1002482,,1002482,,10000000,,0,,1
1759780800,2025-10-06,2025-10-06 20:00,1002507,,1002507,,10000000,,0,,1
1759784400,2025-10-06,2025-10-06 21:00,1002531,,1002531,,10000000,,0,,1
1759788000,2025-10-06,2025-10-06 22:00,1002556,,1002556,,10000000,,0,,1
1759791600,2025-10-06,2025-10-06 23:00,1002581,,1002581,,10000000,,0,,1
1759795200,2025-10-07,2025-10-07 00:00,1002606,,1002606,,10000000,,0,,1
1759798800,2025-10-07,2025-10-07 01:00,1002632,,1002632,,10000000,,0,,1
1759802400,2025-10-07,2025-10-07 02:00,1002657,,1002657,,10000000,,0,,1
1759806000,2025-10-07,2025-10-07 03:00,1002683,,1002683,,10000000,,0,,1
1759809600,2025-10-07,2025-10-07 04:00,1002709,,1002709,,10000000,,0,,1
1759813200,2025-10-07,2025-10-07 05:00,1002734,,1002734,,10000000,,0,,1
1759816800,2025-10-07,2025-10-07 06:00,1002761,,1002761,,10000000,,0,,1
1759820400,2025-10-07,2025-10-07 07:00,1002787,,1002787,,10000000,,0,,1
1759824000,2025-10-07,2025-10-07 08:00,1002813,,1002813,,10000000,,0,,1
1759827600,2025-10-07,2025-10-07 09:00,1002840,,1002840,,10000000,,0,,1
1759831200,2025-10-07,2025-10-07 10:00,1002866,,1002866,,10000000,,0,,1
1759834800,2025-10-07,2025-10-07 11:00,1002893,,1002893,,10000000,,0,,1
1759838400,2025-10-07,2025-10-07 12:00,1002920,,1002920,,10000000,,0,,1
1759842000,2025-10-07,2025-10-07 13:00,1002947,,1002947,,10000000,,0,,1
1759845600,2025-10-07,2025-10-07 14:00,1002975,,1002975,,10000000,,0,,1
1759849200,2025-10-07,2025-10-07 15:00,1003002,,1003002,,10000000,,0,,1
1759852800,2025-10-07,2025-10-07 16:00,1003030,,1003030,,10000000,,0,,1
1759856400,2025-10-07,2025-10-07 17:00,1003058,,1003058,,10000000,,0,,1
1759860000,2025-10-07,2025-10-07 18:00,1003086,,1003086,,10000000,,0,,1
1759863600,2025-10-07,2025-10-07 19:00,1003114,,1003114,,10000000,,0,,1
1759867200,2025-10-07,2025-10-07 20:00,1003142,,1003142,,10000000,,0,,1
1759870800,2025-10-07,2025-10-07 21:00,1003171,,1003171,,10000000,,0,,1
1759874400,2025-10-07,2025-10-07 22:00,1003199,,1003199,,10000000,,0,,1
1759878000,2025-10-07,2025-10-07 23:00,1003246,,1003246,,10000000,,0,,1
1759881600,2025-10-08,2025-10-08 00:00,1003275,,1003275,,10000000,,0,,1
1759885200,2025-10-08,2025-10-08 01:00,1003304,,1003304,,10000000,,0,,1
1759888800,2025-10-08,2025-10-08 02:00,1003334,,1003334,,10000000,,0,,1
1759892400,2025-10-08,2025-10-08 03:00,1003363,,1003363,,10000000,,0,,1
1759896000,2025-10-08,2025-10-08 04:00,1003393,,1003393,,10000000,,0,,1
1759899600,2025-10-08,2025-10-08 05:00,1003423,,1003423,,10000000,,0,,1
1759903200,2025-10-08,2025-10-08 06:00,1003453,,1003453,,10000000,,0,,1
1759906800,2025-10-08,2025-10-08 07:00,1003483,,1003483,,10000000,,0,,1
1759910400,2025-10-08,2025-10-08 08:00,1003514,,1003514,,10000000,,0,,1
1759914000,2025-10-08,2025-10-08 09:00,1003544,,1003544,,10000000,,0,,1
1759917600,2025-10-08,2025-10-08 10:00,1003575,,1003575,,10000000,,0,,1
1759921200,2025-10-08,2025-10-08 11:00,1003606,,1003606,,10000000,,0,,1
1759924800,2025-10-08,2025-10-08 12:00,1003638,,1003638,,10000000,,0,,1
1759928400,2025-10-08,2025-10-08 13:00,1003669,,1003669,,10000000,,0,,1
1759932000,2025-10-08,2025-10-08 14:00,1003701,,1003701,,10000000,,0,,1
1759935600,2025-10-08,2025-10-08 15:00,1003733,,1003733,,10000000,,0,,1
1759939200,2025-10-08,2025-10-08 16:00,1003765,,1003765,,10000000,,0,,1
1759942800,2025-10-08,2025-10-08 17:00,1003798,,1003798,,10000000,,0,,1
1759946400,2025-10-08,2025-10-08 18:00,1003830,,1003830,,10000000,,0,,1
1759950000,2025-10-08,2025-10-08 19:00,1003863,,1003863,,10000000,,0,,1
1759953600,2025-10-08,2025-10-08 20:00,1003896,,1003896,,10000000,,0,,1
1759957200,2025-10-08,2025-10-08 21:00,1003929,,1003929,,10000000,,0,,1
1759960800,2025-10-08,2025-10-08 22:00,1003963,,1003963,,10000000,,0,,1
1759964400,2025-10-08,2025-10-08 23:00,1003997,,1003997,,10000000,,0,,1
1759968000,2025-10-09,2025-10-09 00:00,1004030,,1004030,,10000000,,0,,1
1759971600,2025-10-09,2025-10-09 01:00,1004065,,1004065,,10000000,,0,,1
1759975200,2025-10-09,2025-10-09 02:00,1004099,,1004099,,10000000,,0,,1
1759978800,2025-10-09,2025-10-09 03:00,1004134,,1004134,,10000000,,0,,1
1759982400,2025-10-09,2025-10-09 04:00,1004168,,1004168,,10000000,,0,,1
1759986000,2025-10-09,2025-10-09 05:00,1004204,,1004204,,10000000,,0,,1
1759989600,2025-10-09,2025-10-09 06:00,1004239,,1004239,,10000000,,0,,1
1759993200,2025-10-09,2025-10-09 07:00,1004274,,1004274,,10000000,,0,,1
1759996800,2025-10-09,2025-10-09 08:00,1004310,,1004310,,10000000,,0,,1
1760000400,2025-10-09,2025-10-09 09:00,1004346,,1004346,,10000000,,0,,1
1760004000,2025-10-09,2025-10-09 10:00,1004382,,1004382,,10000000,,0,,1
1760007600,2025-10-09,2025-10-09 11:00,1004419,,1004419,,10000000,,0,,1
1760011200,2025-10-09,2025-10-09 12:00,1004456,,1004456,,10000000,,0,,1
1760014800,2025-10-09,2025-10-09 13:00,1004493,,1004493,,10000000,,0,,1
1760018400,2025-10-09,2025-10-09 14:00,1004530,,1004530,,10000000,,0,,1
1760022000,2025-10-09,2025-10-09 15:00,1004567,,1004567,,10000000,,0,,1
1760025600,2025-10-09,2025-10-09 16:00,1004605,,1004605,,10000000,,0,,1
1760029200,2025-10-09,2025-10-09 17:00,1004643,,1004643,,10000000,,0,,1
1760032800,2025-10-09,2025-10-09 18:00,1004681,,1004681,,10000000,,0,,1
1760036400,2025-10-09,2025-10-09 19:00,1004719,,1004719,,10000000,,0,,1
1760040000,2025-10-09,2025-10-09 20:00,1004758,,1004758,,10000000,,0,,1
1760043600,2025-10-09,2025-10-09 21:00,1004797,,1004797,,10000000,,0,,1
1760047200,2025-10-09,2025-10-09 22:00,1004836,,1004836,,10000000,,0,,1
1760050800,2025-10-09,2025-10-09 23:00,1004876,,1004876,,10000000,,0,,1
1760054400,2025-10-10,2025-10-10 00:00,1004915,,1004915,,10000000,,0,,1
1760058000,2025-10-10,2025-10-10 01:00,1004955,,1004955,,10000000,,0,,1
1760061600,2025-10-10,2025-10-10 02:00,1004995,,1004995,,10000000,,0,,1
1760065200,2025-10-10,2025-10-10 03:00,1005036,,1005036,,10000000,,0,,1
1760068800,2025-10-10,2025-10-10 04:00,1005077,,1005077,,10000000,,0,,1
1760072400,2025-10-10,2025-10-10 05:00,1005117,,1005117,,10000000,,0,,1
1760076000,2025-10-10,2025-10-10 06:00,1005159,,1005159,,10000000,,0,,1
1760079600,2025-10-10,2025-10-10 07:00,1005200,,1005200,,10000000,,0,,1
1760083200,2025-10-10,2025-10-10 08:00,1005242,,1005242,,10000000,,0,,1
1760086800,2025-10-10,2025-10-10 09:00,1005284,,1005284,,10000000,,0,,1
1760090400,2025-10-10,2025-10-10 10:00,1005326,,1005326,,10000000,,0,,1
1760094000,2025-10-10,2025-10-10 11:00,1005369,,1005369,,10000000,,0,,1
1760097600,2025-10-10,2025-10-10 12:00,1005412,,1005412,,10000000,,0,,1
1760101200,2025-10-10,2025-10-10 13:00,1005455,,1005455,,10000000,,0,,1
1760104800,2025-10-10,2025-10-10 14:00,1005498,,1005498,,10000000,,0,,1
1760108400,2025-10-10,2025-10-10 15:00,1005542,,1005542,,10000000,,0,,1
1760112000,2025-10-10,2025-10-10 16:00,1005586,,1005586,,10000000,,0,,1
1760115600,2025-10-10,2025-10-10 17:00,1005630,,1005630,,10000000,,0,,1
1760119200,2025-10-10,2025-10-10 18:00,1005674,,1005674,,10000000,,0,,1
1760122800,2025-10-10,2025-10-10 19:00,1005719,,1005719,,10000000,,0,,1
1760126400,2025-10-10,2025-10-10 20:00,1005764,,1005764,,10000000,,0,,1
1760130000,2025-10-10,2025-10-10 21:00,1005809,,1005809,,10000000,,0,,1
1760133600,2025-10-10,2025-10-10 22:00,1005855,,1005855,,10000000,,0,,1
1760137200,2025-10-10,2025-10-10 23:00,1005901,,1005901,,10000000,,0,,1
1760140800,2025-10-11,2025-10-11 00:00,1005947,,1005947,,10000000,,0,,1
1760144400,2025-10-11,2025-10-11 01:00,1005993,,1005993,,10000000,,0,,1
1760148000,2025-10-11,2025-10-11 02:00,2006027,,2006027,,11000000,,0,,1
1760151600,2025-10-11,2025-10-11 03:00,2006112,,2006112,,11000000,,0,,1
1760155200,2025-10-11,2025-10-11 04:00,19998926816406,,10000028816406,,12000011000000,,9998898000000,,0.5000282719271985
1760158800,2025-10-11,2025-10-11 05:00,19999079243882,,18000181243882,,22000011000000,,1998898000000,,0.9000504985442522
1760162400,2025-10-11,2025-10-11 06:00,19999272450177,,18000374450177,,22000011000000,,1998898000000,,0.9000514641230207
1760166000,2025-10-11,2025-10-11 07:00,19999465659096,,18000567659096,,22000011000000,,1998898000000,,0.9000524296962465
1760169600,2025-10-11,2025-10-11 08:00,19999658870639,,18000760870639,,22000011000000,,1998898000000,,0.9000533952639296
1760173200,2025-10-11,2025-10-11 09:00,19999852084805,,18000954084805,,22000011000000,,1998898000000,,0.9000543608260646
1760176800,2025-10-11,2025-10-11 10:00,20000045301595,,18001147301595,,22000011000000,,1998898000000,,0.9000553263826563
1760180400,2025-10-11,2025-10-11 11:00,20000238521009,,18001340521009,,22000011000000,,1998898000000,,0.9000562919337045
1760184000,2025-10-11,2025-10-11 12:00,20000431743047,,18001533743047,,22000011000000,,1998898000000,,0.9000572574792091
1760187600,2025-10-11,2025-10-11 13:00,20000624967709,,18001726967709,,22000011000000,,1998898000000,,0.9000582230191696
1760191200,2025-10-11,2025-10-11 14:00,20000818194994,,18001920194994,,22000011000000,,1998898000000,,0.9000591885535811
1760194800,2025-10-11,2025-10-11 15:00,20001011424904,,18002113424904,,22000011000000,,1998898000000,,0.9000601540824531
1760198400,2025-10-11,2025-10-11 16:00,20001204657437,,18002306657437,,22000011000000,,1998898000000,,0.9000611196057756
1760202000,2025-10-11,2025-10-11 17:00,20001397892594,,18002499892594,,22000011000000,,1998898000000,,0.9000620851235532
1760205600,2025-10-11,2025-10-11 18:00,20001591130376,,18002693130376,,22000011000000,,1998898000000,,0.900063050635791
1760209200,2025-10-11,2025-10-11 19:00,20001784370782,,18002886370782,,22000011000000,,1998898000000,,0.9000640161424833
1760212800,2025-10-11,2025-10-11 20:00,20001977613811,,18003079613811,,22000011000000,,1998898000000,,0.9000649816436253
1760216400,2025-10-11,2025-10-11 21:00,20002170859466,,18003272859466,,22000011000000,,1998898000000,,0.9000659471392314
1760220000,2025-10-11,2025-10-11 22:00,20002364107743,,18003466107743,,22000011000000,,1998898000000,,0.9000669126292817
1760223600,2025-10-11,2025-10-11 23:00,20002557358645,,18003659358645,,22000011000000,,1998898000000,,0.900067878113791
1760227200,2025-10-12,2025-10-12 00:00,20002750612173,,18003852612173,,22000011000000,,1998898000000,,0.9000688435927637
1760230800,2025-10-12,2025-10-12 01:00,20002943868324,,18004045868324,,22000011000000,,1998898000000,,0.9000698090661851
1760234400,2025-10-12,2025-10-12 02:00,20003137127099,,18004239127099,,22000011000000,,1998898000000,,0.9000707745340596
1760238000,2025-10-12,2025-10-12 03:00,20003330388499,,18004432388499,,22000011000000,,1998898000000,,0.900071739996392
1760241600,2025-10-12,2025-10-12 04:00,20003523652525,,18004625652525,,22000011000000,,1998898000000,,0.9000727054531873
1760245200,2025-10-12,2025-10-12 05:00,20003716919173,,18004818919173,,22000011000000,,1998898000000,,0.9000736709044251
1760248800,2025-10-12,2025-10-12 06:00,20003910188447,,18005012188447,,22000011000000,,1998898000000,,0.9000746363501253
1760252400,2025-10-12,2025-10-12 07:00,20004103460345,,18005205460345,,22000011000000,,1998898000000,,0.9000756017902776
1760256000,2025-10-12,2025-10-12 08:00,20004296734867,,18005398734867,,22000011000000,,1998898000000,,0.9000765672248817
1760259600,2025-10-12,2025-10-12 09:00,20004490012015,,18005592012015,,22000011000000,,1998898000000,,0.9000775326539476
1760263200,2025-10-12,2025-10-12 10:00,20004683291787,,18005785291787,,22000011000000,,1998898000000,,0.9000784980774649
1760266800,2025-10-12,2025-10-12 11:00,20004876574183,,18005978574183,,22000011000000,,1998898000000,,0.9000794634954334
1760270400,2025-10-12,2025-10-12 12:00,20005069859205,,18006171859205,,22000011000000,,1998898000000,,0.9000804289078631
1760274000,2025-10-12,2025-10-12 13:00,20005263146853,,18006365146853,,22000011000000,,1998898000000,,0.9000813943147534
1760277600,2025-10-12,2025-10-12 14:00,20005456437124,,18006558437124,,22000011000000,,1998898000000,,0.9000823597160894
1760281200,2025-10-12,2025-10-12 15:00,20005649730021,,18006751730021,,22000011000000,,1998898000000,,0.9000833251118857
1760284800,2025-10-12,2025-10-12 16:00,20005843025544,,18006945025544,,22000011000000,,1998898000000,,0.9000842905021421
1760288400,2025-10-12,2025-10-12 17:00,20006036323689,,18007138323689,,22000011000000,,1998898000000,,0.9000852558868385
1760292000,2025-10-12,2025-10-12 18:00,20006229624462,,18007331624462,,22000011000000,,1998898000000,,0.9000862212660046
1760295600,2025-10-12,2025-10-12 19:00,20006422927857,,18007524927857,,22000011000000,,1998898000000,,0.9000871866396102
1760299200,2025-10-12,2025-10-12 20:00,20006616233877,,18007718233877,,22000011000000,,1998898000000,,0.90008815200767
1760302800,2025-10-12,2025-10-12 21:00,20006809542528,,18007911542528,,22000011000000,,1998898000000,,0.9000891173702139
1760306400,2025-10-12,2025-10-12 22:00,20007002853799,,18008104853799,,22000011000000,,1998898000000,,0.9000900827271866
1760310000,2025-10-12,2025-10-12 23:00,20007196167695,,18008298167695,,22000011000000,,1998898000000,,0.900091048078613
1760313600,2025-10-13,2025-10-13 00:00,20007389484221,,18008491484221,,22000011000000,,1998898000000,,0.9000920134245176
1760317200,2025-10-13,2025-10-13 01:00,20007582803368,,18008684803368,,22000011000000,,1998898000000,,0.9000929787648554
1760320800,2025-10-13,2025-10-13 02:00,20007776125140,,18008878125140,,22000011000000,,1998898000000,,0.9000939440996463
1760324400,2025-10-13,2025-10-13 03:00,20007969449543,,18009071449543,,22000011000000,,1998898000000,,0.9000949094289198
1760328000,2025-10-13,2025-10-13 04:00,20008162776566,,18009264776566,,22000011000000,,1998898000000,,0.9000958747526208
1760331600,2025-10-13,2025-10-13 05:00,20008356106214,,18009458106214,,22000011000000,,1998898000000,,0.9000968400707742
1760335200,2025-10-13,2025-10-13 06:00,20008549438494,,18009651438494,,22000011000000,,1998898000000,,0.9000978053834146
1760338800,2025-10-13,2025-10-13 07:00,20008742773393,,18009844773393,,22000011000000,,1998898000000,,0.9000987706904767
1760342400,2025-10-13,2025-10-13 08:00,20008936110921,,18010038110921,,22000011000000,,1998898000000,,0.9000997359920107
1760346000,2025-10-13,2025-10-13 09:00,20009129451074,,18010231451074,,22000011000000,,1998898000000,,0.9001007012879959
1760349600,2025-10-13,2025-10-13 10:00,20009322793850,,18010424793850,,22000011000000,,1998898000000,,0.9001016665784224
1760353200,2025-10-13,2025-10-13 11:00,20009516139252,,18010618139252,,22000011000000,,1998898000000,,0.9001026318633049
1760356800,2025-10-13,2025-10-13 12:00,20009709487287,,18010811487287,,22000011000000,,1998898000000,,0.900103597142678
1760360400,2025-10-13,2025-10-13 13:00,20009902837940,,18011004837940,,22000011000000,,1998898000000,,0.9001045624164667
1760364000,2025-10-13,2025-10-13 14:00,20010096191222,,18011198191222,,22000011000000,,1998898000000,,0.9001055276847257
1760367600,2025-10-13,2025-10-13 15:00,20010289547131,,18011391547131,,22000011000000,,1998898000000,,0.9001064929474449
1760371200,2025-10-13,2025-10-13 16:00,20010482905662,,18011584905662,,22000011000000,,1998898000000,,0.9001074582045989
1760374800,2025-10-13,2025-10-13 17:00,20010676266822,,18011778266822,,22000011000000,,1998898000000,,0.9001084234562226
1760378400,2025-10-13,2025-10-13 18:00,20010869630609,,18011971630609,,22000011000000,,1998898000000,,0.9001093887023056
1760382000,2025-10-13,2025-10-13 19:00,20011062997022,,18012164997022,,22000011000000,,1998898000000,,0.900110353942843
1760385600,2025-10-13,2025-10-13 20:00,20011256366061,,18012358366061,,22000011000000,,1998898000000,,0.9001113191778343
1760389200,2025-10-13,2025-10-13 21:00,20011449737726,,18012551737726,,22000011000000,,1998898000000,,0.9001122844072793
1760392800,2025-10-13,2025-10-13 22:00,20011643112013,,18012745112013,,22000011000000,,1998898000000,,0.9001132496311579
1760396400,2025-10-13,2025-10-13 23:00,20011836488930,,18012938488930,,22000011000000,,1998898000000,,0.9001142148495099
1760400000,2025-10-14,2025-10-14 00:00,20012029868478,,18013131868478,,22000011000000,,1998898000000,,0.9001151800623399
1760403600,2025-10-14,2025-10-14 01:00,20012223250644,,18013325250644,,22000011000000,,1998898000000,,0.900116145269583
1760407200,2025-10-14,2025-10-14 02:00,20012416635436,,18013518635436,,22000011000000,,1998898000000,,0.9001171104712786
1760410800,2025-10-14,2025-10-14 03:00,20012610022864,,18013712022864,,22000011000000,,1998898000000,,0.9001180756674767
1760414400,2025-10-14,2025-10-14 04:00,20012803412913,,18013905412913,,22000011000000,,1998898000000,,0.900119040858102
1760418000,2025-10-14,2025-10-14 05:00,20012996805584,,18014098805584,,22000011000000,,1998898000000,,0.9001200060431594
1760421600,2025-10-14,2025-10-14 06:00,37012024501379,,18014228501379,,22000011000000,,18997796000000,,0.4867128654555987
1760425200,2025-10-14,2025-10-14 07:00,37012150620542,,18014354620542,,22000011000000,,18997796000000,,0.48671461448511205
1760428800,2025-10-14,2025-10-14 08:00,37012276410669,,18014480410669,,22000011000000,,18997796000000,,0.48671635893965776
1760432400,2025-10-14,2025-10-14 09:00,37012401872730,,18014605872730,,22000011000000,,18997796000000,,0.4867180988327808
1760436000,2025-10-14,2025-10-14 10:00,37012610668373,,28024814668373,,27933112000000,,8987796000000,,0.7571693582890113
1760439600,2025-10-14,2025-10-14 11:00,37012872072705,,28025076072705,,27933112000000,,8987796000000,,0.7571710732864739
1760443200,2025-10-14,2025-10-14 12:00,37013133242834,,28025337242834,,27933112000000,,8987796000000,,0.7571727867232072
1760446800,2025-10-14,2025-10-14 13:00,37013394178995,,28025598178995,,27933112000000,,8987796000000,,0.7571744986008186
1760450400,2025-10-14,2025-10-14 14:00,37013654881423,,28025858881423,,27933112000000,,8987796000000,,0.7571762089209153
1760454000,2025-10-14,2025-10-14 15:00,37013915350353,,28026119350353,,27933112000000,,8987796000000,,0.7571779176851042
1760457600,2025-10-14,2025-10-14 16:00,37014175586020,,28026379586020,,27933112000000,,8987796000000,,0.7571796248949921
1760461200,2025-10-14,2025-10-14 17:00,37014435588660,,28026639588660,,27933112000000,,8987796000000,,0.7571813305521924
1760464800,2025-10-14,2025-10-14 18:00,37014695358507,,28026899358507,,27933112000000,,8987796000000,,0.7571830346583048
1760468400,2025-10-14,2025-10-14 19:00,37014954895795,,28027158895795,,27933112000000,,8987796000000,,0.7571847372149294
1760472000,2025-10-14,2025-10-14 20:00,37015214200762,,28027418200762,,27933112000000,,8987796000000,,0.7571864382236919
1760475600,2025-10-14,2025-10-14 21:00,37015473273640,,28027677273640,,27933112000000,,8987796000000,,0.7571881376861789
1760479200,2025-10-14,2025-10-14 22:00,37015732114665,,28027936114665,,27933112000000,,8987796000000,,0.7571898356040029
1760482800,2025-10-14,2025-10-14 23:00,37015990724073,,28028194724073,,27933112000000,,8987796000000,,0.7571915319787761
1760486400,2025-10-15,2025-10-15 00:00,37016249102099,,28028453102099,,27933112000000,,8987796000000,,0.7571932268121043
1760490000,2025-10-15,2025-10-15 01:00,37016507248978,,28028711248978,,27933112000000,,8987796000000,,0.757194920105593
1760493600,2025-10-15,2025-10-15 02:00,37016765164944,,28028969164944,,27933112000000,,8987796000000,,0.757196611860841
1760497200,2025-10-15,2025-10-15 03:00,37017022850233,,28029226850233,,27933112000000,,8987796000000,,0.75719830207946
1760500800,2025-10-15,2025-10-15 04:00,37017280305082,,28029484305082,,27933112000000,,8987796000000,,0.7571999907630683
1760504400,2025-10-15,2025-10-15 05:00,37017936181112,,35030140181112,,35933112000000,,1987796000000,,0.946301814604828
1760508000,2025-10-15,2025-10-15 06:00,37018810699637,,35031014699637,,35933112000000,,1987796000000,,0.9463030831506564
1760511600,2025-10-15,2025-10-15 07:00,37019687555502,,35031891555502,,35933112000000,,1987796000000,,0.9463043550267737
1760515200,2025-10-15,2025-10-15 08:00,37020566755731,,35032770755731,,35933112000000,,1987796000000,,0.9463056302428898
1760518800,2025-10-15,2025-10-15 09:00,37021448307352,,35033652307352,,35933112000000,,1987796000000,,0.9463069088087176
1760522400,2025-10-15,2025-10-15 10:00,37022332217392,,35034536217392,,35933112000000,,1987796000000,,0.9463081907339649
1760526000,2025-10-15,2025-10-15 11:00,37023218492879,,35035422492879,,35933112000000,,1987796000000,,0.946309476028338
1760529600,2025-10-15,2025-10-15 12:00,37024107140846,,35036311140846,,35933112000000,,1987796000000,,0.9463107647015474
1760533200,2025-10-15,2025-10-15 13:00,37024998168318,,35037202168318,,35933112000000,,1987796000000,,0.9463120567632886
1760536800,2025-10-15,2025-10-15 14:00,37025891582332,,35038095582332,,35933112000000,,1987796000000,,0.9463133522232714
1760540400,2025-10-15,2025-10-15 15:00,37026787389922,,35038991389922,,35933112000000,,1987796000000,,0.9463146510911978
1760544000,2025-10-15,2025-10-15 16:00,37027685598120,,35039889598120,,35933112000000,,1987796000000,,0.946315953376764
1760547600,2025-10-15,2025-10-15 17:00,37028586213962,,35040790213962,,35933112000000,,1987796000000,,0.9463172590896684
1760551200,2025-10-15,2025-10-15 18:00,37029489244487,,35041693244487,,35933112000000,,1987796000000,,0.9463185682396107
1760554800,2025-10-15,2025-10-15 19:00,37030394696734,,35042598696734,,35933112000000,,1987796000000,,0.9463198808362872
1760558400,2025-10-15,2025-10-15 20:00,37031302577734,,35043506577734,,35933112000000,,1987796000000,,0.9463211968893794
1760562000,2025-10-15,2025-10-15 21:00,37032212894541,,35044416894541,,35933112000000,,1987796000000,,0.9463225164085988
1760565600,2025-10-15,2025-10-15 22:00,37033125654186,,35045329654186,,35933112000000,,1987796000000,,0.9463238394036202
1760569200,2025-10-15,2025-10-15 23:00,37034040863723,,35046244863723,,35933112000000,,1987796000000,,0.9463251658841484
1760572800,2025-10-16,2025-10-16 00:00,37034958530180,,35047162530180,,35933112000000,,1987796000000,,0.9463264958598473
1760576400,2025-10-16,2025-10-16 01:00,37035878660613,,35048082660613,,35933112000000,,1987796000000,,0.9463278293404178
1760580000,2025-10-16,2025-10-16 02:00,37036801262080,,35049005262080,,35933112000000,,1987796000000,,0.9463291663355604
1760583600,2025-10-16,2025-10-16 03:00,37037726341608,,35049930341608,,35933112000000,,1987796000000,,0.9463305068549276
1760587200,2025-10-16,2025-10-16 04:00,37038653906254,,35050857906254,,35933112000000,,1987796000000,,0.9463318509082114
1760590800,2025-10-16,2025-10-16 05:00,37039583963068,,35051787963068,,35933112000000,,1987796000000,,0.9463331985050906
1760594400,2025-10-16,2025-10-16 06:00,37040516519109,,35052720519109,,35933112000000,,1987796000000,,0.9463345496552537
1760598000,2025-10-16,2025-10-16 07:00,37041451581426,,35053655581426,,35933112000000,,1987796000000,,0.946335904368371
1760601600,2025-10-16,2025-10-16 08:00,37042389157069,,35054593157069,,35933112000000,,1987796000000,,0.946337262654111
1760605200,2025-10-16,2025-10-16 09:00,37043329253093,,35055533253093,,35933112000000,,1987796000000,,0.9463386245221459
1760608800,2025-10-16,2025-10-16 10:00,37044271876569,,35056475876569,,35933112000000,,1987796000000,,0.9463399899821676
1760612400,2025-10-16,2025-10-16 11:00,37045217034543,,35057421034543,,35933112000000,,1987796000000,,0.9463413590438282
1760616000,2025-10-16,2025-10-16 12:00,37046164734072,,35058368734072,,35933112000000,,1987796000000,,0.9463427317167925
1760619600,2025-10-16,2025-10-16 13:00,37047114982221,,35059318982221,,35933112000000,,1987796000000,,0.9463441080107331
1760623200,2025-10-16,2025-10-16 14:00,37048067786049,,35060271786049,,35933112000000,,1987796000000,,0.9463454879353105
1760626800,2025-10-16,2025-10-16 15:00,37049023152630,,35061227152630,,35933112000000,,1987796000000,,0.9463468715002034
1760630400,2025-10-16,2025-10-16 16:00,37049981089009,,35062185089009,,35933112000000,,1987796000000,,0.9463482587150446
1760634000,2025-10-16,2025-10-16 17:00,37050941602273,,35063145602273,,35933112000000,,1987796000000,,0.9463496495895248
1760637600,2025-10-16,2025-10-16 18:00,37051904699491,,35064108699491,,35933112000000,,1987796000000,,0.9463510441333045
1760641200,2025-10-16,2025-10-16 19:00,37052870387701,,35065074387701,,35933112000000,,1987796000000,,0.9463524423559959
1760644800,2025-10-16,2025-10-16 20:00,37053838673999,,35066042673999,,35933112000000,,1987796000000,,0.9463538442672917
1760648400,2025-10-16,2025-10-16 21:00,37054809565455,,35067013565455,,35933112000000,,1987796000000,,0.946355249876843
1760652000,2025-10-16,2025-10-16 22:00,37055783069133,,35067987069133,,35933112000000,,1987796000000,,0.9463566591942889
1760655600,2025-10-16,2025-10-16 23:00,37056759192115,,35068963192115,,35933112000000,,1987796000000,,0.9463580722292907
1760659200,2025-10-17,2025-10-17 00:00,37057737941474,,35069941941474,,35933112000000,,1987796000000,,0.9463594889914931
1760662800,2025-10-17,2025-10-17 01:00,37058719324273,,35070923324273,,35933112000000,,1987796000000,,0.9463609094905225
1760666400,2025-10-17,2025-10-17 02:00,37059703347614,,35071907347614,,35933112000000,,1987796000000,,0.9463623337360584
1760670000,2025-10-17,2025-10-17 03:00,37060690018559,,35072894018559,,35933112000000,,1987796000000,,0.9463637617377182
1760673600,2025-10-17,2025-10-17 04:00,37061679344194,,35073883344194,,35933112000000,,1987796000000,,0.9463651935051507
1760677200,2025-10-17,2025-10-17 05:00,37062671331615,,35074875331615,,35933112000000,,1987796000000,,0.9463666290480152
1760680800,2025-10-17,2025-10-17 06:00,37063665987866,,35075869987866,,35933112000000,,1987796000000,,0.9463680683758922
1760684400,2025-10-17,2025-10-17 07:00,37064663320078,,35076867320078,,35933112000000,,1987796000000,,0.9463695114984841
1760688000,2025-10-17,2025-10-17 08:00,37065663335310,,35077867335310,,35933112000000,,1987796000000,,0.9463709584253857
1760691600,2025-10-17,2025-10-17 09:00,37066666040651,,35078870040651,,35933112000000,,1987796000000,,0.9463724091662308
1760695200,2025-10-17,2025-10-17 10:00,37067671443216,,35079875443216,,35933112000000,,1987796000000,,0.9463738637306877
1760698800,2025-10-17,2025-10-17 11:00,37068679550063,,35080883550063,,35933112000000,,1987796000000,,0.9463753221283379
1760702400,2025-10-17,2025-10-17 12:00,37069690368282,,35081894368282,,35933112000000,,1987796000000,,0.9463767843688055
1760706000,2025-10-17,2025-10-17 13:00,37070703904996,,35082907904996,,35933112000000,,1987796000000,,0.9463782504617587
1760709600,2025-10-17,2025-10-17 14:00,37071720167276,,35083924167276,,35933112000000,,1987796000000,,0.9463797204167863
1760713200,2025-10-17,2025-10-17 15:00,37072739162243,,35084943162243,,35933112000000,,1987796000000,,0.9463811942435458
1760716800,2025-10-17,2025-10-17 16:00,37073760896970,,35085964896970,,35933112000000,,1987796000000,,0.9463826719516212
1760720400,2025-10-17,2025-10-17 17:00,37074785378551,,35086989378551,,35933112000000,,1987796000000,,0.946384153550623
1760724000,2025-10-17,2025-10-17 18:00,37075812614122,,35088016614122,,35933112000000,,1987796000000,,0.9463856390502184
1760727600,2025-10-17,2025-10-17 19:00,37076842610748,,35089046610748,,35933112000000,,1987796000000,,0.9463871284599684
1760731200,2025-10-17,2025-10-17 20:00,37077875375540,,35090079375540,,35933112000000,,1987796000000,,0.9463886217894962
1760734800,2025-10-17,2025-10-17 21:00,37078910915626,,35091114915626,,35933112000000,,1987796000000,,0.9463901190484456
1760738400,2025-10-17,2025-10-17 22:00,37079949238097,,35092153238097,,35933112000000,,1987796000000,,0.9463916202464031
1760742000,2025-10-17,2025-10-17 23:00,37080990350053,,35093194350053,,35933112000000,,1987796000000,,0.946393125392964
1760745600,2025-10-18,2025-10-18 00:00,37082034258602,,35094238258602,,35933112000000,,1987796000000,,0.9463946344977315
1760749200,2025-10-18,2025-10-18 01:00,37083080970889,,35095284970889,,35933112000000,,1987796000000,,0.946396147570358
1760752800,2025-10-18,2025-10-18 02:00,37084130493967,,35096334493967,,35933112000000,,1987796000000,,0.9463976646203588
1760756400,2025-10-18,2025-10-18 03:00,37085182835019,,35097386835019,,35933112000000,,1987796000000,,0.9463991856574332
1760760000,2025-10-18,2025-10-18 04:00,37086238001089,,35098442001089,,35933112000000,,1987796000000,,0.9464007106910755
1760763600,2025-10-18,2025-10-18 05:00,37087295999357,,35099499999357,,35933112000000,,1987796000000,,0.9464022397309725
1760767200,2025-10-18,2025-10-18 06:00,37088356836897,,35100560836897,,35933112000000,,1987796000000,,0.9464037727866537
1760770800,2025-10-18,2025-10-18 07:00,37089420520854,,35101624520854,,35933112000000,,1987796000000,,0.9464053098677468
1760774400,2025-10-18,2025-10-18 08:00,37090487058342,,35102691058342,,35933112000000,,1987796000000,,0.9464068509838313
1760778000,2025-10-18,2025-10-18 09:00,37091556456473,,35103760456473,,35933112000000,,1987796000000,,0.9464083961444788
1760781600,2025-10-18,2025-10-18 10:00,37092628722382,,35104832722382,,35933112000000,,1987796000000,,0.9464099453592906
1760785200,2025-10-18,2025-10-18 11:00,37093703863215,,35105907863215,,35933112000000,,1987796000000,,0.9464114986378793
1760788800,2025-10-18,2025-10-18 12:00,37094781886068,,35106985886068,,35933112000000,,1987796000000,,0.9464130559897813
1760792400,2025-10-18,2025-10-18 13:00,37095862798051,,35108066798051,,35933112000000,,1987796000000,,0.9464146174245491
1760796000,2025-10-18,2025-10-18 14:00,37096946606366,,35109150606366,,35933112000000,,1987796000000,,0.9464161829518636
1760799600,2025-10-18,2025-10-18 15:00,37098033318083,,35110237318083,,35933112000000,,1987796000000,,0.9464177525812111
1760803200,2025-10-18,2025-10-18 16:00,37099122940367,,35111326940367,,35933112000000,,1987796000000,,0.9464193263222105
1760806800,2025-10-18,2025-10-18 17:00,37100215480322,,35112419480322,,35933112000000,,1987796000000,,0.9464209041843886
1760810400,2025-10-18,2025-10-18 18:00,37101310945116,,35113514945116,,35933112000000,,1987796000000,,0.9464224861773605
1760814000,2025-10-18,2025-10-18 19:00,37102409341899,,35114613341899,,35933112000000,,1987796000000,,0.9464240723107105
1760817600,2025-10-18,2025-10-18 20:00,37103510677757,,35115714677757,,35933112000000,,1987796000000,,0.9464256625939266
1760821200,2025-10-18,2025-10-18 21:00,37104614959863,,35116818959863,,35933112000000,,1987796000000,,0.946427257036618
1760824800,2025-10-18,2025-10-18 22:00,37105722195373,,35117926195373,,35933112000000,,1987796000000,,0.9464288556483649
1760828400,2025-10-18,2025-10-18 23:00,37106832391420,,35119036391420,,35933112000000,,1987796000000,,0.9464304584387099
1760832000,2025-10-19,2025-10-19 00:00,37107945555173,,35120149555173,,35933112000000,,1987796000000,,0.9464320654172435
1760835600,2025-10-19,2025-10-19 01:00,37109061693712,,35121265693712,,35933112000000,,1987796000000,,0.9464336765934228
1760839200,2025-10-19,2025-10-19 02:00,37110180814268,,35122384814268,,35933112000000,,1987796000000,,0.9464352919769192
1760842800,2025-10-19,2025-10-19 03:00,37111302923945,,35123506923945,,35933112000000,,1987796000000,,0.9464369115772157
1760846400,2025-10-19,2025-10-19 04:00,37112428029871,,35124632029871,,35933112000000,,1987796000000,,0.9464385354038257
1760850000,2025-10-19,2025-10-19 05:00,37113556139262,,35125760139262,,35933112000000,,1987796000000,,0.9464401634663855
1760853600,2025-10-19,2025-10-19 06:00,37114687259274,,35126891259274,,35933112000000,,1987796000000,,0.9464417957744397
1760857200,2025-10-19,2025-10-19 07:00,37115821397004,,35128025397004,,35933112000000,,1987796000000,,0.9464434323374437
1760860800,2025-10-19,2025-10-19 08:00,37116958559673,,35129162559673,,35933112000000,,1987796000000,,0.9464450731650274
1760864400,2025-10-19,2025-10-19 09:00,37118098754443,,35130302754443,,35933112000000,,1987796000000,,0.9464467182667307
1760868000,2025-10-19,2025-10-19 10:00,37119241988401,,35131445988401,,35933112000000,,1987796000000,,0.946448367651981
1760871600,2025-10-19,2025-10-19 11:00,37120388268776,,35132592268776,,35933112000000,,1987796000000,,0.946450021330406
1760875200,2025-10-19,2025-10-19 12:00,37121537602733,,35133741602733,,35933112000000,,1987796000000,,0.9464516793115366
1760878800,2025-10-19,2025-10-19 13:00,37122689997415,,35134893997415,,35933112000000,,1987796000000,,0.946453341604867
1760882400,2025-10-19,2025-10-19 14:00,37123845459977,,35136049459977,,35933112000000,,1987796000000,,0.9464550082199046
1760886000,2025-10-19,2025-10-19 15:00,37125003997659,,35137207997659,,35933112000000,,1987796000000,,0.9464566791662744
1760889600,2025-10-19,2025-10-19 16:00,37126165617565,,35138369617565,,35933112000000,,1987796000000,,0.9464583544534009
1760893200,2025-10-19,2025-10-19 17:00,37127330326926,,35139534326926,,35933112000000,,1987796000000,,0.9464600340908869
1760896800,2025-10-19,2025-10-19 18:00,37128498132877,,35140702132877,,35933112000000,,1987796000000,,0.9464617180881921
1760900400,2025-10-19,2025-10-19 19:00,37129669042610,,35141873042610,,35933112000000,,1987796000000,,0.946463406454854
1760904000,2025-10-19,2025-10-19 20:00,37130843063319,,35143047063319,,35933112000000,,1987796000000,,0.946465099200408
1760907600,2025-10-19,2025-10-19 21:00,37132020202143,,35144224202143,,35933112000000,,1987796000000,,0.9464667963343056
1760911200,2025-10-19,2025-10-19 22:00,37133200466309,,35145404466309,,35933112000000,,1987796000000,,0.9464684978661204
1760914800,2025-10-19,2025-10-19 23:00,37134383862988,,35146587862988,,35933112000000,,1987796000000,,0.9464702038053405
1760918400,2025-10-20,2025-10-20 00:00,37135570399323,,35147774399323,,35933112000000,,1987796000000,,0.946471914161409
1760922000,2025-10-20,2025-10-20 01:00,37136760082605,,35148964082605,,35933112000000,,1987796000000,,0.9464736289439775
1760925600,2025-10-20,2025-10-20 02:00,37137952919922,,35150156919922,,35933112000000,,1987796000000,,0.9464753481624002
1760929200,2025-10-20,2025-10-20 03:00,37139148918540,,35151352918540,,35933112000000,,1987796000000,,0.9464770718262829
1760932800,2025-10-20,2025-10-20 04:00,37140348085609,,35152552085609,,35933112000000,,1987796000000,,0.9464787999450597
1760936400,2025-10-20,2025-10-20 05:00,37141550428339,,35153754428339,,35933112000000,,1987796000000,,0.946480532528246
1760940000,2025-10-20,2025-10-20 06:00,37142755953960,,35154959953960,,35933112000000,,1987796000000,,0.9464822695853814
1760943600,2025-10-20,2025-10-20 07:00,37143964669594,,35156168669594,,35933112000000,,1987796000000,,0.946484011125845
1760947200,2025-10-20,2025-10-20 08:00,37145176582520,,35157380582520,,35933112000000,,1987796000000,,0.946485757159237
1760950800,2025-10-20,2025-10-20 09:00,37146391699894,,35158595699894,,35933112000000,,1987796000000,,0.9464875076949756
1760954400,2025-10-20,2025-10-20 10:00,37147610028920,,35159814028920,,35933112000000,,1987796000000,,0.9464892627425433
1760958000,2025-10-20,2025-10-20 11:00,37148831576839,,35161035576839,,35933112000000,,1987796000000,,0.946491022311471
1760961600,2025-10-20,2025-10-20 12:00,37150056350841,,35162260350841,,35933112000000,,1987796000000,,0.9464927864112109
1760965200,2025-10-20,2025-10-20 13:00,37151284358107,,35163488358107,,35933112000000,,1987796000000,,0.9464945550511975
1760968800,2025-10-20,2025-10-20 14:00,37152515605961,,35164719605961,,35933112000000,,1987796000000,,0.9464963282410663
1760972400,2025-10-20,2025-10-20 15:00,37153750101438,,35165954101438,,35933112000000,,1987796000000,,0.9464981059900313
1760976000,2025-10-20,2025-10-20 16:00,37155572162027,,35167776162027,,35933112000000,,1987796000000,,0.9465007296528318
1760979600,2025-10-20,2025-10-20 17:00,37156814790884,,35169018790884,,35933112000000,,1987796000000,,0.946502518819571
1760983200,2025-10-20,2025-10-20 18:00,37158060850728,,35170264850728,,35933112000000,,1987796000000,,0.9465043128061659
1760986800,2025-10-20,2025-10-20 19:00,37159310353300,,35171514353300,,35933112000000,,1987796000000,,0.9465061116285365
1760990400,2025-10-20,2025-10-20 20:00,37160563310493,,35172767310493,,35933112000000,,1987796000000,,0.946507915302815
1760994000,2025-10-20,2025-10-20 21:00,37161819734071,,35174023734071,,35933112000000,,1987796000000,,0.9465097238449405
1760997600,2025-10-20,2025-10-20 22:00,37163079635918,,35175283635918,,35933112000000,,1987796000000,,0.9465115372710178
1761001200,2025-10-20,2025-10-20 23:00,37164343027886,,35176547027886,,35933112000000,,1987796000000,,0.9465133555970983
1761004800,2025-10-21,2025-10-21 00:00,37165609921744,,35177813921744,,35933112000000,,1987796000000,,0.9465151788391066
1761008400,2025-10-21,2025-10-21 01:00,37166880329403,,35179084329403,,35933112000000,,1987796000000,,0.9465170070131649
1761012000,2025-10-21,2025-10-21 02:00,37168154262653,,35180358262653,,35933112000000,,1987796000000,,0.9465188401352133
1761015600,2025-10-21,2025-10-21 03:00,37169431733395,,35181635733395,,35933112000000,,1987796000000,,0.9465206782213444
1761019200,2025-10-21,2025-10-21 04:00,37170712753441,,35182916753441,,35933112000000,,1987796000000,,0.946522521287516
1761022800,2025-10-21,2025-10-21 05:00,37171997334607,,35184201334607,,35933112000000,,1987796000000,,0.9465243693496833
1761026400,2025-10-21,2025-10-21 06:00,37173285488783,,35185489488783,,35933112000000,,1987796000000,,0.9465262224239013
1761030000,2025-10-21,2025-10-21 07:00,37174577227882,,35186781227882,,35933112000000,,1987796000000,,0.9465280805262501
1761033600,2025-10-21,2025-10-21 08:00,37175872563672,,35188076563672,,35933112000000,,1987796000000,,0.9465299436725942
1761037200,2025-10-21,2025-10-21 09:00,37177171508090,,35189375508090,,35933112000000,,1987796000000,,0.9465318118790332
1761040800,2025-10-21,2025-10-21 10:00,37178474072926,,35190678072926,,35933112000000,,1987796000000,,0.9465336851614481
1761044400,2025-10-21,2025-10-21 11:00,37179780270143,,35191984270143,,35933112000000,,1987796000000,,0.9465355635359608
1761048000,2025-10-21,2025-10-21 12:00,37181090111499,,35193294111499,,35933112000000,,1987796000000,,0.9465374470183908
1761051600,2025-10-21,2025-10-21 13:00,37182403609001,,35194607609001,,35933112000000,,1987796000000,,0.9465393356249083
1761055200,2025-10-21,2025-10-21 14:00,37183720774430,,35195924774430,,35933112000000,,1987796000000,,0.9465412293713505
1761058800,2025-10-21,2025-10-21 15:00,37185041619647,,35197245619647,,35933112000000,,1987796000000,,0.9465431282736623
1761062400,2025-10-21,2025-10-21 16:00,37186366156632,,35198570156632,,35933112000000,,1987796000000,,0.9465450323479514
1761066000,2025-10-21,2025-10-21 17:00,37187694397212,,35199898397212,,35933112000000,,1987796000000,,0.9465469416100981
1761069600,2025-10-21,2025-10-21 18:00,37189026353235,,35201230353235,,35933112000000,,1987796000000,,0.9465488560760051
1761073200,2025-10-21,2025-10-21 19:00,37190362036692,,35202566036692,,35933112000000,,1987796000000,,0.9465507757617728
1761076800,2025-10-21,2025-10-21 20:00,37191705958389,,35203909958389,,35933112000000,,1987796000000,,0.9465527071486316
1761080400,2025-10-21,2025-10-21 21:00,37193053687753,,35205257687753,,35933112000000,,1987796000000,,0.9465546438674234
1761084000,2025-10-21,2025-10-21 22:00,37194405056884,,35206609056884,,35933112000000,,1987796000000,,0.946556585675724
1761087600,2025-10-21,2025-10-21 23:00,37195760076861,,35207964076861,,35933112000000,,1987796000000,,0.9465585325883263
1761091200,2025-10-22,2025-10-22 00:00,37197118758764,,35209322758764,,35933112000000,,1987796000000,,0.9465604846200176
1761094800,2025-10-22,2025-10-22 01:00,44698173162216,,35210125162216,,35933112000000,,9488048000000,,0.7877307431432035
1761098400,2025-10-22,2025-10-22 02:00,44698687816899,,35210639816899,,35933112000000,,9488048000000,,0.787733187182893
1761102000,2025-10-22,2025-10-22 03:00,44699202112837,,35211154112837,,35933112000000,,9488048000000,,0.78773562946272
1761105600,2025-10-22,2025-10-22 04:00,44699716050308,,35211668050308,,35933112000000,,9488048000000,,0.7877380699841241
1761109200,2025-10-22,2025-10-22 05:00,44700229629590,,35212181629590,,35933112000000,,9488048000000,,0.7877405087485447
1761112800,2025-10-22,2025-10-22 06:00,44700742850960,,35212694850960,,35933112000000,,9488048000000,,0.7877429457574163
1761116400,2025-10-22,2025-10-22 07:00,44701255714697,,35213207714697,,35933112000000,,9488048000000,,0.7877453810121827
1761120000,2025-10-22,2025-10-22 08:00,44701768221079,,35213720221079,,35933112000000,,9488048000000,,0.7877478145142828
1761123600,2025-10-22,2025-10-22 09:00,44702280370382,,35214232370382,,35933112000000,,9488048000000,,0.7877502462651454
1761127200,2025-10-22,2025-10-22 10:00,44702792162886,,35214744162886,,35933112000000,,9488048000000,,0.7877526762662188
1761130800,2025-10-22,2025-10-22 11:00,44703303598870,,35215255598870,,35933112000000,,9488048000000,,0.7877551045189457
1761134400,2025-10-22,2025-10-22 12:00,44703814678608,,35215766678608,,35933112000000,,9488048000000,,0.7877575310247452
1761138000,2025-10-22,2025-10-22 13:00,44704325402382,,35216277402382,,35933112000000,,9488048000000,,0.7877599557850739
1761141600,2025-10-22,2025-10-22 14:00,44704835770468,,35216787770468,,35933112000000,,9488048000000,,0.78776237880136
1761145200,2025-10-22,2025-10-22 15:00,44705345783145,,35217297783145,,35933112000000,,9488048000000,,0.7877648000750456
1761148800,2025-10-22,2025-10-22 16:00,44455036928796,,35217808218796,,35933112000000,,9237228710000,,0.7922118763550833
1761152400,2025-10-22,2025-10-22 17:00,44455548338372,,35218319628372,,35933112000000,,9237228710000,,0.7922142667166958
1761156000,2025-10-22,2025-10-22 18:00,44456059405931,,35218830695931,,35933112000000,,9237228710000,,0.7922166554247577
1761159600,2025-10-22,2025-10-22 19:00,44456570131726,,35219341421726,,35933112000000,,9237228710000,,0.7922190424805637
1761163200,2025-10-22,2025-10-22 20:00,44457080516013,,35219851806013,,35933112000000,,9237228710000,,0.7922214278854222
1761166800,2025-10-22,2025-10-22 21:00,44457590559045,,35220361849045,,35933112000000,,9237228710000,,0.7922238116406274
1761170400,2025-10-22,2025-10-22 22:00,44458100261076,,35220871551076,,35933112000000,,9237228710000,,0.792226193747478
1761174000,2025-10-22,2025-10-22 23:00,44458609622359,,35221380912359,,35933112000000,,9237228710000,,0.7922285742072681
1761177600,2025-10-23,2025-10-23 00:00,44459118643150,,35221889933150,,35933112000000,,9237228710000,,0.7922309530213052
1761181200,2025-10-23,2025-10-23 01:00,44459627323701,,35222398613701,,35933112000000,,9237228710000,,0.792233330190878
1761184800,2025-10-23,2025-10-23 02:00,44460135664269,,35222906954269,,35933112000000,,9237228710000,,0.7922357057172988
1761188400,2025-10-23,2025-10-23 03:00,44460810228523,,40223581518523,,43129112000000,,4237228710000,,0.9046974472974925
1761192000,2025-10-23,2025-10-23 04:00,44461537774519,,40224309064519,,43129112000000,,4237228710000,,0.9046990067800047
1761195600,2025-10-23,2025-10-23 05:00,44462265528738,,40225036818738,,43129112000000,,4237228710000,,0.9047005666577812
1761199200,2025-10-23,2025-10-23 06:00,44462993491249,,40225764781249,,43129112000000,,4237228710000,,0.9047021269309284
1761202800,2025-10-23,2025-10-23 07:00,44463721662122,,40226492952122,,43129112000000,,4237228710000,,0.9047036875995552
1761206400,2025-10-23,2025-10-23 08:00,44464450041425,,40227221331425,,43129112000000,,4237228710000,,0.9047052486637659
1761210000,2025-10-23,2025-10-23 09:00,44465178629230,,40227949919230,,43129112000000,,4237228710000,,0.9047068101236733
1761213600,2025-10-23,2025-10-23 10:00,44465907425604,,40228678715604,,43129112000000,,4237228710000,,0.9047083719793796
1761217200,2025-10-23,2025-10-23 11:00,44466636430618,,40229407720618,,43129112000000,,4237228710000,,0.9047099342309955
1761220800,2025-10-23,2025-10-23 12:00,44467365644344,,40230136934344,,43129112000000,,4237228710000,,0.904711496878634
1761224400,2025-10-23,2025-10-23 13:00,44468095066848,,40230866356848,,43129112000000,,4237228710000,,0.9047130599223947
1761228000,2025-10-23,2025-10-23 14:00,44468824698201,,40231595988201,,43129112000000,,4237228710000,,0.9047146233623886
1761231600,2025-10-23,2025-10-23 15:00,44469554538473,,40232325828473,,43129112000000,,4237228710000,,0.9047161871987239
1761235200,2025-10-23,2025-10-23 16:00,44470284587733,,40233055877733,,43129112000000,,4237228710000,,0.904717751431507
1761238800,2025-10-23,2025-10-23 17:00,44471014846052,,40233786136052,,43129112000000,,4237228710000,,0.9047193160608484
1761242400,2025-10-23,2025-10-23 18:00,44471745313499,,40234516603499,,43129112000000,,4237228710000,,0.9047208810868543
1761246000,2025-10-23,2025-10-23 19:00,44472475990142,,40235247280142,,43129112000000,,4237228710000,,0.9047224465096289
1761249600,2025-10-23,2025-10-23 20:00,44473206876054,,40235978166054,,43129112000000,,4237228710000,,0.9047240123292868
1761253200,2025-10-23,2025-10-23 21:00,44474657266764,,42237428556764,,43129112000000,,2237228710000,,0.9496965497321126
1761256800,2025-10-23,2025-10-23 22:00,44476338735427,,42239110025427,,43129112000000,,2237228710000,,0.9496984515000564
1761260400,2025-10-23,2025-10-23 23:00,44478025050435,,42240796340435,,43129112000000,,2237228710000,,0.949700358604881
1761264000,2025-10-24,2025-10-24 00:00,44479716227530,,42242487517530,,43129112000000,,2237228710000,,0.949702271063157
1761267600,2025-10-24,2025-10-24 01:00,44482107395329,,44244878685329,,43129112000000,,237228710000,,0.9946668734039136
1761271200,2025-10-24,2025-10-24 02:00,60483552770761,,44246324055761,,53503112000000,,16237228715000,,0.7315430729318961
1761274800,2025-10-24,2025-10-24 03:00,60485102821453,,56247874106453,,53503112000000,,4237228715000,,0.9299459120122859
1761278400,2025-10-24,2025-10-24 04:00,60486835610120,,56249606895120,,54303112000000,,4237228715000,,0.929947918877557
1761282000,2025-10-24,2025-10-24 05:00,60488571417555,,56251342702555,,54303112000000,,4237228715000,,0.9299499291237969
1761285600,2025-10-24,2025-10-24 06:00,60490310249714,,56253081534714,,54303112000000,,4237228715000,,0.9299519427573107
1761289200,2025-10-24,2025-10-24 07:00,60492052112561,,56254823397561,,54303112000000,,4237228715000,,0.9299539597844102
1761292800,2025-10-24,2025-10-24 08:00,60493797012051,,56256568297051,,54303112000000,,4237228715000,,0.9299559802113943
1761296400,2025-10-24,2025-10-24 09:00,60495544954151,,56258316239151,,54303112000000,,4237228715000,,0.929958004044573
1761300000,2025-10-24,2025-10-24 10:00,60497295944825,,56260067229825,,54303112000000,,4237228715000,,0.9299600312902505
1761303600,2025-10-24,2025-10-24 11:00,60499049990032,,56261821275032,,54303112000000,,4237228715000,,0.9299620619547226
1761307200,2025-10-24,2025-10-24 12:00,60500807095743,,56263578380743,,54303112000000,,4237228715000,,0.9299640960442965
1761310800,2025-10-24,2025-10-24 13:00,60502567267926,,56265338552926,,54303112000000,,4237228715000,,0.9299661335652732
1761314400,2025-10-24,2025-10-24 14:00,60504330512540,,56267101797540,,54303112000000,,4237228715000,,0.9299681745239409
1761318000,2025-10-24,2025-10-24 15:00,60506096835558,,56268868120558,,54303112000000,,4237228715000,,0.9299702189266011
1761321600,2025-10-24,2025-10-24 16:00,60507866242959,,56270637527959,,54303112000000,,4237228715000,,0.92997226677956
1761325200,2025-10-24,2025-10-24 17:00,60509638740710,,56272410025710,,54303112000000,,4237228715000,,0.9299743180891071
1761328800,2025-10-24,2025-10-24 18:00,60511414334775,,56274185619775,,54303112000000,,4237228715000,,0.9299763728615259
1761332400,2025-10-24,2025-10-24 19:00,60513193031142,,56275964316142,,54303112000000,,4237228715000,,0.9299784311031251
1761336000,2025-10-24,2025-10-24 20:00,60514974835780,,56277746120780,,54303112000000,,4237228715000,,0.9299804928201887
1761339600,2025-10-24,2025-10-24 21:00,60516759754658,,56279531039658,,54303112000000,,4237228715000,,0.9299825580189981
1761343200,2025-10-24,2025-10-24 22:00,60518547793773,,56281319078773,,54303112000000,,4237228715000,,0.9299846267058645
1761346800,2025-10-24,2025-10-24 23:00,60520338959089,,56283110244089,,54303112000000,,4237228715000,,0.9299866988870582
1761350400,2025-10-25,2025-10-25 00:00,60522133256581,,56284904541581,,54303112000000,,4237228715000,,0.9299887745688598
1761354000,2025-10-25,2025-10-25 01:00,60523930692252,,56286701977252,,54303112000000,,4237228715000,,0.9299908537575794
1761357600,2025-10-25,2025-10-25 02:00,60525731272068,,56288502557068,,54303112000000,,4237228715000,,0.9299929364594817
1761361200,2025-10-25,2025-10-25 03:00,60527535002022,,56290306287022,,54303112000000,,4237228715000,,0.9299950226808601
1761364800,2025-10-25,2025-10-25 04:00,60529341888080,,56292113173080,,54303112000000,,4237228715000,,0.9299971124279738
1761368400,2025-10-25,2025-10-25 05:00,60531151936259,,56293923221259,,54303112000000,,4237228715000,,0.9299992057071387
1761372000,2025-10-25,2025-10-25 06:00,60532965152531,,56295736437531,,54303112000000,,4237228715000,,0.9300013025246157
1761375600,2025-10-25,2025-10-25 07:00,60534781542887,,56297552827887,,54303112000000,,4237228715000,,0.9300034028866849
1761379200,2025-10-25,2025-10-25 08:00,60536601113303,,56299372398303,,54303112000000,,4237228715000,,0.9300055067996068
1761382800,2025-10-25,2025-10-25 09:00,60538423869802,,56301195154802,,54303112000000,,4237228715000,,0.9300076142696931
1761386400,2025-10-25,2025-10-25 10:00,60540249818352,,56303021103352,,54303112000000,,4237228715000,,0.9300097253031893
1761390000,2025-10-25,2025-10-25 11:00,60542078964961,,56304850249961,,54303112000000,,4237228715000,,0.9300118399063846
1761393600,2025-10-25,2025-10-25 12:00,60543911315598,,56306682600598,,54303112000000,,4237228715000,,0.93001395808552
1761397200,2025-10-25,2025-10-25 13:00,60545746876292,,56308518161292,,54303112000000,,4237228715000,,0.9300160798469037
1761400800,2025-10-25,2025-10-25 14:00,60547585653028,,56310356938028,,54303112000000,,4237228715000,,0.9300182051967898
1761404400,2025-10-25,2025-10-25 15:00,60549427651814,,56312198936814,,54303112000000,,4237228715000,,0.9300203341414565
1761408000,2025-10-25,2025-10-25 16:00,60551272878634,,56314044163634,,54303112000000,,4237228715000,,0.9300224666871514
1761411600,2025-10-25,2025-10-25 17:00,60553121339507,,56315892624507,,54303112000000,,4237228715000,,0.9300246028401598
1761415200,2025-10-25,2025-10-25 18:00,60554973040420,,56317744325420,,54303112000000,,4237228715000,,0.9300267426067272
1761418800,2025-10-25,2025-10-25 19:00,60556827987410,,56319599272410,,54303112000000,,4237228715000,,0.9300288859931545
1761422400,2025-10-25,2025-10-25 20:00,60558686186434,,56321457471434,,54303112000000,,4237228715000,,0.9300310330056467
1761426000,2025-10-25,2025-10-25 21:00,60560547643532,,56323318928532,,54303112000000,,4237228715000,,0.9300331836505025
1761429600,2025-10-25,2025-10-25 22:00,60562412364705,,56325183649705,,54303112000000,,4237228715000,,0.9300353379339723
1761433200,2025-10-25,2025-10-25 23:00,60564280355961,,56327051640961,,54303112000000,,4237228715000,,0.9300374958623123
1761436800,2025-10-26,2025-10-26 00:00,60566151623313,,56328922908313,,54303112000000,,4237228715000,,0.9300396574417812
1761440400,2025-10-26,2025-10-26 01:00,60568026172773,,56330797457773,,54303112000000,,4237228715000,,0.9300418226786339
1761444000,2025-10-26,2025-10-26 02:00,60569904010354,,56332675295354,,54303112000000,,4237228715000,,0.9300439915791235
1761447600,2025-10-26,2025-10-26 03:00,60571785142092,,56334556427092,,54303112000000,,4237228715000,,0.9300461641495273
1761451200,2025-10-26,2025-10-26 04:00,60573669573963,,56336440858963,,54303112000000,,4237228715000,,0.93004834039605
1761454800,2025-10-26,2025-10-26 05:00,60575557312006,,56338328597006,,54303112000000,,4237228715000,,0.9300505203249664
1761458400,2025-10-26,2025-10-26 06:00,60577448362250,,56340219647250,,54303112000000,,4237228715000,,0.9300527039425366
1761462000,2025-10-26,2025-10-26 07:00,60579342730715,,56342114015715,,54303112000000,,4237228715000,,0.9300548912550081
1761465600,2025-10-26,2025-10-26 08:00,60581240423404,,56344011708404,,54303112000000,,4237228715000,,0.9300570822686052
1761469200,2025-10-26,2025-10-26 09:00,60583141446337,,56345912731337,,54303112000000,,4237228715000,,0.9300592769895693
1761472800,2025-10-26,2025-10-26 10:00,60585045805585,,56347817090585,,54303112000000,,4237228715000,,0.9300614754241979
1761476400,2025-10-26,2025-10-26 11:00,60586953507106,,56349724792106,,54303112000000,,4237228715000,,0.930063677578655
1761480000,2025-10-26,2025-10-26 12:00,60588864556973,,56351635841973,,54303112000000,,4237228715000,,0.9300658834592346
1761483600,2025-10-26,2025-10-26 13:00,60590778961226,,56353550246226,,54303112000000,,4237228715000,,0.9300680930721894
1761487200,2025-10-26,2025-10-26 14:00,60592696725849,,56355468010849,,54303112000000,,4237228715000,,0.9300703064237049
1761490800,2025-10-26,2025-10-26 15:00,60594617856896,,56357389141896,,54303112000000,,4237228715000,,0.9300725235200443
1761494400,2025-10-26,2025-10-26 16:00,60596542360426,,56359313645426,,54303112000000,,4237228715000,,0.9300747443674736
1761498000,2025-10-26,2025-10-26 17:00,60598470242447,,56361241527447,,54303112000000,,4237228715000,,0.9300769689721973
1761501600,2025-10-26,2025-10-26 18:00,60600401508971,,56363172793971,,54303112000000,,4237228715000,,0.9300791973404212
1761505200,2025-10-26,2025-10-26 19:00,60602336166059,,56365107451059,,54303112000000,,4237228715000,,0.9300814294784051
1761508800,2025-10-26,2025-10-26 20:00,60604274219775,,56367045504775,,54303112000000,,4237228715000,,0.9300836653924088
1761512400,2025-10-26,2025-10-26 21:00,60606215676121,,56368986961121,,54303112000000,,4237228715000,,0.9300859050886182
1761516000,2025-10-26,2025-10-26 22:00,60608160541164,,56370931826164,,54303112000000,,4237228715000,,0.9300881485732907
1761519600,2025-10-26,2025-10-26 23:00,60610108820920,,56372880105920,,54303112000000,,4237228715000,,0.9300903958526223
1761523200,2025-10-27,2025-10-27 00:00,60612060521460,,56374831806460,,54303112000000,,4237228715000,,0.9300926469328693
1761526800,2025-10-27,2025-10-27 01:00,60614015648831,,56376786933831,,54303112000000,,4237228715000,,0.9300949018202571
1761530400,2025-10-27,2025-10-27 02:00,60615974209035,,56378745494035,,54303112000000,,4237228715000,,0.9300971605209567
1761534000,2025-10-27,2025-10-27 03:00,60617936208165,,56380707493165,,54303112000000,,4237228715000,,0.9300994230412407
1761537600,2025-10-27,2025-10-27 04:00,60619901652270,,56382672937270,,54303112000000,,4237228715000,,0.930101689387328
1761541200,2025-10-27,2025-10-27 05:00,60621870547387,,56384641832387,,54303112000000,,4237228715000,,0.9301039595654206
1761544800,2025-10-27,2025-10-27 06:00,60623842899538,,56386614184538,,54303112000000,,4237228715000,,0.9301062335817004
1761548400,2025-10-27,2025-10-27 07:00,60625818714838,,56388589999838,,54303112000000,,4237228715000,,0.9301085114424533
1761552000,2025-10-27,2025-10-27 08:00,60627797999312,,56390569284312,,54303112000000,,4237228715000,,0.9301107931538585
1761555600,2025-10-27,2025-10-27 09:00,60629780758984,,56392552043984,,54303112000000,,4237228715000,,0.9301130787220909
1761559200,2025-10-27,2025-10-27 10:00,60631766999976,,56394538284976,,54303112000000,,4237228715000,,0.9301153681534355
1761562800,2025-10-27,2025-10-27 11:00,60633756728317,,56396528013317,,54303112000000,,4237228715000,,0.9301176614540668
1761566400,2025-10-27,2025-10-27 12:00,60635749950084,,56398521235084,,54303112000000,,4237228715000,,0.9301199586302118
1761570000,2025-10-27,2025-10-27 13:00,60637746671307,,56400517956307,,54303112000000,,4237228715000,,0.9301222596880401
1761573600,2025-10-27,2025-10-27 14:00,60639746898083,,56402518183083,,54303112000000,,4237228715000,,0.9301245646337954
1761577200,2025-10-27,2025-10-27 15:00,60641750636409,,56404521921409,,54303112000000,,4237228715000,,0.9301268734736033
1761580800,2025-10-27,2025-10-27 16:00,60643757892456,,56406529177456,,54303112000000,,4237228715000,,0.9301291862137866
1761584400,2025-10-27,2025-10-27 17:00,60645768672222,,56408539957222,,54303112000000,,4237228715000,,0.9301315028604658
1761588000,2025-10-27,2025-10-27 18:00,60647782981814,,56410554266814,,54303112000000,,4237228715000,,0.9301338234198835
1761591600,2025-10-27,2025-10-27 19:00,60649800827283,,56412572112283,,54303112000000,,4237228715000,,0.9301361478982153
1761595200,2025-10-27,2025-10-27 20:00,60651822214705,,56414593499705,,54303112000000,,4237228715000,,0.9301384763016619
1761598800,2025-10-27,2025-10-27 21:00,60653847150153,,56416618435153,,54303112000000,,4237228715000,,0.9301408086364179
1761602400,2025-10-27,2025-10-27 22:00,60655875639665,,56418646924665,,54303112000000,,4237228715000,,0.9301431449086339
1761606000,2025-10-27,2025-10-27 23:00,60657907689430,,56420678974430,,54303112000000,,4237228715000,,0.9301454851246318
1761609600,2025-10-28,2025-10-28 00:00,60659943305417,,56422714590417,,54303112000000,,4237228715000,,0.9301478292904766
1761613200,2025-10-28,2025-10-28 01:00,60661982493741,,56424753778741,,54303112000000,,4237228715000,,0.9301501774123985
1761616800,2025-10-28,2025-10-28 02:00,70663024535025,,56425795820025,,54303112000000,,14237228715000,,0.7985193981055376
1761620400,2025-10-28,2025-10-28 03:00,70664006589052,,56426777874052,,54303112000000,,14237228715000,,0.7985221981850407
1761624000,2025-10-28,2025-10-28 04:00,70664988028405,,56427759313405,,54303112000000,,14237228715000,,0.7985249964342016
1761627600,2025-10-28,2025-10-28 05:00,70665968853508,,56428740138508,,54303112000000,,14237228715000,,0.7985277928543785
1761631200,2025-10-28,2025-10-28 06:00,70666949064789,,56429720349789,,54303112000000,,14237228715000,,0.7985305874469407
1761634800,2025-10-28,2025-10-28 07:00,70667928662671,,56430699947671,,54303112000000,,14237228715000,,0.798533380213243
1761638400,2025-10-28,2025-10-28 08:00,70668907647582,,56431678932582,,54303112000000,,14237228715000,,0.7985361711546544
1761642000,2025-10-28,2025-10-28 09:00,70669886019947,,56432657304947,,54303112000000,,14237228715000,,0.7985389602725346
1761645600,2025-10-28,2025-10-28 10:00,70671989527613,,65434760812613,,65840112000000,,5237228715000,,0.9258938548354619
1761649200,2025-10-28,2025-10-28 11:00,70674195208445,,65436966493445,,65840112000000,,5237228715000,,0.9258961676244997
1761652800,2025-10-28,2025-10-28 12:00,70676404226981,,65439175511981,,65840112000000,,5237228715000,,0.925898483768637
1761656400,2025-10-28,2025-10-28 13:00,70678616588959,,65441387873959,,65840112000000,,5237228715000,,0.9259008032732473
1761660000,2025-10-28,2025-10-28 14:00,70680832300126,,65443603585126,,65840112000000,,5237228715000,,0.9259031261437103
1761663600,2025-10-28,2025-10-28 15:00,70683051366224,,65445822651224,,65840112000000,,5237228715000,,0.9259054523853986
1761667200,2025-10-28,2025-10-28 16:00,70685273792998,,65448045077998,,65840112000000,,5237228715000,,0.9259077820036853
1761670800,2025-10-28,2025-10-28 17:00,70687499586195,,65450270871195,,65840112000000,,5237228715000,,0.9259101150039432
1761674400,2025-10-28,2025-10-28 18:00,70689728751563,,65452500036563,,65840112000000,,5237228715000,,0.9259124513915439
1761678000,2025-10-28,2025-10-28 19:00,70691961294852,,65454732579852,,65840112000000,,5237228715000,,0.9259147911718586
1761681600,2025-10-28,2025-10-28 20:00,70694197221805,,65456968506805,,65840112000000,,5237228715000,,0.9259171343502487
1761685200,2025-10-28,2025-10-28 21:00,70696436538180,,65459207823180,,65840112000000,,5237228715000,,0.9259194809320891
1761688800,2025-10-28,2025-10-28 22:00,70698679249734,,65461450534734,,65840112000000,,5237228715000,,0.9259218309227508
1761692400,2025-10-28,2025-10-28 23:00,70700925362218,,65463696647218,,65840112000000,,5237228715000,,0.9259241843275967
1761696000,2025-10-29,2025-10-29 00:00,70703174881377,,65465946166377,,65840112000000,,5237228715000,,0.9259265411519806
1761699600,2025-10-29,2025-10-29 01:00,70705427812986,,65468199097986,,65840112000000,,5237228715000,,0.9259289014012851
1761703200,2025-10-29,2025-10-29 02:00,70707684162783,,65470455447783,,65840112000000,,5237228715000,,0.9259312650808522
1761706800,2025-10-29,2025-10-29 03:00,70709943936539,,65472715221539,,65840112000000,,5237228715000,,0.9259336321960554
1761710400,2025-10-29,2025-10-29 04:00,70712207140019,,65474978425019,,65840112000000,,5237228715000,,0.9259360027522598
1761714000,2025-10-29,2025-10-29 05:00,70714473778972,,65477245063972,,65840112000000,,5237228715000,,0.9259383767548113
1761717600,2025-10-29,2025-10-29 06:00,70716743859166,,65479515144166,,65840112000000,,5237228715000,,0.9259407542090731
1761721200,2025-10-29,2025-10-29 07:00,70719017386368,,65481788671368,,65840112000000,,5237228715000,,0.9259431351204048
1761724800,2025-10-29,2025-10-29 08:00,70721294366345,,65484065651345,,65840112000000,,5237228715000,,0.9259455194941638
1761728400,2025-10-29,2025-10-29 09:00,70723574804859,,65486346089859,,65840112000000,,5237228715000,,0.9259479073356996
1761732000,2025-10-29,2025-10-29 10:00,70725858707677,,65488629992677,,65840112000000,,5237228715000,,0.9259502986503645
1761735600,2025-10-29,2025-10-29 11:00,70728146080575,,65490917365575,,65840112000000,,5237228715000,,0.9259526934435177
1761739200,2025-10-29,2025-10-29 12:00,70730436929318,,65493208214318,,65840112000000,,5237228715000,,0.9259550917205044
1761742800,2025-10-29,2025-10-29 13:00,70732731259678,,65495502544678,,65840112000000,,5237228715000,,0.9259574934866747
1761746400,2025-10-29,2025-10-29 14:00,70735029077434,,65497800362434,,65840112000000,,5237228715000,,0.9259598987473833
1761750000,2025-10-29,2025-10-29 15:00,70737330388355,,65500101673355,,65840112000000,,5237228715000,,0.9259623075079723
1761753600,2025-10-29,2025-10-29 16:00,70739635198223,,65502406483223,,65840112000000,,5237228715000,,0.9259647197737944
1761757200,2025-10-29,2025-10-29 17:00,70510403755563,,65504795760563,,65840112000000,,5005607995000,,0.9290089443771611
1761760800,2025-10-29,2025-10-29 18:00,70512837378765,,65507229383765,,65840112000000,,5005607995000,,0.929011394505202
1761764400,2025-10-29,2025-10-29 19:00,70515275126585,,65509667131585,,65840112000000,,5005607995000,,0.9290138486162861
1761768000,2025-10-29,2025-10-29 20:00,70517717006970,,65512109011970,,65840112000000,,5005607995000,,0.9290163067175694
1761771600,2025-10-29,2025-10-29 21:00,70520163027868,,65514555032868,,65840112000000,,5005607995000,,0.9290187688162052
1761775200,2025-10-29,2025-10-29 22:00,70522613197225,,65517005202225,,65840112000000,,5005607995000,,0.9290212349193412
1761778800,2025-10-29,2025-10-29 23:00,70525067522995,,65519459527995,,65840112000000,,5005607995000,,0.9290237050341299
1761782400,2025-10-30,2025-10-30 00:00,70527526013126,,65521918018126,,65840112000000,,5005607995000,,0.9290261791677139
1761786000,2025-10-30,2025-10-30 01:00,70529988675574,,65524380680574,,65840112000000,,5005607995000,,0.9290286573272406
1761789600,2025-10-30,2025-10-30 02:00,70532455518298,,65526847523298,,65840112000000,,5005607995000,,0.9290311395198567
1761793200,2025-10-30,2025-10-30 03:00,70534926549254,,65529318554254,,65840112000000,,5005607995000,,0.9290336257527025
1761796800,2025-10-30,2025-10-30 04:00,70537401776403,,65531793781403,,65840112000000,,5005607995000,,0.9290361160329195
1761800400,2025-10-30,2025-10-30 05:00,70539881207715,,65534273212715,,65840112000000,,5005607995000,,0.9290386103676549
1761804000,2025-10-30,2025-10-30 06:00,70542364851137,,65536756856137,,65840112000000,,5005607995000,,0.9290411087640292
1761807600,2025-10-30,2025-10-30 07:00,70544852714642,,65539244719642,,65840112000000,,5005607995000,,0.9290436112291853
1761811200,2025-10-30,2025-10-30 08:00,70547344806208,,65541736811208,,65840112000000,,5005607995000,,0.9290461177702677
1761814800,2025-10-30,2025-10-30 09:00,70549841133802,,65544233138802,,65840112000000,,5005607995000,,0.929048628394406
1761818400,2025-10-30,2025-10-30 10:00,70552341705381,,65546733710381,,65840112000000,,5005607995000,,0.9290511431087166
1761822000,2025-10-30,2025-10-30 11:00,70554846528934,,65549238533934,,65840112000000,,5005607995000,,0.9290536619203439
1761825600,2025-10-30,2025-10-30 12:00,70557355612433,,65551747617433,,65840112000000,,5005607995000,,0.929056184836412
1761829200,2025-10-30,2025-10-30 13:00,70559868963851,,65554260968851,,65840112000000,,5005607995000,,0.9290587118640419
1761832800,2025-10-30,2025-10-30 14:00,70562386591179,,65556778596179,,65840112000000,,5005607995000,,0.9290612430103696
1761836400,2025-10-30,2025-10-30 15:00,70564908502392,,65559300507392,,65840112000000,,5005607995000,,0.9290637782825111
1761840000,2025-10-30,2025-10-30 16:00,70567434705470,,65561826710470,,65840112000000,,5005607995000,,0.9290663176875835
1761843600,2025-10-30,2025-10-30 17:00,70569965208409,,65564357213409,,65840112000000,,5005607995000,,0.9290688612327169
1761847200,2025-10-30,2025-10-30 18:00,70572500019187,,65566892024187,,65840112000000,,5005607995000,,0.929071408925019
1761850800,2025-10-30,2025-10-30 19:00,70575039145798,,65569431150798,,65840112000000,,5005607995000,,0.9290739607716104
1761854400,2025-10-30,2025-10-30 20:00,70577582596228,,65571974601228,,65840112000000,,5005607995000,,0.9290765167795996
1761858000,2025-10-30,2025-10-30 21:00,70580130378484,,65574522383484,,65840112000000,,5005607995000,,0.9290790769561127
1761861600,2025-10-30,2025-10-30 22:00,70582682500555,,65577074505555,,65840112000000,,5005607995000,,0.9290816413082538
1761865200,2025-10-30,2025-10-30 23:00,70585238970426,,65579630975426,,65840112000000,,5005607995000,,0.9290842098431195
1761868800,2025-10-31,2025-10-31 00:00,70587799796124,,65582191801124,,65840112000000,,5005607995000,,0.9290867825678445
1761872400,2025-10-31,2025-10-31 01:00,70590364985623,,65584756990623,,65840112000000,,5005607995000,,0.9290893594895071
1761876000,2025-10-31,2025-10-31 02:00,70592934546956,,65587326551956,,65840112000000,,5005607995000,,0.9290919406152405
1761879600,2025-10-31,2025-10-31 03:00,70595508488099,,65589900493099,,65840112000000,,5005607995000,,0.9290945259521171
1761883200,2025-10-31,2025-10-31 04:00,70598086817085,,65592478822085,,65840112000000,,5005607995000,,0.9290971155072629
1761886800,2025-10-31,2025-10-31 05:00,70600669541906,,65595061546906,,65840112000000,,5005607995000,,0.9290997092877589
1761890400,2025-10-31,2025-10-31 06:00,70603256670601,,65597648675601,,65840112000000,,5005607995000,,0.9291023073007294
1761894000,2025-10-31,2025-10-31 07:00,70606035569938,,67600427574938,,65840112000000,,3005607995000,,0.9574312879807162
1761897600,2025-10-31,2025-10-31 08:00,70609933535323,,67604325540323,,65840112000000,,3005607995000,,0.957433637952705
1761901200,2025-10-31,2025-10-31 09:00,70613844531038,,67608236536038,,65840112000000,,3005607995000,,0.9574359955195627
1761904800,2025-10-31,2025-10-31 10:00,70617767779967,,67612160803278,,65840112000000,,3005606976689,,0.957438374630391
1761908400,2025-10-31,2025-10-31 11:00,70621705185523,,67616098208834,,65840112000000,,3005606976689,,0.9574407475889561
1761912000,2025-10-31,2025-10-31 12:00,70625655760567,,67620048783878,,65840112000000,,3005606976689,,0.957443128218469
1761915600,2025-10-31,2025-10-31 13:00,70629619554777,,67624012578088,,65840112000000,,3005606976689,,0.9574455165462418
1761919200,2025-10-31,2025-10-31 14:00,70633596859867,,67627989883178,,65840112000000,,3005606976689,,0.957447912745376
1761922800,2025-10-31,2025-10-31 15:00,70637587621660,,67631980644971,,65840112000000,,3005606976689,,0.9574503167805327
1761926400,2025-10-31,2025-10-31 16:00,70641591735344,,67635984758655,,65840112000000,,3005606976689,,0.9574527285858819
1761930000,2025-10-31,2025-10-31 17:00,70645609251358,,67640002274669,,65840112000000,,3005606976689,,0.9574551481891109
1761933600,2025-10-31,2025-10-31 18:00,70649640220174,,67644033243485,,65840112000000,,3005606976689,,0.9574575756179046
1761937200,2025-10-31,2025-10-31 19:00,70653684692265,,67648077715576,,65840112000000,,3005606976689,,0.9574600108999263
1761940800,2025-10-31,2025-10-31 20:00,70657742718138,,67652135741449,,65840112000000,,3005606976689,,0.9574624540628376
1761944400,2025-10-31,2025-10-31 21:00,70661814348313,,67656207371624,,65840112000000,,3005606976689,,0.9574649051342855
1761948000,2025-10-31,2025-10-31 22:00,70665899633330,,67660292656641,,65840112000000,,3005606976689,,0.9574673641419066
1761951600,2025-10-31,2025-10-31 23:00,70669998623744,,67664391647055,,65840112000000,,3005606976689,,0.9574698311133238
1761955200,2025-11-01,2025-11-01 00:00,70674111370149,,67668504393460,,65840112000000,,3005606976689,,0.9574723060761611
1761958800,2025-11-01,2025-11-01 01:00,70678237923143,,67672630946454,,65840112000000,,3005606976689,,0.9574747890580215
1761962400,2025-11-01,2025-11-01 02:00,70682378333336,,67676771356647,,65840112000000,,3005606976689,,0.9574772800864928
1761966000,2025-11-01,2025-11-01 03:00,70686532651387,,67680925674698,,65840112000000,,3005606976689,,0.9574797791891688
1761969600,2025-11-01,2025-11-01 04:00,70690700927942,,67685093951253,,65840112000000,,3005606976689,,0.9574822863936129
1761973200,2025-11-01,2025-11-01 05:00,70694883213694,,67689276237005,,65840112000000,,3005606976689,,0.9574848017273929
1761976800,2025-11-01,2025-11-01 06:00,70699079559347,,67693472582658,,65840112000000,,3005606976689,,0.9574873252180603
1761980400,2025-11-01,2025-11-01 07:00,70703290015611,,67697683038922,,65840112000000,,3005606976689,,0.9574898568931464
1761984000,2025-11-01,2025-11-01 08:00,70707514633229,,67701907656540,,65840112000000,,3005606976689,,0.9574923967801788
1761987600,2025-11-01,2025-11-01 09:00,70711753462991,,67706146486302,,65840112000000,,3005606976689,,0.9574949449066898
1761991200,2025-11-01,2025-11-01 10:00,70716006555668,,67710399578979,,65840112000000,,3005606976689,,0.9574975013001763
1761994800,2025-11-01,2025-11-01 11:00,70720273962064,,67714666985375,,65840112000000,,3005606976689,,0.9575000659881312
1761998400,2025-11-01,2025-11-01 12:00,70724555733005,,67718948756316,,65840112000000,,3005606976689,,0.9575026389980366
1762002000,2025-11-01,2025-11-01 13:00,70728851919364,,67723244942675,,65840112000000,,3005606976689,,0.9575052203573782
1762005600,2025-11-01,2025-11-01 14:00,70733162571973,,67727555595284,,65840112000000,,3005606976689,,0.9575078100935935
1762009200,2025-11-01,2025-11-01 15:00,70737487878592,,67731880901903,,65840112000000,,3005606976689,,0.9575104083163432
1762012800,2025-11-01,2025-11-01 16:00,70741828874401,,67736221897712,,65840112000000,,3005606976689,,0.9575130156441768
1762016400,2025-11-01,2025-11-01 17:00,70746184429056,,67740577452367,,65840112000000,,3005606976689,,0.9575156313948915
1762020000,2025-11-01,2025-11-01 18:00,70750554597857,,67744947621168,,65840112000000,,3005606976689,,0.9575182555985217
1762023600,2025-11-01,2025-11-01 19:00,70754939436124,,67749332459435,,65840112000000,,3005606976689,,0.9575208882850872
1762027200,2025-11-01,2025-11-01 20:00,70759338999202,,67753732022513,,65840112000000,,3005606976689,,0.9575235294845972
1762030800,2025-11-01,2025-11-01 21:00,70763753342457,,67758146365768,,65840112000000,,3005606976689,,0.9575261792270466
1762034400,2025-11-01,2025-11-01 22:00,70768182521278,,67762575544589,,65840112000000,,3005606976689,,0.9575288375424181
1762038000,2025-11-01,2025-11-01 23:00,70772626591085,,67767019614396,,65840112000000,,3005606976689,,0.9575315044606864
1762041600,2025-11-02,2025-11-02 00:00,70777085607311,,67771478630622,,65840112000000,,3005606976689,,0.9575341800118069
1762045200,2025-11-02,2025-11-02 01:00,70781559625418,,67775952648729,,65840112000000,,3005606976689,,0.9575368642257259
1762048800,2025-11-02,2025-11-02 02:00,70786048700893,,67780441724204,,65840112000000,,3005606976689,,0.9575395571323777
1762052400,2025-11-02,2025-11-02 03:00,70790552889237,,67784945912548,,65840112000000,,3005606976689,,0.9575422587616776
1762056000,2025-11-02,2025-11-02 04:00,70795072245993,,67789465269304,,65840112000000,,3005606976689,,0.9575449691435393
1762059600,2025-11-02,2025-11-02 05:00,70799606826712,,67793999850023,,65840112000000,,3005606976689,,0.9575476883078535
1762063200,2025-11-02,2025-11-02 06:00,70804156686987,,67798549710298,,65840112000000,,3005606976689,,0.957550416284509
1762066800,2025-11-02,2025-11-02 07:00,70808721882401,,67803114905712,,65840112000000,,3005606976689,,0.9575531531033605
1762070400,2025-11-02,2025-11-02 08:00,70813302468607,,67807695491918,,65840112000000,,3005606976689,,0.9575558987942774
1762074000,2025-11-02,2025-11-02 09:00,70817898501250,,67812291524561,,65840112000000,,3005606976689,,0.9575586533870961
1762077600,2025-11-02,2025-11-02 10:00,70822510036008,,67816903059319,,65840112000000,,3005606976689,,0.9575614169116448
1762081200,2025-11-02,2025-11-02 11:00,70827137128596,,67821530151907,,65840112000000,,3005606976689,,0.9575641893977456
1762084800,2025-11-02,2025-11-02 12:00,70831780117687,,67826173140998,,65840112000000,,3005606976689,,0.9575669710447036
1762088400,2025-11-02,2025-11-02 13:00,70836440053067,,67830833076378,,65840112000000,,3005606976689,,0.9575697624776548
1762092000,2025-11-02,2025-11-02 14:00,70861123169224,,67835500839467,,65840112000000,,3025622329757,,0.9573020833647882
1762095600,2025-11-02,2025-11-02 15:00,70865800700556,,67840178370799,,65840112000000,,3025622329757,,0.9573049016613558
1762099200,2025-11-02,2025-11-02 16:00,70870493887764,,67844871558007,,65840112000000,,3025622329757,,0.9573077290169784
1762102800,2025-11-02,2025-11-02 17:00,70855195964042,,67849592603822,,65840112000000,,3005603360220,,0.957581045125536
1762106400,2025-11-02,2025-11-02 18:00,70859935174654,,67854331814434,,65840112000000,,3005603360220,,0.9575838821639922
1762110000,2025-11-02,2025-11-02 19:00,70864690330160,,67859086969940,,65840112000000,,3005603360220,,0.9575867283661745
1762113600,2025-11-02,2025-11-02 20:00,70869461491209,,67863858130989,,65840112000000,,3005603360220,,0.9575895837646117
1762117200,2025-11-02,2025-11-02 21:00,70874248718476,,67868645358256,,65840112000000,,3005603360220,,0.9575924483918166
1762120800,2025-11-02,2025-11-02 22:00,70879052072659,,67873448712439,,65840112000000,,3005603360220,,0.957595322280285
1762124400,2025-11-02,2025-11-02 23:00,70883871614498,,67878268254278,,65840112000000,,3005603360220,,0.9575982054625066
1762128000,2025-11-03,2025-11-03 00:00,70888707404749,,67883104044529,,65840112000000,,3005603360220,,0.9576010979709492
1762131600,2025-11-03,2025-11-03 01:00,70893559504188,,67887956143968,,65840112000000,,3005603360220,,0.9576039998380608
1762135200,2025-11-03,2025-11-03 02:00,70898427973646,,67892824613426,,65840112000000,,3005603360220,,0.9576069110962908
1762138800,2025-11-03,2025-11-03 03:00,70903312873957,,67897709513737,,65840112000000,,3005603360220,,0.9576098317780584
1762142400,2025-11-03,2025-11-03 04:00,70908214265986,,67902610905766,,65840112000000,,3005603360220,,0.9576127619157692
1762146000,2025-11-03,2025-11-03 05:00,70913132210646,,67907528850426,,65840112000000,,3005603360220,,0.9576157015418256
1762149600,2025-11-03,2025-11-03 06:00,70918066768852,,67912463408632,,65840112000000,,3005603360220,,0.9576186506885986
1762153200,2025-11-03,2025-11-03 07:00,70923018001579,,67917414641359,,65840112000000,,3005603360220,,0.9576216093884627
1762156800,2025-11-03,2025-11-03 08:00,70927985969791,,67922382609571,,65840112000000,,3005603360220,,0.9576245776737532
1762160400,2025-11-03,2025-11-03 09:00,70932970734524,,67927367374304,,65840112000000,,3005603360220,,0.9576275555768153
1762164000,2025-11-03,2025-11-03 10:00,70937972356804,,67932368996584,,65840112000000,,3005603360220,,0.9576305431299558
1762167600,2025-11-03,2025-11-03 11:00,70942990897715,,67937387537495,,65840112000000,,3005603360220,,0.9576335403654823
1762171200,2025-11-03,2025-11-03 12:00,70948026418375,,67942423058155,,65840112000000,,3005603360220,,0.95763654731569
1762174800,2025-11-03,2025-11-03 13:00,70953078979887,,67947475619667,,65840112000000,,3005603360220,,0.9576395640128317
1762178400,2025-11-03,2025-11-03 14:00,70958148643447,,67952545283227,,65840112000000,,3005603360220,,0.9576425904891817
1762182000,2025-11-03,2025-11-03 15:00,70963235470215,,67957632109995,,65840112000000,,3005603360220,,0.9576456267769594
1762185600,2025-11-03,2025-11-03 16:00,70968339521436,,67962736161216,,65840112000000,,3005603360220,,0.9576486729084008
1762189200,2025-11-03,2025-11-03 17:00,70973460858352,,67967857498132,,65840112000000,,3005603360220,,0.9576517289157063
1762192800,2025-11-03,2025-11-03 18:00,67980769234563,,67975165874343,,65840112000000,,5603360220,,0.999917574333402
1762196400,2025-11-03,2025-11-03 19:00,67988349551656,,67982746191436,,65840112000000,,5603360220,,0.9999175835233984
1762200000,2025-11-03,2025-11-03 20:00,67995974131238,,67990370771018,,65840112010000,,5603360220,,0.9999175927649895
1762203600,2025-11-03,2025-11-03 21:00,68003643388542,,68000927352322,,65842763780000,,2716036220,,0.9999600604308142
1762207200,2025-11-03,2025-11-03 22:00,68011361267593,,68011349859373,,65845248180000,,11408220,,0.9999998322600844
1762210800,2025-11-03,2025-11-03 23:00,68019125439968,,68019125439968,,65845263180000,,0,,1
1762214400,2025-11-04,2025-11-04 00:00,68026934967033,,68026934967033,,65845263180000,,0,,1
1762218000,2025-11-04,2025-11-04 01:00,68034790140618,,68034790140618,,65845263180000,,0,,1
1762221600,2025-11-04,2025-11-04 02:00,68042691261329,,68042691261329,,65845263180000,,0,,1
1762225200,2025-11-04,2025-11-04 03:00,68050638629995,,68050638629995,,65845263180000,,0,,1
1762228800,2025-11-04,2025-11-04 04:00,68058632547682,,68058632547682,,65845263180000,,0,,1
1762232400,2025-11-04,2025-11-04 05:00,68066673315665,,68066673315665,,65845263180000,,0,,1
1762236000,2025-11-04,2025-11-04 06:00,68074761235477,,68074761235477,,65845263180000,,0,,1
1762239600,2025-11-04,2025-11-04 07:00,68082896608860,,68082896608860,,65845263180000,,0,,1
1762243200,2025-11-04,2025-11-04 08:00,68091079737805,,68091079737805,,65845263180000,,0,,1
1762246800,2025-11-04,2025-11-04 09:00,68099310924530,,68099310924530,,65845263180000,,0,,1
1762250400,2025-11-04,2025-11-04 10:00,68107590471517,,68107590471517,,65845263180000,,0,,1
1762254000,2025-11-04,2025-11-04 11:00,68115918681450,,68115918681450,,65845263180000,,0,,1
1762257600,2025-11-04,2025-11-04 12:00,68124295857275,,68124295857275,,65845263180000,,0,,1
1762261200,2025-11-04,2025-11-04 13:00,68132722302198,,68132722302198,,65845263180000,,0,,1
1762264800,2025-11-04,2025-11-04 14:00,68141198319676,,68141198319676,,65845263180000,,0,,1
1762268400,2025-11-04,2025-11-04 15:00,68149724213356,,68149724213356,,65845263180000,,0,,1
1762272000,2025-11-04,2025-11-04 16:00,68158300287226,,68158300287226,,65845263180000,,0,,1
1762275600,2025-11-04,2025-11-04 17:00,68166926845451,,68166926845451,,65845263180000,,0,,1
1762279200,2025-11-04,2025-11-04 18:00,68175604192502,,68175604192502,,65845263180000,,0,,1
1762282800,2025-11-04,2025-11-04 19:00,68184332633069,,68184332633069,,65845263180000,,0,,1
1762286400,2025-11-04,2025-11-04 20:00,68193112472166,,68193112472166,,65845263180000,,0,,1
1762290000,2025-11-04,2025-11-04 21:00,68201944014987,,68201944014987,,65845263180000,,0,,1
1762293600,2025-11-04,2025-11-04 22:00,68210827567030,,68210827567030,,65845263180000,,0,,1
1762297200,2025-11-04,2025-11-04 23:00,68219763434084,,68219763434084,,65845263180000,,0,,1
1762300800,2025-11-05,2025-11-05 00:00,68228751922213,,68228751922213,,65845263180000,,0,,1
1762304400,2025-11-05,2025-11-05 01:00,68237793337650,,68237793337650,,65845263180000,,0,,1
1762308000,2025-11-05,2025-11-05 02:00,68246887987028,,68246887987028,,65845263180000,,0,,1
1762311600,2025-11-05,2025-11-05 03:00,68256036177234,,68256036177234,,65845263180000,,0,,1
1762315200,2025-11-05,2025-11-05 04:00,68265238215324,,68265238215324,,65845263180000,,0,,1
1762318800,2025-11-05,2025-11-05 05:00,68274494408801,,68274494408801,,65845263180000,,0,,1
1762322400,2025-11-05,2025-11-05 06:00,68283805065310,,68283805065310,,65845263180000,,0,,1
1762326000,2025-11-05,2025-11-05 07:00,68293170492870,,68293170492870,,65845263180000,,0,,1
1762329600,2025-11-05,2025-11-05 08:00,68302590999725,,68302590999725,,65845263180000,,0,,1
1762333200,2025-11-05,2025-11-05 09:00,68312066894506,,68312066894506,,65845263180000,,0,,1
1762336800,2025-11-05,2025-11-05 10:00,68321598485975,,68321598485975,,65845263180000,,0,,1
1762340400,2025-11-05,2025-11-05 11:00,68331186083388,,68331186083388,,65845263180000,,0,,1
1762344000,2025-11-05,2025-11-05 12:00,68340829996129,,68340829996129,,65845263180000,,0,,1
1762347600,2025-11-05,2025-11-05 13:00,68350530534024,,68350530534024,,65845263180000,,0,,1
1762351200,2025-11-05,2025-11-05 14:00,68360288007018,,68360288007018,,65845263180000,,0,,1
1762354800,2025-11-05,2025-11-05 15:00,68370102725545,,68370102725545,,65845263180000,,0,,1
1762358400,2025-11-05,2025-11-05 16:00,68379975000317,,68379975000317,,65845263180000,,0,,1
1762362000,2025-11-05,2025-11-05 17:00,68389905142232,,68389905142232,,65845263180000,,0,,1
1762365600,2025-11-05,2025-11-05 18:00,68399893462581,,68399893462581,,65845263180000,,0,,1
1762369200,2025-11-05,2025-11-05 19:00,68409940273012,,68409940273012,,65845263180000,,0,,1
1762372800,2025-11-05,2025-11-05 20:00,68420045885449,,68420045885449,,65845263180000,,0,,1
1762376400,2025-11-05,2025-11-05 21:00,68430210612094,,68430210612094,,65845263180000,,0,,1
1762380000,2025-11-05,2025-11-05 22:00,68440434765606,,68440434765606,,65845263180000,,0,,1
1762383600,2025-11-05,2025-11-05 23:00,68450718658785,,68450718658785,,65845263180000,,0,,1
1762387200,2025-11-06,2025-11-06 00:00,68461062604901,,68461062604901,,65845263180000,,0,,1
1762390800,2025-11-06,2025-11-06 01:00,68471466917456,,68471466917456,,65845263180000,,0,,1
1762394400,2025-11-06,2025-11-06 02:00,68481931910385,,68481931910385,,65845263180000,,0,,1
1762398000,2025-11-06,2025-11-06 03:00,68492457897858,,68492457897858,,65845263180000,,0,,1
1762401600,2025-11-06,2025-11-06 04:00,68503045194537,,68503045194537,,65845263180000,,0,,1
1762405200,2025-11-06,2025-11-06 05:00,68513687571874,,68513687571874,,65845263180000,,0,,1
1762408800,2025-11-06,2025-11-06 06:00,68524351943289,,68524351943289,,65845263180000,,0,,1
1762412400,2025-11-06,2025-11-06 07:00,68535079080497,,68535079080497,,65845263180000,,0,,1
1762416000,2025-11-06,2025-11-06 08:00,68545869402044,,68545869402044,,65845263180000,,0,,1
1762419600,2025-11-06,2025-11-06 09:00,68556723326884,,68556723326884,,65845263180000,,0,,1
1762423200,2025-11-06,2025-11-06 10:00,68567641274406,,68567641274406,,65845263180000,,0,,1
1762426800,2025-11-06,2025-11-06 11:00,68578623664418,,68578623664418,,65845263180000,,0,,1
1762430400,2025-11-06,2025-11-06 12:00,68589670917160,,68589670917160,,65845263180000,,0,,1
1762434000,2025-11-06,2025-11-06 13:00,68600783453296,,68600783453296,,65845263180000,,0,,1
1762437600,2025-11-06,2025-11-06 14:00,68611961693956,,68611961693956,,65845263180000,,0,,1
1762441200,2025-11-06,2025-11-06 15:00,68623206060687,,68623206060687,,65845263180000,,0,,1
1762444800,2025-11-06,2025-11-06 16:00,68634516975488,,68634516975488,,65845263180000,,0,,1
1762448400,2025-11-06,2025-11-06 17:00,68645894860811,,68645894860811,,65845263180000,,0,,1
1762452000,2025-11-06,2025-11-06 18:00,68657340139559,,68657340139559,,65845263180000,,0,,1
1762455600,2025-11-06,2025-11-06 19:00,68668853235094,,68668853235094,,65845263180000,,0,,1
1762459200,2025-11-06,2025-11-06 20:00,68680434571240,,68680434571240,,65845263180000,,0,,1
1762462800,2025-11-06,2025-11-06 21:00,68692084572286,,68692084572286,,65845263180000,,0,,1
1762466400,2025-11-06,2025-11-06 22:00,68703803662990,,68703803662990,,65845263180000,,0,,1
1762470000,2025-11-06,2025-11-06 23:00,68715592268587,,68715592268587,,65845263180000,,0,,1
1762473600,2025-11-07,2025-11-07 00:00,68727450814806,,68727450814806,,65845263180000,,0,,1
1762477200,2025-11-07,2025-11-07 01:00,68739379727803,,68739379727803,,65845263180000,,0,,1
1762480800,2025-11-07,2025-11-07 02:00,68751379434275,,68751379434275,,65845263180000,,0,,1
1762484400,2025-11-07,2025-11-07 03:00,68763450361416,,68763450361416,,65845263180000,,0,,1
1762488000,2025-11-07,2025-11-07 04:00,68775592936845,,68775592936845,,65845263180000,,0,,1
1762491600,2025-11-07,2025-11-07 05:00,68787807588749,,68787807588749,,65845263180000,,0,,1
1762495200,2025-11-07,2025-11-07 06:00,68800094745819,,68800094745819,,65845263180000,,0,,1
1762498800,2025-11-07,2025-11-07 07:00,68812454837206,,68812454837206,,65845263180000,,0,,1
1762502400,2025-11-07,2025-11-07 08:00,68824888292570,,68824888292570,,65845263180000,,0,,1
1762506000,2025-11-07,2025-11-07 09:00,68837395542165,,68837395542165,,65845263180000,,0,,1
1762509600,2025-11-07,2025-11-07 10:00,68849977016690,,68849977016690,,65845263180000,,0,,1
1762513200,2025-11-07,2025-11-07 11:00,68862633147362,,68862633147362,,65845263180000,,0,,1
1762516800,2025-11-07,2025-11-07 12:00,68875364366018,,68875364366018,,65845263180000,,0,,1
1762520400,2025-11-07,2025-11-07 13:00,68888171104939,,68888171104939,,65845263180000,,0,,1
1762524000,2025-11-07,2025-11-07 14:00,68901053796976,,68901053796976,,65845263180000,,0,,1
1762527600,2025-11-07,2025-11-07 15:00,68914012875521,,68914012875521,,65845263180000,,0,,1
1762531200,2025-11-07,2025-11-07 16:00,68927048774515,,68927048774515,,65845263180000,,0,,1
1762534800,2025-11-07,2025-11-07 17:00,68940161928413,,68940161928413,,65845263180000,,0,,1
1762538400,2025-11-07,2025-11-07 18:00,68953352772373,,68953352772373,,65845263180000,,0,,1
1762542000,2025-11-07,2025-11-07 19:00,68966621741858,,68966621741858,,65845263180000,,0,,1
1762545600,2025-11-07,2025-11-07 20:00,68979969273193,,68979969273193,,65845263180000,,0,,1
1762549200,2025-11-07,2025-11-07 21:00,68993395803013,,68993395803013,,65845263180000,,0,,1
1762552800,2025-11-07,2025-11-07 22:00,69006901768676,,69006901768676,,65845263180000,,0,,1
1762556400,2025-11-07,2025-11-07 23:00,69020487608127,,69020487608127,,65845263180000,,0,,1
1762560000,2025-11-08,2025-11-08 00:00,69034153759727,,69034153759727,,65845263180000,,0,,1
1762563600,2025-11-08,2025-11-08 01:00,69047900662722,,69047900662722,,65845263180000,,0,,1
1762567200,2025-11-08,2025-11-08 02:00,69061728756654,,69061728756654,,65845263180000,,0,,1
1762570800,2025-11-08,2025-11-08 03:00,69075638481882,,69075638481882,,65845263180000,,0,,1
1762574400,2025-11-08,2025-11-08 04:00,69089630279191,,69089630279191,,65845263180000,,0,,1
1762578000,2025-11-08,2025-11-08 05:00,69103704590157,,69103704590157,,65845263180000,,0,,1
1762581600,2025-11-08,2025-11-08 06:00,69117861856783,,69117861856783,,65845263180000,,0,,1
1762585200,2025-11-08,2025-11-08 07:00,69132102521883,,69132102521883,,65845263180000,,0,,1
1762588800,2025-11-08,2025-11-08 08:00,69146427028750,,69146427028750,,65845263180000,,0,,1
1762592400,2025-11-08,2025-11-08 09:00,69160835821303,,69160835821303,,65845263180000,,0,,1
1762596000,2025-11-08,2025-11-08 10:00,69175329344250,,69175329344250,,65845263180000,,0,,1
1762599600,2025-11-08,2025-11-08 11:00,69189908042783,,69189908042783,,65845263180000,,0,,1
1762603200,2025-11-08,2025-11-08 12:00,69204572362791,,69204572362791,,65845263180000,,0,,1
1762606800,2025-11-08,2025-11-08 13:00,69219322750756,,69219322750756,,65845263180000,,0,,1
1762610400,2025-11-08,2025-11-08 14:00,69234159653981,,69234159653981,,65845263180000,,0,,1
1762614000,2025-11-08,2025-11-08 15:00,69249083520265,,69249083520265,,65845263180000,,0,,1
1762617600,2025-11-08,2025-11-08 16:00,69264094798126,,69264094798126,,65845263180000,,0,,1
1762621200,2025-11-08,2025-11-08 17:00,69279193936752,,69279193936752,,65845263180000,,0,,1
1762624800,2025-11-08,2025-11-08 18:00,69297706410104,,69297706410104,,65845263180000,,0,,1
1762628400,2025-11-08,2025-11-08 19:00,69313004900003,,69313004900003,,65845263180000,,0,,1
1762632000,2025-11-08,2025-11-08 20:00,69328397087359,,69328397087359,,65845263180000,,0,,1
1762635600,2025-11-08,2025-11-08 21:00,69343883689879,,69343883689879,,65845263180000,,0,,1
1762639200,2025-11-08,2025-11-08 22:00,69359465426371,,69359465426371,,65845263180000,,0,,1
1762642800,2025-11-08,2025-11-08 23:00,69375143016424,,69375143016424,,65845263180000,,0,,1
1762646400,2025-11-09,2025-11-09 00:00,69390917180946,,69390917180946,,65845263180000,,0,,1
1762650000,2025-11-09,2025-11-09 01:00,69406788641443,,69406788641443,,65845263180000,,0,,1
1762653600,2025-11-09,2025-11-09 02:00,69422758120767,,69422758120767,,65845263180000,,0,,1
1762657200,2025-11-09,2025-11-09 03:00,69438826342651,,69438826342651,,65845263180000,,0,,1
1762660800,2025-11-09,2025-11-09 04:00,69454994031787,,69454994031787,,65845263180000,,0,,1
1762664400,2025-11-09,2025-11-09 05:00,69471261913971,,69471261913971,,65845263180000,,0,,1
1762668000,2025-11-09,2025-11-09 06:00,69487630716119,,69487630716119,,65845263180000,,0,,1
1762671600,2025-11-09,2025-11-09 07:00,69504101166060,,69504101166060,,65845263180000,,0,,1
1762675200,2025-11-09,2025-11-09 08:00,69520673992837,,69520673992837,,65845263180000,,0,,1
1762678800,2025-11-09,2025-11-09 09:00,69537349926419,,69537349926419,,65845263180000,,0,,1
1762682400,2025-11-09,2025-11-09 10:00,69554129697940,,69554129697940,,65845263180000,,0,,1
1762686000,2025-11-09,2025-11-09 11:00,69571014039706,,69571014039706,,65845263180000,,0,,1
1762689600,2025-11-09,2025-11-09 12:00,69588003684979,,69588003684979,,65845263180000,,0,,1
1762693200,2025-11-09,2025-11-09 13:00,69605099368214,,69605099368214,,65845263180000,,0,,1
1762696800,2025-11-09,2025-11-09 14:00,69622301825160,,69622301825160,,65845263180000,,0,,1
1762700400,2025-11-09,2025-11-09 15:00,69639611792299,,69639611792299,,65845263180000,,0,,1
1762704000,2025-11-09,2025-11-09 16:00,69657030007671,,69657030007671,,65845263180000,,0,,1
1762707600,2025-11-09,2025-11-09 17:00,69674557210230,,69674557210230,,65845263180000,,0,,1
1762711200,2025-11-09,2025-11-09 18:00,69692194140185,,69692194140185,,65845263180000,,0,,1
1762714800,2025-11-09,2025-11-09 19:00,69709941539099,,69709941539099,,65845263180000,,0,,1
1762718400,2025-11-09,2025-11-09 20:00,69727800149302,,69727800149302,,65845263180000,,0,,1
1762722000,2025-11-09,2025-11-09 21:00,69745770714757,,69745770714757,,65845263180000,,0,,1
1762725600,2025-11-09,2025-11-09 22:00,69763853980384,,69763853980384,,65845263180000,,0,,1
1762729200,2025-11-09,2025-11-09 23:00,69782050692417,,69782050692417,,65845263180000,,0,,1
1762732800,2025-11-10,2025-11-10 00:00,69800361598421,,69800361598421,,65845263180000,,0,,1
1762736400,2025-11-10,2025-11-10 01:00,69818787447121,,69818787447121,,65845263180000,,0,,1
1762740000,2025-11-10,2025-11-10 02:00,69837328988411,,69837328988411,,65845263180000,,0,,1
1762743600,2025-11-10,2025-11-10 03:00,69855986973551,,69855986973551,,65845263180000,,0,,1
1762747200,2025-11-10,2025-11-10 04:00,69874762155178,,69874762155178,,65845263180000,,0,,1
1762750800,2025-11-10,2025-11-10 05:00,69893655287040,,69893655287040,,65845263180000,,0,,1
1762754400,2025-11-10,2025-11-10 06:00,69912667124284,,69912667124284,,65845263180000,,0,,1
1762758000,2025-11-10,2025-11-10 07:00,69931798423479,,69931798423479,,65845263180000,,0,,1
1762761600,2025-11-10,2025-11-10 08:00,69951049942330,,69951049942330,,65845263180000,,0,,1
1762765200,2025-11-10,2025-11-10 09:00,69970422440085,,69970422440085,,65845263180000,,0,,1
1762768800,2025-11-10,2025-11-10 10:00,69989916677147,,69989916677147,,65845263180000,,0,,1
1762772400,2025-11-10,2025-11-10 11:00,70009533415390,,70009533415390,,65845263180000,,0,,1
1762776000,2025-11-10,2025-11-10 12:00,70029273418276,,70029273418276,,65845263180000,,0,,1
1762779600,2025-11-10,2025-11-10 13:00,70049137450143,,70049137450143,,65845263180000,,0,,1
1762783200,2025-11-10,2025-11-10 14:00,70069126277149,,70069126277149,,65845263180000,,0,,1
1762786800,2025-11-10,2025-11-10 15:00,70089240666981,,70089240666981,,65845263180000,,0,,1
1762790400,2025-11-10,2025-11-10 16:00,70109481388228,,70109481388228,,65845263180000,,0,,1
1762794000,2025-11-10,2025-11-10 17:00,70129849211452,,70129849211452,,65845263180000,,0,,1
1762797600,2025-11-10,2025-11-10 18:00,70150344908356,,70150344908356,,65845263180000,,0,,1
1762801200,2025-11-10,2025-11-10 19:00,70170969252327,,70170969252327,,65845263180000,,0,,1
1762804800,2025-11-10,2025-11-10 20:00,70191723018017,,70191723018017,,65845263180000,,0,,1
1762808400,2025-11-10,2025-11-10 21:00,70212606981796,,70212606981796,,65845263180000,,0,,1
1762812000,2025-11-10,2025-11-10 22:00,70233621921322,,70233621921322,,65845263180000,,0,,1
1762815600,2025-11-10,2025-11-10 23:00,70254768615884,,70254768615884,,65845263180000,,0,,1
1762819200,2025-11-11,2025-11-11 00:00,70276047846424,,70276047846424,,65845263180000,,0,,1
1762822800,2025-11-11,2025-11-11 01:00,70297460395207,,70297460395207,,65845263180000,,0,,1
1762826400,2025-11-11,2025-11-11 02:00,70319007046172,,70319007046172,,65845263180000,,0,,1
1762830000,2025-11-11,2025-11-11 03:00,70340688584955,,70340688584955,,65845263180000,,0,,1
1762833600,2025-11-11,2025-11-11 04:00,70362505798549,,70362505798549,,65845263180000,,0,,1
1762837200,2025-11-11,2025-11-11 05:00,70384459475788,,70384459475788,,65845263180000,,0,,1
1762840800,2025-11-11,2025-11-11 06:00,70406550407007,,70406550407007,,65845263180000,,0,,1
1762844400,2025-11-11,2025-11-11 07:00,70442292663772,,70442292663772,,65845263180000,,0,,1
1762848000,2025-11-11,2025-11-11 08:00,70464705766927,,70464705766927,,65845263180000,,0,,1
1762851600,2025-11-11,2025-11-11 09:00,70487262951444,,70487262951444,,65845263180000,,0,,1
1762855200,2025-11-11,2025-11-11 10:00,70509965152492,,70509965152492,,65845263180000,,0,,1
1762858800,2025-11-11,2025-11-11 11:00,70532813307290,,70532813307290,,65845263180000,,0,,1
1762862400,2025-11-11,2025-11-11 12:00,70555808354608,,70555808354608,,65845263180000,,0,,1
1762866000,2025-11-11,2025-11-11 13:00,70578951235555,,70578951235555,,65845263180000,,0,,1
1762869600,2025-11-11,2025-11-11 14:00,70602242893214,,70602242893214,,65845263180000,,0,,1
1762873200,2025-11-11,2025-11-11 15:00,70625684272399,,70625684272399,,65845263180000,,0,,1
1762876800,2025-11-11,2025-11-11 16:00,70649276320064,,70649276320064,,65845263180000,,0,,1
1762880400,2025-11-11,2025-11-11 17:00,70673019985187,,70673019985187,,65845263180000,,0,,1
1762884000,2025-11-11,2025-11-11 18:00,70696916218795,,70696916218795,,65845263180000,,0,,1
1762887600,2025-11-11,2025-11-11 19:00,70720965973976,,70720965973976,,65845263180000,,0,,1
1762891200,2025-11-11,2025-11-11 20:00,70745170205906,,70745170205906,,65845263180000,,0,,1
1762894800,2025-11-11,2025-11-11 21:00,70769529871858,,70769529871858,,65845263180000,,0,,1
1762898400,2025-11-11,2025-11-11 22:00,70794045931371,,70794045931371,,65845263180000,,0,,1
1762902000,2025-11-11,2025-11-11 23:00,70818719345704,,70818719345704,,65845263180000,,0,,1
1762905600,2025-11-12,2025-11-12 00:00,70843551078835,,70843551078835,,65845263180000,,0,,1
1762909200,2025-11-12,2025-11-12 01:00,70868542096359,,70868542096359,,65845263180000,,0,,1
1762912800,2025-11-12,2025-11-12 02:00,70893693366636,,70893693366636,,65845263180000,,0,,1
1762916400,2025-11-12,2025-11-12 03:00,70919005859821,,70919005859821,,65845263180000,,0,,1
1762920000,2025-11-12,2025-11-12 04:00,70944480548448,,70944480548448,,65845263180000,,0,,1
1762923600,2025-11-12,2025-11-12 05:00,70970118407161,,70970118407161,,65845263180000,,0,,1
1762927200,2025-11-12,2025-11-12 06:00,70995920413475,,70995920413475,,65845263180000,,0,,1
1762930800,2025-11-12,2025-11-12 07:00,71021887546319,,71021887546319,,65845263180000,,0,,1
1762934400,2025-11-12,2025-11-12 08:00,71048020787532,,71048020787532,,65845263180000,,0,,1
1762938000,2025-11-12,2025-11-12 09:00,71074321121144,,71074321121144,,65845263180000,,0,,1
1762941600,2025-11-12,2025-11-12 10:00,71100789533701,,71100789533701,,65845263180000,,0,,1
1762945200,2025-11-12,2025-11-12 11:00,71127427013672,,71127427013672,,65845263180000,,0,,1
1762948800,2025-11-12,2025-11-12 12:00,71154234552543,,71154234552543,,65845263180000,,0,,1
1762952400,2025-11-12,2025-11-12 13:00,71181213143605,,71181213143605,,65845263180000,,0,,1
1762956000,2025-11-12,2025-11-12 14:00,71208363783216,,71208363783216,,65845263180000,,0,,1
1762959600,2025-11-12,2025-11-12 15:00,71235687469736,,71235687469736,,65845263180000,,0,,1
1762963200,2025-11-12,2025-11-12 16:00,71263185204167,,71263185204167,,65845263180000,,0,,1
1762966800,2025-11-12,2025-11-12 17:00,71290857990021,,71290857990021,,65845263180000,,0,,1
1762970400,2025-11-12,2025-11-12 18:00,71318706833344,,71318706833344,,65845263180000,,0,,1
1762974000,2025-11-12,2025-11-12 19:00,71346732742733,,71346732742733,,65845263180000,,0,,1
1762977600,2025-11-12,2025-11-12 20:00,71374936729365,,71374936729365,,65845263180000,,0,,1
1762981200,2025-11-12,2025-11-12 21:00,71403319807177,,71403319807177,,65845263180000,,0,,1
1762984800,2025-11-12,2025-11-12 22:00,71431882992237,,71431882992237,,65845263180000,,0,,1
1762988400,2025-11-12,2025-11-12 23:00,71460627303914,,71460627303914,,65845263180000,,0,,1
1762992000,2025-11-13,2025-11-13 00:00,71489553763747,,71489553763747,,65845263180000,,0,,1
1762995600,2025-11-13,2025-11-13 01:00,71518663395963,,71518663395963,,65845263180000,,0,,1
1762999200,2025-11-13,2025-11-13 02:00,71547957228006,,71547957228006,,65845263180000,,0,,1
1763002800,2025-11-13,2025-11-13 03:00,71577436289550,,71577436289550,,65845263180000,,0,,1
1763006400,2025-11-13,2025-11-13 04:00,71607101613198,,71607101613198,,65845263180000,,0,,1
1763010000,2025-11-13,2025-11-13 05:00,71636954234334,,71636954234334,,65845263180000,,0,,1
1763013600,2025-11-13,2025-11-13 06:00,71666995191149,,71666995191149,,65845263180000,,0,,1
1763017200,2025-11-13,2025-11-13 07:00,71697225524663,,71697225524663,,65845263180000,,0,,1
1763020800,2025-11-13,2025-11-13 08:00,71727646278752,,71727646278752,,65845263180000,,0,,1
1763024400,2025-11-13,2025-11-13 09:00,71758258500348,,71758258500348,,65845263180000,,0,,1
1763028000,2025-11-13,2025-11-13 10:00,71789063238752,,71789063238752,,65845263180000,,0,,1
1763031600,2025-11-13,2025-11-13 11:00,71820061546903,,71820061546903,,65845263180000,,0,,1
1763035200,2025-11-13,2025-11-13 12:00,71851254480158,,71851254480158,,65845263180000,,0,,1
1763038800,2025-11-13,2025-11-13 13:00,71882643096848,,71882643096848,,65845263180000,,0,,1
1763042400,2025-11-13,2025-11-13 14:00,71914228458847,,71914228458847,,65845263180000,,0,,1
1763046000,2025-11-13,2025-11-13 15:00,71946011630514,,71946011630514,,65845263180000,,0,,1
1763049600,2025-11-13,2025-11-13 16:00,71977993679440,,71977993679440,,65845263180000,,0,,1
1763053200,2025-11-13,2025-11-13 17:00,72010175676293,,72010175676293,,65845263180000,,0,,1
1763056800,2025-11-13,2025-11-13 18:00,72042558694845,,72042558694845,,65845263180000,,0,,1
1763060400,2025-11-13,2025-11-13 19:00,72075143811994,,72075143811994,,65845263180000,,0,,1
1763064000,2025-11-13,2025-11-13 20:00,72128545566549,,72128545566549,,65845263180000,,0,,1
1763067600,2025-11-13,2025-11-13 21:00,72161476294745,,72161476294745,,65845263180000,,0,,1
1763071200,2025-11-13,2025-11-13 22:00,72194644128744,,72194644128744,,65845263180000,,0,,1
1763074800,2025-11-13,2025-11-13 23:00,72228050749059,,72228050749059,,65845263180000,,0,,1
1763078400,2025-11-14,2025-11-14 00:00,72261697841644,,72261697841644,,65845263180000,,0,,1
1763082000,2025-11-14,2025-11-14 01:00,72295587096591,,72295587096591,,65845263180000,,0,,1
1763085600,2025-11-14,2025-11-14 02:00,72329720209537,,72329720209537,,65845263180000,,0,,1
1763089200,2025-11-14,2025-11-14 03:00,72364098880935,,72364098880935,,65845263180000,,0,,1
1763092800,2025-11-14,2025-11-14 04:00,72398724816106,,72398724816106,,65845263180000,,0,,1
1763096400,2025-11-14,2025-11-14 05:00,72433599726080,,72433599726080,,65845263180000,,0,,1
1763100000,2025-11-14,2025-11-14 06:00,72468725326258,,72468725326258,,65845263180000,,0,,1
1763103600,2025-11-14,2025-11-14 07:00,72504103337860,,72504103337860,,65845263180000,,0,,1
1763107200,2025-11-14,2025-11-14 08:00,72539735487176,,72539735487176,,65845263180000,,0,,1
1763110800,2025-11-14,2025-11-14 09:00,72575623505618,,72575623505618,,65845263180000,,0,,1
1763114400,2025-11-14,2025-11-14 10:00,72611769130589,,72611769130589,,65845263180000,,0,,1
1763118000,2025-11-14,2025-11-14 11:00,72648174104105,,72648174104105,,65845263180000,,0,,1
1763121600,2025-11-14,2025-11-14 12:00,72684840174283,,72684840174283,,65845263180000,,0,,1
1763125200,2025-11-14,2025-11-14 13:00,72721769094578,,72721769094578,,65845263180000,,0,,1
1763128800,2025-11-14,2025-11-14 14:00,72758962624042,,72758962624042,,65845263180000,,0,,1
1763132400,2025-11-14,2025-11-14 15:00,72796422527376,,72796422527376,,65845263180000,,0,,1
1763136000,2025-11-14,2025-11-14 16:00,72834150574780,,72834150574780,,65845263180000,,0,,1
1763139600,2025-11-14,2025-11-14 17:00,72872148542639,,72872148542639,,65845263180000,,0,,1
1763143200,2025-11-14,2025-11-14 18:00,72910418212950,,72910418212950,,65845263180000,,0,,1
1763146800,2025-11-14,2025-11-14 19:00,72948961373590,,72948961373590,,65845263180000,,0,,1
1763150400,2025-11-14,2025-11-14 20:00,72987779818154,,72987779818154,,65845263180000,,0,,1
1763154000,2025-11-14,2025-11-14 21:00,73026875346664,,73026875346664,,65845263180000,,0,,1
1763157600,2025-11-14,2025-11-14 22:00,73066249764983,,73066249764983,,65845263180000,,0,,1
1763161200,2025-11-14,2025-11-14 23:00,73105904885085,,73105904885085,,65845263180000,,0,,1
1763164800,2025-11-15,2025-11-15 00:00,73145842525117,,73145842525117,,65845263180000,,0,,1
1763168400,2025-11-15,2025-11-15 01:00,73186064509457,,73186064509457,,65845263180000,,0,,1
1763172000,2025-11-15,2025-11-15 02:00,73226572668779,,73226572668779,,65845263180000,,0,,1
1763175600,2025-11-15,2025-11-15 03:00,73267368839657,,73267368839657,,65845263180000,,0,,1
1763179200,2025-11-15,2025-11-15 04:00,73308454866434,,73308454866434,,65845263180000,,0,,1
1763182800,2025-11-15,2025-11-15 05:00,73349832598124,,73349832598124,,65845263180000,,0,,1
1763186400,2025-11-15,2025-11-15 06:00,73391503891867,,73391503891867,,65845263180000,,0,,1
1763190000,2025-11-15,2025-11-15 07:00,73433470610499,,73433470610499,,65845263180000,,0,,1
1763193600,2025-11-15,2025-11-15 08:00,73475734623515,,73475734623515,,65845263180000,,0,,1
1763197200,2025-11-15,2025-11-15 09:00,73518297807604,,73518297807604,,65845263180000,,0,,1
1763200800,2025-11-15,2025-11-15 10:00,73561162046017,,73561162046017,,65845263180000,,0,,1
1763204400,2025-11-15,2025-11-15 11:00,73604329228866,,73604329228866,,65845263180000,,0,,1
1763208000,2025-11-15,2025-11-15 12:00,73647801252950,,73647801252950,,65845263180000,,0,,1
1763211600,2025-11-15,2025-11-15 13:00,73691580022529,,73691580022529,,65845263180000,,0,,1
1763215200,2025-11-15,2025-11-15 14:00,73735667448924,,73735667448924,,65845263180000,,0,,1
1763218800,2025-11-15,2025-11-15 15:00,73780065449863,,73780065449863,,65845263180000,,0,,1
1763222400,2025-11-15,2025-11-15 16:00,73824775950979,,73824775950979,,65845263180000,,0,,1
1763226000,2025-11-15,2025-11-15 17:00,73869800884684,,73869800884684,,65845263180000,,0,,1
1763229600,2025-11-15,2025-11-15 18:00,73915142191442,,73915142191442,,65845263180000,,0,,1
1763233200,2025-11-15,2025-11-15 19:00,73960801818142,,73960801818142,,65845263180000,,0,,1
1763236800,2025-11-15,2025-11-15 20:00,74006781719619,,74006781719619,,65845263180000,,0,,1
1763240400,2025-11-15,2025-11-15 21:00,74053083858739,,74053083858739,,65845263180000,,0,,1
1763244000,2025-11-15,2025-11-15 22:00,74099710205237,,74099710205237,,65845263180000,,0,,1
1763247600,2025-11-15,2025-11-15 23:00,74146662736516,,74146662736516,,65845263180000,,0,,1
1763251200,2025-11-16,2025-11-16 00:00,74193943438476,,74193943438476,,65845263180000,,0,,1
1763254800,2025-11-16,2025-11-16 01:00,74241554303836,,74241554303836,,65845263180000,,0,,1
1763258400,2025-11-16,2025-11-16 02:00,74289497333957,,74289497333957,,65845263180000,,0,,1
1763262000,2025-11-16,2025-11-16 03:00,74337774537659,,74337774537659,,65845263180000,,0,,1
1763265600,2025-11-16,2025-11-16 04:00,74386387932564,,74386387932564,,65845263180000,,0,,1
1763269200,2025-11-16,2025-11-16 05:00,74435339543386,,74435339543386,,65845263180000,,0,,1
1763272800,2025-11-16,2025-11-16 06:00,74484631403790,,74484631403790,,65845263180000,,0,,1
1763276400,2025-11-16,2025-11-16 07:00,74534265555449,,74534265555449,,65845263180000,,0,,1
1763280000,2025-11-16,2025-11-16 08:00,74584244048372,,74584244048372,,65845263180000,,0,,1
1763283600,2025-11-16,2025-11-16 09:00,74634568940984,,74634568940984,,65845263180000,,0,,1
1763287200,2025-11-16,2025-11-16 10:00,74685242299932,,74685242299932,,65845263180000,,0,,1
1763290800,2025-11-16,2025-11-16 11:00,74736266200960,,74736266200960,,65845263180000,,0,,1
1763294400,2025-11-16,2025-11-16 12:00,74787642728193,,74787642728193,,65845263180000,,0,,1
1763298000,2025-11-16,2025-11-16 13:00,74839373974482,,74839373974482,,65845263180000,,0,,1
1763301600,2025-11-16,2025-11-16 14:00,74891462041481,,74891462041481,,65845263180000,,0,,1
1763305200,2025-11-16,2025-11-16 15:00,74943909039456,,74943909039456,,65845263180000,,0,,1
1763308800,2025-11-16,2025-11-16 16:00,74996717088174,,74996717088174,,65845263180000,,0,,1
1763312400,2025-11-16,2025-11-16 17:00,75049888316177,,75049888316177,,65845263180000,,0,,1
1763316000,2025-11-16,2025-11-16 18:00,75103424861135,,75103424861135,,65845263180000,,0,,1
1763319600,2025-11-16,2025-11-16 19:00,75157328869922,,75157328869922,,65845263180000,,0,,1
1763323200,2025-11-16,2025-11-16 20:00,75211602498428,,75211602498428,,65845263180000,,0,,1
1763326800,2025-11-16,2025-11-16 21:00,75266247912743,,75266247912743,,65845263180000,,0,,1
1763330400,2025-11-16,2025-11-16 22:00,75321267287307,,75321267287307,,65845263180000,,0,,1
1763334000,2025-11-16,2025-11-16 23:00,75376662806654,,75376662806654,,65845263180000,,0,,1
1763337600,2025-11-17,2025-11-17 00:00,75432436665505,,75432436665505,,65845263180000,,0,,1
1763341200,2025-11-17,2025-11-17 01:00,75488591067456,,75488591067456,,65845263180000,,0,,1
1763344800,2025-11-17,2025-11-17 02:00,75545128225896,,75545128225896,,65845263180000,,0,,1
1763348400,2025-11-17,2025-11-17 03:00,75602050364663,,75602050364663,,65845263180000,,0,,1
1763352000,2025-11-17,2025-11-17 04:00,75659359717287,,75659359717287,,65845263180000,,0,,1
1763355600,2025-11-17,2025-11-17 05:00,75717058527360,,75717058527360,,65845263180000,,0,,1
1763359200,2025-11-17,2025-11-17 06:00,75775149048622,,75775149048622,,65845263180000,,0,,1
1763362800,2025-11-17,2025-11-17 07:00,75833633544761,,75833633544761,,65845263180000,,0,,1
1763366400,2025-11-17,2025-11-17 08:00,75892514290372,,75892514290372,,65845263180000,,0,,1
1763370000,2025-11-17,2025-11-17 09:00,75951793570183,,75951793570183,,65845263180000,,0,,1
1763373600,2025-11-17,2025-11-17 10:00,76011473679431,,76011473679431,,65845263180000,,0,,1
1763377200,2025-11-17,2025-11-17 11:00,76071556923959,,76071556923959,,65845263180000,,0,,1
1763380800,2025-11-17,2025-11-17 12:00,76132045620005,,76132045620005,,65845263180000,,0,,1
1763384400,2025-11-17,2025-11-17 13:00,76192942095190,,76192942095190,,65845263180000,,0,,1
1763388000,2025-11-17,2025-11-17 14:00,76254248687721,,76254248687721,,65845263180000,,0,,1
1763391600,2025-11-17,2025-11-17 15:00,76315967746784,,76315967746784,,65845263180000,,0,,1
1763395200,2025-11-17,2025-11-17 16:00,76378101632639,,76378101632639,,65845263180000,,0,,1
1763398800,2025-11-17,2025-11-17 17:00,76440652716408,,76440652716408,,65845263180000,,0,,1
1763402400,2025-11-17,2025-11-17 18:00,76503623381087,,76503623381087,,65845263180000,,0,,1
1763406000,2025-11-17,2025-11-17 19:00,76567016021039,,76567016021039,,65845263180000,,0,,1
1763409600,2025-11-17,2025-11-17 20:00,76630833041168,,76630833041168,,65845263180000,,0,,1
1763413200,2025-11-17,2025-11-17 21:00,76695076858550,,76695076858550,,65845263180000,,0,,1
1763416800,2025-11-17,2025-11-17 22:00,76759749902537,,76759749902537,,65845263180000,,0,,1
1763420400,2025-11-17,2025-11-17 23:00,76824854613006,,76824854613006,,65845263180000,,0,,1
1763424000,2025-11-18,2025-11-18 00:00,76890393442938,,76890393442938,,65845263180000,,0,,1
1763427600,2025-11-18,2025-11-18 01:00,76956368855712,,76956368855712,,65845263180000,,0,,1
1763431200,2025-11-18,2025-11-18 02:00,77022783328969,,77022783328969,,65845263180000,,0,,1
1763434800,2025-11-18,2025-11-18 03:00,77089639349998,,77089639349998,,65845263180000,,0,,1
1763438400,2025-11-18,2025-11-18 04:00,77156939420254,,77156939420254,,65845263180000,,0,,1
1763442000,2025-11-18,2025-11-18 05:00,77224686053257,,77224686053257,,65845263180000,,0,,1
1763445600,2025-11-18,2025-11-18 06:00,77292881774048,,77292881774048,,65845263180000,,0,,1
1763449200,2025-11-18,2025-11-18 07:00,77361529120893,,77361529120893,,65845263180000,,0,,1
1763452800,2025-11-18,2025-11-18 08:00,77430630645400,,77430630645400,,65845263180000,,0,,1
1763456400,2025-11-18,2025-11-18 09:00,77500188911013,,77500188911013,,65845263180000,,0,,1
1763460000,2025-11-18,2025-11-18 10:00,77570206494081,,77570206494081,,65845263180000,,0,,1
1763463600,2025-11-18,2025-11-18 11:00,77640685984624,,77640685984624,,65845263180000,,0,,1
1763467200,2025-11-18,2025-11-18 12:00,77711629985467,,77711629985467,,65845263180000,,0,,1
1763470800,2025-11-18,2025-11-18 13:00,77783041112674,,77783041112674,,65845263180000,,0,,1
1763474400,2025-11-18,2025-11-18 14:00,77854921995330,,77854921995330,,65845263180000,,0,,1
1763478000,2025-11-18,2025-11-18 15:00,77927275276979,,77927275276979,,65845263180000,,0,,1
1763481600,2025-11-18,2025-11-18 16:00,78000103613411,,78000103613411,,65845263180000,,0,,1
1763485200,2025-11-18,2025-11-18 17:00,78073409674769,,78073409674769,,65845263180000,,0,,1
1763488800,2025-11-18,2025-11-18 18:00,78147196145679,,78147196145679,,65845263180000,,0,,1
1763492400,2025-11-18,2025-11-18 19:00,78221465723680,,78221465723680,,65845263180000,,0,,1
1763496000,2025-11-18,2025-11-18 20:00,78296221120340,,78296221120340,,65845263180000,,0,,1
1763499600,2025-11-18,2025-11-18 21:00,78446205367410,,78446205367410,,65845263180000,,0,,1
1763503200,2025-11-18,2025-11-18 22:00,78521542319116,,78521542319116,,65845263180000,,0,,1
1763506800,2025-11-18,2025-11-18 23:00,78597489685420,,78597489685420,,65845263180000,,0,,1
1763510400,2025-11-19,2025-11-19 00:00,78674051759734,,78674051759734,,65845263180000,,0,,1
1763514000,2025-11-19,2025-11-19 01:00,78751232858857,,78751232858857,,65845263180000,,0,,1
1763517600,2025-11-19,2025-11-19 02:00,78829037324266,,78829037324266,,65845263180000,,0,,1
1763521200,2025-11-19,2025-11-19 03:00,78888964305504,,78888964305504,,65845263180000,,0,,1
1763524800,2025-11-19,2025-11-19 04:00,78937799830494,,78937799830494,,65845263180000,,0,,1
1763528400,2025-11-19,2025-11-19 05:00,78986779859859,,78986779859859,,65845263180000,,0,,1
1763532000,2025-11-19,2025-11-19 06:00,79035904920591,,79035904920591,,65845263180000,,0,,1
1763535600,2025-11-19,2025-11-19 07:00,79085175541501,,79085175541501,,65845263180000,,0,,1
1763539200,2025-11-19,2025-11-19 08:00,79134592252160,,79134592252160,,65845263180000,,0,,1
1763542800,2025-11-19,2025-11-19 09:00,79184155583973,,79184155583973,,65845263180000,,0,,1
1763546400,2025-11-19,2025-11-19 10:00,79233866070189,,79233866070189,,65845263180000,,0,,1
1763550000,2025-11-19,2025-11-19 11:00,79283724244828,,79283724244828,,65845263180000,,0,,1
1763553600,2025-11-19,2025-11-19 12:00,79333730643767,,79333730643767,,65845263180000,,0,,1
1763557200,2025-11-19,2025-11-19 13:00,79383885804753,,79383885804753,,65845263180000,,0,,1
1763560800,2025-11-19,2025-11-19 14:00,79434190266317,,79434190266317,,65845263180000,,0,,1
1763564400,2025-11-19,2025-11-19 15:00,79484644569240,,79484644569240,,65845263180000,,0,,1
1763568000,2025-11-19,2025-11-19 16:00,79535249255092,,79535249255092,,65845263180000,,0,,1
1763571600,2025-11-19,2025-11-19 17:00,79586004867344,,79586004867344,,65845263180000,,0,,1
1763575200,2025-11-19,2025-11-19 18:00,79636911951377,,79636911951377,,65845263180000,,0,,1
1763578800,2025-11-19,2025-11-19 19:00,79687971053376,,79687971053376,,65845263180000,,0,,1
1763582400,2025-11-19,2025-11-19 20:00,79739182721449,,79739182721449,,65845263180000,,0,,1
1763586000,2025-11-19,2025-11-19 21:00,79790547505643,,79790547505643,,65845263180000,,0,,1
1763589600,2025-11-19,2025-11-19 22:00,79842065956820,,79842065956820,,65845263180000,,0,,1
1763593200,2025-11-19,2025-11-19 23:00,79893738627790,,79893738627790,,65845263180000,,0,,1
1763596800,2025-11-20,2025-11-20 00:00,79945566073328,,79945566073328,,65845263180000,,0,,1
