timestamp,date,datetime,supply_assets,supply_usd,borrow_assets,borrow_usd,collateral_assets,collateral_usd,liquidity_assets,liquidity_usd,utilization
1758672000,2025-09-24,2025-09-24 00:00,3164123447,3162.883110608776,128920983,128.87044597466402,271379200197025333516,271.37920019702534,3035202464,3034.0126646341123,0.040744612262910866
1758675600,2025-09-24,2025-09-24 01:00,3164123451,3163.183706335053,128920987,128.882697466861,271379200197025333516,271.37920019702534,3035202464,3034.301008868192,0.0407446134755758
1758679200,2025-09-24,2025-09-24 02:00,3164123455,3163.08562250676,128920991,128.87870491495198,271379200197025333516,271.37920019702534,3035202464,3034.206917591808,0.04074461468824073
1758682800,2025-09-24,2025-09-24 03:00,3164123460,3163.14890997432,128920996,128.881288333232,271379200197025333516,271.37920019702534,3035202464,3034.267621641088,0.04074461620407188
1758686400,2025-09-24,2025-09-24 04:00,3164123464,3163.1805552077276,128921000,128.882581542,271379200197025333516,271.6505793972223,3035202464,3034.297973665728,0.04074461741673681
1758690000,2025-09-24,2025-09-24 05:00,3164123468,3163.183723330004,128921004,128.88271446181201,271379200197025333516,271.6505793972223,3035202464,3034.301008868192,0.04074461862940173
1758693600,2025-09-24,2025-09-24 06:00,3164123472,3163.183727328816,128921008,128.882718460624,271379200197025333516,271.37920019702534,3035202464,3034.301008868192,0.04074461984206664
1758697200,2025-09-24,2025-09-24 07:00,3164123476,3163.19005957458,128921012,128.88298030145998,271379200197025333516,271.37920019702534,3035202464,3034.30707927312,0.040744621054731554
1758700800,2025-09-24,2025-09-24 08:00,3164123480,3163.18057120296,128921016,128.88259753723202,271379200197025333516,271.0915382448165,3035202464,3034.297973665728,0.04074462226739647
1758704400,2025-09-24,2025-09-24 09:00,3164123485,3163.18057620147,128921021,128.882602535742,271379200197025333516,271.37920019702534,3035202464,3034.297973665728,0.0407446237832276
1758708000,2025-09-24,2025-09-24 10:00,3164123489,3163.177416076789,128921025,128.88247761352497,271379200197025333516,271.1474423600571,3035202464,3034.294938463264,0.0407446249958925
1758711600,2025-09-24,2025-09-24 11:00,3164123493,3163.193240693058,128921029,128.883126217474,271379200197025333516,271.2725481713479,3035202464,3034.3101144755838,0.040744626208557407
1758715200,2025-09-24,2025-09-24 12:00,3164123497,3163.186916444888,128921033,128.882872374232,271379200197025333516,271.2405254257246,3035202464,3034.304044070656,0.0407446274212223
1758718800,2025-09-24,2025-09-24 13:00,3164123501,3163.193248690706,128921037,128.883134215122,271379200197025333516,271.0795975600078,3035202464,3034.3101144755838,0.0407446286338872
1758722400,2025-09-24,2025-09-24 14:00,3164123506,3163.19008956573,128921042,128.88301029260998,271379200197025333516,271.11650513123465,3035202464,3034.30707927312,0.04074463014971831
1758726000,2025-09-24,2025-09-24 15:00,3164123510,3163.19325768806,128921046,128.883143212476,271379200197025333516,271.2565367985363,3035202464,3034.3101144755838,0.040744631362383196
1758729600,2025-09-24,2025-09-24 16:00,3164123514,3163.1742769458,128921050,128.882373685,271379200197025333516,271.37920019702534,3035202464,3034.2919032608,0.04074463257504808
1758733200,2025-09-24,2025-09-24 17:00,3164123518,3163.088849609614,128921054,128.878896815342,271379200197025333516,271.36997330421866,3035202464,3034.209952794272,0.04074463378771296
1758736800,2025-09-24,2025-09-24 18:00,3164123522,3163.1901055610097,128921058,128.88302628788998,271379200197025333516,271.2663064497434,3035202464,3034.30707927312,0.04074463500037784
1758740400,2025-09-24,2025-09-24 19:00,3164123526,3163.1837813127777,128921062,128.882772444586,271379200197025333516,271.1729520048756,3035202464,3034.301008868192,0.040744636213042716
1758744000,2025-09-24,2025-09-24 20:00,3164123531,3163.190114558355,128921067,128.883035285235,271379200197025333516,271.12328961123956,3035202464,3034.30707927312,0.0407446377288738
1758747600,2025-09-24,2025-09-24 21:00,3164123535,3163.1458208276854,128921071,128.881234389061,271379200197025333516,271.2068744049002,3035202464,3034.264586438624,0.04074463894153867
1758751200,2025-09-24,2025-09-24 22:00,3164123539,3163.019259884889,128921075,128.87608154482498,271379200197025333516,271.2980578161664,3035202464,3034.143178340064,0.04074464015420354
1758754800,2025-09-24,2025-09-24 23:00,3164123543,3163.1964548019014,128921079,128.883305123853,271379200197025333516,271.24133956332525,3035202464,3034.313149678048,0.040744641366868395
1758758400,2025-09-25,2025-09-25 00:00,3164123547,3163.190130553635,128921083,128.883051280515,271379200197025333516,271.21040233450276,3035202464,3034.30707927312,0.04074464257953326
1758762000,2025-09-25,2025-09-25 01:00,3164123551,3163.1901345524548,128921087,128.883055279335,271379200197025333516,271.1751230384772,3035202464,3034.30707927312,0.04074464379219811
1758765600,2025-09-25,2025-09-25 02:00,3164123556,3163.19013955098,128921092,128.88306027785998,271379200197025333516,271.37920019702534,3035202464,3034.30707927312,0.040744645308029175
1758769200,2025-09-25,2025-09-25 03:00,3164123560,3163.17115880844,128921096,128.882290750104,271379200197025333516,271.37920019702534,3035202464,3034.288868058336,0.040744646520694025
1758772800,2025-09-25,2025-09-25 04:00,3164123564,3163.1521780658522,128921100,128.8815212223,271379200197025333516,271.35260503540604,3035202464,3034.270656843552,0.040744647733358876
1758776400,2025-09-25,2025-09-25 05:00,3164123568,3162.864246819936,128921104,128.86979340060802,271379200197025333516,271.30972712177487,3035202464,3033.994453419328,0.04074464894602372
1758780000,2025-09-25,2025-09-25 06:00,3164123572,3163.193319669832,128921108,128.883205194248,271379200197025333516,271.37920019702534,3035202464,3034.3101144755838,0.040744650158688556
1758783600,2025-09-25,2025-09-25 07:00,3164123577,3163.196488791939,128921113,128.883339113891,271379200197025333516,271.2293988785166,3035202464,3034.313149678048,0.0407446516745196
1758787200,2025-09-25,2025-09-25 08:00,3164123581,3163.4970845309617,128921117,128.895590618834,271379200197025333516,271.28611713135774,3035202464,3034.601493912128,0.040744652887184436
1758790800,2025-09-25,2025-09-25 09:00,3164123585,3163.4970885301695,128921121,128.895594618042,271379200197025333516,271.6505793972223,3035202464,3034.601493912128,0.040744654099849266
1758794400,2025-09-25,2025-09-25 10:00,3164123589,3163.196500788423,128921125,128.883351110375,271379200197025333516,271.2918160945619,3035202464,3034.313149678048,0.04074465531251409
1758798000,2025-09-25,2025-09-25 11:00,3164123593,3163.4907682814,128921129,128.8953447742,271379200197025333516,271.3230247025846,3035202464,3034.5954235072,0.04074465652517891
1758801600,2025-09-25,2025-09-25 12:00,3164123597,3163.1743599209,128921133,128.8824566601,271379200197025333516,271.3469060722019,3035202464,3034.2919032608,0.040744657737843734
1758805200,2025-09-25,2025-09-25 13:00,3164123602,3162.98451750328,128921138,128.87472639032,271379200197025333516,270.83372800462934,3035202464,3034.10979111296,0.04074465925367476
1758808800,2025-09-25,2025-09-25 14:00,3164123606,3163.050968097566,128921142,128.877437732862,271379200197025333516,270.85896627024766,3035202464,3034.173530364704,0.040744660466339566
1758812400,2025-09-25,2025-09-25 15:00,3164123610,3163.1996859058804,128921146,128.883501025368,271379200197025333516,271.37920019702534,3035202464,3034.316184880512,0.04074466167900438
1758816000,2025-09-25,2025-09-25 16:00,3164123614,3163.19019753387,128921150,128.88311826075,271379200197025333516,271.2475812849298,3035202464,3034.30707927312,0.040744662891669184
1758819600,2025-09-25,2025-09-25 17:00,3164123618,3163.117426689476,128921154,128.880157073028,271379200197025333516,271.06575722079776,3035202464,3034.237269616448,0.04074466410433399
1758823200,2025-09-25,2025-09-25 18:00,3164123623,3162.918091899637,128921159,128.872040038421,271379200197025333516,271.2068744049002,3035202464,3034.0460518612163,0.040744665620164995
1758826800,2025-09-25,2025-09-25 19:00,3164123627,3163.1902105300346,128921163,128.883131256915,271379200197025333516,271.1981902704939,3035202464,3034.30707927312,0.04074466683282979
1758830400,2025-09-25,2025-09-25 20:00,3164123631,3163.183886281593,128921167,128.882877413401,271379200197025333516,271.16182545766753,3035202464,3034.301008868192,0.040744668045494585
1758834000,2025-09-25,2025-09-25 21:00,3164123635,3162.949745131415,128921171,128.87334124555898,271379200197025333516,271.29832919536665,3035202464,3034.076403885856,0.04074466925815937
1758837600,2025-09-25,2025-09-25 22:00,3164123639,3163.20604314469,128921175,128.88378785925,271379200197025333516,271.2196292273095,3035202464,3034.32225528544,0.04074467047082416
1758841200,2025-09-25,2025-09-25 23:00,3164123643,3163.193390648958,128921179,128.88327617337399,271379200197025333516,271.17810820967935,3035202464,3034.3101144755838,0.04074467168348895
1758844800,2025-09-26,2025-09-26 00:00,3164123648,3163.196559771136,128921184,128.883410093088,271379200197025333516,271.07634100960547,3035202464,3034.313149678048,0.040744673199319924
1758848400,2025-09-26,2025-09-26 01:00,3164123652,3163.1712507807483,128921188,128.882382722412,271379200197025333516,271.37920019702534,3035202464,3034.288868058336,0.040744674411984705
1758852000,2025-09-26,2025-09-26 02:00,3164123656,3163.19023952148,128921192,128.88316024835999,271379200197025333516,271.17186648807484,3035202464,3034.30707927312,0.04074467562464948
1758855600,2025-09-26,2025-09-26 03:00,3164123660,3163.1807511493203,128921196,128.882777483592,271379200197025333516,271.3336084913923,3035202464,3034.297973665728,0.04074467683731425
1758859200,2025-09-26,2025-09-26 04:00,3164123664,3163.180755148128,128921200,128.8827814824,271379200197025333516,271.2912733361615,3035202464,3034.297973665728,0.04074467804997902
1758862800,2025-09-26,2025-09-26 05:00,3164123668,3163.187087394272,128921204,128.883043323616,271379200197025333516,271.2264137073144,3035202464,3034.304044070656,0.04074467926264379
1758866400,2025-09-26,2025-09-26 06:00,3164123673,3163.183928269119,128921209,128.882919400927,271379200197025333516,271.2163726769071,3035202464,3034.301008868192,0.04074468077847474
1758870000,2025-09-26,2025-09-26 07:00,3164123677,3163.1744398969004,128921213,128.88253663609999,271379200197025333516,271.2036178544979,3035202464,3034.2919032608,0.0407446819911395
1758873600,2025-09-26,2025-09-26 08:00,3164123681,3163.190264514105,128921217,128.883185240985,271379200197025333516,271.16996683367347,3035202464,3034.30707927312,0.040744683203804255
1758877200,2025-09-26,2025-09-26 09:00,3164123685,3163.19343263661,128921221,128.883318161026,271379200197025333516,271.18434993128386,3035202464,3034.3101144755838,0.04074468441646901
1758880800,2025-09-26,2025-09-26 10:00,3164123689,3162.877024266534,128921225,128.87043003735,271379200197025333516,271.1645392496695,3035202464,3034.006594229184,0.04074468562913376
1758884400,2025-09-26,2025-09-26 11:00,3164123694,3163.183949262882,128921230,128.88294039469,271379200197025333516,271.20307509609745,3035202464,3034.301008868192,0.040744687144964695
1758888000,2025-09-26,2025-09-26 12:00,3164123698,3163.187117385392,128921234,128.883073314736,271379200197025333516,271.2307557745176,3035202464,3034.304044070656,0.040744688357629434
1758891600,2025-09-26,2025-09-26 13:00,3164123702,3163.183957260506,128921238,128.88294839231398,271379200197025333516,271.29290161136265,3035202464,3034.301008868192,0.040744689570294174
1758895200,2025-09-26,2025-09-26 14:00,3164123706,3163.199781877848,128921242,128.883596997336,271379200197025333516,271.2169154353075,3035202464,3034.316184880512,0.04074469078295891
1758898800,2025-09-26,2025-09-26 15:00,3164123710,3162.97196896956,128921246,128.874318666456,271379200197025333516,270.8519104110425,3035202464,3034.097650303104,0.040744691995623646
1758902400,2025-09-26,2025-09-26 16:00,3164123714,3163.2061181229396,128921250,128.88386283749998,271379200197025333516,271.34283538419896,3035202464,3034.32225528544,0.04074469320828838
1758906000,2025-09-26,2025-09-26 17:00,3164123719,3163.4940583799194,128921255,128.895599670255,271379200197025333516,271.27634748015066,3035202464,3034.598458709664,0.04074469472411929
1758909600,2025-09-26,2025-09-26 18:00,3164123723,3163.190306501715,128921259,128.883227228595,271379200197025333516,271.30592781297213,3035202464,3034.30707927312,0.04074469593678401
1758913200,2025-09-26,2025-09-26 19:00,3164123727,3163.2219517378053,128921263,128.884520440045,271379200197025333516,271.28041816815363,3035202464,3034.33743129776,0.040744697149448734
1758916800,2025-09-26,2025-09-26 20:00,3164123731,3163.1966427468174,128921267,128.883493068769,271379200197025333516,271.16833855847227,3035202464,3034.313149678048,0.04074469836211345
1758920400,2025-09-26,2025-09-26 21:00,3164123735,3162.918203856965,128921271,128.872151995749,271379200197025333516,271.29670092016545,3035202464,3034.0460518612163,0.040744699574778165
1758924000,2025-09-26,2025-09-26 22:00,3164123740,3162.93402947376,128921276,128.872801600224,271379200197025333516,271.28883092335974,3035202464,3034.0612278735357,0.040744701090609056
1758927600,2025-09-26,2025-09-26 23:00,3164123744,3163.168178629312,128921280,128.88234577344,271379200197025333516,271.1626395952681,3035202464,3034.285832855872,0.04074470230327376
1758931200,2025-09-27,2025-09-27 00:00,3164123748,3162.975171079476,128921284,128.874485573908,271379200197025333516,271.12220409443876,3035202464,3034.100685505568,0.040744703515938466
1758934800,2025-09-27,2025-09-27 01:00,3164123752,3163.0099804392958,128921288,128.875907706624,271379200197025333516,271.2722767921477,3035202464,3034.134072732672,0.04074470472860317
1758938400,2025-09-27,2025-09-27 02:00,3164123756,3162.864434745112,128921292,128.86998132578398,271379200197025333516,271.1626395952681,3035202464,3033.994453419328,0.04074470594126787
1758942000,2025-09-27,2025-09-27 03:00,3164123760,3162.87076699104,128921296,128.870243166784,271379200197025333516,270.9911279407436,3035202464,3034.000523824256,0.04074470715393256
1758945600,2025-09-27,2025-09-27 04:00,3164123765,3162.9245620930647,128921301,128.872439826921,271379200197025333516,271.1276316784427,3035202464,3034.052122266144,0.04074470866976343
1758949200,2025-09-27,2025-09-27 05:00,3164123769,3163.2156654782966,128921305,128.88430458546497,271379200197025333516,271.2926302321625,3035202464,3034.331360892832,0.040744709882428114
1758952800,2025-09-27,2025-09-27 06:00,3164123773,3162.854959367027,128921309,128.869611555091,271379200197025333516,271.2369974961221,3035202464,3033.985347811936,0.040744711095092805
1758956400,2025-09-27,2025-09-27 07:00,3164123777,3162.981528316503,128921313,128.874772406007,271379200197025333516,271.37920019702534,3035202464,3034.1067559104963,0.04074471230775748
1758960000,2025-09-27,2025-09-27 08:00,3164123781,3163.0986048949558,128921317,128.879546493292,271379200197025333516,271.15151304806005,3035202464,3034.219058401664,0.040744713520422166
1758963600,2025-09-27,2025-09-27 09:00,3164123786,3163.085953398192,128921322,128.879035806384,271379200197025333516,271.15151304806005,3035202464,3034.206917591808,0.04074471503625301
1758967200,2025-09-27,2025-09-27 10:00,3164123790,3162.85181223642,128921326,128.869499626948,271379200197025333516,271.2369974961221,3035202464,3033.982312609472,0.040744716248917685
1758970800,2025-09-27,2025-09-27 11:00,3164123794,3163.19037748077,128921330,128.88329820765,271379200197025333516,271.2581650737375,3035202464,3034.30707927312,0.04074471746158235
1758974400,2025-09-27,2025-09-27 12:00,3164123798,3163.1967097271863,128921334,128.883560049138,271379200197025333516,271.04893171038555,3035202464,3034.313149678048,0.04074471867424702
1758978000,2025-09-27,2025-09-27 13:00,3164123802,3163.187221354608,128921338,128.883177283952,271379200197025333516,271.0831254896104,3035202464,3034.304044070656,0.04074471988691168
1758981600,2025-09-27,2025-09-27 14:00,3164123806,3163.193553601036,128921342,128.883439125452,271379200197025333516,271.13468753764784,3035202464,3034.3101144755838,0.04074472109957634
1758985200,2025-09-27,2025-09-27 15:00,3164123811,3163.20621509481,128921347,128.88395980937,271379200197025333516,271.0006262127505,3035202464,3034.32225528544,0.04074472261540716
1758988800,2025-09-27,2025-09-27 16:00,3164123815,3162.722108149955,128921351,128.864238841507,271379200197025333516,271.27689023855106,3035202464,3033.8578693084482,0.040744723828071816
1758992400,2025-09-27,2025-09-27 17:00,3164123819,3163.187238349576,128921355,128.88319427892,271379200197025333516,271.2288561201162,3035202464,3034.304044070656,0.040744725040736465
1758996000,2025-09-27,2025-09-27 18:00,3164123823,3163.076498014587,128921359,128.878686030171,271379200197025333516,271.15612649446336,3035202464,3034.197811984416,0.040744726253401115
1758999600,2025-09-27,2025-09-27 19:00,3164123827,3162.927788193394,128921363,128.872630724786,271379200197025333516,271.0470320559842,3035202464,3034.055157468608,0.04074472746606576
1759003200,2025-09-27,2025-09-27 20:00,3164123831,3162.92146394422,128921367,128.87237688054,271379200197025333516,271.14147201765275,3035202464,3034.04908706368,0.0407447286787304
1759006800,2025-09-27,2025-09-27 21:00,3164123836,3162.908812446976,128921372,128.871866193152,271379200197025333516,271.1219327152386,3035202464,3034.0369462538238,0.04074473019456119
1759010400,2025-09-27,2025-09-27 22:00,3164123840,3162.61771705216,128921376,128.860009425024,271379200197025333516,271.05218826078794,3035202464,3033.757707627136,0.04074473140722583
1759014000,2025-09-27,2025-09-27 23:00,3164123844,3162.7063165178884,128921380,128.86362322176,271379200197025333516,271.0814972144092,3035202464,3033.842693296128,0.040744732619890464
1759017600,2025-09-28,2025-09-28 00:00,3164123848,3162.753782373816,128921384,128.86556104072798,271379200197025333516,271.14608546405606,3035202464,3033.888221333088,0.04074473383255509
1759021200,2025-09-28,2025-09-28 01:00,3164123852,3162.893007821572,128921388,128.871237580068,271379200197025333516,271.3010429873686,3035202464,3034.021770241504,0.040744735045219714
1759024800,2025-09-28,2025-09-28 02:00,3164123857,3162.861371581057,128921393,128.86995336419298,271379200197025333516,271.16833855847227,3035202464,3033.9914182168636,0.040744736561050494
1759028400,2025-09-28,2025-09-28 03:00,3164123861,3162.896180941932,128921397,128.871375497964,271379200197025333516,271.1908630320886,3035202464,3034.0248054439676,0.04074473777371511
1759032000,2025-09-28,2025-09-28 04:00,3164123865,3163.06704762909,128921401,128.878341252066,271379200197025333516,271.1512416688598,3035202464,3034.188706377024,0.040744738986379724
1759035600,2025-09-28,2025-09-28 05:00,3164123869,3163.215765449597,128921405,128.884404556765,271379200197025333516,270.9395658927062,3035202464,3034.331360892832,0.04074474019904434
1759039200,2025-09-28,2025-09-28 06:00,3164123873,3163.203112952957,128921409,128.883892869981,271379200197025333516,271.19439096169117,3035202464,3034.319220082976,0.040744741411708946
1759042800,2025-09-28,2025-09-28 07:00,3164123877,3163.177803960777,128921413,128.882865497513,271379200197025333516,271.2934443697631,3035202464,3034.294938463264,0.04074474262437355
1759046400,2025-09-28,2025-09-28 08:00,3164123882,3163.1873013309278,128921418,128.883257260272,271379200197025333516,271.360746411412,3035202464,3034.304044070656,0.040744744140204306
1759050000,2025-09-28,2025-09-28 09:00,3164123886,3163.2157824447177,128921422,128.884421551886,271379200197025333516,271.2953440241645,3035202464,3034.331360892832,0.04074474535286891
1759053600,2025-09-28,2025-09-28 10:00,3164123890,3163.04492375351,128921426,128.877463793734,271379200197025333516,271.0920810032169,3035202464,3034.167459959776,0.0407447465655335
1759057200,2025-09-28,2025-09-28 11:00,3164123894,3162.924691044174,128921430,128.87256877802997,271379200197025333516,271.0568017071913,3035202464,3034.052122266144,0.040744747778198094
1759060800,2025-09-28,2025-09-28 12:00,3164123898,3162.9278591665557,128921434,128.872701697948,271379200197025333516,271.37920019702534,3035202464,3034.055157468608,0.04074474899086268
1759064400,2025-09-28,2025-09-28 13:00,3164123903,3162.8740740583153,128921439,128.87051503159498,271379200197025333516,271.14825649765766,3035202464,3034.00355902672,0.04074475050669341
1759068000,2025-09-28,2025-09-28 14:00,3164123907,3162.9152116675264,128921443,128.872195008774,271379200197025333516,271.15151304806005,3035202464,3034.043016658752,0.040744751719358
1759071600,2025-09-28,2025-09-28 15:00,3164123911,3162.870917931244,128921447,128.87039410698802,271379200197025333516,271.085296523212,3035202464,3034.000523824256,0.04074475293202258
1759075200,2025-09-28,2025-09-28 16:00,3164123915,3163.20631906465,128921451,128.88406377920998,271379200197025333516,271.3349653873932,3035202464,3034.32225528544,0.04074475414468715
1759078800,2025-09-28,2025-09-28 17:00,3164123919,3163.209487187409,128921455,128.884196699505,271379200197025333516,271.2356406001211,3035202464,3034.325290487904,0.04074475535735173
1759082400,2025-09-28,2025-09-28 18:00,3164123923,3162.92155590926,128921459,128.87246884558,271379200197025333516,271.1338734000472,3035202464,3034.04908706368,0.0407447565700163
1759086000,2025-09-28,2025-09-28 19:00,3164123928,3162.883591420224,128921464,128.870926786112,271379200197025333516,271.28883092335974,3035202464,3034.0126646341123,0.04074475808584701
1759089600,2025-09-28,2025-09-28 20:00,3164123932,3162.899416038316,128921468,128.871575391884,271379200197025333516,271.37920019702534,3035202464,3034.0278406464317,0.040744759298511575
1759093200,2025-09-28,2025-09-28 21:00,3164123936,3163.101923968672,128921472,128.879830364544,271379200197025333516,271.0462179183836,3035202464,3034.222093604128,0.040744760511176134
1759096800,2025-09-28,2025-09-28 22:00,3164123940,3162.86778279582,128921476,128.870294174028,271379200197025333516,271.37920019702534,3035202464,3033.997488621792,0.04074476172384069
1759100400,2025-09-28,2025-09-28 23:00,3164123944,3163.171542692856,128921480,128.88267463452001,271379200197025333516,271.1496133936586,3035202464,3034.288868058336,0.040744762936505245
1759104000,2025-09-29,2025-09-29 00:00,3164123948,3163.19053143534,128921484,128.88345216221998,271379200197025333516,270.86656488785314,3035202464,3034.30707927312,0.0407447641491698
1759107600,2025-09-29,2025-09-29 01:00,3164123953,3162.899437030189,128921489,128.871596383757,271379200197025333516,270.9311531375001,3035202464,3034.0278406464317,0.04074476566500048
1759111200,2025-09-29,2025-09-29 02:00,3164123957,3162.8962769046834,128921493,128.87147146071598,271379200197025333516,270.84214075983544,3035202464,3034.0248054439676,0.040744766877665026
1759114800,2025-09-29,2025-09-29 03:00,3164123961,3163.0829642168305,128921497,128.879081827487,271379200197025333516,271.3197681521822,3035202464,3034.203882389344,0.04074476809032957
1759118400,2025-09-29,2025-09-29 04:00,3164123965,3163.1177735791302,128921501,128.880503962682,271379200197025333516,271.22668508651464,3035202464,3034.237269616448,0.04074476930299411
1759122000,2025-09-29,2025-09-29 05:00,3164123969,3163.181060057238,128921505,128.88308639151,271379200197025333516,270.9908565615434,3035202464,3034.297973665728,0.04074477051565864
1759125600,2025-09-29,2025-09-29 06:00,3164123974,3163.177900931774,128921510,128.88296246851002,271379200197025333516,270.88664694866776,3035202464,3034.294938463264,0.04074477203148931
1759129200,2025-09-29,2025-09-29 07:00,3164123978,3163.09563770715,128921514,128.87961450795,271379200197025333516,271.18652096488546,3035202464,3034.2160231991998,0.040744773244153834
1759132800,2025-09-29,2025-09-29 08:00,3164123982,3162.9184507628584,128921518,128.872398901642,271379200197025333516,271.31081263857567,3035202464,3034.0460518612163,0.04074477445681836
1759136400,2025-09-29,2025-09-29 09:00,3164123986,3163.082989208606,128921522,128.879106819262,271379200197025333516,271.0006262127505,3035202464,3034.203882389344,0.04074477566948288
1759140000,2025-09-29,2025-09-29 10:00,3164123990,3163.174752803,128921526,128.8828495422,271379200197025333516,271.37920019702534,3035202464,3034.2919032608,0.0407447768821474
1759143600,2025-09-29,2025-09-29 11:00,3164123994,3163.19057742177,128921530,128.88349814864998,271379200197025333516,271.1637251120689,3035202464,3034.30707927312,0.04074477809481192
1759147200,2025-09-29,2025-09-29 12:00,3164123999,3163.222223660285,128921535,128.88479236252502,271379200197025333516,271.3273667697877,3035202464,3034.33743129776,0.04074477961064256
1759150800,2025-09-29,2025-09-29 13:00,3164124003,3163.054529086986,128921539,128.877963519818,271379200197025333516,271.1485278768579,3035202464,3034.176565567168,0.04074478082330707
1759154400,2025-09-29,2025-09-29 14:00,3164124007,3162.8963268852835,128921543,128.87152144131602,271379200197025333516,271.9219585974194,3035202464,3034.0248054439676,0.04074478203597157
1759158000,2025-09-29,2025-09-29 15:00,3164124011,3163.193758540766,128921547,128.883644065182,271379200197025333516,270.9740310511312,3035202464,3034.3101144755838,0.04074478324863608
1759161600,2025-09-29,2025-09-29 16:00,3164124015,3163.1969266636047,128921551,128.883776985557,271379200197025333516,271.37920019702534,3035202464,3034.313149678048,0.04074478446130058
1759165200,2025-09-29,2025-09-29 17:00,3164124020,3163.12099268566,128921556,128.88068786674802,271379200197025333516,271.13360202084704,3035202464,3034.240304818912,0.0407447859771312
1759168800,2025-09-29,2025-09-29 18:00,3164124024,3162.8931797546643,128921560,128.87140951316,271379200197025333516,271.37920019702534,3035202464,3034.021770241504,0.04074478718979569
1759172400,2025-09-29,2025-09-29 19:00,3164124028,3162.90584024922,128921564,128.87192919786,271379200197025333516,271.2291274993164,3035202464,3034.03391105136,0.04074478840246018
1759176000,2025-09-29,2025-09-29 20:00,3164124032,3163.0545580771845,128921568,128.877992510016,271379200197025333516,271.2380830129229,3035202464,3034.176565567168,0.04074478961512467
1759179600,2025-09-29,2025-09-29 21:00,3164124036,3162.956474230716,128921572,128.873999939932,271379200197025333516,271.1485278768579,3035202464,3034.082474290784,0.04074479082778915
1759183200,2025-09-29,2025-09-29 22:00,3164124040,3163.19378753224,128921576,128.883673056656,271379200197025333516,271.267120587344,3035202464,3034.3101144755838,0.040744792040453635
1759186800,2025-09-29,2025-09-29 23:00,3164124045,3163.0482428247,128921581,128.87774766246,271379200197025333516,271.2755333425501,3035202464,3034.17049516224,0.040744793556284235
1759190400,2025-09-30,2025-09-30 00:00,3164124049,3162.883712372792,128921585,128.87104773868,271379200197025333516,271.3091843633745,3035202464,3034.0126646341123,0.040744794768948704
1759194000,2025-09-30,2025-09-30 01:00,3164124053,3163.1273539233052,128921589,128.880978699465,271379200197025333516,271.2288561201162,3035202464,3034.24637522384,0.04074479598161318
1759197600,2025-09-30,2025-09-30 02:00,3164124057,3162.8995409899408,128921593,128.871700343509,271379200197025333516,271.283674718556,3035202464,3034.0278406464317,0.04074479719427764
1759201200,2025-09-30,2025-09-30 03:00,3164124061,3162.89005261621,128921597,128.87131757717,271379200197025333516,271.37920019702534,3035202464,3034.01873503904,0.04074479840694211
1759204800,2025-09-30,2025-09-30 04:00,3164124065,3162.63692668945,128921601,128.86100784753,271379200197025333516,271.37920019702534,3035202464,3033.77591884192,0.04074479961960657
1759208400,2025-09-30,2025-09-30 05:00,3164124070,3163.19381752342,128921606,128.883703047836,271379200197025333516,271.13197374564584,3035202464,3034.3101144755838,0.040744801135437145
1759212000,2025-09-30,2025-09-30 06:00,3164124074,3163.1843291500218,128921610,128.88332028182998,271379200197025333516,271.6505793972223,3035202464,3034.301008868192,0.0407448023481016
1759215600,2025-09-30,2025-09-30 07:00,3164124078,3163.184333148834,128921614,128.883324280642,271379200197025333516,271.28041816815363,3035202464,3034.301008868192,0.04074480356076605
1759219200,2025-09-30,2025-09-30 08:00,3164124082,3162.918550724758,128921618,128.872498863542,271379200197025333516,271.2000899248953,3035202464,3034.0460518612163,0.0407448047734305
1759222800,2025-09-30,2025-09-30 09:00,3164124086,3162.877421110116,128921622,128.87082688093201,271379200197025333516,271.02179379036585,3035202464,3034.006594229184,0.040744805986094944
1759226400,2025-09-30,2025-09-30 10:00,3164124091,3163.1748537727003,128921627,128.8829505119,271379200197025333516,271.37920019702534,3035202464,3034.2919032608,0.040744807501925495
1759230000,2025-09-30,2025-09-30 11:00,3164124095,3162.8647736101902,128921631,128.870320190862,271379200197025333516,271.3205822897828,3035202464,3033.994453419328,0.040744808714589936
1759233600,2025-09-30,2025-09-30 12:00,3164124099,3163.181190018498,128921635,128.88321635277,271379200197025333516,270.9892282863422,3035202464,3034.297973665728,0.04074480992725437
1759237200,2025-09-30,2025-09-30 13:00,3164124103,3162.788842628534,128921639,128.867234068342,271379200197025333516,270.98407208153844,3035202464,3033.921608560192,0.040744811139918805
1759240800,2025-09-30,2025-09-30 14:00,3164124107,3162.8837703500562,128921643,128.871105715944,271379200197025333516,270.863579716651,3035202464,3034.0126646341123,0.04074481235258323
1759244400,2025-09-30,2025-09-30 15:00,3164124111,3163.197022635477,128921647,128.88387295742902,271379200197025333516,271.2475812849298,3035202464,3034.313149678048,0.04074481356524766
1759248000,2025-09-30,2025-09-30 16:00,3164124116,3163.193863509896,128921652,128.883749034312,271379200197025333516,271.26223576174044,3035202464,3034.3101144755838,0.04074481508107819
1759251600,2025-09-30,2025-09-30 17:00,3164124120,3162.8268291107997,128921656,128.86879812104002,271379200197025333516,271.0907241072159,3035202464,3033.95803098976,0.04074481629374261
1759255200,2025-09-30,2025-09-30 18:00,3164124124,3163.089455411452,128921660,128.87950261718,271379200197025333516,271.3460919346013,3035202464,3034.209952794272,0.04074481750640703
1759258800,2025-09-30,2025-09-30 19:00,3164124128,3162.90594021072,128921664,128.87202915936,271379200197025333516,271.2367261169219,3035202464,3034.03391105136,0.04074481871907144
1759262400,2025-09-30,2025-09-30 20:00,3164124132,3163.184387132796,128921668,128.883378264604,271379200197025333516,271.3555902066082,3035202464,3034.301008868192,0.04074481993173585
1759266000,2025-09-30,2025-09-30 21:00,3164124137,3163.1843921313107,128921673,128.883383263119,271379200197025333516,271.6505793972223,3035202464,3034.301008868192,0.04074482144756636
1759269600,2025-09-30,2025-09-30 22:00,3164124141,3163.1780678818404,128921677,128.88312941857697,271379200197025333516,271.2535516273341,3035202464,3034.294938463264,0.040744822660230766
1759273200,2025-09-30,2025-09-30 23:00,3164124145,3163.178071880645,128921681,128.883133417381,271379200197025333516,271.18760648168626,3035202464,3034.294938463264,0.040744823872895165
1759276800,2025-10-01,2025-10-01 00:00,3164124149,3163.1812400035983,128921685,128.88326633787,271379200197025333516,271.31515470577887,3035202464,3034.297973665728,0.04074482508555956
1759280400,2025-10-01,2025-10-01 01:00,3164124153,3162.8901445803303,128921689,128.87140954128998,271379200197025333516,271.22505681131344,3035202464,3034.01873503904,0.04074482629822396
1759284000,2025-10-01,2025-10-01 02:00,3164124157,3162.89014857877,128921693,128.87141353973,271379200197025333516,271.2766188593509,3035202464,3034.01873503904,0.04074482751088835
1759287600,2025-10-01,2025-10-01 03:00,3164124162,3162.89015357682,128921698,128.87141853778,271379200197025333516,271.3629174450135,3035202464,3034.01873503904,0.04074482902671883
1759291200,2025-10-01,2025-10-01 04:00,3164124166,3163.1749287502003,128921702,128.8830254894,271379200197025333516,271.2649495537424,3035202464,3034.2919032608,0.04074483023938322
1759294800,2025-10-01,2025-10-01 05:00,3164124170,3162.89965394621,128921706,128.87181329977798,271379200197025333516,271.3382219377956,3035202464,3034.0278406464317,0.040744831452047596
1759298400,2025-10-01,2025-10-01 06:00,3164124174,3162.877509075444,128921710,128.87091484625998,271379200197025333516,271.31705436018024,3035202464,3034.006594229184,0.040744832664711975
1759302000,2025-10-01,2025-10-01 07:00,3164124178,3162.997749792632,128921714,128.87581786981602,271379200197025333516,271.245138872128,3035202464,3034.1219319228157,0.04074483387737635
1759305600,2025-10-01,2025-10-01 08:00,3164124183,3163.000918915035,128921719,128.875951789755,271379200197025333516,271.191405790489,3035202464,3034.12496712528,0.040744835393206814
1759309200,2025-10-01,2025-10-01 09:00,3164124187,3162.868029697761,128921723,128.870541075969,271379200197025333516,271.2730909297483,3035202464,3033.997488621792,0.040744836605871186
1759312800,2025-10-01,2025-10-01 10:00,3164124191,3162.883854317128,128921727,128.871189683016,271379200197025333516,271.3257384945865,3035202464,3034.0126646341123,0.04074483781853555
1759316400,2025-10-01,2025-10-01 11:00,3164124195,3162.858545322,128921731,128.8701623076,271379200197025333516,271.2375402545225,3035202464,3033.9883830144,0.04074483903119991
1759320000,2025-10-01,2025-10-01 12:00,3164124199,3163.1812899886977,128921735,128.88331632297002,271379200197025333516,271.27824713455203,3035202464,3034.297973665728,0.04074484024386427
1759323600,2025-10-01,2025-10-01 13:00,3164124203,3163.184458111709,128921739,128.883449243517,271379200197025333516,270.93875175510556,3035202464,3034.301008868192,0.040744841456528624
1759327200,2025-10-01,2025-10-01 14:00,3164124208,3162.988287409328,128921744,128.875461093904,271379200197025333516,271.03644826717647,3035202464,3034.112826315424,0.040744842972359065
1759330800,2025-10-01,2025-10-01 15:00,3164124212,3163.193959481672,128921748,128.883845006088,271379200197025333516,271.6505793972223,3035202464,3034.3101144755838,0.040744844185023416
1759334400,2025-10-01,2025-10-01 16:00,3164124216,3162.90602817684,128921752,128.87211712548,271379200197025333516,271.11894754403636,3035202464,3034.03391105136,0.04074484539768776
1759338000,2025-10-01,2025-10-01 17:00,3164124220,3163.20345985198,128921756,128.88423976900398,271379200197025333516,270.95286347351583,3035202464,3034.319220082976,0.0407448466103521
1759341600,2025-10-01,2025-10-01 18:00,3164124224,3163.345849440896,128921760,128.89004524704,271379200197025333516,271.1479851184575,3035202464,3034.4558041938562,0.04074484782301645
1759345200,2025-10-01,2025-10-01 19:00,3164124228,3163.241437340388,128921764,128.885794827844,271379200197025333516,271.18842061928683,3035202464,3034.355642512544,0.040744849035680784
1759348800,2025-10-01,2025-10-01 20:00,3164124233,3163.212965220896,128921769,128.884639530528,271379200197025333516,271.16806717927204,3035202464,3034.3283256903683,0.0407448505515112
1759352400,2025-10-01,2025-10-01 21:00,3164124237,3163.23828221364,128921773,128.88567490356002,271379200197025333516,271.6505793972223,3035202464,3034.35260731008,0.04074485176417553
1759356000,2025-10-01,2025-10-01 22:00,3164124241,3163.5104008972457,128921777,128.896766175262,271379200197025333516,271.37920019702534,3035202464,3034.613634721984,0.04074485297683986
1759359600,2025-10-01,2025-10-01 23:00,3164124245,3163.22563371442,128921781,128.885167214196,271379200197025333516,271.15965442406593,3035202464,3034.340466500224,0.04074485418950418
1759363200,2025-10-02,2025-10-02 00:00,3164124249,3163.4977523986977,128921785,128.89625848657,271379200197025333516,271.063314807996,3035202464,3034.601493912128,0.0407448554021685
1759366800,2025-10-02,2025-10-02 01:00,3164124254,3163.504085646216,128921790,128.89652132915998,271379200197025333516,271.32845228658846,3035202464,3034.607564317056,0.040744856917998895
1759370400,2025-10-02,2025-10-02 02:00,3164124258,3163.497761396916,128921794,128.896267484788,271379200197025333516,271.2839460977562,3035202464,3034.601493912128,0.04074485813066321
1759374000,2025-10-02,2025-10-02 03:00,3164124262,3163.20666596402,128921798,128.88441067858,271379200197025333516,270.7007521965328,3035202464,3034.32225528544,0.04074485934332752
1759377600,2025-10-02,2025-10-02 04:00,3164124266,3163.2351470812537,128921802,128.88557497363803,271379200197025333516,271.3032140209702,3035202464,3034.349572107616,0.04074486055599183
1759381200,2025-10-02,2025-10-02 05:00,3164124270,3163.24780757721,128921806,128.886094659738,271379200197025333516,271.28421747695637,3035202464,3034.3617129174722,0.04074486176865613
1759384800,2025-10-02,2025-10-02 06:00,3164124274,3163.219334457636,128921810,128.88493836234,271379200197025333516,271.01609482716174,3035202464,3034.334396095296,0.040744862981320434
1759388400,2025-10-02,2025-10-02 07:00,3164124279,3163.5041106413164,128921815,128.89654632426002,271379200197025333516,271.267120587344,3035202464,3034.607564317056,0.040744864497150805
1759392000,2025-10-02,2025-10-02 08:00,3164124283,3163.2256717036284,128921819,128.885205203404,271379200197025333516,271.29670092016545,3035202464,3034.340466500224,0.0407448657098151
1759395600,2025-10-02,2025-10-02 09:00,3164124287,3163.203526832483,128921823,128.88430674950698,271379200197025333516,271.3094557425747,3035202464,3034.319220082976,0.040744866922479396
1759399200,2025-10-02,2025-10-02 10:00,3164124291,3163.225679701356,128921827,128.88521320113202,271379200197025333516,271.061957911995,3035202464,3034.340466500224,0.040744868135143684
1759402800,2025-10-02,2025-10-02 11:00,3164124295,3163.4914701410003,128921831,128.8960466338,271379200197025333516,271.37920019702534,3035202464,3034.5954235072,0.040744869347807966
1759406400,2025-10-02,2025-10-02 12:00,3164124300,3163.4250285297,128921836,128.89334427424401,271379200197025333516,271.13333064164686,3035202464,3034.5316842554557,0.04074487086363832
1759410000,2025-10-02,2025-10-02 13:00,3164124304,3163.374406539952,128921840,128.89128552392,271379200197025333516,271.37920019702534,3035202464,3034.483121016032,0.0407448720763026
1759413600,2025-10-02,2025-10-02 14:00,3164124308,3163.5104678842476,128921844,128.896833162264,271379200197025333516,271.37920019702534,3035202464,3034.613634721984,0.04074487328896687
1759417200,2025-10-02,2025-10-02 15:00,3164124312,3163.5211403597464,128921848,128.89727184721494,271379200197025333516,271.3093065360745,3035202464,3034.6238685125313,0.04074487450163115
1759420800,2025-10-02,2025-10-02 16:00,3164124316,3163.2132854506585,128921852,128.88473217349517,271379200197025333516,271.3093065360745,3035202464,3034.3285532771633,0.040744875714295414
1759424400,2025-10-02,2025-10-02 17:00,3164124320,3163.5122121595637,128921856,128.8969157413754,271379200197025333516,271.28341441061104,3035202464,3034.6152964181883,0.04074487692695968
1759428000,2025-10-02,2025-10-02 18:00,3164124325,3163.220435558476,128921861,128.88503213457938,271379200197025333516,271.33504408654585,3035202464,3034.335403423896,0.04074487844279001
1759431600,2025-10-02,2025-10-02 19:00,3164124329,3163.2258919640753,128921865,128.88525829109324,271379200197025333516,271.33504408654585,3035202464,3034.3406336729818,0.04074487965545427
1759435200,2025-10-02,2025-10-02 20:00,3164124333,3163.24522091861,128921869,128.88604968297403,271379200197025333516,271.33504408654585,3035202464,3034.3591712356356,0.040744880868118526
1759438800,2025-10-02,2025-10-02 21:00,3164124337,3163.2412981642838,128921873,128.885893686766,271379200197025333516,271.48455247774956,3035202464,3034.355404477518,0.04074488208078278
1759442400,2025-10-02,2025-10-02 22:00,3164124341,3163.2395707700607,128921877,128.8858271402396,271379200197025333516,271.49202894595345,3035202464,3034.3537436298207,0.04074488329344703
1759446000,2025-10-02,2025-10-02 23:00,3164124345,3163.2235121836693,128921881,128.8851766709393,271379200197025333516,271.3587584209498,3035202464,3034.33833551273,0.04074488450611128
1759449600,2025-10-03,2025-10-03 00:00,3164124350,3163.238482348221,128921886,128.88579142349775,271379200197025333516,271.38694698009766,3035202464,3034.3526909247234,0.04074488602194158
1759453200,2025-10-03,2025-10-03 01:00,3164124354,3163.5248295048154,128921890,128.89746244204932,271379200197025333516,271.46386046076816,3035202464,3034.627367062766,0.04074488723460582
1759456800,2025-10-03,2025-10-03 02:00,3164124358,3163.380355066564,128921894,128.8915796834727,271379200197025333516,271.46386046076816,3035202464,3034.4887753830913,0.04074488844727006
1759460400,2025-10-03,2025-10-03 03:00,3164124362,3163.294246849887,128921898,128.8880750498036,271379200197025333516,271.46386046076816,3035202464,3034.4061718000835,0.040744889659934294
1759464000,2025-10-03,2025-10-03 04:00,3164124366,3163.219262562969,128921902,128.88502365922974,271379200197025333516,271.23628169643223,3035202464,3034.3342389037393,0.04074489087259853
1759467600,2025-10-03,2025-10-03 05:00,3164124371,3163.498971160742,128921907,128.8964251508497,271379200197025333516,271.3634558765878,3035202464,3034.602546009892,0.04074489238842881
1759471200,2025-10-03,2025-10-03 06:00,3164124375,3163.174875336741,128921911,128.88322373724625,271379200197025333516,271.25243407660895,3035202464,3034.291651599495,0.040744893601093034
1759474800,2025-10-03,2025-10-03 07:00,3164124379,3163.1793431842043,128921915,128.8834096150902,271379200197025333516,271.4211848048732,3035202464,3034.2959335691144,0.04074489481375725
1759478400,2025-10-03,2025-10-03 08:00,3164124383,3163.488393999017,128921919,128.896005694281,271379200197025333516,271.6505793972223,3035202464,3034.592388304736,0.04074489602642147
1759482000,2025-10-03,2025-10-03 09:00,3164124387,3163.1909703058345,128921923,128.88389103271498,271379200197025333516,271.37920019702534,3035202464,3034.30707927312,0.04074489723908569
1759485600,2025-10-03,2025-10-03 10:00,3164124391,3163.199617275442,128921927,128.88424718850206,271379200197025333516,271.4087896754983,3035202464,3034.31537008694,0.0407448984517499
1759489200,2025-10-03,2025-10-03 11:00,3164124396,3163.495443694928,128921932,128.89630540124546,271379200197025333516,271.4359898946454,3035202464,3034.5991382936822,0.04074489996758016
1759492800,2025-10-03,2025-10-03 12:00,3164124400,3163.3120352026554,128921936,128.88883627660988,271379200197025333516,271.39279291092987,3035202464,3034.4231989260456,0.04074490118024437
1759496400,2025-10-03,2025-10-03 13:00,3164124404,3163.2693722137174,128921940,128.88710181332507,271379200197025333516,271.5031634969395,3035202464,3034.382270400392,0.040744902392908566
1759500000,2025-10-03,2025-10-03 14:00,3164124408,3163.4993981773846,128921944,128.89647803502498,271379200197025333516,271.2763255282885,3035202464,3034.6029201423594,0.040744903605572765
1759503600,2025-10-03,2025-10-03 15:00,3164124412,3163.2022515988856,128921948,128.88437466222942,271379200197025333516,271.50046018876236,3035202464,3034.317876936656,0.04074490481823696
1759507200,2025-10-03,2025-10-03 16:00,3164124417,3163.499427246614,128921953,128.89648785103853,271379200197025333516,271.53070154473835,3035202464,3034.602939395575,0.0407449063340672
1759510800,2025-10-03,2025-10-03 17:00,3164124421,3163.209082744622,128921957,128.88466162741062,271379200197025333516,271.4844136780736,3035202464,3034.324421117211,0.04074490754673139
1759514400,2025-10-03,2025-10-03 18:00,3164124425,3162.9054451464963,128921961,128.87229377708945,271379200197025333516,271.3297453071493,3035202464,3034.033151369407,0.04074490875939558
1759518000,2025-10-03,2025-10-03 19:00,3164124429,3163.256649981403,128921965,128.88660742201162,271379200197025333516,271.463420855711,3035202464,3034.3700425593915,0.04074490997205976
1759521600,2025-10-03,2025-10-03 20:00,3164124433,3163.500881574088,128921969,128.8965624525321,271379200197025333516,271.38629462225197,3035202464,3034.604319121556,0.04074491118472394
1759525200,2025-10-03,2025-10-03 21:00,3164124437,3163.506810630048,128921973,128.896807867662,271379200197025333516,271.45706426895805,3035202464,3034.610002762386,0.04074491239738812
1759528800,2025-10-03,2025-10-03 22:00,3164124442,3163.2256677412715,128921978,128.8853575202007,271379200197025333516,271.44527931615477,3035202464,3034.340310221071,0.040744913913218335
1759532400,2025-10-03,2025-10-03 23:00,3164124446,3163.8031675784027,128921982,128.90889153798025,271379200197025333516,271.45821902587784,3035202464,3034.8942760404225,0.040744915125882505
1759536000,2025-10-04,2025-10-04 00:00,3164124450,3163.5328110096784,128921986,128.89787971883672,271379200197025333516,271.50876026448634,3035202464,3034.634931290842,0.04074491633854667
1759539600,2025-10-04,2025-10-04 01:00,3164124454,3163.507428136808,128921990,128.8968493320773,271379200197025333516,271.5033298561039,3035202464,3034.610578804731,0.04074491755121083
1759543200,2025-10-04,2025-10-04 02:00,3164124458,3163.294829092584,128921994,128.8881908375632,271379200197025333516,271.45073833423396,3035202464,3034.406638255021,0.040744918763874996
1759546800,2025-10-04,2025-10-04 03:00,3164124462,3163.505570460909,128921998,128.89678131376556,271379200197025333516,271.39863215052134,3035202464,3034.608789147143,0.04074491997653915
1759550400,2025-10-04,2025-10-04 04:00,3164124467,3163.286095480887,128922003,128.88784361827229,271379200197025333516,271.4449548217125,3035202464,3034.398251862615,0.04074492149236934
1759554000,2025-10-04,2025-10-04 05:00,3164124471,3163.1953797210194,128922007,128.88415124765203,271379200197025333516,271.41324395333436,3035202464,3034.311228473367,0.04074492270503349
1759557600,2025-10-04,2025-10-04 06:00,3164124475,3163.185902807254,128922011,128.8837689474153,271379200197025333516,271.37807304628893,3035202464,3034.3021338598387,0.04074492391769764
1759561200,2025-10-04,2025-10-04 07:00,3164124479,3163.5043267324127,128922015,128.8967469422877,271379200197025333516,271.41089454140166,3035202464,3034.607579790125,0.040744925130361785
1759564800,2025-10-04,2025-10-04 08:00,3164124483,3163.2828749058754,128922019,128.8877277401952,271379200197025333516,271.3815732169327,3035202464,3034.39514716568,0.04074492634302593
1759568400,2025-10-04,2025-10-04 09:00,3164124488,3163.5054857006676,128922024,128.89680279596922,271379200197025333516,271.4253744264757,3035202464,3034.608682904698,0.0407449278588561
1759572000,2025-10-04,2025-10-04 10:00,3164124492,3162.974745822902,128922028,128.8751816735639,271379200197025333516,271.33913872147394,3035202464,3034.099564149338,0.04074492907152023
1759575600,2025-10-04,2025-10-04 11:00,3164124496,3163.2001192588596,128922032,128.88436833412592,271379200197025333516,271.3787826896715,3035202464,3034.315750924734,0.04074493028418437
1759579200,2025-10-04,2025-10-04 12:00,3164124500,3163.205113623853,128922036,128.88457566508472,271379200197025333516,271.27974247404876,3035202464,3034.320537958768,0.0407449314968485
1759582800,2025-10-04,2025-10-04 13:00,3164124504,3163.3234432538,128922040,128.88940083379987,271379200197025333516,271.3602795492226,3035202464,3034.4340424200004,0.04074493270951262
1759586400,2025-10-04,2025-10-04 14:00,3164124508,3163.505901720583,128922044,128.8968389280213,271379200197025333516,271.3320120277935,3035202464,3034.609062792562,0.04074493392217674
1759590000,2025-10-04,2025-10-04 15:00,3164124513,3162.950930989871,128922049,128.87423147676606,271379200197025333516,271.2811819802822,3035202464,3034.0766995131044,0.04074493543800689
1759593600,2025-10-04,2025-10-04 16:00,3164124517,3162.895340502436,128922053,128.87197028147426,271379200197025333516,271.25616145730135,3035202464,3034.0233702209616,0.040744936650671006
1759597200,2025-10-04,2025-10-04 17:00,3164124521,3163.1980328685013,128922057,128.88430729865095,271379200197025333516,271.34745825852207,3035202464,3034.3137255698502,0.04074493786333512
1759600800,2025-10-04,2025-10-04 18:00,3164124525,3163.5070687256666,128922061,128.8969027817202,271379200197025333516,271.3372294952703,3035202464,3034.610165943946,0.04074493907599923
1759604400,2025-10-04,2025-10-04 19:00,3164124529,3163.508712410499,128922065,128.89697358983202,271379200197025333516,271.32001408353904,3035202464,3034.6117388206667,0.04074494028866334
1759608000,2025-10-04,2025-10-04 20:00,3164124534,3163.508010091864,128922070,128.8969497692419,271379200197025333516,271.23915235168295,3035202464,3034.6110603226216,0.040744941804493465
1759611600,2025-10-04,2025-10-04 21:00,3164124538,3163.1848241691323,128922074,128.88378541350886,271379200197025333516,271.3303818678261,3035202464,3034.3010387556233,0.04074494301715756
1759615200,2025-10-04,2025-10-04 22:00,3164124542,3162.950360957319,128922078,128.87423605890024,271379200197025333516,271.3126569723921,3035202464,3034.0761248984186,0.04074494422982166
1759618800,2025-10-04,2025-10-04 23:00,3164124546,3163.1687590326524,128922082,128.88313851216077,271379200197025333516,271.29162756678454,3035202464,3034.2856205204916,0.040744945442485754
1759622400,2025-10-05,2025-10-05 00:00,3164124550,3163.192249449466,128922086,128.88409946380193,271379200197025333516,271.3379082454136,3035202464,3034.308149985664,0.04074494665514984
1759626000,2025-10-05,2025-10-05 01:00,3164124554,3163.502533442841,128922090,128.89674580482585,271379200197025333516,271.2962853658406,3035202464,3034.605787638015,0.04074494786781393
1759629600,2025-10-05,2025-10-05 02:00,3164124559,3163.192281911944,128922095,128.88410941723566,271379200197025333516,271.31609172842604,3035202464,3034.3081724947087,0.040744949383644036
1759633200,2025-10-05,2025-10-05 03:00,3164124563,3163.504896565683,128922099,128.89685072174757,271379200197025333516,271.3098335489475,3035202464,3034.6080458439355,0.040744950596308116
1759636800,2025-10-05,2025-10-05 04:00,3164124567,3163.504577793576,128922103,128.89684156966217,271379200197025333516,271.3162312947917,3035202464,3034.607736223914,0.04074495180897219
1759640400,2025-10-05,2025-10-05 05:00,3164124571,3163.19497692574,128922107,128.8842307331151,271379200197025333516,271.23524985501774,3035202464,3034.3107461926247,0.04074495302163626
1759644000,2025-10-05,2025-10-05 06:00,3164124575,3163.1403914036005,128922111,128.88201048440655,271379200197025333516,271.1788878813908,3035202464,3034.258380919194,0.040744954234300336
1759647600,2025-10-05,2025-10-05 07:00,3164124580,3162.858930168001,128922116,128.8705471536,271379200197025333516,271.2906409061925,3035202464,3033.9883830144004,0.04074495575013042
1759651200,2025-10-05,2025-10-05 08:00,3164124584,3163.496196278122,128922120,128.89651636931615,271379200197025333516,271.2532171474754,3035202464,3034.599679908806,0.04074495696279448
1759654800,2025-10-05,2025-10-05 09:00,3164124588,3163.496691966325,128922124,128.89654040236937,271379200197025333516,271.2692108668935,3035202464,3034.6001515639555,0.04074495817545854
1759658400,2025-10-05,2025-10-05 10:00,3164124592,3163.201868269372,128922128,128.8845316590691,271379200197025333516,271.2767202881237,3035202464,3034.317336610303,0.0407449593881226
1759662000,2025-10-05,2025-10-05 11:00,3164124596,3163.2001581924496,128922132,128.88446581795347,271379200197025333516,271.24337529398787,3035202464,3034.315692374496,0.04074496060078666
1759665600,2025-10-05,2025-10-05 12:00,3164124600,3163.4557549784463,128922136,128.89488393513767,271379200197025333516,271.22961757722294,3035202464,3034.5608710433085,0.040744961813450706
1759669200,2025-10-05,2025-10-05 13:00,3164124605,3163.225823290196,128922141,128.88552017219303,271379200197025333516,271.2735944552422,3035202464,3034.340303118003,0.04074496332928077
1759672800,2025-10-05,2025-10-05 14:00,3164124609,3163.1705736416134,128922145,128.88327286315078,271379200197025333516,271.25910160818813,3035202464,3034.287300778463,0.04074496454194482
1759676400,2025-10-05,2025-10-05 15:00,3164124613,3163.4925719079906,128922149,128.89639650735057,271379200197025333516,271.30039524263645,3035202464,3034.59617540064,0.040744965754608856
1759680000,2025-10-05,2025-10-05 16:00,3164124617,3163.203634416547,128922153,128.88462759505978,271379200197025333516,271.2694135686846,3035202464,3034.319006821487,0.040744966967272894
1759683600,2025-10-05,2025-10-05 17:00,3164124621,3162.9101332149808,128922157,128.87267273384447,271379200197025333516,271.2268977272389,3035202464,3034.0374604811363,0.04074496817993693
1759687200,2025-10-05,2025-10-05 18:00,3164124625,3163.2181631248563,128922161,128.8852272386417,271379200197025333516,271.3088475380453,3035202464,3034.3329358862147,0.040744969392600965
1759690800,2025-10-05,2025-10-05 19:00,3164124630,3163.1945978416743,128922166,128.88427186676512,271379200197025333516,271.16280129403043,3035202464,3034.310325974909,0.040744970908431
1759694400,2025-10-05,2025-10-05 20:00,3164124634,3163.413590883646,128922170,128.89319856804727,271379200197025333516,271.1441970467312,3035202464,3034.520392315599,0.04074497212109503
1759698000,2025-10-05,2025-10-05 21:00,3164124638,3163.495815929817,128922174,128.89655266151874,271379200197025333516,271.2866649518619,3035202464,3034.5992632682983,0.040744973333759045
1759701600,2025-10-05,2025-10-05 22:00,3164124642,3163.190371653237,128922178,128.88411117850166,271379200197025333516,271.2163902456193,3035202464,3034.3062604747347,0.04074497454642307
1759705200,2025-10-05,2025-10-05 23:00,3164124646,3163.4896212183526,128922182,128.89630793066533,271379200197025333516,271.26935318871,3035202464,3034.593313287687,0.04074497575908708
1759708800,2025-10-06,2025-10-06 00:00,3164124651,3163.1847097869254,128922187,128.88388911663353,271379200197025333516,271.1796996446632,3035202464,3034.3008206702916,0.0407449772749171
1759712400,2025-10-06,2025-10-06 01:00,3164124655,3163.1913583517094,128922191,128.88416384814286,271379200197025333516,271.2325694691725,3035202464,3034.3071945035663,0.04074497848758111
1759716000,2025-10-06,2025-10-06 02:00,3164124659,3163.4983814747934,128922195,128.89667733494872,271379200197025333516,271.1149859334742,3035202464,3034.601704139845,0.04074497970024512
1759719600,2025-10-06,2025-10-06 03:00,3164124663,3163.1882484661464,128922199,128.88404480769157,271379200197025333516,271.2796431160243,3035202464,3034.3042036584548,0.040744980912909116
1759723200,2025-10-06,2025-10-06 04:00,3164124667,3163.466452822997,128922203,128.89538407512322,271379200197025333516,271.1666849536145,3035202464,3034.5710687478736,0.04074498212557312
1759726800,2025-10-06,2025-10-06 05:00,3164124671,3163.4961369098255,128922207,128.8965973889683,271379200197025333516,271.257027795989,3035202464,3034.599539520857,0.04074498333823712
1759730400,2025-10-06,2025-10-06 06:00,3164124676,3163.2506187330623,128922212,128.88659854989703,271379200197025333516,271.29675189832926,3035202464,3034.3640201831654,0.04074498485406711
1759734000,2025-10-06,2025-10-06 07:00,3164124680,3163.2024739495278,128922216,128.88464072732285,271379200197025333516,271.28587436884067,3035202464,3034.317833222205,0.0407449860667311
1759737600,2025-10-06,2025-10-06 08:00,3164124684,3163.492905664842,128922220,128.8964781997706,271379200197025333516,271.3859891552324,3035202464,3034.5964274650714,0.04074498727939509
1759741200,2025-10-06,2025-10-06 09:00,3164124688,3163.1727128689085,128922224,128.88343578423897,271379200197025333516,271.31188733821716,3035202464,3034.2892770846697,0.04074498849205907
1759744800,2025-10-06,2025-10-06 10:00,3164124692,3163.0612348520854,128922228,128.8788974494568,271379200197025333516,271.3013377826109,3035202464,3034.1823374026285,0.04074498970472305
1759748400,2025-10-06,2025-10-06 11:00,3164124697,3162.87630307431,128922233,128.87136720045797,271379200197025333516,271.311393718288,3035202464,3034.004935873852,0.04074499122055302
1759752000,2025-10-06,2025-10-06 12:00,3164124701,3163.2083967984563,128922237,128.88490219224158,271379200197025333516,271.38745959582843,3035202464,3034.323494606215,0.040744992433217
1759755600,2025-10-06,2025-10-06 13:00,3164124705,3163.1871918690763,128922241,128.8840420334376,271379200197025333516,271.209034515659,3035202464,3034.303149835638,0.04074499364588097
1759759200,2025-10-06,2025-10-06 14:00,3164124709,3162.913124154361,128922245,128.87287898169373,271379200197025333516,271.6518035574056,3035202464,3034.040245172667,0.040744994858544936
1759762800,2025-10-06,2025-10-06 15:00,3164124713,3163.203817078947,128922249,128.8847270993147,271379200197025333516,271.3168756356176,3035202464,3034.3190899796323,0.040744996071208905
1759766400,2025-10-06,2025-10-06 16:00,3164124717,3163.2135575760244,128922253,128.88512781174495,271379200197025333516,271.30417547825675,3035202464,3034.3284297642795,0.04074499728387287
1759770000,2025-10-06,2025-10-06 17:00,3164124722,3163.411657423828,128922258,128.89320418469975,271379200197025333516,271.3083677596843,3035202464,3034.518453239128,0.040744998799702815
1759773600,2025-10-06,2025-10-06 18:00,3164124726,3163.318832477011,128922262,128.88942586839582,271379200197025333516,271.4159273615914,3035202464,3034.429406608615,0.04074500001236677
1759777200,2025-10-06,2025-10-06 19:00,3164124730,3163.185760374701,128922266,128.88400768146693,271379200197025333516,271.5632925119891,3035202464,3034.301752693234,0.04074500122503072
1759780800,2025-10-06,2025-10-06 20:00,3164124734,3163.383319586047,128922270,128.89206106789615,271379200197025333516,271.3033788399778,3035202464,3034.491258518151,0.04074500243769467
1759784400,2025-10-06,2025-10-06 21:00,3164124738,3162.8872597945247,128922274,128.87185294600067,271379200197025333516,271.1274618885515,3035202464,3034.015406848524,0.040745003650358616
1759788000,2025-10-06,2025-10-06 22:00,3164124742,3163.008295953119,128922278,128.87678840039055,271379200197025333516,271.61242118733065,3035202464,3034.1315075527286,0.04074500486302256
1759791600,2025-10-06,2025-10-06 23:00,3164124747,3163.2039509955302,128922283,128.88476516092425,271379200197025333516,271.09039037357525,3035202464,3034.319185834606,0.040745006378852484
1759795200,2025-10-07,2025-10-07 00:00,3164124751,3163.509526900106,128922287,128.89721968937934,271379200197025333516,271.39889702842504,3035202464,3034.6123072107266,0.04074500759151642
1759798800,2025-10-07,2025-10-07 01:00,3164124755,3163.474521246233,128922291,128.895797219978,271379200197025333516,271.1845925787254,3035202464,3034.578724026255,0.040745008804180353
1759802400,2025-10-07,2025-10-07 02:00,3164124759,3163.1998416448328,128922295,128.88460923309896,271379200197025333516,271.32899035185517,3035202464,3034.3152324117336,0.04074501001684428
1759806000,2025-10-07,2025-10-07 03:00,3164124763,3163.5110387379705,128922299,128.8972927980518,271379200197025333516,271.1911358244773,3035202464,3034.6137459399188,0.04074501122950821
1759809600,2025-10-07,2025-10-07 04:00,3164124768,3163.211752518938,128922304,128.88510317258743,271379200197025333516,271.21005745128645,3035202464,3034.32664934635,0.040745012745338115
1759813200,2025-10-07,2025-10-07 05:00,3164124772,3163.3089662804796,128922308,128.8890679845711,271379200197025333516,271.24779920405365,3035202464,3034.4198982959083,0.040745013958002035
1759816800,2025-10-07,2025-10-07 06:00,3164124776,3163.4418092638043,128922312,128.89448450997264,271379200197025333516,271.52005722430914,3035202464,3034.5473247538316,0.04074501517066595
1759820400,2025-10-07,2025-10-07 07:00,3164124780,3163.190492746167,128922316,128.88424845053584,271379200197025333516,271.3126967158851,3035202464,3034.306244295631,0.04074501638332986
1759824000,2025-10-07,2025-10-07 08:00,3164124784,3163.1853093512,128922320,128.88404108890367,271379200197025333516,271.502214224502,3035202464,3034.3012682622966,0.04074501759599378
1759827600,2025-10-07,2025-10-07 09:00,3164124788,3163.1860662550353,128922324,128.88407576484533,271379200197025333516,271.40034412327077,3035202464,3034.30199049019,0.04074501880865768
1759831200,2025-10-07,2025-10-07 10:00,3164124793,3163.0126518437014,128922329,128.8770147859829,271379200197025333516,271.4354317457646,3035202464,3034.135637057718,0.04074502032448756
1759834800,2025-10-07,2025-10-07 11:00,3164124797,3163.159248142737,128922333,128.88299169101566,271379200197025333516,271.18803905115266,3035202464,3034.276256451721,0.04074502153715146
1759838400,2025-10-07,2025-10-07 12:00,3164124801,3163.19321552172,128922337,128.8843795284941,271379200197025333516,271.4578962268647,3035202464,3034.308835993226,0.04074502274981536
1759842000,2025-10-07,2025-10-07 13:00,3164124805,3163.1944602515214,128922341,128.88443408092988,271379200197025333516,271.34253697996496,3035202464,3034.3100261705918,0.040745023962479254
1759845600,2025-10-07,2025-10-07 14:00,3164124809,3163.4964057479615,128922345,128.89674069367555,271379200197025333516,271.36306338892365,3035202464,3034.599665054286,0.04074502517514315
1759849200,2025-10-07,2025-10-07 15:00,3164124814,3163.2905764332772,128922350,128.88835896807726,271379200197025333516,271.15142374582837,3035202464,3034.4022174652,0.040745026690973005
1759852800,2025-10-07,2025-10-07 16:00,3164124818,3163.322369269035,128922354,128.8896582040656,271379200197025333516,271.5664644167296,3035202464,3034.432711064969,0.04074502790363689
1759856400,2025-10-07,2025-10-07 17:00,3164124822,3163.274339182614,128922358,128.88770505284268,271379200197025333516,271.94569894821075,3035202464,3034.386634129771,0.04074502911630077
1759860000,2025-10-07,2025-10-07 18:00,3164124826,3163.2005263532765,128922362,128.88470138286118,271379200197025333516,271.39192869888075,3035202464,3034.315824970415,0.04074503032896465
1759863600,2025-10-07,2025-10-07 19:00,3164124830,3162.9665969998227,128922366,128.87517375987522,271379200197025333516,271.4433026341821,3035202464,3034.0914232399473,0.04074503154162853
1759867200,2025-10-07,2025-10-07 20:00,3164124834,3163.063524150082,128922370,128.87912689540264,271379200197025333516,271.17413687030125,3035202464,3034.184397254679,0.0407450327542924
1759870800,2025-10-07,2025-10-07 21:00,3164124839,3163.2038256817386,128922375,128.88484828078418,271379200197025333516,271.26983292484334,3035202464,3034.3189774009543,0.040745034270122236
1759874400,2025-10-07,2025-10-07 22:00,3164124843,3163.1733550891922,128922379,128.8836105913127,271379200197025333516,271.36867583184096,3035202464,3034.2897444978794,0.0407450354827861
1759878000,2025-10-07,2025-10-07 23:00,3164124847,3163.312879573189,128922383,128.8892993573991,271379200197025333516,271.2068918800668,3035202464,3034.42358021579,0.04074503669544996
1759881600,2025-10-08,2025-10-08 00:00,3164124851,3162.9698354539687,128922387,128.87532584779248,271379200197025333516,271.2171026045404,3035202464,3034.094509606176,0.040745037908113825
1759885200,2025-10-08,2025-10-08 01:00,3164124855,3163.1899151438483,128922391,128.88429683898553,271379200197025333516,271.24221274910246,3035202464,3034.3056183048625,0.040745039120777676
1759888800,2025-10-08,2025-10-08 02:00,3164124860,3163.183890834305,128922396,128.88405617310596,271379200197025333516,271.1797545410156,3035202464,3034.2998346611994,0.04074504063660749
1759892400,2025-10-08,2025-10-08 03:00,3164124864,3163.200843665145,128922400,128.88475075278677,271379200197025333516,271.2572619617917,3035202464,3034.3160929123583,0.04074504184927134
1759896000,2025-10-08,2025-10-08 04:00,3164124868,3163.497713798767,128922404,128.8968505750643,271379200197025333516,271.3263541250728,3035202464,3034.600863223703,0.04074504306193519
1759899600,2025-10-08,2025-10-08 05:00,3164124872,3163.171597321053,128922408,128.88356678100044,271379200197025333516,271.0867410900315,3035202464,3034.2880305400527,0.04074504427459903
1759903200,2025-10-08,2025-10-08 06:00,3164124876,3163.2085526431765,128922412,128.8850763631452,271379200197025333516,271.18201303388497,3035202464,3034.3234762800316,0.040745045487262876
1759906800,2025-10-08,2025-10-08 07:00,3164124880,3163.197312172569,128922416,128.88462220555397,271379200197025333516,271.27677155105243,3035202464,3034.312689967015,0.04074504669992671
1759910400,2025-10-08,2025-10-08 08:00,3164124885,3163.200121692251,128922421,128.88474147443762,271379200197025333516,271.39149783542,3035202464,3034.315380217813,0.0407450482157565
1759914000,2025-10-08,2025-10-08 09:00,3164124889,3163.1938168028464,128922425,128.88448841730556,271379200197025333516,271.1840687106957,3035202464,3034.309328385541,0.04074504942842033
1759917600,2025-10-08,2025-10-08 10:00,3164124893,3163.1527663818574,128922429,128.88281965171421,271379200197025333516,271.2020436022104,3035202464,3034.2699467301427,0.04074505064108416
1759921200,2025-10-08,2025-10-08 11:00,3164124897,3163.0794136803866,128922433,128.87983472793013,271379200197025333516,271.31318465761285,3035202464,3034.1995789524562,0.040745051853747986
1759924800,2025-10-08,2025-10-08 12:00,3164124901,3163.1866146542056,128922437,128.88420647304912,271379200197025333516,271.26260031885016,3035202464,3034.3024081811564,0.0407450530664118
1759928400,2025-10-08,2025-10-08 13:00,3164124905,3163.4215716545054,128922441,128.89378364466154,271379200197025333516,271.2170924017453,3035202464,3034.527788009844,0.04074505427907562
1759932000,2025-10-08,2025-10-08 14:00,3164124910,3163.1888454779064,128922446,128.88430599881968,271379200197025333516,271.1835819215975,3035202464,3034.304539479087,0.040745055794905394
1759935600,2025-10-08,2025-10-08 15:00,3164124914,3163.1898658195732,128922450,128.88435140858368,271379200197025333516,271.0217586460195,3035202464,3034.3055144109894,0.0407450570075692
1759939200,2025-10-08,2025-10-08 16:00,3164124918,3163.3245777340708,128922454,128.8898440892687,271379200197025333516,271.1699443457301,3035202464,3034.4347336448022,0.04074505822023301
1759942800,2025-10-08,2025-10-08 17:00,3164124922,3163.186900848364,128922458,128.8842382724273,271379200197025333516,270.97576733264464,3035202464,3034.302662575937,0.040745059432896816
1759946400,2025-10-08,2025-10-08 18:00,3164124926,3163.387968137964,128922462,128.89243460721812,271379200197025333516,271.31409649883,3035202464,3034.495533530746,0.04074506064556062
1759950000,2025-10-08,2025-10-08 19:00,3164124931,3163.1885031925253,128922467,128.8843121907748,271379200197025333516,271.2696981547019,3035202464,3034.3041910017505,0.040745062161390365
1759953600,2025-10-08,2025-10-08 20:00,3164124935,3163.22312585409,128922471,128.8857267291986,271379200197025333516,271.24949403350564,3035202464,3034.337399124892,0.04074506337405416
1759957200,2025-10-08,2025-10-08 21:00,3164124939,3162.9381800201577,128922475,128.87412042871748,271379200197025333516,271.153199790917,3035202464,3034.0640595914406,0.04074506458671795
1759960800,2025-10-08,2025-10-08 22:00,3164124943,3162.904111946771,128922479,128.87273615840627,271379200197025333516,271.3433128199626,3035202464,3034.031375788365,0.04074506579938174
1759964400,2025-10-08,2025-10-08 23:00,3164124947,3163.2037141884744,128922483,128.8849473073607,271379200197025333516,271.2873569196301,3035202464,3034.318766881114,0.04074506701204553
1759968000,2025-10-09,2025-10-09 00:00,3164124951,3163.158550903174,128922487,128.88311096212246,271379200197025333516,271.31920889471894,3035202464,3034.2754399410514,0.04074506822470931
1759971600,2025-10-09,2025-10-09 01:00,3164124956,3163.187718115442,128922492,128.8843041770302,271379200197025333516,271.4282780241018,3035202464,3034.3034139384117,0.040745069740539035
1759975200,2025-10-09,2025-10-09 02:00,3164124960,3163.1964897965618,128922496,128.88466541568297,271379200197025333516,271.5671659946836,3035202464,3034.311824380879,0.04074507095320281
1759978800,2025-10-09,2025-10-09 03:00,3164124964,3163.1757265108,128922500,128.88382325,271379200197025333516,271.0841715403557,3035202464,3034.2919032607997,0.04074507216586658
1759982400,2025-10-09,2025-10-09 04:00,3164124968,3163.1956750659883,128922504,128.88463989121354,271379200197025333516,271.3144455165569,3035202464,3034.311035174775,0.04074507337853035
1759986000,2025-10-09,2025-10-09 05:00,3164124972,3163.1757345084,128922508,128.8838312476,271379200197025333516,271.3454430904737,3035202464,3034.2919032608,0.040745074591194114
1759989600,2025-10-09,2025-10-09 06:00,3164124977,3163.1885236210364,128922513,128.88435713580347,271379200197025333516,271.4769669438484,3035202464,3034.304166485233,0.04074507610702382
1759993200,2025-10-09,2025-10-09 07:00,3164124981,3163.0180900230152,128922517,128.87741664155828,271379200197025333516,271.3507395828879,3035202464,3034.140673381457,0.04074507731968758
1759996800,2025-10-09,2025-10-09 08:00,3164124985,3163.2016268411244,128922521,128.8848986993031,271379200197025333516,270.992995614882,3035202464,3034.3167281418214,0.04074507853235134
1760000400,2025-10-09,2025-10-09 09:00,3164124989,3163.15099760219,128922525,128.88283964282527,271379200197025333516,271.43718223356586,3035202464,3034.2681579593645,0.04074507974501509
1760004000,2025-10-09,2025-10-09 10:00,3164124993,3163.3602621652044,128922529,128.89136998022542,271379200197025333516,271.18387639639843,3035202464,3034.468892184979,0.04074508095767884
1760007600,2025-10-09,2025-10-09 11:00,3164124997,3163.500965619691,128922533,128.89710679013243,271379200197025333516,271.3052245120742,3035202464,3034.6038588295587,0.04074508217034259
1760011200,2025-10-09,2025-10-09 12:00,3164125002,3163.104393234519,128922538,128.88095321043963,271379200197025333516,270.95413329414316,3035202464,3034.2234400240795,0.040745083686172266
1760014800,2025-10-09,2025-10-09 13:00,3164125006,3163.2041407854776,128922542,128.8850212686539,271379200197025333516,271.572202707832,3035202464,3034.319119516824,0.04074508489883601
1760018400,2025-10-09,2025-10-09 14:00,3164125010,3163.1941543199073,128922546,128.88461820515724,271379200197025333516,271.09743972516844,3035202464,3034.30953611475,0.04074508611149975
1760022000,2025-10-09,2025-10-09 15:00,3164125014,3163.1854117797134,128922550,128.88426582548445,271379200197025333516,271.495822927155,3035202464,3034.301145954229,0.04074508732416348
1760025600,2025-10-09,2025-10-09 16:00,3164125018,3163.1932018539196,128922554,128.8845870686279,271379200197025333516,271.2306478447269,3035202464,3034.3086147852914,0.04074508853682721
1760029200,2025-10-09,2025-10-09 17:00,3164125022,3163.185339022194,128922558,128.8842705327332,271379200197025333516,271.2617156067456,3035202464,3034.3010684894607,0.04074508974949094
1760032800,2025-10-09,2025-10-09 18:00,3164125027,3163.2074835052968,128922563,128.88517760656842,271379200197025333516,271.27335253862725,3035202464,3034.3223058987282,0.040745091265320596
1760036400,2025-10-09,2025-10-09 19:00,3164125031,3163.2867020340573,128922567,128.8884092087557,271379200197025333516,271.247840901834,3035202464,3034.3982928253017,0.040745092477984315
1760040000,2025-10-09,2025-10-09 20:00,3164125035,3163.2885862664666,128922571,128.88848981798478,271379200197025333516,271.3987117784458,3035202464,3034.400096448482,0.040745093690648035
1760043600,2025-10-09,2025-10-09 21:00,3164125039,3163.2531291950195,128922575,128.88704895224893,271379200197025333516,271.21531395625817,3035202464,3034.3660802427703,0.040745094903311754
1760047200,2025-10-09,2025-10-09 22:00,3164125043,3163.197800071622,128922579,128.8847983977604,271379200197025333516,271.5502764254275,3035202464,3034.313001673862,0.04074509611597547
1760050800,2025-10-09,2025-10-09 23:00,3164125048,3163.203852827661,128922584,128.88504981276512,271379200197025333516,271.4071205362186,3035202464,3034.3188030148963,0.0407450976318051
1760054400,2025-10-10,2025-10-10 00:00,3164125052,3163.495178342455,128922588,128.8969237355638,271379200197025333516,271.18843704665085,3035202464,3034.5982546068913,0.04074509884446881
1760058000,2025-10-10,2025-10-10 01:00,3164125056,3163.2201455806376,128922592,128.88572133442034,271379200197025333516,271.2535943366827,3035202464,3034.334424246217,0.040745100057132506
1760061600,2025-10-10,2025-10-10 02:00,3164125060,3163.204177688333,128922596,128.88507455695355,271379200197025333516,271.31733799761116,3035202464,3034.3191031313795,0.040745101269796205
1760065200,2025-10-10,2025-10-10 03:00,3164125064,3163.3530448960273,128922600,128.89114400249022,271379200197025333516,271.3995289206702,3035202464,3034.4619008935374,0.040745102482459904
1760068800,2025-10-10,2025-10-10 04:00,3164125068,3163.337778443002,128922604,128.89052580536205,271379200197025333516,270.882606824857,3035202464,3034.4472526376403,0.040745103695123595
1760072400,2025-10-10,2025-10-10 05:00,3164125073,3163.197199504118,128922609,128.88480269678783,271379200197025333516,271.1586823923474,3035202464,3034.31239680733,0.04074510521095321
1760076000,2025-10-10,2025-10-10 06:00,3164125077,3163.270190645933,128922613,128.88778056452344,271379200197025333516,271.287535731035,3035202464,3034.3824100814095,0.040745106423616895
1760079600,2025-10-10,2025-10-10 07:00,3164125081,3163.1872088095547,128922617,128.88440329665124,271379200197025333516,271.24924604436285,3035202464,3034.3028055129034,0.04074510763628058
1760083200,2025-10-10,2025-10-10 08:00,3164125085,3163.202711433634,128922621,128.885038788639,271379200197025333516,271.3947327421481,3035202464,3034.3176726449947,0.04074510884894426
1760086800,2025-10-10,2025-10-10 09:00,3164125089,3163.184424043905,128922625,128.88429750283282,271379200197025333516,271.32025258478393,3035202464,3034.3001265410717,0.040745110061607935
1760090400,2025-10-10,2025-10-10 10:00,3164125094,3163.171611699265,128922630,128.88378025726945,271379200197025333516,271.40140888622824,3035202464,3034.2878314419954,0.04074511157743752
1760094000,2025-10-10,2025-10-10 11:00,3164125098,3163.2760830718075,128922634,128.88804079099032,271379200197025333516,271.3961080596206,3035202464,3034.3880422808174,0.04074511279010119
1760097600,2025-10-10,2025-10-10 12:00,3164125102,3163.1805577627642,128922638,128.8841524373732,271379200197025333516,271.21820129370286,3035202464,3034.2964053253913,0.040745114002764864
1760101200,2025-10-10,2025-10-10 13:00,3164125106,3163.172432927557,128922642,128.8838252259007,271379200197025333516,271.24688221344576,3035202464,3034.2886077016565,0.04074511521542853
1760104800,2025-10-10,2025-10-10 14:00,3164125110,3163.2324326387106,128922646,128.88627375698152,271379200197025333516,271.2164673379208,3035202464,3034.346158881729,0.040745116428092185
1760108400,2025-10-10,2025-10-10 15:00,3164125114,3163.2001362957017,128922650,128.8849616746233,271379200197025333516,271.25577433329,3035202464,3034.3151746210788,0.04074511764075584
1760112000,2025-10-10,2025-10-10 16:00,3164125119,3163.4024938084626,128922655,128.89321155046525,271379200197025333516,270.78511971269114,3035202464,3034.5092822579977,0.040745119156585415
1760115600,2025-10-10,2025-10-10 17:00,3164125123,3163.508582032498,128922659,128.89753796406657,271379200197025333516,271.44679317068807,3035202464,3034.6110440684315,0.040745120369249065
1760119200,2025-10-10,2025-10-10 18:00,3164125127,3163.8036234217157,128922663,128.9095632976138,271379200197025333516,271.414154605505,3035202464,3034.894060124102,0.04074512158191271
1760122800,2025-10-10,2025-10-10 19:00,3164125131,3163.5096970326476,128922667,128.89759106742827,271379200197025333516,271.4426154601447,3035202464,3034.6121059652196,0.04074512279457636
1760126400,2025-10-10,2025-10-10 20:00,3164125135,3163.5077918715947,128922671,128.89751727767813,271379200197025333516,271.1561138539495,3035202464,3034.610274593917,0.04074512400724
1760130000,2025-10-10,2025-10-10 21:00,3164125139,3163.749718716164,128922675,128.90737845352498,271379200197025333516,271.66980427942354,3035202464,3034.8423402626386,0.04074512521990364
1760133600,2025-10-10,2025-10-10 22:00,3164125144,3163.144679282932,128922680,128.88273084084315,271379200197025333516,271.5020659480388,3035202464,3034.261948442089,0.04074512673573318
1760137200,2025-10-10,2025-10-10 23:00,3164125148,3163.9876712465293,128922684,128.9170824920899,271379200197025333516,271.5388661364407,3035202464,3035.070588754439,0.04074512794839681
1760140800,2025-10-11,2025-10-11 00:00,3164125152,3164.0453650382187,128922688,128.91943706993686,271379200197025333516,271.4872412505504,3035202464,3035.1259279682818,0.04074512916106044
1760144400,2025-10-11,2025-10-11 01:00,3164125156,3163.775358862282,128922692,128.90843947001935,271379200197025333516,271.84196112144906,3035202464,3034.8669193922624,0.04074513037372406
1760148000,2025-10-11,2025-10-11 02:00,3164125160,3163.5413890106165,128922696,128.89891017422124,271379200197025333516,271.09284203562225,3035202464,3034.6424788363947,0.040745131586387685
1760151600,2025-10-11,2025-10-11 03:00,3164125165,3163.5278409774555,128922701,128.89836295319628,271379200197025333516,270.9189073870719,3035202464,3034.6294780242592,0.04074513310221721
1760155200,2025-10-11,2025-10-11 04:00,3164125169,3163.503025563738,128922705,128.8973556821264,271379200197025333516,271.31034118906115,3035202464,3034.6056698816114,0.040745134314880825
1760158800,2025-10-11,2025-10-11 05:00,3164125173,3163.631434001887,128922709,128.90259153760667,271379200197025333516,271.7513926995059,3035202464,3034.7288424642807,0.04074513552754444
1760162400,2025-10-11,2025-10-11 06:00,3164125177,3163.202772281761,128922713,128.88512949362553,271379200197025333516,271.28887620506555,3035202464,3034.317642788136,0.04074513674020805
1760166000,2025-10-11,2025-10-11 07:00,3164125181,3163.4165493237097,128922717,128.89384370459177,271379200197025333516,271.0310844761934,3035202464,3034.522705619118,0.04074513795287166
1760169600,2025-10-11,2025-10-11 08:00,3164125185,3163.5297137082594,128922721,128.89845843934896,271379200197025333516,271.5310677550133,3035202464,3034.6312552689105,0.04074513916553526
1760173200,2025-10-11,2025-10-11 09:00,3164125190,3163.408788815681,128922726,128.89353613296063,271379200197025333516,271.49752460115445,3035202464,3034.51525268272,0.04074514068136476
1760176800,2025-10-11,2025-10-11 10:00,3164125194,3163.2136023478097,128922730,128.8855870687821,271379200197025333516,271.7377258136994,3035202464,3034.328015279027,0.04074514189402836
1760180400,2025-10-11,2025-10-11 11:00,3164125198,3163.2249794803815,128922734,128.88605446759084,271379200197025333516,271.3695318145153,3035202464,3034.3389250127907,0.04074514310669195
1760184000,2025-10-11,2025-10-11 12:00,3164125202,3163.5129251141207,128922738,128.89779068992144,271379200197025333516,271.3279507963463,3035202464,3034.615134424199,0.04074514431935554
1760187600,2025-10-11,2025-10-11 13:00,3164125206,3163.5287346264236,128922742,128.89843868707794,271379200197025333516,272.0598977414405,3035202464,3034.630295939345,0.04074514553201913
1760191200,2025-10-11,2025-10-11 14:00,3164125211,3163.276734526545,128922747,128.8881757013224,271379200197025333516,271.5908862849913,3035202464,3034.3885588252224,0.04074514704784861
1760194800,2025-10-11,2025-10-11 15:00,3164125215,3163.6188401570175,128922751,128.9021186819473,271379200197025333516,271.59530651480725,3035202464,3034.7167214750702,0.04074514826051219
1760198400,2025-10-11,2025-10-11 16:00,3164125219,3163.5265344829336,128922755,128.89836150986483,271379200197025333516,271.94490526382265,3035202464,3034.6281729730686,0.040745149473175764
1760202000,2025-10-11,2025-10-11 17:00,3164125223,3163.508670408453,128922759,128.8976374717517,271379200197025333516,271.45232404983625,3035202464,3034.611032936701,0.04074515068583934
1760205600,2025-10-11,2025-10-11 18:00,3164125227,3163.6708673658754,128922763,128.90425004769105,271379200197025333516,271.46951886849666,3035202464,3034.766617318184,0.04074515189850291
1760209200,2025-10-11,2025-10-11 19:00,3164125231,3163.50770168272,128922767,128.8976056734168,271379200197025333516,271.5406395420884,3035202464,3034.610096009303,0.04074515311116648
1760212800,2025-10-11,2025-10-11 20:00,3164125236,3163.8071776978054,128922772,128.9098126652967,271379200197025333516,270.91014644286133,3035202464,3034.897365032509,0.04074515462699593
1760216400,2025-10-11,2025-10-11 21:00,3164125240,3163.8077678492405,128922776,128.90984054774256,271379200197025333516,271.4677902089743,3035202464,3034.897927301498,0.04074515583965949
1760220000,2025-10-11,2025-10-11 22:00,3164125244,3163.813812130949,128922780,128.9100906595844,271379200197025333516,271.251540213459,3035202464,3034.9037214713644,0.04074515705232305
1760223600,2025-10-11,2025-10-11 23:00,3164125248,3163.759800745804,128922784,128.9078937937903,271379200197025333516,271.4580085212629,3035202464,3034.851906952014,0.040745158264986606
1760227200,2025-10-12,2025-10-12 00:00,3164125252,3163.5172312565355,128922788,128.89801409784184,271379200197025333516,271.22316759333,3035202464,3034.619217158694,0.04074515947765016
1760230800,2025-10-12,2025-10-12 01:00,3164125257,3163.5270299492104,128922793,128.89841814250494,271379200197025333516,271.3865981143118,3035202464,3034.628611806705,0.04074516099347959
1760234400,2025-10-12,2025-10-12 02:00,3164125261,3163.821342600584,128922797,128.91041379551837,271379200197025333516,271.18448293292545,3035202464,3034.9109288050654,0.04074516220614314
1760238000,2025-10-12,2025-10-12 03:00,3164125265,3163.8192019776316,128922801,128.91033041213714,271379200197025333516,271.2188653310106,3035202464,3034.9088715654943,0.040745163418806685
1760241600,2025-10-12,2025-10-12 04:00,3164125269,3163.8129377631126,128922805,128.91007901233348,271379200197025333516,271.4834891657603,3035202464,3034.902858750779,0.040745164631470224
1760245200,2025-10-12,2025-10-12 05:00,3164125273,3163.7918005285346,128922809,128.90922160884568,271379200197025333516,271.38138046385086,3035202464,3034.882578919689,0.040745165844133756
1760248800,2025-10-12,2025-10-12 06:00,3164125277,3163.8136997695756,128922813,128.91011773369524,271379200197025333516,271.23786567051593,3035202464,3034.9035820358804,0.04074516705679729
1760252400,2025-10-12,2025-10-12 07:00,3164125282,3163.812564761663,128922818,128.9100762834084,271379200197025333516,271.30584944491096,3035202464,3034.9024884782543,0.0407451685726267
1760256000,2025-10-12,2025-10-12 08:00,3164125286,3163.8121964471156,128922822,128.91006511300972,271379200197025333516,271.4255149268697,3035202464,3034.902131334106,0.040745169785290226
1760259600,2025-10-12,2025-10-12 09:00,3164125290,3163.81691046137,128922826,128.91026102296624,271379200197025333516,271.432812812466,3035202464,3034.9066494384037,0.04074517099795375
1760263200,2025-10-12,2025-10-12 10:00,3164125294,3163.8131658537054,128922830,128.91011228492746,271379200197025333516,271.37304027632644,3035202464,3034.903053568778,0.04074517221061727
1760266800,2025-10-12,2025-10-12 11:00,3164125298,3163.817159662943,128922834,128.91027885001824,271379200197025333516,271.3197706891824,3035202464,3034.9068808129246,0.04074517342328079
1760270400,2025-10-12,2025-10-12 12:00,3164125302,3163.714522905007,128922838,128.90610073403772,271379200197025333516,271.26684711219906,3035202464,3034.8084221709696,0.0407451746359443
1760274000,2025-10-12,2025-10-12 13:00,3164125307,3163.8179274840036,128922843,128.91031876747527,271379200197025333516,271.1459406596233,3035202464,3034.9076087165286,0.040745176151773685
1760277600,2025-10-12,2025-10-12 14:00,3164125311,3163.8178948762156,128922847,128.9103212755117,271379200197025333516,271.30471999275966,3035202464,3034.907573600704,0.040745177364437196
1760281200,2025-10-12,2025-10-12 15:00,3164125315,3163.509555057352,128922851,128.8977617511762,271379200197025333516,271.27208958956845,3035202464,3034.611793306176,0.0407451785771007
1760284800,2025-10-12,2025-10-12 16:00,3164125319,3163.62992765203,128922855,128.90267019046064,271379200197025333516,271.2828619794702,3035202464,3034.727257461569,0.0407451797897642
1760288400,2025-10-12,2025-10-12 17:00,3164125323,3163.8085226546114,128922859,128.9099509125855,271379200197025333516,271.33652818924355,3035202464,3034.8985717420255,0.040745181002427695
1760292000,2025-10-12,2025-10-12 18:00,3164125328,3163.7695634314355,128922864,128.9083683077203,271379200197025333516,271.3609409107053,3035202464,3034.8611951237153,0.04074518251825707
1760295600,2025-10-12,2025-10-12 19:00,3164125332,3163.8137630756582,128922868,128.91017306693283,271379200197025333516,271.403697696958,3035202464,3034.903590008725,0.04074518373092056
1760299200,2025-10-12,2025-10-12 20:00,3164125336,3163.5097821379836,128922872,128.89779114404942,271379200197025333516,271.2492565641291,3035202464,3034.611990993934,0.04074518494358404
1760302800,2025-10-12,2025-10-12 21:00,3164125340,3163.5021250623226,128922876,128.89748299134897,271379200197025333516,271.3104737422921,3035202464,3034.6046420709736,0.040745186156247525
1760306400,2025-10-12,2025-10-12 22:00,3164125344,3163.8235843651687,128922880,128.91058474713842,271379200197025333516,271.31287758094976,3035202464,3034.91299961803,0.04074518736891101
1760310000,2025-10-12,2025-10-12 23:00,3164125348,3163.63575726839,128922884,128.90293553331276,271379200197025333516,271.3121168625398,3035202464,3034.7328217350773,0.040745188581574485
1760313600,2025-10-13,2025-10-13 00:00,3164125353,3163.8225465470978,128922889,128.9105510935138,271379200197025333516,271.474398549002,3035202464,3034.911995453584,0.04074519009740383
1760317200,2025-10-13,2025-10-13 01:00,3164125357,3163.823868222623,128922893,128.91060878208793,271379200197025333516,271.28314813170874,3035202464,3034.913259440535,0.040745191310067305
1760320800,2025-10-13,2025-10-13 02:00,3164125361,3163.4999761165054,128922897,128.89741557252123,271379200197025333516,271.33082689688104,3035202464,3034.602560543984,0.04074519252273077
1760324400,2025-10-13,2025-10-13 03:00,3164125365,3163.8320704725325,128922901,128.9109506576568,271379200197025333516,271.32174375368646,3035202464,3034.921119814876,0.04074519373539424
1760328000,2025-10-13,2025-10-13 04:00,3164125369,3163.8395415581276,128922905,128.9112589051594,271379200197025333516,271.42312508370276,3035202464,3034.9282826529684,0.0407451949480577
1760331600,2025-10-13,2025-10-13 05:00,3164125374,3164.1235877155214,128922910,128.92283721748797,271379200197025333516,271.38761769729126,3035202464,3035.2007504980334,0.04074519646388702
1760335200,2025-10-13,2025-10-13 06:00,3164125378,3163.824170307359,128922914,128.91064123302164,271379200197025333516,271.3834524527065,3035202464,3034.913529074337,0.04074519767655048
1760338800,2025-10-13,2025-10-13 07:00,3164125382,3164.076822973436,128922918,128.9209394528048,271379200197025333516,271.37643313330034,3035202464,3035.155883520631,0.04074519888921393
1760342400,2025-10-13,2025-10-13 08:00,3164125386,3163.5905551243145,128922922,128.90113020894952,271379200197025333516,271.4055743736987,3035202464,3034.689424915365,0.04074520010187738
1760346000,2025-10-13,2025-10-13 09:00,3164125390,3163.5063860291434,128922926,128.89770455859292,271379200197025333516,271.4127292584639,3035202464,3034.60868147055,0.040745201314540826
1760349600,2025-10-13,2025-10-13 10:00,3164125394,3163.520729636764,128922930,128.89829282805897,271379200197025333516,271.37193933422895,3035202464,3034.622436808705,0.04074520252720427
1760353200,2025-10-13,2025-10-13 11:00,3164125399,3163.5227404139746,128922935,128.8983795529441,271379200197025333516,271.40206557837155,3035202464,3034.6243608610303,0.04074520404303357
1760356800,2025-10-13,2025-10-13 12:00,3164125403,3163.8117323999386,128922939,128.91015842701785,271379200197025333516,271.1329775948791,3035202464,3034.9015739729207,0.040745205255697005
1760360400,2025-10-13,2025-10-13 13:00,3164125407,3163.8075519872195,128922943,128.90999193187727,271379200197025333516,271.2337482942915,3035202464,3034.897560055342,0.04074520646836043
1760364000,2025-10-13,2025-10-13 14:00,3164125411,3163.5996331398906,128922947,128.90152407189575,271379200197025333516,271.3397358677979,3035202464,3034.698109067995,0.04074520768102387
1760367600,2025-10-13,2025-10-13 15:00,3164125415,3163.645550973183,128922951,128.90339883998678,271379200197025333516,271.28573012119625,3035202464,3034.742152133196,0.040745208893687296
1760371200,2025-10-13,2025-10-13 16:00,3164125419,3163.518498801762,128922955,128.898225909005,271379200197025333516,271.07658590817636,3035202464,3034.620272892757,0.04074521010635072
1760374800,2025-10-13,2025-10-13 17:00,3164125424,3163.759137039288,128922960,128.90803556027134,271379200197025333516,271.2609587092565,3035202464,3034.851101479017,0.04074521162217999
1760378400,2025-10-13,2025-10-13 18:00,3164125428,3163.7770577169044,128922964,128.90876957866993,271379200197025333516,271.32125657356124,3035202464,3034.8682881382347,0.04074521283484341
1760382000,2025-10-13,2025-10-13 19:00,3164125432,3163.819007874969,128922968,128.9104826834363,271379200197025333516,271.31969030720484,3035202464,3034.9085251915326,0.04074521404750683
1760385600,2025-10-13,2025-10-13 20:00,3164125436,3163.82010945018,128922972,128.91053140400294,271379200197025333516,271.2431525446715,3035202464,3034.9095780461776,0.040745215260170234
1760389200,2025-10-13,2025-10-13 21:00,3164125440,3163.6866341405052,128922976,128.90509676026534,271379200197025333516,271.4775405359032,3035202464,3034.78153738024,0.04074521647283364
1760392800,2025-10-13,2025-10-13 22:00,3164125445,3163.8036624178285,128922981,128.90986989854446,271379200197025333516,271.3274379327248,3035202464,3034.893792519284,0.040745217988662895
1760396400,2025-10-13,2025-10-13 23:00,3164125449,3163.8077381616376,128922985,128.9100398022483,271379200197025333516,271.3051573089002,3035202464,3034.8976983593893,0.0407452192013263
1760400000,2025-10-14,2025-10-14 00:00,3164125453,3163.808321460473,128922989,128.91006740552174,271379200197025333516,271.35241362471777,3035202464,3034.898254054951,0.040745220413989695
1760403600,2025-10-14,2025-10-14 01:00,3164125457,3163.805019836482,128922993,128.90993671675503,271379200197025333516,271.48324908570345,3035202464,3034.895083119727,0.04074522162665309
1760407200,2025-10-14,2025-10-14 02:00,3164125461,3163.684610632256,128922997,128.90503445352746,271379200197025333516,271.5904393272539,3035202464,3034.7795761787283,0.04074522283931648
1760410800,2025-10-14,2025-10-14 03:00,3164125465,3163.8057463313,128923001,128.9099739912102,271379200197025333516,271.5530034670812,3035202464,3034.8957723400895,0.040745224051979875
1760414400,2025-10-14,2025-10-14 04:00,3164125470,3164.0997559600846,128923006,128.92195827564336,271379200197025333516,271.2205088632445,3035202464,3035.177797684441,0.0407452255678091
1760418000,2025-10-14,2025-10-14 05:00,3164125474,3163.8060336085673,128923010,128.90999432880824,271379200197025333516,271.4909559463299,3035202464,3034.8960392797594,0.04074522678047249
1760421600,2025-10-14,2025-10-14 06:00,3164125478,3164.1002897363305,128923014,128.92198769845405,271379200197025333516,271.4013376439817,3035202464,3035.1783020378766,0.04074522799313587
1760425200,2025-10-14,2025-10-14 07:00,3164125482,3163.824850006426,128923018,128.91076868051525,271379200197025333516,271.3398904802355,3035202464,3034.9140813259105,0.04074522920579924
1760428800,2025-10-14,2025-10-14 08:00,3164125486,3164.0247287436696,128923022,128.9189166223745,271379200197025333516,271.627722034489,3035202464,3035.1058121212955,0.04074523041846261
1760432400,2025-10-14,2025-10-14 09:00,3164125491,3163.812975982754,128923027,128.91029350313934,271379200197025333516,271.29841795059207,3035202464,3034.9026824796147,0.040745231934291824
1760436000,2025-10-14,2025-10-14 10:00,3164125495,3164.1163211587364,128923031,128.92265720969888,271379200197025333516,271.56365116058123,3035202464,3035.1936639490377,0.04074523314695519
1760439600,2025-10-14,2025-10-14 11:00,3164125499,3163.8128991678473,128923035,128.91029804657816,271379200197025333516,271.3524684419447,3035202464,3034.902601121269,0.040745234359618555
1760443200,2025-10-14,2025-10-14 12:00,3164125503,3164.0242939822074,128923039,128.91891521472797,271379200197025333516,271.2017602736154,3035202464,3035.105378767479,0.040745235572281914
1760446800,2025-10-14,2025-10-14 13:00,3164125507,3163.7474678552558,128923043,128.90763970553343,271379200197025333516,271.2110561929649,3035202464,3034.8398281497225,0.040745236784945266
1760450400,2025-10-14,2025-10-14 14:00,3164125511,3163.813497285992,128923047,128.91033392696423,271379200197025333516,271.40806084438947,3035202464,3034.903163359028,0.040745237997608624
1760454000,2025-10-14,2025-10-14 15:00,3164125516,3164.12026766444,128923052,128.92283815531056,271379200197025333516,271.56478800875595,3035202464,3035.197429509129,0.04074523951343781
1760457600,2025-10-14,2025-10-14 16:00,3164125520,3163.8046032994616,128923056,128.90998017178353,271379200197025333516,271.32422670615364,3035202464,3034.894623127678,0.04074524072610115
1760461200,2025-10-14,2025-10-14 17:00,3164125524,3163.6055828316034,128923060,128.90187487129975,271379200197025333516,271.5052797411848,3035202464,3034.7037079603037,0.0407452419387645
1760464800,2025-10-14,2025-10-14 18:00,3164125528,3163.6382927869477,128923064,128.90321148277226,271379200197025333516,270.8654990447046,3035202464,3034.7350813041753,0.04074524315142784
1760468400,2025-10-14,2025-10-14 19:00,3164125532,3163.628155475732,128923068,128.90280227197775,271379200197025333516,271.22293715108896,3035202464,3034.7253532037544,0.040745244364091174
1760472000,2025-10-14,2025-10-14 20:00,3164125537,3163.5905223355,128923073,128.90127369594558,271379200197025333516,271.67593171648787,3035202464,3034.6892486395545,0.040745245879920344
1760475600,2025-10-14,2025-10-14 21:00,3164125541,3163.507285070291,128923077,128.89788600937757,271379200197025333516,271.242400481752,3035202464,3034.609399060914,0.040745247092583675
1760479200,2025-10-14,2025-10-14 22:00,3164125545,3163.7693007202747,128923081,128.90856573836527,271379200197025333516,271.3032746735749,3035202464,3034.8607349819094,0.040745248305247006
1760482800,2025-10-14,2025-10-14 23:00,3164125549,3163.8148632530106,128923085,128.91042603171724,271379200197025333516,271.32535741584644,3035202464,3034.9044372212934,0.04074524951791033
1760486400,2025-10-15,2025-10-15 00:00,3164125553,3163.516671202948,128923089,128.89827995851385,271379200197025333516,271.0771999562863,3035202464,3034.6183912444344,0.04074525073057365
1760490000,2025-10-15,2025-10-15 01:00,3164125557,3163.6148291565373,128923093,128.9022832653437,271379200197025333516,271.4733391686193,3035202464,3034.7125458911937,0.040745251943236964
1760493600,2025-10-15,2025-10-15 02:00,3164125562,3163.5117475343204,128923098,128.89808797401903,271379200197025333516,271.2715688776638,3035202464,3034.613659560301,0.04074525345906611
1760497200,2025-10-15,2025-10-15 03:00,3164125566,3163.786300022871,128923102,128.90927852136042,271379200197025333516,271.00887122467134,3035202464,3034.87702150151,0.040745254671729424
1760500800,2025-10-15,2025-10-15 04:00,3164125570,3163.492974584886,128923106,128.89733073793985,271379200197025333516,271.45482314659563,3035202464,3034.5956438469457,0.04074525588439273
1760504400,2025-10-15,2025-10-15 05:00,3164125574,3163.8778538455445,128923110,128.9130165786186,271379200197025333516,271.3792466559836,3035202464,3034.9648372669258,0.04074525709705604
1760508000,2025-10-15,2025-10-15 06:00,3164125578,3163.5270749279034,128923114,128.89872783772827,271379200197025333516,271.62491142560333,3035202464,3034.628347090175,0.04074525830971933
1760511600,2025-10-15,2025-10-15 07:00,3164125582,3163.524521768206,128923118,128.89862764486696,271379200197025333516,270.97897123699886,3035202464,3034.625894123339,0.040745259522382636
1760515200,2025-10-15,2025-10-15 08:00,3164125587,3163.5210605511706,128923123,128.89849141203794,271379200197025333516,271.4814709699959,3035202464,3034.622569139133,0.04074526103821176
1760518800,2025-10-15,2025-10-15 09:00,3164125591,3163.815515367393,128923127,128.9104928870318,271379200197025333516,271.63359646337926,3035202464,3034.905022480361,0.04074526225087505
1760522400,2025-10-15,2025-10-15 10:00,3164125595,3163.8571675523413,128923131,128.9121938529243,271379200197025333516,271.41664648508146,3035202464,3034.944973699417,0.040745263463538337
1760526000,2025-10-15,2025-10-15 11:00,3164125599,3163.5237915647244,128923135,128.8986141967656,271379200197025333516,271.4207764450918,3035202464,3034.625177367959,0.04074526467620162
1760529600,2025-10-15,2025-10-15 12:00,3164125603,3163.8179391478566,128923139,128.91060315454,271379200197025333516,271.5357052833251,3035202464,3034.907335993317,0.04074526588886491
1760533200,2025-10-15,2025-10-15 13:00,3164125608,3163.235008533772,128923144,128.8868562865981,271379200197025333516,271.5352622125142,3035202464,3034.348152247174,0.040745267404694
1760536800,2025-10-15,2025-10-15 14:00,3164125612,3163.820520520106,128923148,128.91071696569887,271379200197025333516,271.4689940433662,3035202464,3034.909803554407,0.04074526861735728
1760540400,2025-10-15,2025-10-15 15:00,3164125616,3163.815510504558,128923152,128.91051666791245,271379200197025333516,271.29690755807957,3035202464,3034.9049938366456,0.04074526983002055
1760544000,2025-10-15,2025-10-15 16:00,3164125620,3163.812781877606,128923156,128.9104093259106,271379200197025333516,271.7193107878759,3035202464,3034.902372551696,0.04074527104268382
1760547600,2025-10-15,2025-10-15 17:00,3164125624,3163.517711368503,128923160,128.89839043432218,271379200197025333516,271.46208770666254,3035202464,3034.619320934181,0.04074527225534709
1760551200,2025-10-15,2025-10-15 18:00,3164125628,3163.520467043441,128923164,128.89850655133284,271379200197025333516,271.4121524634945,3035202464,3034.621960492108,0.04074527346801035
1760554800,2025-10-15,2025-10-15 19:00,3164125633,3163.6522193303804,128923169,128.90387962985025,271379200197025333516,271.56852544788717,3035202464,3034.7483397005303,0.04074527498383943
1760558400,2025-10-15,2025-10-15 20:00,3164125637,3163.8130446049104,128923173,128.91043633652512,271379200197025333516,271.4693581367029,3035202464,3034.902608268385,0.040745276196502686
1760562000,2025-10-15,2025-10-15 21:00,3164125641,3163.5149650382145,128923177,128.89829483852995,271379200197025333516,271.64298902643026,3035202464,3034.6166701996844,0.04074527740916594
1760565600,2025-10-15,2025-10-15 22:00,3164125645,3163.522091488332,128923181,128.8985890440039,271379200197025333516,271.7074363782874,3035202464,3034.623502444328,0.04074527862182919
1760569200,2025-10-15,2025-10-15 23:00,3164125649,3163.8066671938495,128923185,128.91018799704628,271379200197025333516,271.6700306492136,3035202464,3034.8964791968033,0.040745279834492436
1760572800,2025-10-16,2025-10-16 00:00,3164125654,3163.498346984814,128923190,128.89763019917322,271379200197025333516,271.2556143027835,3035202464,3034.6007167856405,0.040745281350321495
1760576400,2025-10-16,2025-10-16 01:00,3164125658,3163.5931123809087,128923194,128.90149527827245,271379200197025333516,271.6276660697283,3035202464,3034.6916171026364,0.040745282562984736
1760580000,2025-10-16,2025-10-16 02:00,3164125662,3163.699903267665,128923198,128.90585033963106,271379200197025333516,271.5828361862228,3035202464,3034.7940529280336,0.04074528377564797
1760583600,2025-10-16,2025-10-16 03:00,3164125666,3163.6292146617243,128923202,128.90297394873915,271379200197025333516,271.69464861438814,3035202464,3034.726240712985,0.0407452849883112
1760587200,2025-10-16,2025-10-16 04:00,3164125670,3163.5048562103443,128923206,128.89791076446298,271379200197025333516,271.36771468524677,3035202464,3034.6069454458816,0.04074528620097444
1760590800,2025-10-16,2025-10-16 05:00,3164125674,3163.523556938702,128923210,128.89867656728077,271379200197025333516,271.39261710268255,3035202464,3034.624880371421,0.040745287413637664
1760594400,2025-10-16,2025-10-16 06:00,3164125679,3163.5157497396963,128923215,128.8983632560624,271379200197025333516,271.52306475090376,3035202464,3034.6173864836337,0.040745288929466696
1760598000,2025-10-16,2025-10-16 07:00,3164125683,3163.7469191863484,128923219,128.9077861585174,271379200197025333516,271.5889377541185,3035202464,3034.8391330278305,0.04074529014212992
1760601600,2025-10-16,2025-10-16 08:00,3164125687,3163.6610738766894,128923223,128.90429220292344,271379200197025333516,271.5146048309466,3035202464,3034.7567816737655,0.040745291354793135
1760605200,2025-10-16,2025-10-16 09:00,3164125691,3163.5141211359537,128923227,128.898308406964,271379200197025333516,271.4565576610365,3035202464,3034.6158127289896,0.040745292567456355
1760608800,2025-10-16,2025-10-16 10:00,3164125695,3163.5266373460868,128923231,128.89882221990004,271379200197025333516,271.34096926009914,3035202464,3034.6278151261863,0.04074529378011957
1760612400,2025-10-16,2025-10-16 11:00,3164125699,3163.810920162839,128923235,128.91040924342238,271379200197025333516,271.44503388908,3035202464,3034.9005109194163,0.040745294992782774
1760616000,2025-10-16,2025-10-16 12:00,3164125704,3163.507828305776,128923240,128.89806447163338,271379200197025333516,271.4605486979757,3035202464,3034.6097638341425,0.040745296508611785
1760619600,2025-10-16,2025-10-16 13:00,3164125708,3163.8103857953924,128923244,128.91039610289513,271379200197025333516,271.48476144140517,3035202464,3034.899989692497,0.040745297721274984
1760623200,2025-10-16,2025-10-16 14:00,3164125712,3163.810729631199,128923248,128.9104139492243,271379200197025333516,271.51472046223745,3035202464,3034.900315681975,0.04074529893393818
1760626800,2025-10-16,2025-10-16 15:00,3164125716,3163.8045701509,128923252,128.91016681598757,271379200197025333516,271.5133853690134,3035202464,3034.8944033349126,0.04074530014660138
1760630400,2025-10-16,2025-10-16 16:00,3164125720,3163.5073598688705,128923256,128.89806073010857,271379200197025333516,271.49660830784995,3035202464,3034.609299138762,0.040745301359264574
1760634000,2025-10-16,2025-10-16 17:00,3164125725,3163.7472300457375,128923261,128.90783910845187,271379200197025333516,271.54072429779467,3035202464,3034.8393909372853,0.040745302875093564
1760637600,2025-10-16,2025-10-16 18:00,3164125729,3163.801585218199,128923265,128.91005766304235,271379200197025333516,271.41020108839757,3035202464,3034.8915275551567,0.04074530408775675
1760641200,2025-10-16,2025-10-16 19:00,3164125733,3163.5098122179375,128923269,128.898173119694,271379200197025333516,271.4301751342701,3035202464,3034.611639098244,0.04074530530041993
1760644800,2025-10-16,2025-10-16 20:00,3164125737,3163.5070519532933,128923273,128.89806448813687,271379200197025333516,271.4126946883214,3035202464,3034.6089874651566,0.04074530651308311
1760648400,2025-10-16,2025-10-16 21:00,3164125741,3163.5056276481846,128923277,128.89801029065546,271379200197025333516,271.5362878749938,3035202464,3034.6076173575293,0.04074530772574629
1760652000,2025-10-16,2025-10-16 22:00,3164125745,3163.499732020035,128923281,128.8977739077319,271379200197025333516,271.5173864956711,3035202464,3034.6019581123037,0.04074530893840946
1760655600,2025-10-16,2025-10-16 23:00,3164125750,3163.499883140863,128923286,128.89778486052143,271379200197025333516,271.40261694647086,3035202464,3034.602098280341,0.040745310454238425
1760659200,2025-10-17,2025-10-17 00:00,3164125754,3163.504914767144,128923290,128.89799371196224,271379200197025333516,271.5367696953399,3035202464,3034.6069210551814,0.040745311666901596
1760662800,2025-10-17,2025-10-17 01:00,3164125758,3163.5082096192846,128923294,128.89813179800947,271379200197025333516,271.4350624378361,3035202464,3034.610077821275,0.04074531287956476
1760666400,2025-10-17,2025-10-17 02:00,3164125762,3163.506179182616,128923298,128.89805290349952,271379200197025333516,271.45848263859887,3035202464,3034.6081262791163,0.04074531409222792
1760670000,2025-10-17,2025-10-17 03:00,3164125766,3163.5417068010343,128923302,128.89950432378143,271379200197025333516,271.5160141795176,3035202464,3034.6422024772523,0.040745315304891075
1760673600,2025-10-17,2025-10-17 04:00,3164125771,3163.4907746126974,128923307,128.89743387101933,271379200197025333516,271.5530727072329,3035202464,3034.5933407416783,0.040745316820720016
1760677200,2025-10-17,2025-10-17 05:00,3164125775,3163.798936699047,128923311,128.90999386948218,271379200197025333516,271.51505750565025,3035202464,3034.8889428295647,0.04074531803338317
1760680800,2025-10-17,2025-10-17 06:00,3164125779,3163.500003741282,128923315,128.89781758730726,271379200197025333516,271.4371607670148,3035202464,3034.602186153975,0.04074531924604632
1760684400,2025-10-17,2025-10-17 07:00,3164125783,3163.495530511936,128923319,128.89763916040394,271379200197025333516,271.444475958147,3035202464,3034.5978913515323,0.04074532045870946
1760688000,2025-10-17,2025-10-17 08:00,3164125787,3163.6396443672775,128923323,128.90351496205156,271379200197025333516,271.5251155128467,3035202464,3034.736129405226,0.040745321671372604
1760691600,2025-10-17,2025-10-17 09:00,3164125791,3163.809207618536,128923327,128.91042770790253,271379200197025333516,271.5325255402063,3035202464,3034.8987799106335,0.04074532288403574
1760695200,2025-10-17,2025-10-17 10:00,3164125796,3163.8058136248646,128923332,128.91029421432287,271379200197025333516,271.37476487094693,3035202464,3034.895519410542,0.04074532439986466
1760698800,2025-10-17,2025-10-17 11:00,3164125800,3163.8092968576802,128923336,128.9104399764088,271379200197025333516,271.5736343277175,3035202464,3034.8988568812715,0.0407453256125278
1760702400,2025-10-17,2025-10-17 12:00,3164125804,3163.508510012445,128923340,128.89818815472984,271379200197025333516,271.3726314092133,3035202464,3034.6103218577155,0.04074532682519092
1760706000,2025-10-17,2025-10-17 13:00,3164125808,3163.50341911135,128923344,128.89798456056482,271379200197025333516,271.4203102886584,3035202464,3034.605434550785,0.04074532803785405
1760709600,2025-10-17,2025-10-17 14:00,3164125812,3163.809654229187,128923348,128.9104660475331,271379200197025333516,271.40033127249814,3035202464,3034.8991881816537,0.04074532925051717
1760713200,2025-10-17,2025-10-17 15:00,3164125816,3163.5100886561995,128923352,128.89826398590162,271379200197025333516,271.2731195297277,3035202464,3034.6118246702977,0.04074533046318029
1760716800,2025-10-17,2025-10-17 16:00,3164125821,3163.5079863143483,128923357,128.898183120625,271379200197025333516,271.3402003972759,3035202464,3034.609803193723,0.04074533197900919
1760720400,2025-10-17,2025-10-17 17:00,3164125825,3163.8376262050033,128923361,128.9116182440724,271379200197025333516,271.3366747190895,3035202464,3034.9260079609307,0.0407453331916723
1760724000,2025-10-17,2025-10-17 18:00,3164125829,3163.6110451180425,128923365,128.90238995858368,271379200197025333516,271.36587382578836,3035202464,3034.708655159459,0.04074533440433541
1760727600,2025-10-17,2025-10-17 19:00,3164125833,3163.5133224031797,128923369,128.8984120501636,271379200197025333516,271.4111942670371,3035202464,3034.614910353016,0.040745335616998515
1760731200,2025-10-17,2025-10-17 20:00,3164125837,3163.512125815662,128923373,128.898367131078,271379200197025333516,271.4639676566936,3035202464,3034.613758684584,0.04074533682966162
1760734800,2025-10-17,2025-10-17 21:00,3164125842,3163.8113706921167,128923378,128.91056476016036,271379200197025333516,271.26753672902254,3035202464,3034.9008059319563,0.040745338345490496
1760738400,2025-10-17,2025-10-17 22:00,3164125846,3163.501628446731,128923382,128.8979480438339,271379200197025333516,271.33466887008296,3035202464,3034.603680402897,0.04074533955815359
1760742000,2025-10-17,2025-10-17 23:00,3164125850,3163.506178946276,128923386,128.8981372917502,271379200197025333516,271.36499137245335,3035202464,3034.608041654526,0.040745340770816686
1760745600,2025-10-18,2025-10-18 00:00,3164125854,3163.6375217463315,128923390,128.90349273532274,271379200197025333516,271.3274603968582,3035202464,3034.734029011009,0.040745341983479774
1760749200,2025-10-18,2025-10-18 01:00,3164125858,3163.5191141397304,128923394,128.89867201318117,271379200197025333516,271.31004201208293,3035202464,3034.6204421265493,0.04074534319614286
1760752800,2025-10-18,2025-10-18 02:00,3164125862,3163.8454314988044,128923398,128.91197176264606,271379200197025333516,271.3245100357638,3035202464,3034.9334597361585,0.04074534440880595
1760756400,2025-10-18,2025-10-18 03:00,3164125867,3163.8140896530713,128923403,128.91069952414793,271379200197025333516,271.3827301183245,3035202464,3034.9033901289235,0.040745345924634795
1760760000,2025-10-18,2025-10-18 04:00,3164125871,3163.5152821346533,128923407,128.89852834472325,271379200197025333516,271.3637443615162,3035202464,3034.6167537899296,0.040745347137297876
1760763600,2025-10-18,2025-10-18 05:00,3164125875,3163.5030266853055,128923411,128.89803282844858,271379200197025333516,271.4111251649098,3035202464,3034.6049938568567,0.04074534834996095
1760767200,2025-10-18,2025-10-18 06:00,3164125879,3163.8119863048496,128923415,128.91062533241094,271379200197025333516,271.33374504718313,3035202464,3034.9013609724384,0.040745349562624024
1760770800,2025-10-18,2025-10-18 07:00,3164125883,3163.4967973042008,128923419,128.89778668265694,271379200197025333516,271.2975329005034,3035202464,3034.5990106215436,0.04074535077528709
1760774400,2025-10-18,2025-10-18 08:00,3164125888,3163.5033197518333,128923424,128.89805723740318,271379200197025333516,271.3250948026957,3035202464,3034.60526251443,0.04074535229111592
1760778000,2025-10-18,2025-10-18 09:00,3164125892,3163.4975307372847,128923428,128.8978251982226,271379200197025333516,271.27334933005756,3035202464,3034.599705539062,0.04074535350377898
1760781600,2025-10-18,2025-10-18 10:00,3164125896,3163.4988418961952,128923432,128.89788245811408,271379200197025333516,271.3185115697144,3035202464,3034.600959438081,0.04074535471644204
1760785200,2025-10-18,2025-10-18 11:00,3164125900,3163.7488530494993,128923436,128.90807308779986,271379200197025333516,271.3607831757199,3035202464,3034.8407799616994,0.040745355929105095
1760788800,2025-10-18,2025-10-18 12:00,3164125904,3163.521556150769,128923440,128.8988156310452,271379200197025333516,271.32359354893276,3035202464,3034.6227405197237,0.04074535714176815
1760792400,2025-10-18,2025-10-18 13:00,3164125908,3163.511364995285,128923444,128.89840422504867,271379200197025333516,271.32126375872014,3035202464,3034.6129607702364,0.040745358354431195
1760796000,2025-10-18,2025-10-18 14:00,3164125913,3163.7583613193997,128923449,128.90847297450304,271379200197025333516,271.31716789264067,3035202464,3034.849888344897,0.040745359870260005
1760799600,2025-10-18,2025-10-18 15:00,3164125917,3163.533281077626,128923453,128.89930583535215,271379200197025333516,271.3291587152744,3035202464,3034.6339752422737,0.040745361082923044
1760803200,2025-10-18,2025-10-18 16:00,3164125921,3163.5234990329577,128923457,128.89891109869808,271379200197025333516,271.3203551893261,3035202464,3034.62458793426,0.040745362295586084
1760806800,2025-10-18,2025-10-18 17:00,3164125925,3163.5287259173015,128923461,128.89912790628867,271379200197025333516,271.2799826327469,3035202464,3034.629598011013,0.04074536350824912
1760810400,2025-10-18,2025-10-18 18:00,3164125929,3163.5220806815414,128923465,128.8988609800283,271379200197025333516,271.3147293738548,3035202464,3034.6232197015133,0.040745364720912156
1760814000,2025-10-18,2025-10-18 19:00,3164125934,3163.5161792897848,128923470,128.8986253210177,271379200197025333516,271.32688464705177,3035202464,3034.617553968767,0.040745366236740944
1760817600,2025-10-18,2025-10-18 20:00,3164125938,3163.515397948768,128923474,128.89859732126996,271379200197025333516,271.3114304615268,3035202464,3034.616800627498,0.04074536744940397
1760821200,2025-10-18,2025-10-18 21:00,3164125942,3163.6814343321253,128923478,128.9053663711993,271379200197025333516,271.33186735140396,3035202464,3034.7760679609255,0.04074536866206699
1760824800,2025-10-18,2025-10-18 22:00,3164125946,3163.496606718271,128923482,128.89783933818924,271379200197025333516,271.32567851468707,3035202464,3034.5987673800814,0.040745369874730014
1760828400,2025-10-18,2025-10-18 23:00,3164125950,3163.509642590872,128923486,128.89837432591116,271379200197025333516,271.35790808996114,3035202464,3034.6112682649605,0.040745371087393026
1760832000,2025-10-19,2025-10-19 00:00,3164125954,3163.5098932235665,128923490,128.89838837430474,271379200197025333516,271.3287843034913,3035202464,3034.6115048492616,0.040745372300056044
1760835600,2025-10-19,2025-10-19 01:00,3164125959,3163.506719384922,128923495,128.89826385040203,271379200197025333516,271.3119901803976,3035202464,3034.6084555345196,0.040745373815884806
1760839200,2025-10-19,2025-10-19 02:00,3164125963,3163.5060409717858,128923499,128.89824004447195,271379200197025333516,271.36216472257627,3035202464,3034.6078009273137,0.04074537502854781
1760842800,2025-10-19,2025-10-19 03:00,3164125967,3163.5071714260685,128923503,128.89828994152379,271379200197025333516,271.32235657891994,3035202464,3034.608881484545,0.040745376241210815
1760846400,2025-10-19,2025-10-19 04:00,3164125971,3163.6677226510246,128923507,128.9048354980534,271379200197025333516,271.3956546530967,3035202464,3034.762887152971,0.04074537745387382
1760850000,2025-10-19,2025-10-19 05:00,3164125975,3163.511728925517,128923511,128.89848331110076,271379200197025333516,271.286731312796,3035202464,3034.6132456144164,0.04074537866653682
1760853600,2025-10-19,2025-10-19 06:00,3164125979,3163.4987307188208,128923515,128.89795753050478,271379200197025333516,271.32243219519904,3035202464,3034.600773188316,0.04074537987919981
1760857200,2025-10-19,2025-10-19 07:00,3164125984,3163.648012572297,128923520,128.90404487188232,271379200197025333516,271.3795929966839,3035202464,3034.743967700415,0.04074538139502855
1760860800,2025-10-19,2025-10-19 08:00,3164125988,3163.4997145088632,128923524,128.89800624698657,271379200197025333516,271.31960821836253,3035202464,3034.6017082618764,0.04074538260769153
1760864400,2025-10-19,2025-10-19 09:00,3164125992,3163.497333366136,128923528,128.89791306267122,271379200197025333516,271.3622081255952,3035202464,3034.5994203034647,0.040745383820354523
1760868000,2025-10-19,2025-10-19 10:00,3164125996,3163.7546273427583,128923532,128.90840044107148,271379200197025333516,271.17996251291515,3035202464,3034.846226901687,0.0407453850330175
1760871600,2025-10-19,2025-10-19 11:00,3164126000,3163.4980372609994,128923536,128.8979494156515,271379200197025333516,271.3172094041011,3035202464,3034.6000878453474,0.040745386245680484
1760875200,2025-10-19,2025-10-19 12:00,3164126005,3163.5014508314653,128923541,128.89809329822498,271379200197025333516,271.38297518218957,3035202464,3034.60335753324,0.0407453877615092
1760878800,2025-10-19,2025-10-19 13:00,3164126009,3163.4931984493905,128923545,128.89776088796845,271379200197025333516,271.3428971591319,3035202464,3034.595437561422,0.040745388974172174
1760882400,2025-10-19,2025-10-19 14:00,3164126013,3163.5084881132525,128923549,128.8983877075394,271379200197025333516,271.3109105563506,3035202464,3034.610100405713,0.040745390186835144
1760886000,2025-10-19,2025-10-19 15:00,3164126017,3163.4931917965996,128923553,128.89776828939998,271379200197025333516,271.3482011676938,3035202464,3034.5954235071995,0.04074539139949811
1760889600,2025-10-19,2025-10-19 16:00,3164126021,3163.811032868082,128923557,128.9107226848968,271379200197025333516,271.1717340323683,3035202464,3034.900310183185,0.04074539261216107
1760893200,2025-10-19,2025-10-19 17:00,3164126025,3163.629976610445,128923561,128.9033493130114,271379200197025333516,271.2892752356296,3035202464,3034.7266272974334,0.040745393824824026
1760896800,2025-10-19,2025-10-19 18:00,3164126030,3163.5298588863516,128923566,128.89927477228372,271379200197025333516,271.35338232228986,3035202464,3034.630584114068,0.040745395340652725
1760900400,2025-10-19,2025-10-19 19:00,3164126034,3163.602417275421,128923570,128.9022350289151,271379200197025333516,271.31519838950834,3035202464,3034.700182246506,0.040745396553315674
1760904000,2025-10-19,2025-10-19 20:00,3164126038,3163.8258929387275,128923574,128.91134447009097,271379200197025333516,271.4333143560939,3035202464,3034.914548468637,0.04074539776597862
1760907600,2025-10-19,2025-10-19 21:00,3164126042,3163.834034338271,128923578,128.91168003131804,271379200197025333516,271.42573799619515,3035202464,3034.922354306953,0.04074539897864157
1760911200,2025-10-19,2025-10-19 22:00,3164126046,3163.5039268637297,128923582,128.89823350682602,271379200197025333516,271.3015098582615,3035202464,3034.605693356904,0.040745400191304515
1760914800,2025-10-19,2025-10-19 23:00,3164126051,3163.5610126703314,128923587,128.9005642862777,271379200197025333516,271.2043977145128,3035202464,3034.6604483840533,0.04074540170713319
1760918400,2025-10-20,2025-10-20 00:00,3164126055,3163.560149486024,128923591,128.9005329518185,271379200197025333516,271.48436658410424,3035202464,3034.659616534205,0.04074540291979613
1760922000,2025-10-20,2025-10-20 01:00,3164126059,3163.5134018785625,128923595,128.8986320379924,271379200197025333516,271.3485828966072,3035202464,3034.61476984057,0.04074540413245906
1760925600,2025-10-20,2025-10-20 02:00,3164126063,3163.6914659520435,128923599,128.90589116711922,271379200197025333516,271.38330891217777,3035202464,3034.7855747849244,0.04074540534512199
1760929200,2025-10-20,2025-10-20 03:00,3164126067,3163.8342948780696,128923603,128.9117146262697,271379200197025333516,271.2809570885249,3035202464,3034.9225802517994,0.04074540655778492
1760932800,2025-10-20,2025-10-20 04:00,3164126071,3163.527216394582,128923607,128.89920642490702,271379200197025333516,271.31946590670714,3035202464,3034.6280099696746,0.04074540777044784
1760936400,2025-10-20,2025-10-20 05:00,3164126076,3163.504245013674,128923612,128.89827524195525,271379200197025333516,271.4005507437214,3035202464,3034.6059697717187,0.04074540928627649
1760940000,2025-10-20,2025-10-20 06:00,3164126080,3163.5535990393073,128923616,128.90029002825375,271379200197025333516,271.2282690279127,3035202464,3034.653309011054,0.04074541049893941
1760943600,2025-10-20,2025-10-20 07:00,3164126084,3163.4932587832004,128923620,128.89783527600002,271379200197025333516,271.31456826218806,3035202464,3034.5954235072004,0.04074541171160232
1760947200,2025-10-20,2025-10-20 08:00,3164126088,3163.4932627824,128923624,128.8978392752,271379200197025333516,271.3173621647264,3035202464,3034.5954235072,0.040745412924265235
1760950800,2025-10-20,2025-10-20 09:00,3164126092,3163.4932667816006,128923628,128.89784327440003,271379200197025333516,271.31495194463406,3035202464,3034.5954235072004,0.04074541413692814
1760954400,2025-10-20,2025-10-20 10:00,3164126096,3163.4932707808002,128923632,128.8978472736,271379200197025333516,271.2731423345234,3035202464,3034.5954235072,0.04074541534959105
1760958000,2025-10-20,2025-10-20 11:00,3164126101,3163.5219722262696,128923637,128.899021521274,271379200197025333516,271.2801805631095,3035202464,3034.6229507049957,0.04074541686541967
1760961600,2025-10-20,2025-10-20 12:00,3164126105,3163.59967196145,128923641,128.90219126575417,271379200197025333516,271.27104412839657,3035202464,3034.697480695696,0.040745418078082574
1760965200,2025-10-20,2025-10-20 13:00,3164126109,3163.512360101777,128923645,128.8986375438027,271379200197025333516,271.2816769454249,3035202464,3034.6137225579746,0.04074541929074547
1760968800,2025-10-20,2025-10-20 14:00,3164126113,3163.443033956386,128923649,128.8958166571309,271379200197025333516,271.2637123503316,3035202464,3034.5472172992554,0.04074542050340836
1760972400,2025-10-20,2025-10-20 15:00,3164126117,3163.504973893332,128923653,128.8983442621728,271379200197025333516,271.28360706697083,3035202464,3034.6066296311596,0.04074542171607125
1760976000,2025-10-20,2025-10-20 16:00,3164126122,3163.51028397182,128923658,128.8985654188995,271379200197025333516,271.2580700078263,3035202464,3034.6117185529206,0.040745423231899856
1760979600,2025-10-20,2025-10-20 17:00,3164126126,3163.501780165729,128923662,128.89822276398243,271379200197025333516,271.3933957830471,3035202464,3034.6035574017465,0.040745424444562736
1760983200,2025-10-20,2025-10-20 18:00,3164126130,3163.494858278256,128923666,128.89794456499214,271379200197025333516,271.4021670742882,3035202464,3034.5969137132633,0.040745425657225616
1760986800,2025-10-20,2025-10-20 19:00,3164126134,3163.5126090677986,128923670,128.89867166474212,271379200197025333516,271.358586041534,3035202464,3034.6139374030563,0.040745426869888496
1760990400,2025-10-20,2025-10-20 20:00,3164126138,3163.5133641586995,128923674,128.89870626751843,271379200197025333516,271.3564505895961,3035202464,3034.614657891181,0.04074542808255137
1760994000,2025-10-20,2025-10-20 21:00,3164126142,3163.816542838372,128923678,128.91106324925002,271379200197025333516,271.42408792479716,3035202464,3034.9054795891216,0.040745429295214235
1760997600,2025-10-20,2025-10-20 22:00,3164126147,3163.818532597915,128923683,128.91114911866336,271379200197025333516,271.5054887151407,3035202464,3034.907383479251,0.04074543081104282
1761001200,2025-10-20,2025-10-20 23:00,3164126151,3163.833026179053,128923687,128.91174350253365,271379200197025333516,271.3966223530894,3035202464,3034.9212826765192,0.04074543202370568
1761004800,2025-10-21,2025-10-21 00:00,3164126155,3163.810590890083,128923691,128.9108332036276,271379200197025333516,271.4213630682431,3035202464,3034.8997576864554,0.04074543323636854
1761008400,2025-10-21,2025-10-21 01:00,3164126159,3163.74436791058,128923695,128.90813875619284,271379200197025333516,271.4238932877995,3035202464,3034.836229154387,0.0407454344490314
1761012000,2025-10-21,2025-10-21 02:00,3164126163,3163.4933377673997,128923699,128.8979142602,271379200197025333516,271.3698104268452,3035202464,3034.5954235071995,0.04074543566169425
1761015600,2025-10-21,2025-10-21 03:00,3164126168,3163.8109664131684,128923704,128.9108609735455,271379200197025333516,271.3446272531481,3035202464,3034.900105439623,0.04074543717752281
1761019200,2025-10-21,2025-10-21 04:00,3164126172,3163.5203654849447,128923708,128.89902414796444,271379200197025333516,271.4831969491877,3035202464,3034.62134133698,0.04074543839018566
1761022800,2025-10-21,2025-10-21 05:00,3164126176,3163.822006262753,128923712,128.91131847034197,271379200197025333516,271.3944174409824,3035202464,3034.910687792411,0.0407454396028485
1761026400,2025-10-21,2025-10-21 06:00,3164126180,3163.478275732927,128923716,128.89731685503187,271379200197025333516,271.1561841736467,3035202464,3034.5809588778952,0.04074544081551135
1761030000,2025-10-21,2025-10-21 07:00,3164126184,3163.5102319463635,128923720,128.89862276130643,271379200197025333516,271.2844516004254,3035202464,3034.6116091850567,0.040745442028174185
1761033600,2025-10-21,2025-10-21 08:00,3164126188,3163.8107960396937,128923724,128.91087321478273,271379200197025333516,271.5691314160784,3035202464,3034.899922824911,0.040745443240837016
1761037200,2025-10-21,2025-10-21 09:00,3164126193,3163.498087242925,128923729,128.89813655157377,271379200197025333516,271.33068150052605,3035202464,3034.5999506913513,0.040745444756665555
1761040800,2025-10-21,2025-10-21 10:00,3164126197,3163.490311398871,128923733,128.89782355759652,271379200197025333516,271.19302160854244,3035202464,3034.5924878412748,0.04074544596932839
1761044400,2025-10-21,2025-10-21 11:00,3164126201,3163.524249834953,128923737,128.8992102305984,271379200197025333516,271.27028210174115,3035202464,3034.6250396043542,0.04074544718199121
1761048000,2025-10-21,2025-10-21 12:00,3164126205,3163.524901063172,128923741,128.89924060147248,271379200197025333516,271.4318919098192,3035202464,3034.625660461699,0.04074544839465403
1761051600,2025-10-21,2025-10-21 13:00,3164126209,3163.523386703591,128923745,128.8991827344995,271379200197025333516,271.3935290542436,3035202464,3034.6242039690915,0.040745449607316846
1761055200,2025-10-21,2025-10-21 14:00,3164126214,3163.588180928314,128923750,128.901827599775,271379200197025333516,271.5260859821621,3035202464,3034.6863533285396,0.040745451123145364
1761058800,2025-10-21,2025-10-21 15:00,3164126218,3163.5170714502174,128923754,128.8989340482903,271379200197025333516,272.00250720776705,3035202464,3034.618137401927,0.04074545233580818
1761062400,2025-10-21,2025-10-21 16:00,3164126222,3163.5230583317702,128923758,128.899181822774,271379200197025333516,271.1606385853251,3035202464,3034.623876508996,0.040745453548470985
1761066000,2025-10-21,2025-10-21 17:00,3164126226,3163.8026063060165,128923762,128.910575968399,271379200197025333516,271.60874217207686,3035202464,3034.8920303376176,0.040745454761133795
1761069600,2025-10-21,2025-10-21 18:00,3164126230,3163.5243713262407,128923766,128.89924299390592,271379200197025333516,271.3609241557008,3035202464,3034.625128332335,0.04074545597379659
1761073200,2025-10-21,2025-10-21 19:00,3164126234,3163.5270709548445,128923770,128.8993568277959,271379200197025333516,271.4706050945017,3035202464,3034.627714127049,0.040745457186459395
1761076800,2025-10-21,2025-10-21 20:00,3164126239,3163.4985127734103,128923775,128.89819800695815,271379200197025333516,271.3010968021175,3035202464,3034.600314766452,0.040745458702287886
1761080400,2025-10-21,2025-10-21 21:00,3164126243,3163.52849339726,128923779,128.89942341752237,271379200197025333516,271.28607436888274,3035202464,3034.6290699797373,0.04074545991495068
1761084000,2025-10-21,2025-10-21 22:00,3164126247,3163.52907330759,128923783,128.89945088252944,271379200197025333516,271.4507589488249,3035202464,3034.62962242506,0.04074546112761347
1761087600,2025-10-21,2025-10-21 23:00,3164126251,3163.80058226007,128923787,128.91051747662178,271379200197025333516,271.6149900677278,3035202464,3034.890064783448,0.040745462340276255
1761091200,2025-10-22,2025-10-22 00:00,3164126255,3163.5386533749124,128923791,128.89984889940135,271379200197025333516,271.4136032984898,3035202464,3034.6388044755113,0.04074546355293904
1761094800,2025-10-22,2025-10-22 01:00,3164126259,3163.7153214541263,128923795,128.90705115870375,271379200197025333516,271.49928436951006,3035202464,3034.8082702954225,0.04074546476560182
1761098400,2025-10-22,2025-10-22 02:00,3164126264,3163.5171953416507,128923800,128.89898321351816,271379200197025333516,271.41095243727597,3035202464,3034.6182121281327,0.04074546628143029
1761102000,2025-10-22,2025-10-22 03:00,3164126268,3163.514227351556,128923804,128.89886611765377,271379200197025333516,271.510569340839,3035202464,3034.615361233902,0.040745467494093066
1761105600,2025-10-22,2025-10-22 04:00,3164126272,3163.4935148125905,128923808,128.89802601182146,271379200197025333516,271.2589398421831,3035202464,3034.595488800769,0.040745468706755834
1761109200,2025-10-22,2025-10-22 05:00,3164126276,3163.508333833427,128923812,128.89863365603995,271379200197025333516,271.48550197961094,3035202464,3034.609700177387,0.0407454699194186
1761112800,2025-10-22,2025-10-22 06:00,3164126280,3163.206703589814,128923816,128.886347425925,271379200197025333516,271.33766807368096,3035202464,3034.320356163889,0.040745471132081365
1761116400,2025-10-22,2025-10-22 07:00,3164126285,3163.460721044235,128923821,128.89670228204497,271379200197025333516,271.36596751476225,3035202464,3034.5640187621902,0.040745472647909814
1761120000,2025-10-22,2025-10-22 08:00,3164126289,3163.4977421692724,128923825,128.89821456153845,271379200197025333516,271.2802919162173,3035202464,3034.599527607734,0.040745473860572576
1761123600,2025-10-22,2025-10-22 09:00,3164126293,3163.234905787748,128923829,128.88750900456262,271379200197025333516,271.3230805612819,3035202464,3034.3473967831856,0.040745475073235324
1761127200,2025-10-22,2025-10-22 10:00,3164126297,3163.332810781631,128923833,128.89150202610628,271379200197025333516,271.64297876161453,3035202464,3034.441308755525,0.04074547628589808
1761130800,2025-10-22,2025-10-22 11:00,3164126301,3163.5082151296274,128923837,128.89865279607656,271379200197025333516,271.3333621448612,3035202464,3034.6095623335514,0.04074547749856083
1761134400,2025-10-22,2025-10-22 12:00,3164126305,3163.5138915858083,128923841,128.8988879222696,271379200197025333516,271.7896295396257,3035202464,3034.615003663539,0.04074547871122357
1761138000,2025-10-22,2025-10-22 13:00,3164126310,3163.486827057667,128923846,128.89778996041764,271379200197025333516,271.69010116591016,3035202464,3034.5890370972493,0.040745480227051996
1761141600,2025-10-22,2025-10-22 14:00,3164126314,3163.8041306016876,128923850,128.91072248232385,271379200197025333516,271.5738560233633,3035202464,3034.8934081193634,0.04074548143971474
1761145200,2025-10-22,2025-10-22 15:00,3164126318,3163.5013383074306,128923854,128.89838890077831,271379200197025333516,272.2023345723064,3035202464,3034.602949406652,0.04074548265237747
1761148800,2025-10-22,2025-10-22 16:00,3164126322,3163.5004895149514,128923858,128.89835815257823,271379200197025333516,271.77985024768617,3035202464,3034.6021313623733,0.040745483865040205
1761152400,2025-10-22,2025-10-22 17:00,3164126326,3163.81059091831,128923862,128.9109972209405,271379200197025333516,271.99062932137696,3035202464,3034.8995936973693,0.04074548507770293
1761156000,2025-10-22,2025-10-22 18:00,3164126331,3163.651556850492,128923867,128.90452209625627,271379200197025333516,271.6678647449906,3035202464,3034.7470347542358,0.04074548659353134
1761159600,2025-10-22,2025-10-22 19:00,3164126335,3163.5063800404187,128923871,128.89861063275399,271379200197025333516,271.51472202717423,3035202464,3034.607769407665,0.04074548780619406
1761163200,2025-10-22,2025-10-22 20:00,3164126339,3163.507141237145,128923875,128.8986454843531,271379200197025333516,271.4703953050227,3035202464,3034.608495752792,0.04074548901885678
1761166800,2025-10-22,2025-10-22 21:00,3164126343,3163.8083137110666,128923879,128.91092074071443,271379200197025333516,271.48548009301595,3035202464,3034.897392970352,0.04074549023151949
1761170400,2025-10-22,2025-10-22 22:00,3164126347,3163.730301861235,128923883,128.90774594618694,271379200197025333516,271.5345773787405,3035202464,3034.8225559150483,0.04074549144418221
1761174000,2025-10-22,2025-10-22 23:00,3164126351,3163.4956184786793,128923887,128.89818749268412,271379200197025333516,271.57896794666357,3035202464,3034.5974309859953,0.04074549265684491
1761177600,2025-10-23,2025-10-23 00:00,3164126356,3163.502820885645,128923892,128.89848575363158,271379200197025333516,271.670602511612,3035202464,3034.604335132013,0.0407454941726733
1761181200,2025-10-23,2025-10-23 01:00,3164126360,3163.5066606868213,128923896,128.89864604449457,271379200197025333516,271.1844085515584,3035202464,3034.6080146423265,0.040745495385336
1761184800,2025-10-23,2025-10-23 02:00,3164126364,3163.5075453700956,128923900,128.89868592762045,271379200197025333516,271.4395609249818,3035202464,3034.608859442475,0.0407454965979987
1761188400,2025-10-23,2025-10-23 03:00,3164126368,3163.5055680751525,128923904,128.89860919802126,271379200197025333516,271.52600081952323,3035202464,3034.606958877131,0.0407454978106614
1761192000,2025-10-23,2025-10-23 04:00,3164126372,3163.797492640626,128923908,128.91050764638382,271379200197025333516,271.55745282022815,3035202464,3034.8869849942416,0.04074549902332409
1761195600,2025-10-23,2025-10-23 05:00,3164126376,3163.5107464079533,128923912,128.89882786431198,271379200197025333516,271.472809633942,3035202464,3034.611918543641,0.04074550023598678
1761199200,2025-10-23,2025-10-23 06:00,3164126381,3163.750624648776,128923917,128.90860661893294,271379200197025333516,271.4568462601197,3035202464,3034.842018029843,0.04074550175181514
1761202800,2025-10-23,2025-10-23 07:00,3164126385,3163.685719185984,128923921,128.90596584976868,271379200197025333516,271.348749084714,3035202464,3034.779753336215,0.04074550296447782
1761206400,2025-10-23,2025-10-23 08:00,3164126389,3163.8092274367173,128923925,128.91100209219843,271379200197025333516,271.51871593595007,3035202464,3034.898225344519,0.040745504177140505
1761210000,2025-10-23,2025-10-23 09:00,3164126393,3163.581400329769,128923929,128.90172299821768,271379200197025333516,271.3383065212426,3035202464,3034.6796773315514,0.040745505389803184
1761213600,2025-10-23,2025-10-23 10:00,3164126397,3163.530846905934,128923933,128.89966700971016,271379200197025333516,271.75491341609114,3035202464,3034.6311798962242,0.040745506602465856
1761217200,2025-10-23,2025-10-23 11:00,3164126402,3163.8131496911938,128923938,128.91117437550847,271379200197025333516,271.5401562394649,3035202464,3034.9019753156854,0.040745508118294194
1761220800,2025-10-23,2025-10-23 12:00,3164126406,3163.7442544589926,128923942,128.90837104082007,271379200197025333516,271.4715380414995,3035202464,3034.8358834181727,0.04074550933095686
1761224400,2025-10-23,2025-10-23 13:00,3164126410,3163.4766037733875,128923946,128.89746931354227,271379200197025333516,271.4193256585137,3035202464,3034.5791344598456,0.04074551054361952
1761228000,2025-10-23,2025-10-23 14:00,3164126414,3163.8116808135883,128923950,128.91112603525298,271379200197025333516,271.2678114681099,3035202464,3034.9005547783354,0.04074551175628219
1761231600,2025-10-23,2025-10-23 15:00,3164126418,3163.6939856011627,128923954,128.906334320085,271379200197025333516,271.6743390658278,3035202464,3034.787651281078,0.040745512968944846
1761235200,2025-10-23,2025-10-23 16:00,3164126422,3163.8105434058016,128923958,128.91108736426042,271379200197025333516,271.46595205567786,3035202464,3034.8994560415413,0.0407455141816075
1761238800,2025-10-23,2025-10-23 17:00,3164126427,3163.812457545139,128923963,128.91117015264842,271379200197025333516,271.45916370581386,3035202464,3034.90128739249,0.040745515697435813
1761242400,2025-10-23,2025-10-23 18:00,3164126431,3163.813988383838,128923967,128.91123636409972,271379200197025333516,271.4736882283501,3035202464,3034.9027520197383,0.040745516910098464
1761246000,2025-10-23,2025-10-23 19:00,3164126435,3163.63753173542,128923971,128.90405038317277,271379200197025333516,271.4602530917448,3035202464,3034.733481352247,0.04074551812276111
1761249600,2025-10-23,2025-10-23 20:00,3164126439,3163.504587356064,128923975,128.89863733181824,271379200197025333516,271.49298513292104,3035202464,3034.6059500242454,0.04074551933542375
1761253200,2025-10-23,2025-10-23 21:00,3164126443,3163.7561495942564,128923979,128.90889120242744,271379200197025333516,271.44432829670626,3035202464,3034.8472583918287,0.04074552054808639
1761256800,2025-10-23,2025-10-23 22:00,3164126448,3163.7577250321488,128923984,128.90896019017794,271379200197025333516,271.43428638457743,3035202464,3034.848764841971,0.040745522063914685
1761260400,2025-10-23,2025-10-23 23:00,3164126452,3163.5027785624798,128923988,128.89857609943454,271379200197025333516,271.25604749130576,3035202464,3034.604202463045,0.040745523276577315
1761264000,2025-10-24,2025-10-24 00:00,3164126456,3163.760654584114,128923992,128.90908722945082,271379200197025333516,271.36338649180107,3035202464,3034.851567354663,0.040745524489239945
1761267600,2025-10-24,2025-10-24 01:00,3164126460,3163.5598601951942,128923996,128.90090959309057,271379200197025333516,271.2099740735649,3035202464,3034.6589506021032,0.04074552570190257
1761271200,2025-10-24,2025-10-24 02:00,3164126464,3163.4961909942476,128924000,128.8983191942806,271379200197025333516,271.5596197939963,3035202464,3034.597871799967,0.04074552691456519
1761274800,2025-10-24,2025-10-24 03:00,3164126468,3163.507491976858,128924004,128.89878349503897,271379200197025333516,271.44800040552076,3035202464,3034.608708481819,0.040745528127227815
1761278400,2025-10-24,2025-10-24 04:00,3164126473,3163.498801347718,128924009,128.89843418608586,271379200197025333516,271.3789074979385,3035202464,3034.600367161632,0.04074552964305608
1761282000,2025-10-24,2025-10-24 05:00,3164126477,3163.801907438645,128924013,128.91078824092298,271379200197025333516,271.3557190754229,3035202464,3034.891119197722,0.0407455308557187
1761285600,2025-10-24,2025-10-24 06:00,3164126481,3163.814216415769,128924017,128.9112936133694,271379200197025333516,271.13031708827094,3035202464,3034.9029228023996,0.04074553206838131
1761289200,2025-10-24,2025-10-24 07:00,3164126485,3163.510333438336,128924021,128.89891557603806,271379200197025333516,271.42460187172736,3035202464,3034.6114178622984,0.04074553328104392
1761292800,2025-10-24,2025-10-24 08:00,3164126489,3163.815068740526,128924025,128.91133601507556,271379200197025333516,271.4600909262035,3035202464,3034.90373272545,0.04074553449370652
1761296400,2025-10-24,2025-10-24 09:00,3164126494,3163.7864111811286,128924030,128.91017314325745,271379200197025333516,271.2806043368143,3035202464,3034.876238037871,0.04074553600953477
1761300000,2025-10-24,2025-10-24 10:00,3164126498,3163.6330909073213,128924034,128.90392986293958,271379200197025333516,271.28858520425854,3035202464,3034.7291610443817,0.04074553722219736
1761303600,2025-10-24,2025-10-24 11:00,3164126502,3163.8153520913093,128924038,128.91136002943642,271379200197025333516,271.3748994995892,3035202464,3034.903992061873,0.04074553843485996
1761307200,2025-10-24,2025-10-24 12:00,3164126506,3163.50171471097,128924042,128.89858454176138,271379200197025333516,271.50925022996205,3035202464,3034.6031301692087,0.04074553964752255
1761310800,2025-10-24,2025-10-24 13:00,3164126510,3163.5096599233934,128924046,128.89891210999903,271379200197025333516,271.505040914298,3035202464,3034.6107478133945,0.040745540860185135
1761314400,2025-10-24,2025-10-24 14:00,3164126514,3163.505369883131,128924050,128.8987411462528,271379200197025333516,271.5705619428362,3035202464,3034.6066287368785,0.040745542072847724
1761318000,2025-10-24,2025-10-24 15:00,3164126519,3163.5045464380514,128924055,128.89871238986618,271379200197025333516,271.3485564785131,3035202464,3034.6058340481854,0.04074554358867595
1761321600,2025-10-24,2025-10-24 16:00,3164126523,3163.6570941373097,128924059,128.9049318652442,271379200197025333516,271.26997317382165,3035202464,3034.7521622720656,0.040745544801338525
1761325200,2025-10-24,2025-10-24 17:00,3164126527,3163.8046929621896,128924063,128.91094969640352,271379200197025333516,271.3442084888382,3035202464,3034.8937432657863,0.0407455460140011
1761328800,2025-10-24,2025-10-24 18:00,3164126531,3163.5217163841776,128924067,128.89942349750763,271379200197025333516,271.42894095910333,3035202464,3034.62229288667,0.040745547226663674
1761332400,2025-10-24,2025-10-24 19:00,3164126535,3163.49859557618,128924071,128.89848526378978,271379200197025333516,271.4340481520778,3035202464,3034.6001103123904,0.04074554843932624
1761336000,2025-10-24,2025-10-24 20:00,3164126539,3163.4978181165957,128924075,128.898457422028,271379200197025333516,271.3368074067309,3035202464,3034.5993606945676,0.04074554965198881
1761339600,2025-10-24,2025-10-24 21:00,3164126544,3163.748162684081,128924080,128.90866264473127,271379200197025333516,271.4917793609595,3035202464,3034.8395000393493,0.04074555116781701
1761343200,2025-10-24,2025-10-24 22:00,3164126548,3163.5150299743927,128924084,128.899167360256,271379200197025333516,271.33901245148,3035202464,3034.6158626141364,0.04074555238047957
1761346800,2025-10-24,2025-10-24 23:00,3164126552,3163.50693412428,128924088,128.8988413266376,271379200197025333516,271.4470997994015,3035202464,3034.6080927976427,0.04074555359314212
1761350400,2025-10-25,2025-10-25 00:00,3164126556,3163.81268340429,128924092,128.91130308694946,271379200197025333516,271.38532670710634,3035202464,3034.90138031734,0.040745554805804676
1761354000,2025-10-25,2025-10-25 01:00,3164126560,3163.8164938663294,128924096,128.91146218298107,271379200197025333516,271.47280134133115,3035202464,3034.905031683348,0.04074555601846722
1761357600,2025-10-25,2025-10-25 02:00,3164126565,3163.7939554773875,128924101,128.91054863955995,271379200197025333516,271.4490035656292,3035202464,3034.8834068378274,0.04074555753429541
1761361200,2025-10-25,2025-10-25 03:00,3164126569,3163.6819878774822,128924105,128.90599029375466,271379200197025333516,271.29469368336686,3035202464,3034.7759975837275,0.04074555874695795
1761364800,2025-10-25,2025-10-25 04:00,3164126573,3163.8112952361807,128924109,128.91126283097037,271379200197025333516,271.433613930198,3035202464,3034.9000324052104,0.04074555995962049
1761368400,2025-10-25,2025-10-25 05:00,3164126577,3163.8126258236925,128924113,128.91132088314066,271379200197025333516,271.47678393939066,3035202464,3034.9013049405517,0.04074556117228303
1761372000,2025-10-25,2025-10-25 06:00,3164126581,3163.811511677848,128924117,128.91127932327868,271379200197025333516,271.37064908325135,3035202464,3034.9002323545697,0.04074556238494556
1761375600,2025-10-25,2025-10-25 07:00,3164126585,3163.7709305407666,128924121,128.90962965861254,271379200197025333516,271.4730156855643,3035202464,3034.861300882154,0.04074556359760809
1761379200,2025-10-25,2025-10-25 08:00,3164126590,3163.8115657575777,128924126,128.91129015921808,271379200197025333516,271.3983464349925,3035202464,3034.9002755983597,0.04074556511343625
1761382800,2025-10-25,2025-10-25 09:00,3164126594,3163.754320217879,128924130,128.90896149391912,271379200197025333516,271.46022903653665,3035202464,3034.84535872396,0.04074556632609877
1761386400,2025-10-25,2025-10-25 10:00,3164126598,3163.604962722148,128924134,128.9028796745557,271379200197025333516,271.22761636546613,3035202464,3034.702083047592,0.04074556753876129
1761390000,2025-10-25,2025-10-25 11:00,3164126602,3163.8101893397998,128924138,128.9112455862,271379200197025333516,271.41244677011974,3035202464,3034.8989437536,0.04074556875142381
1761393600,2025-10-25,2025-10-25 12:00,3164126606,3163.8115310401795,128924142,128.9113040911807,271379200197025333516,271.390283037667,3035202464,3034.900226948999,0.04074556996408632
1761397200,2025-10-25,2025-10-25 13:00,3164126611,3163.52899011278,128924147,128.8997965954219,271379200197025333516,271.3607701282571,3035202464,3034.6291935173576,0.040745571479914464
1761400800,2025-10-25,2025-10-25 14:00,3164126615,3163.815438086164,128924151,128.91147191843703,271379200197025333516,271.451464459725,3035202464,3034.9039661677266,0.04074557269257697
1761404400,2025-10-25,2025-10-25 15:00,3164126619,3163.8161581434824,128924155,128.91150509422607,271379200197025333516,271.3677556696449,3035202464,3034.904653049256,0.040745573905239474
1761408000,2025-10-25,2025-10-25 16:00,3164126623,3163.5275714061468,128924159,128.89975029828315,271379200197025333516,271.2657706346622,3035202464,3034.6278211078634,0.04074557511790197
1761411600,2025-10-25,2025-10-25 17:00,3164126627,3163.772941082722,128924163,128.90975186346049,271379200197025333516,271.24104858615436,3035202464,3034.863189219261,0.04074557633056447
1761415200,2025-10-25,2025-10-25 18:00,3164126631,3163.5024718751656,128924167,128.89873527597976,271379200197025333516,271.1873322986995,3035202464,3034.603736599186,0.04074557754322697
1761418800,2025-10-25,2025-10-25 19:00,3164126636,3163.524108884522,128924172,128.89962168378105,271379200197025333516,271.35362195348034,3035202464,3034.6244872007405,0.040745579059055084
1761422400,2025-10-25,2025-10-25 20:00,3164126640,3163.5268197788773,128924176,128.89973597703164,271379200197025333516,271.3007973846038,3035202464,3034.627083801846,0.04074558027171757
1761426000,2025-10-25,2025-10-25 21:00,3164126644,3163.5721690319833,128924180,128.90158759500963,271379200197025333516,271.3062578214004,3035202464,3034.670581436974,0.04074558148438005
1761429600,2025-10-25,2025-10-25 22:00,3164126648,3163.8105373650264,128924184,128.9113038879813,271379200197025333516,271.2795582057412,3035202464,3034.8992334770455,0.04074558269704254
1761433200,2025-10-25,2025-10-25 23:00,3164126652,3163.510300325326,128924188,128.89907439112167,271379200197025333516,271.45746727529723,3035202464,3034.611225934205,0.040745583909705015
1761436800,2025-10-26,2025-10-26 00:00,3164126656,3163.5142007866984,128924192,128.8992371539728,271379200197025333516,271.3387802810442,3035202464,3034.614963632726,0.04074558512236749
1761440400,2025-10-26,2025-10-26 01:00,3164126661,3163.494797935063,128924197,128.89845136874416,271379200197025333516,271.32726476305174,3035202464,3034.5963465663194,0.04074558663819558
1761444000,2025-10-26,2025-10-26 02:00,3164126665,3163.5001900121783,128924201,128.89867490834737,271379200197025333516,271.30232195189694,3035202464,3034.6015151038314,0.04074558785085805
1761447600,2025-10-26,2025-10-26 03:00,3164126669,3163.8096020525245,128924205,128.91128592045254,271379200197025333516,271.3176580461662,3035202464,3034.898316132072,0.040745589063520514
1761451200,2025-10-26,2025-10-26 04:00,3164126673,3163.494125419162,128924209,128.89843547544098,271379200197025333516,271.3475281057952,3035202464,3034.595689943721,0.04074559027618298
1761454800,2025-10-26,2025-10-26 05:00,3164126677,3163.505403616855,128924213,128.89889884852747,271379200197025333516,271.370977497839,3035202464,3034.606504768327,0.04074559148884544
1761458400,2025-10-26,2025-10-26 06:00,3164126682,3163.500448932524,128924218,128.89870176230653,271379200197025333516,271.3809357445649,3035202464,3034.601747170217,0.04074559300467351
1761462000,2025-10-26,2025-10-26 07:00,3164126686,3163.8102167590528,128924222,128.91132727272608,271379200197025333516,271.3286405248557,3035202464,3034.8988894863264,0.04074559421733596
1761465600,2025-10-26,2025-10-26 08:00,3164126690,3163.8116728250943,128924226,128.91139043763778,271379200197025333516,271.32521590422147,3035202464,3034.900282387456,0.040745595429998414
1761469200,2025-10-26,2025-10-26 09:00,3164126694,3163.494755807262,128924230,128.8984813012956,271379200197025333516,271.37101600770666,3035202464,3034.5962745059664,0.04074559664266086
1761472800,2025-10-26,2025-10-26 10:00,3164126698,3163.81129469734,128924234,128.9113827038676,271379200197025333516,271.29817694066753,3035202464,3034.8999119934724,0.0407455978553233
1761476400,2025-10-26,2025-10-26 11:00,3164126702,3163.759927586563,128924238,128.9092935568017,271379200197025333516,271.3073780018444,3035202464,3034.8506340297613,0.04074559906798574
1761480000,2025-10-26,2025-10-26 12:00,3164126707,3163.496094861521,128924243,128.89854832968223,271379200197025333516,271.2231913616729,3035202464,3034.597546531839,0.04074560058381379
1761483600,2025-10-26,2025-10-26 13:00,3164126711,3163.7485161046443,128924247,128.9088372213924,271379200197025333516,271.28100203996894,3035202464,3034.839678883252,0.040745601796476225
1761487200,2025-10-26,2025-10-26 14:00,3164126715,3163.7977486697114,128924251,128.9108470685027,271379200197025333516,271.4699040427109,3035202464,3034.8869016012086,0.04074560300913865
1761490800,2025-10-26,2025-10-26 15:00,3164126719,3163.8071124789512,128924255,128.91123243918665,271379200197025333516,271.33554278554703,3035202464,3034.895880039765,0.04074560422180108
1761494400,2025-10-26,2025-10-26 16:00,3164126723,3163.8029664289907,128924259,128.91106734250084,271379200197025333516,271.3411179456615,3035202464,3034.89189908649,0.040745605434463504
1761498000,2025-10-26,2025-10-26 17:00,3164126728,3163.8096569500312,128924264,128.91134474762265,271379200197025333516,271.29151895959706,3035202464,3034.8983122024083,0.04074560695029153
1761501600,2025-10-26,2025-10-26 18:00,3164126732,3163.498640390701,128924268,128.89867602539707,271379200197025333516,271.30614559794344,3035202464,3034.5999643653035,0.040745608162953945
1761505200,2025-10-26,2025-10-26 19:00,3164126736,3163.8010948527985,128924272,128.9110035530195,271379200197025333516,271.33654873418965,3035202464,3034.8900912997788,0.04074560937561636
1761508800,2025-10-26,2025-10-26 20:00,3164126740,3163.4858527420024,128924276,128.89816265735462,271379200197025333516,271.3422877416925,3035202464,3034.5876900846474,0.040745610588278774
1761512400,2025-10-26,2025-10-26 21:00,3164126744,3163.7958586521327,128924280,128.91079787406517,271379200197025333516,271.19889363706255,3035202464,3034.8850607780673,0.04074561180094118
1761516000,2025-10-26,2025-10-26 22:00,3164126748,3163.487982390919,128924284,128.89825710368598,271379200197025333516,271.3650451705674,3035202464,3034.589725287233,0.04074561301360359
1761519600,2025-10-26,2025-10-26 23:00,3164126753,3163.483697659539,128924289,128.89808731497646,271379200197025333516,271.2605156119215,3035202464,3034.585610344562,0.04074561452943159
1761523200,2025-10-27,2025-10-27 00:00,3164126757,3163.4934675611976,128924293,128.89848923187304,271379200197025333516,271.06222498326713,3035202464,3034.5949783293245,0.04074561574209399
1761526800,2025-10-27,2025-10-27 01:00,3164126761,3163.822613648783,128924297,128.9119043285295,271379200197025333516,271.23801148230586,3035202464,3034.9107093202533,0.04074561695475638
1761530400,2025-10-27,2025-10-27 02:00,3164126765,3163.3999356628456,128924301,128.89468588935543,271379200197025333516,271.0347372704575,3035202464,3034.50524977349,0.04074561816741878
1761534000,2025-10-27,2025-10-27 03:00,3164126769,3163.73410583878,128924305,128.90830569628835,271379200197025333516,271.39247358660174,3035202464,3034.825800142492,0.040745619380081165
1761537600,2025-10-27,2025-10-27 04:00,3164126773,3163.4575110683913,128924309,128.8970395072575,271379200197025333516,271.1210406985815,3035202464,3034.560471561134,0.04074562059274355
1761541200,2025-10-27,2025-10-27 05:00,3164126778,3163.4613086227855,128924314,128.8971990362312,271379200197025333516,271.3653466470331,3035202464,3034.5641095865544,0.04074562210857153
1761544800,2025-10-27,2025-10-27 06:00,3164126782,3163.69075380103,128924318,128.90655175924735,271379200197025333516,271.2780644214652,3035202464,3034.784202041783,0.04074562332123391
1761548400,2025-10-27,2025-10-27 07:00,3164126786,3163.487118034769,128924322,128.89825832926232,271379200197025333516,271.5980681449624,3035202464,3034.588859705507,0.04074562453389628
1761552000,2025-10-27,2025-10-27 08:00,3164126790,3163.4959355536057,128924326,128.89862144082667,271379200197025333516,271.3286571978616,3035202464,3034.5973141127793,0.040745625746558656
1761555600,2025-10-27,2025-10-27 09:00,3164126794,3163.8090777152706,128924330,128.91138445078354,271379200197025333516,271.4211237633722,3035202464,3034.897693264487,0.04074562695922103
1761559200,2025-10-27,2025-10-27 10:00,3164126799,3163.805075493341,128924335,128.911226173526,271379200197025333516,271.4220361551796,3035202464,3034.893849319815,0.040745628475048985
1761562800,2025-10-27,2025-10-27 11:00,3164126803,3163.7909670987697,128924339,128.9106551547326,271379200197025333516,271.40778349505524,3035202464,3034.8803119440367,0.04074562968771135
1761566400,2025-10-27,2025-10-27 12:00,3164126807,3163.7999934006775,128924343,128.91102677370878,271379200197025333516,271.3799606404391,3035202464,3034.888966626969,0.04074563090037371
1761570000,2025-10-27,2025-10-27 13:00,3164126811,3163.7997532256495,128924347,128.9110208242466,271379200197025333516,271.2229015874767,3035202464,3034.8887324014026,0.040745632113036064
1761573600,2025-10-27,2025-10-27 14:00,3164126815,3163.8028909823115,128924351,128.91115251074987,271379200197025333516,271.3170116834836,3035202464,3034.8917384715614,0.04074563332569842
1761577200,2025-10-27,2025-10-27 15:00,3164126819,3163.80593226139,128924355,128.91128026622036,271379200197025333516,271.3106113500408,3035202464,3034.894651995169,0.04074563453836077
1761580800,2025-10-27,2025-10-27 16:00,3164126824,3163.558225322039,128924360,128.90119208520693,271379200197025333516,271.3577774155541,3035202464,3034.6570332368324,0.040745636054188704
1761584400,2025-10-27,2025-10-27 17:00,3164126828,3163.5059895313807,128924364,128.89906754095634,271379200197025333516,271.3437356085753,3035202464,3034.6069219904243,0.04074563726685105
1761588000,2025-10-27,2025-10-27 18:00,3164126832,3163.664304718648,128924368,128.90552203060713,271379200197025333516,271.3167620030882,3035202464,3034.7587826880413,0.04074563847951339
1761591600,2025-10-27,2025-10-27 19:00,3164126836,3163.8037230781815,128924372,128.9112065573077,271379200197025333516,271.34341123954124,3035202464,3034.892516520874,0.04074563969217573
1761595200,2025-10-27,2025-10-27 20:00,3164126840,3163.4983627163547,128924376,128.89876829028375,271379200197025333516,271.3560838265453,3035202464,3034.5995944260712,0.040745640904838065
1761598800,2025-10-27,2025-10-27 21:00,3164126845,3163.8142634513783,128924381,128.91164466399258,271379200197025333516,271.24279851650806,3035202464,3034.902618787386,0.04074564242066597
1761602400,2025-10-27,2025-10-27 22:00,3164126849,3163.8054261244015,128924385,128.91128841805525,271379200197025333516,271.34607252258166,3035202464,3034.894137706346,0.040745643633328305
1761606000,2025-10-27,2025-10-27 23:00,3164126853,3163.8102345045145,128924389,128.91148817523126,271379200197025333516,271.3646551462858,3035202464,3034.8987463292833,0.04074564484599063
1761609600,2025-10-28,2025-10-28 00:00,3164126857,3163.5093071962347,128924393,128.8992305342722,271379200197025333516,271.37185579717465,3035202464,3034.610076661962,0.040745646058652954
1761613200,2025-10-28,2025-10-28 01:00,3164126861,3163.5821687988714,128924397,128.9022031637014,271379200197025333516,271.37755664101064,3035202464,3034.67996563517,0.04074564727131527
1761616800,2025-10-28,2025-10-28 02:00,3164126865,3163.5166094295673,128924401,128.89953574104175,271379200197025333516,271.3518352354202,3035202464,3034.6170736885256,0.04074564848397758
1761620400,2025-10-28,2025-10-28 03:00,3164126870,3163.513138419846,128924406,128.89939910784122,271379200197025333516,271.3333448515461,3035202464,3034.613739312005,0.040745649999805476
1761624000,2025-10-28,2025-10-28 04:00,3164126874,3163.524904213948,128924410,128.89988234905707,271379200197025333516,271.40665846854114,3035202464,3034.6250218648906,0.04074565121246779
1761627600,2025-10-28,2025-10-28 05:00,3164126878,3163.8116706539095,128924414,128.91157067103435,271379200197025333516,271.33341266694123,3035202464,3034.900099982875,0.04074565242513009
1761631200,2025-10-28,2025-10-28 06:00,3164126882,3163.8115956837546,128924418,128.91157145296154,271379200197025333516,271.3838576626314,3035202464,3034.900024230793,0.040745653637792395
1761634800,2025-10-28,2025-10-28 07:00,3164126886,3164.124540791326,128924422,128.9243264429368,271379200197025333516,271.36716936448545,3035202464,3035.200214348389,0.04074565485045469
1761638400,2025-10-28,2025-10-28 08:00,3164126891,3163.957263337299,128924427,128.9175154095454,271379200197025333516,271.3278442008279,3035202464,3035.039747927754,0.04074565636628256
1761642000,2025-10-28,2025-10-28 09:00,3164126895,3163.516716585043,128924431,128.8995688792421,271379200197025333516,271.26614646590485,3035202464,3034.617147705801,0.040745657578944855
1761645600,2025-10-28,2025-10-28 10:00,3164126899,3163.501821793909,128924435,128.8989658174422,271379200197025333516,271.3303280959841,3035202464,3034.602855976467,0.040745658791607145
1761649200,2025-10-28,2025-10-28 11:00,3164126903,3163.8511609576103,128924439,128.91320370849192,271379200197025333516,271.374766137665,3035202464,3034.9379572491184,0.04074566000426943
1761652800,2025-10-28,2025-10-28 12:00,3164126907,3163.8148163727155,128924443,128.91172666103168,271379200197025333516,271.2754564192809,3035202464,3034.903089711684,0.04074566121693171
1761656400,2025-10-28,2025-10-28 13:00,3164126911,3163.6116749410985,128924447,128.90345336547244,271379200197025333516,271.2905401332058,3035202464,3034.7082215756263,0.040745662429593994
1761660000,2025-10-28,2025-10-28 14:00,3164126916,3163.50965272542,128924452,128.8993011980481,271379200197025333516,271.2956317014639,3035202464,3034.6103515273717,0.04074566394542184
1761663600,2025-10-28,2025-10-28 15:00,3164126920,3163.6129780892147,128924456,128.90351509499243,271379200197025333516,271.6249141395871,3035202464,3034.709462994222,0.040745665158084116
1761667200,2025-10-28,2025-10-28 16:00,3164126924,3163.604576948906,128924460,128.90317662132637,271379200197025333516,271.0987811430065,3035202464,3034.7014003275794,0.040745666370746385
1761670800,2025-10-28,2025-10-28 17:00,3164126928,3163.809399318669,128924464,128.91152608190228,271379200197025333516,271.3783937076594,3035202464,3034.897873236767,0.040745667583408654
1761674400,2025-10-28,2025-10-28 18:00,3164126932,3163.5073300455115,128924468,128.899221903977,271379200197025333516,271.43064402602863,3035202464,3034.6081081415346,0.040745668796070916
1761678000,2025-10-28,2025-10-28 19:00,3164126936,3163.6621502591224,128924472,128.90553399357745,271379200197025333516,271.38819817603746,3035202464,3034.756616265545,0.04074567000873318
1761681600,2025-10-28,2025-10-28 20:00,3164126941,3163.5654233595274,128924477,128.90159758666604,271379200197025333516,271.4894042637858,3035202464,3034.663825772861,0.040745671524560996
1761685200,2025-10-28,2025-10-28 21:00,3164126945,3163.6834607875985,128924481,128.90641093741735,271379200197025333516,271.4127452810329,3035202464,3034.777049850181,0.04074567273722325
1761688800,2025-10-28,2025-10-28 22:00,3164126949,3163.49619795115,128924485,128.89878462342,271379200197025333516,271.23674758724604,3035202464,3034.59741332773,0.04074567394988551
1761692400,2025-10-28,2025-10-28 23:00,3164126953,3163.5848948076614,128924489,128.90240247297578,271379200197025333516,271.4105166100839,3035202464,3034.682492334686,0.040745675162547755
1761696000,2025-10-29,2025-10-29 00:00,3164126957,3163.8142463878808,128924493,128.9117513945995,271379200197025333516,271.31359544603913,3035202464,3034.902494993281,0.040745676375209997
1761699600,2025-10-29,2025-10-29 01:00,3164126962,3163.8140939516766,128924498,128.91174997928061,271379200197025333516,271.29098755972086,3035202464,3034.902343972396,0.0407456778910378
1761703200,2025-10-29,2025-10-29 02:00,3164126966,3163.7742588880615,128924502,128.91013070919936,271379200197025333516,271.26038426974867,3035202464,3034.8641281788623,0.040745679103700035
1761706800,2025-10-29,2025-10-29 03:00,3164126970,3163.512520066941,128924506,128.89946981945718,271379200197025333516,271.28536893287475,3035202464,3034.613050247484,0.04074568031636227
1761710400,2025-10-29,2025-10-29 04:00,3164126974,3163.5174234566475,128924510,128.89967344768473,271379200197025333516,271.1322087900856,3035202464,3034.617750008963,0.040745681529024504
1761714000,2025-10-29,2025-10-29 05:00,3164126978,3163.7939632325715,128924514,128.91094508593807,271379200197025333516,271.24787750097846,3035202464,3034.8830181466337,0.04074568274168673
1761717600,2025-10-29,2025-10-29 06:00,3164126982,3163.6489894773517,128924518,128.9050418677396,271379200197025333516,271.1747503053892,3035202464,3034.7439476096115,0.04074568395434896
1761721200,2025-10-29,2025-10-29 07:00,3164126987,3163.652592080908,128924523,128.90519345383802,271379200197025333516,271.2254449118565,3035202464,3034.74739862707,0.040745685470176735
1761724800,2025-10-29,2025-10-29 08:00,3164126991,3163.495583324602,128924527,128.8987998606891,271379200197025333516,271.22601686134607,3035202464,3034.5967834639127,0.040745686682838955
1761728400,2025-10-29,2025-10-29 09:00,3164126995,3163.5963811928805,128924531,128.90291077542207,271379200197025333516,271.1802368235301,3035202464,3034.6934704174582,0.04074568789550117
1761732000,2025-10-29,2025-10-29 10:00,3164126999,3163.5557128155465,128924535,128.90125755073646,271379200197025333516,271.1500514100474,3035202464,3034.65445526481,0.04074568910816338
1761735600,2025-10-29,2025-10-29 11:00,3164127003,3163.499822498586,128924539,128.89898409751413,271379200197025333516,271.20879707260804,3035202464,3034.600838401072,0.040745690320825596
1761739200,2025-10-29,2025-10-29 12:00,3164127008,3163.5715998213723,128924544,128.90191350951008,271379200197025333516,271.24930178824064,3035202464,3034.6696863118623,0.04074569183665335
1761742800,2025-10-29,2025-10-29 13:00,3164127012,3163.783979906681,128924548,128.91057091961954,271379200197025333516,271.08579784212174,3035202464,3034.8734089870613,0.04074569304931556
1761746400,2025-10-29,2025-10-29 14:00,3164127016,3163.79990731486,128924552,128.91122372952486,271379200197025333516,271.27412643909526,3035202464,3034.888683585335,0.04074569426197776
1761750000,2025-10-29,2025-10-29 15:00,3164127020,3163.8164805015053,128924556,128.9119028521615,271379200197025333516,271.18217082458716,3035202464,3034.904577649344,0.04074569547463995
1761753600,2025-10-29,2025-10-29 16:00,3164127024,3163.7993265808086,128924560,128.91120774035244,271379200197025333516,271.17146244950186,3035202464,3034.8881188404566,0.040745696687302144
1761757200,2025-10-29,2025-10-29 17:00,3164127028,3163.496416843376,128924564,128.89886930831986,271379200197025333516,271.2009433756322,3035202464,3034.5975475350565,0.04074569789996434
1761760800,2025-10-29,2025-10-29 18:00,3164127033,3163.6533294662404,128924569,128.9052676182012,271379200197025333516,271.10527417463123,3035202464,3034.748061848039,0.04074569941579207
1761764400,2025-10-29,2025-10-29 19:00,3164127037,3163.526021236736,128924573,128.90008419163706,271379200197025333516,271.1736985331134,3035202464,3034.625937045099,0.04074570062845426
1761768000,2025-10-29,2025-10-29 20:00,3164127041,3163.812755389616,128924577,128.91177121222634,271379200197025333516,271.15611219668966,3035202464,3034.9009841773895,0.040745701841116436
1761771600,2025-10-29,2025-10-29 21:00,3164127045,3163.527605048456,128924581,128.9001563977358,271379200197025333516,271.060147181289,3035202464,3034.62744865072,0.040745703053778615
1761775200,2025-10-29,2025-10-29 22:00,3164127049,3163.8307232105617,128924585,128.91251099701702,271379200197025333516,271.21246792733893,3035202464,3034.9182122135444,0.04074570426644079
1761778800,2025-10-29,2025-10-29 23:00,3164127053,3163.5220114946756,128924589,128.89993615702141,271379200197025333516,271.1980211570181,3035202464,3034.6220753376538,0.04074570547910296
1761782400,2025-10-30,2025-10-30 00:00,3164127058,3163.734990702553,128924594,128.90861894077597,271379200197025333516,271.49878043197447,3035202464,3034.8263717617774,0.04074570699493067
1761786000,2025-10-30,2025-10-30 01:00,3164127062,3163.5136836555034,128924598,128.89960546495428,271379200197025333516,271.1466054457657,3035202464,3034.6140781905488,0.04074570820759284
1761789600,2025-10-30,2025-10-30 02:00,3164127066,3163.8111068814123,128924602,128.91172802156535,271379200197025333516,271.2342425510977,3035202464,3034.899378859847,0.040745709420254995
1761793200,2025-10-30,2025-10-30 03:00,3164127070,3163.634462470507,128924606,128.9045343561477,271379200197025333516,271.2062967452313,3035202464,3034.729928114359,0.040745710632917154
1761796800,2025-10-30,2025-10-30 04:00,3164127074,3163.7144996169814,128924610,128.90779936307464,271379200197025333516,271.1722196780419,3035202464,3034.8067002539065,0.04074571184557931
1761800400,2025-10-30,2025-10-30 05:00,3164127079,3163.5071681439945,128924615,128.89935628995156,271379200197025333516,271.2257094866359,3035202464,3034.607811854043,0.040745713361407
1761804000,2025-10-30,2025-10-30 06:00,3164127083,3163.5041132732918,128924619,128.89923565332725,271379200197025333516,271.2930725363154,3035202464,3034.6048776199646,0.04074571457406915
1761807600,2025-10-30,2025-10-30 07:00,3164127087,3163.6448926018456,128924623,128.90497564409884,271379200197025333516,271.2316926410224,3035202464,3034.739916957747,0.04074571578673129
1761811200,2025-10-30,2025-10-30 08:00,3164127091,3163.504445592954,128924627,128.89925686645353,271379200197025333516,271.04234085945694,3035202464,3034.6051887265007,0.04074571699939344
1761814800,2025-10-30,2025-10-30 09:00,3164127095,3163.4955859783613,128924631,128.89889971135597,271379200197025333516,271.26374509977273,3035202464,3034.5966862670057,0.040745718212055575
1761818400,2025-10-30,2025-10-30 10:00,3164127099,3163.518662642128,128924635,128.89984382287435,271379200197025333516,271.2196657978322,3035202464,3034.618818819254,0.04074571942471771
1761822000,2025-10-30,2025-10-30 11:00,3164127104,3163.5191142771005,128924640,128.89986702041602,271379200197025333516,270.9741535021526,3035202464,3034.619247256684,0.04074572094054538
1761825600,2025-10-30,2025-10-30 12:00,3164127108,3163.5402601566952,128924644,128.90073246083048,271379200197025333516,271.2456300142024,3035202464,3034.6395276958647,0.04074572215320751
1761829200,2025-10-30,2025-10-30 13:00,3164127112,3163.6991244681067,128924648,128.9072093384214,271379200197025333516,271.46903389573686,3035202464,3034.791915129685,0.04074572336586963
1761832800,2025-10-30,2025-10-30 14:00,3164127116,3163.268089838842,128924652,128.8896503566317,271379200197025333516,270.9590354424603,3035202464,3034.3784394822105,0.040745724578531754
1761836400,2025-10-30,2025-10-30 15:00,3164127120,3163.5112979638493,128924656,128.89956388417883,271379200197025333516,271.2854144671221,3035202464,3034.6117340796704,0.04074572579119388
1761840000,2025-10-30,2025-10-30 16:00,3164127125,3163.8031058100514,128924661,128.9114586024441,271379200197025333516,271.34841207471885,3035202464,3034.891647207607,0.04074572730702152
1761843600,2025-10-30,2025-10-30 17:00,3164127129,3163.5016303521033,128924665,128.89917860190337,271379200197025333516,271.29014109746487,3035202464,3034.6024517502,0.04074572851968363
1761847200,2025-10-30,2025-10-30 18:00,3164127133,3163.789063546903,128924669,128.91089411343333,271379200197025333516,271.0835123680074,3035202464,3034.87816943347,0.04074572973234575
1761850800,2025-10-30,2025-10-30 19:00,3164127137,3163.3626202546184,128924673,128.89352220638975,271379200197025333516,271.18441419178515,3035202464,3034.4690980482287,0.04074573094500785
1761854400,2025-10-30,2025-10-30 20:00,3164127141,3163.213209228071,128924677,128.8874381808106,271379200197025333516,271.24897785824913,3035202464,3034.3257710472603,0.04074573215766995
1761858000,2025-10-30,2025-10-30 21:00,3164127145,3163.153428425789,128924681,128.8850062040889,271379200197025333516,271.1767622288757,3035202464,3034.2684222217003,0.040745733370332056
1761861600,2025-10-30,2025-10-30 22:00,3164127150,3163.212103392769,128924686,128.8874017535333,271379200197025333516,271.23445547779573,3035202464,3034.324701639236,0.04074573488615968
1761865200,2025-10-30,2025-10-30 23:00,3164127154,3163.496089726057,128924690,128.89897682163254,271379200197025333516,271.27727084835925,3035202464,3034.597112904425,0.040745736098821775
1761868800,2025-10-31,2025-10-31 00:00,3164127158,3163.5015804754726,128924694,128.89920438251764,271379200197025333516,271.23126600725186,3035202464,3034.602376092955,0.040745737311483864
1761872400,2025-10-31,2025-10-31 01:00,3164127162,3163.416877199559,128924698,128.89575692124356,271379200197025333516,271.1556623863726,3035202464,3034.5211202783153,0.04074573852414595
1761876000,2025-10-31,2025-10-31 02:00,3164127166,3163.5006067463387,128924702,128.89917237972062,271379200197025333516,271.0962288311634,3035202464,3034.601434366618,0.040745739736808034
1761879600,2025-10-31,2025-10-31 03:00,3164127171,3163.500832059391,128924707,128.8991863555895,271379200197025333516,271.36800350763497,3035202464,3034.6016457038013,0.04074574125263564
1761883200,2025-10-31,2025-10-31 04:00,3164127175,3163.2050297280634,128924711,128.88713750623407,271379200197025333516,271.22937587260043,3035202464,3034.317892221829,0.04074574246529772
1761886800,2025-10-31,2025-10-31 05:00,3164127179,3163.1903784119118,128924715,128.8865443633604,271379200197025333516,271.2211176496892,3035202464,3034.3038340485514,0.04074574367795979
1761890400,2025-10-31,2025-10-31 06:00,3164127183,3163.2018969490427,128924719,128.88701753061684,271379200197025333516,271.24732092013943,3035202464,3034.314879418426,0.04074574489062186
1761894000,2025-10-31,2025-10-31 07:00,3164127187,3163.241185112054,128924723,128.88862219202673,271379200197025333516,271.0002627942433,3035202464,3034.3525629200276,0.04074574610328393
1761897600,2025-10-31,2025-10-31 08:00,3164127191,3163.499348772493,128924727,128.8991450992437,271379200197025333516,271.3669602958856,3035202464,3034.6002036732493,0.040745747315946
1761901200,2025-10-31,2025-10-31 09:00,3164127196,3163.4216685413476,128924732,128.89598475537585,271379200197025333516,271.3898232446048,3035202464,3034.525683785972,0.04074574883177357
1761904800,2025-10-31,2025-10-31 10:00,3164127200,3163.489714467874,128924736,128.89876117385106,271379200197025333516,271.1820430623484,3035202464,3034.590953294023,0.04074575004443563
1761908400,2025-10-31,2025-10-31 11:00,3164127204,3163.4295594832597,128924740,128.89631395005506,271379200197025333516,270.905559730067,3035202464,3034.533245533205,0.04074575125709769
1761912000,2025-10-31,2025-10-31 12:00,3164127208,3163.5027374030583,128924744,128.89929947563238,271379200197025333516,271.5596437169284,3035202464,3034.603437927426,0.04074575246975974
1761915600,2025-10-31,2025-10-31 13:00,3164127212,3163.492708338151,128924748,128.8988946700837,271379200197025333516,271.20070769743694,3035202464,3034.5938136680675,0.040745753682421795
1761919200,2025-10-31,2025-10-31 14:00,3164127216,3163.4890773836973,128924752,128.89875056035106,271379200197025333516,271.50129911314986,3035202464,3034.5903268233465,0.04074575489508384
1761922800,2025-10-31,2025-10-31 15:00,3164127221,3163.2005501093495,128924757,128.88699909361645,271379200197025333516,271.2320955605173,3035202464,3034.313551015733,0.04074575641091139
1761926400,2025-10-31,2025-10-31 16:00,3164127225,3163.259781726419,128924761,128.88941636662244,271379200197025333516,271.2918167783996,3035202464,3034.3703653597963,0.04074575762357343
1761930000,2025-10-31,2025-10-31 17:00,3164127229,3163.2008735913073,128924765,128.88701994592077,271379200197025333516,271.19414622089283,3035202464,3034.3138536453866,0.04074575883623547
1761933600,2025-10-31,2025-10-31 18:00,3164127233,3163.2072671007522,128924769,128.8872842902161,271379200197025333516,271.3517413188213,3035202464,3034.319982810536,0.0407457600488975
1761937200,2025-10-31,2025-10-31 19:00,3164127237,3163.227358339079,128924773,128.8881067589177,271379200197025333516,271.2783297654171,3035202464,3034.339251580161,0.040745761261559536
1761940800,2025-10-31,2025-10-31 20:00,3164127242,3163.3048424896174,128924778,128.89126870464173,271379200197025333516,271.5807639931387,3035202464,3034.4135737849756,0.04074576277738707
1761944400,2025-10-31,2025-10-31 21:00,3164127246,3163.487604971935,128924782,128.89871933763212,271379200197025333516,271.39437436215263,3035202464,3034.5888856343026,0.04074576399004909
1761948000,2025-10-31,2025-10-31 22:00,3164127250,3163.7284293860903,128924786,128.90853574890764,271379200197025333516,271.21098496035484,3035202464,3034.8198936371823,0.04074576520271111
1761951600,2025-10-31,2025-10-31 23:00,3164127254,3163.4899373500216,128924790,128.89882204464735,271379200197025333516,271.378507092571,3035202464,3034.5911153053744,0.04074576641537313
1761955200,2025-11-01,2025-11-01 00:00,3164127258,3163.2216547830913,128924794,128.88789450176063,271379200197025333516,271.26939941878624,3035202464,3034.3337602813303,0.04074576762803514
1761958800,2025-11-01,2025-11-01 01:00,3164127262,3163.202625816321,128924798,128.88712298779808,271379200197025333516,271.2618475070171,3035202464,3034.315502828523,0.04074576884069715
1761962400,2025-11-01,2025-11-01 02:00,3164127267,3163.4872310378614,128924803,128.8987242416668,271379200197025333516,271.2026640109421,3035202464,3034.588506796195,0.040745770356524665
1761966000,2025-11-01,2025-11-01 03:00,3164127271,3163.496884777674,128924807,128.89912142698475,271379200197025333516,271.3906020637744,3035202464,3034.5977633506895,0.04074577156918667
1761969600,2025-11-01,2025-11-01 04:00,3164127275,3163.3063153367925,128924811,128.8913603640999,271379200197025333516,271.3730524795098,3035202464,3034.414954972693,0.04074577278184867
1761973200,2025-11-01,2025-11-01 05:00,3164127279,3163.494462456799,128924815,128.89903040015074,271379200197025333516,271.4357799238296,3035202464,3034.5954320566484,0.04074577399451067
1761976800,2025-11-01,2025-11-01 06:00,3164127283,3163.4677725849806,128924819,128.89794673688286,271379200197025333516,271.2864123246375,3035202464,3034.569825848098,0.04074577520717266
1761980400,2025-11-01,2025-11-01 07:00,3164127288,3163.4940962292667,128924824,128.89902410948685,271379200197025333516,271.25163591953566,3035202464,3034.5950721197796,0.04074577672300015
1761984000,2025-11-01,2025-11-01 08:00,3164127292,3163.1811094085747,128924828,128.88627505424319,271379200197025333516,271.11845038161624,3035202464,3034.294834354331,0.04074577793566214
1761987600,2025-11-01,2025-11-01 09:00,3164127296,3163.2659910143348,128924832,128.88973745727475,271379200197025333516,271.14610299366984,3035202464,3034.37625355706,0.04074577914832413
1761991200,2025-11-01,2025-11-01 10:00,3164127300,3163.3409700901184,128924836,128.89279637420069,271379200197025333516,271.23375156301034,3035202464,3034.4481737159176,0.04074578036098611
1761994800,2025-11-01,2025-11-01 11:00,3164127304,3163.1681928509865,128924840,128.88576026661744,271379200197025333516,271.0642009518819,3035202464,3034.282432584369,0.04074578157364809
1761998400,2025-11-01,2025-11-01 12:00,3164127308,3163.4968435439714,128924844,128.89915523222018,271379200197025333516,271.1476445687688,3035202464,3034.597688311751,0.04074578278631006
1762002000,2025-11-01,2025-11-01 13:00,3164127313,3163.4827436569653,128924849,128.89858551658094,271379200197025333516,271.1889155978239,3035202464,3034.5841581403843,0.04074578430213753
1762005600,2025-11-01,2025-11-01 14:00,3164127317,3163.4970326609064,128924853,128.89917156950597,271379200197025333516,271.19194598018163,3035202464,3034.5978610914003,0.0407457855147995
1762009200,2025-11-01,2025-11-01 15:00,3164127321,3163.4944955358005,128924857,128.89907202860002,271379200197025333516,271.30292470823167,3035202464,3034.5954235072004,0.040745786727461465
1762012800,2025-11-01,2025-11-01 16:00,3164127325,3163.5080566283314,128924861,128.89962842224995,271379200197025333516,271.14239724340734,3035202464,3034.608428206081,0.04074578794012343
1762016400,2025-11-01,2025-11-01 17:00,3164127329,3163.46286226091,128924865,128.89779077835001,271379200197025333516,271.12327092765435,3035202464,3034.5650714825597,0.040745789152785386
1762020000,2025-11-01,2025-11-01 18:00,3164127333,3163.5574755268717,128924869,128.90164970686175,271379200197025333516,271.33040370360396,3035202464,3034.6558258200103,0.04074579036544734
1762023600,2025-11-01,2025-11-01 19:00,3164127338,3163.6210776259195,128924874,128.90424602015997,271379200197025333516,271.25989939387733,3035202464,3034.7168316057596,0.040745791881274786
1762027200,2025-11-01,2025-11-01 20:00,3164127342,3163.574667216568,128924878,128.90235882762602,271379200197025333516,271.2785705307237,3035202464,3034.6723083889415,0.040745793093936736
1762030800,2025-11-01,2025-11-01 21:00,3164127346,3163.5578030777206,128924882,128.90167552124,271379200197025333516,271.15445167005663,3035202464,3034.65612755648,0.04074579430659868
1762034400,2025-11-01,2025-11-01 22:00,3164127350,3163.5181498748966,128924886,128.9000636562722,271379200197025333516,271.2196504142731,3035202464,3034.6180862186243,0.04074579551926063
1762038000,2025-11-01,2025-11-01 23:00,3164127354,3163.497980109714,128924890,128.89924565939802,271379200197025333516,271.0772872840054,3035202464,3034.5987344503155,0.040745796731922565
1762041600,2025-11-02,2025-11-02 00:00,3164127359,3163.4323664163458,128924895,128.89657697240273,271379200197025333516,271.13846357985193,3035202464,3034.535789443943,0.04074579824774999
1762045200,2025-11-02,2025-11-02 01:00,3164127363,3163.4950103399406,128924899,128.89913328532498,271379200197025333516,271.2325366120872,3035202464,3034.5958770546154,0.04074579946041192
1762048800,2025-11-02,2025-11-02 02:00,3164127367,3163.1874837868395,128924903,128.88660670594058,271379200197025333516,271.1396168184457,3035202464,3034.3008770808988,0.04074580067307385
1762052400,2025-11-02,2025-11-02 03:00,3164127371,3163.188614694682,128924907,128.88665662156453,271379200197025333516,271.0184782903618,3035202464,3034.301958073118,0.04074580188573578
1762056000,2025-11-02,2025-11-02 04:00,3164127375,3163.18893184998,128924911,128.88667338019025,271379200197025333516,271.21303561232264,3035202464,3034.3022584697896,0.040745803098397704
1762059600,2025-11-02,2025-11-02 05:00,3164127379,3163.2002061591697,128924915,128.887136596865,271379200197025333516,271.1747406047598,3035202464,3034.313069562305,0.040745804311059626
1762063200,2025-11-02,2025-11-02 06:00,3164127384,3163.1781088118773,128924920,128.88624101750847,271379200197025333516,271.3369454209634,3035202464,3034.2918677943685,0.04074580582688703
1762066800,2025-11-02,2025-11-02 07:00,3164127388,3163.4952885344724,128924924,128.89916859714782,271379200197025333516,271.06915769562846,3035202464,3034.5961199373246,0.04074580703954894
1762070400,2025-11-02,2025-11-02 08:00,3164127392,3163.1879512606247,128924928,128.8866497277691,271379200197025333516,271.0477504787528,3035202464,3034.3013015328556,0.04074580825221085
1762074000,2025-11-02,2025-11-02 09:00,3164127396,3163.178595787006,128924932,128.88627236730113,271379200197025333516,271.30167469951255,3035202464,3034.292323419705,0.04074580946487276
1762077600,2025-11-02,2025-11-02 10:00,3164127400,3163.184846813806,128924936,128.88653090632184,271379200197025333516,271.38290805007864,3035202464,3034.2983159074843,0.04074581067753467
1762081200,2025-11-02,2025-11-02 11:00,3164127405,3163.538520746161,128924941,128.90094643278942,271379200197025333516,270.9983000246728,3035202464,3034.6375743133713,0.04074581219336204
1762084800,2025-11-02,2025-11-02 12:00,3164127409,3163.4870680410227,128924945,128.89885378676928,271379200197025333516,271.1330424189085,3035202464,3034.588214254253,0.04074581340602394
1762088400,2025-11-02,2025-11-02 13:00,3164127413,3163.5846891148276,128924949,128.90283527318562,271379200197025333516,271.3580727640432,3035202464,3034.6818538416414,0.04074581461868584
1762092000,2025-11-02,2025-11-02 14:00,3164127417,3163.18477507367,128924953,128.88654428567486,271379200197025333516,271.220659508722,3035202464,3034.298230787995,0.04074581583134773
1762095600,2025-11-02,2025-11-02 15:00,3164127421,3163.3320570614164,128924957,128.89254924647508,271379200197025333516,271.2195931025376,3035202464,3034.4395078149414,0.04074581704400962
1762099200,2025-11-02,2025-11-02 16:00,3164127425,3163.374838777047,128924961,128.89429625853708,271379200197025333516,271.17899245586256,3035202464,3034.48054251851,0.04074581825667151
1762102800,2025-11-02,2025-11-02 17:00,3164127430,3163.3794046808816,128924966,128.89448709516196,271379200197025333516,271.15182106426255,3035202464,3034.48491758572,0.04074581977249886
1762106400,2025-11-02,2025-11-02 18:00,3164127434,3163.184193575718,128924970,128.88653689452624,271379200197025333516,271.16584346029816,3035202464,3034.2976566811917,0.04074582098516074
1762110000,2025-11-02,2025-11-02 19:00,3164127438,3163.2791602882075,128924974,128.89041022718092,271379200197025333516,271.1581168083984,3035202464,3034.3887500610267,0.04074582219782261
1762113600,2025-11-02,2025-11-02 20:00,3164127442,3163.49510851754,128924978,128.89921305158717,271379200197025333516,271.3137721274308,3035202464,3034.5958954659527,0.04074582341048449
1762117200,2025-11-02,2025-11-02 21:00,3164127446,3163.181924907067,128924982,128.88645596336985,271379200197025333516,271.1882377062111,3035202464,3034.295468943697,0.04074582462314636
1762120800,2025-11-02,2025-11-02 22:00,3164127451,3163.4560174951416,128924987,128.89762888714716,271379200197025333516,271.1741858171517,3035202464,3034.558388607995,0.04074582613897369
1762124400,2025-11-02,2025-11-02 23:00,3164127455,3163.4309278930737,128924991,128.89661042675544,271379200197025333516,271.19783092597675,3035202464,3034.5343174663185,0.04074582735163555
1762128000,2025-11-03,2025-11-03 00:00,3164127459,3163.1786257589724,128924995,128.886334003425,271379200197025333516,271.2183463396749,3035202464,3034.2922917555475,0.04074582856429741
1762131600,2025-11-03,2025-11-03 01:00,3164127463,3163.4901905318943,128924999,128.89903280449303,271379200197025333516,271.18311537007855,3035202464,3034.5911577274014,0.04074582977695927
1762135200,2025-11-03,2025-11-03 02:00,3164127467,3163.1892220007003,128925003,128.88677342783168,271379200197025333516,271.20530827524766,3035202464,3034.302448572869,0.040745830989621125
1762138800,2025-11-03,2025-11-03 03:00,3164127471,3163.163179405389,128925007,128.8857161364919,271379200197025333516,271.0202730314658,3035202464,3034.2774632688975,0.04074583220228298
1762142400,2025-11-03,2025-11-03 04:00,3164127476,3163.062775576108,128925012,128.8816298935685,271379200197025333516,271.2752727159471,3035202464,3034.1811456825394,0.04074583371811029
1762146000,2025-11-03,2025-11-03 05:00,3164127480,3162.8613183839875,128925016,128.8734251877983,271379200197025333516,271.17650873443034,3035202464,3033.9878931961894,0.04074583493077213
1762149600,2025-11-03,2025-11-03 06:00,3164127484,3163.1503065033803,128925020,128.88520408583966,271379200197025333516,271.2274092323593,3035202464,3034.2651024175407,0.040745836143433974
1762153200,2025-11-03,2025-11-03 07:00,3164127488,3163.1578455808785,128925024,128.8855151076969,271379200197025333516,271.1760437002848,3035202464,3034.2723304731812,0.04074583735609581
1762156800,2025-11-03,2025-11-03 08:00,3164127492,3163.157363916136,128925028,128.88549931770388,271379200197025333516,271.143810581586,3035202464,3034.2718645984323,0.040745838568757645
1762160400,2025-11-03,2025-11-03 09:00,3164127496,3163.1520479144465,128925032,128.88528654859093,271379200197025333516,271.18267316076526,3035202464,3034.2667613658555,0.04074583978141948
1762164000,2025-11-03,2025-11-03 10:00,3164127501,3163.1811722205853,128925037,128.88647803773895,271379200197025333516,271.1909440779417,3035202464,3034.2946941828463,0.04074584129724676
1762167600,2025-11-03,2025-11-03 11:00,3164127505,3163.153491934179,128925041,128.88535401701745,271379200197025333516,271.2713664586251,3035202464,3034.2681379171613,0.040745842509908585
1762171200,2025-11-03,2025-11-03 12:00,3164127509,3163.4430496631976,128925045,128.8971561268282,271379200197025333516,271.2184233233284,3035202464,3034.5458935363695,0.04074584372257041
1762174800,2025-11-03,2025-11-03 13:00,3164127513,3163.389801622227,128925049,128.89499032659432,271379200197025333516,271.19779584014344,3035202464,3034.4948112956326,0.04074584493523223
1762178400,2025-11-03,2025-11-03 14:00,3164127517,3163.5047235433544,128925053,128.8996767536336,271379200197025333516,270.3075154627952,3035202464,3034.6050467897207,0.040745846147894046
1762182000,2025-11-03,2025-11-03 15:00,3164127522,3163.38604518646,128925058,128.8948458987093,271379200197025333516,269.86584169350743,3035202464,3034.49119928775,0.04074584766372131
1762185600,2025-11-03,2025-11-03 16:00,3164127526,3163.5068297499693,128925062,128.8997712043981,271379200197025333516,270.8735273468481,3035202464,3034.607058545571,0.04074584887638312
1762189200,2025-11-03,2025-11-03 17:00,3164127530,3163.2144234779603,128925066,128.88786069853762,271379200197025333516,271.3638024897474,3035202464,3034.3265627794226,0.040745850089044924
1762192800,2025-11-03,2025-11-03 18:00,3164127534,3163.481400179509,128925070,128.89874272742927,271379200197025333516,271.1799832665226,3035202464,3034.5826574520797,0.04074585130170673
1762196400,2025-11-03,2025-11-03 19:00,3164127538,3163.3293997373707,128925074,128.89255317606484,271379200197025333516,271.2474038583647,3035202464,3034.4368465613056,0.040745852514368526
1762200000,2025-11-03,2025-11-03 20:00,3164127542,3163.338400337498,128925078,128.8929237492498,271379200197025333516,271.1320045040772,3035202464,3034.4454765882483,0.04074585372703032
1762203600,2025-11-03,2025-11-03 21:00,3164127547,3163.506176107209,128925083,128.8997647115502,271379200197025333516,270.989486068113,3035202464,3034.6064113956586,0.040745855242857565
1762207200,2025-11-03,2025-11-03 22:00,3164127551,3163.491221483194,128925087,128.8991592088498,271379200197025333516,270.989486068113,3035202464,3034.5920622743442,0.040745856455519355
1762210800,2025-11-03,2025-11-03 23:00,3164127555,3163.158102064997,128925091,128.88558980869436,271379200197025333516,271.2680627745992,3035202464,3034.2725122563024,0.04074585766818114
1762214400,2025-11-04,2025-11-04 00:00,3164127559,3163.3151573279138,128925095,128.89199299611462,271379200197025333516,271.0982024015347,3035202464,3034.4231643317994,0.04074585888084293
1762218000,2025-11-04,2025-11-04 01:00,3164127563,3163.4947374874,128925099,128.8993139802,271379200197025333516,271.35485112723603,3035202464,3034.5954235072,0.040745860093504706
1762221600,2025-11-04,2025-11-04 02:00,3164127568,3163.5083985874007,128925104,128.8998754088015,271379200197025333516,271.17427676266624,3035202464,3034.608523178599,0.040745861609331926
1762225200,2025-11-04,2025-11-04 03:00,3164127572,3163.4397309749465,128925108,128.89708132394983,271379200197025333516,271.43350893006203,3035202464,3034.5426496509967,0.0407458628219937
1762228800,2025-11-04,2025-11-04 04:00,3164127576,3163.40222600275,128925112,128.89555698763454,271379200197025333516,271.11017306521995,3035202464,3034.5066690151157,0.04074586403465547
1762232400,2025-11-04,2025-11-04 05:00,3164127580,3163.494760209731,128925116,128.89933121009986,271379200197025333516,271.2312606485845,3035202464,3034.595428999631,0.04074586524731724
1762236000,2025-11-04,2025-11-04 06:00,3164127584,3163.5191911662387,128925120,128.90033050684036,271379200197025333516,271.59737280656856,3035202464,3034.6188606593983,0.040745866459979005
1762239600,2025-11-04,2025-11-04 07:00,3164127588,3163.512028276418,128925124,128.90004248495833,271379200197025333516,271.027148079332,3035202464,3034.6119857914596,0.04074586767264077
1762243200,2025-11-04,2025-11-04 08:00,3164127593,3163.508814816406,128925129,128.8999163450746,271379200197025333516,271.3599629080171,3035202464,3034.6088984713315,0.04074586918846796
1762246800,2025-11-04,2025-11-04 09:00,3164127597,3163.2577064456354,128925133,128.88968855220867,271379200197025333516,271.3599629080171,3035202464,3034.3680178934264,0.040745870401129716
1762250400,2025-11-04,2025-11-04 10:00,3164127601,3163.192652640475,128925137,128.88704171417726,271379200197025333516,271.3101551300759,3035202464,3034.3056109262975,0.04074587161379147
1762254000,2025-11-04,2025-11-04 11:00,3164127605,3163.288262463254,128925141,128.8909412557399,271379200197025333516,271.1197568317738,3035202464,3034.397321207514,0.040745872826453214
1762257600,2025-11-04,2025-11-04 12:00,3164127609,3163.1893391732287,128925145,128.88691437582366,271379200197025333516,271.1280147388323,3035202464,3034.302424797405,0.04074587403911496
1762261200,2025-11-04,2025-11-04 13:00,3164127613,3163.183843063669,128925149,128.88669426790787,271379200197025333516,270.91247537449755,3035202464,3034.2971487957607,0.040745875251776704
1762264800,2025-11-04,2025-11-04 14:00,3164127618,3163.17230489382,128925154,128.8862289299011,271379200197025333516,271.218804796546,3035202464,3034.286075963919,0.04074587676760388
1762268400,2025-11-04,2025-11-04 15:00,3164127622,3163.332983205242,128925158,128.8927797446304,271379200197025333516,271.1474072741123,3035202464,3034.4402034606114,0.04074587798026561
1762272000,2025-11-04,2025-11-04 16:00,3164127626,3163.5141232904302,128925162,128.90016429271134,271379200197025333516,271.06696680173275,3035202464,3034.6139589977192,0.040745879192927346
1762275600,2025-11-04,2025-11-04 17:00,3164127630,3163.505276522024,128925166,128.89980765961639,271379200197025333516,270.6865621330941,3035202464,3034.6054688624076,0.040745880405589074
1762279200,2025-11-04,2025-11-04 18:00,3164127634,3163.2244800154167,128925170,128.88837019466112,271379200197025333516,270.05710243853986,3035202464,3034.3361098207556,0.0407458816182508
1762282800,2025-11-04,2025-11-04 19:00,3164127639,3163.3391168220846,128925175,128.89304596749005,271379200197025333516,270.95198874402575,3035202464,3034.446070854595,0.040745883134077954
1762286400,2025-11-04,2025-11-04 20:00,3164127643,3163.209742042308,128925179,128.88777831373613,271379200197025333516,270.99299377180245,3035202464,3034.321963728572,0.040745884346739675
1762290000,2025-11-04,2025-11-04 21:00,3164127647,3163.4922405071457,128925183,128.89929279975846,271379200197025333516,270.8681285918781,3035202464,3034.5929477073873,0.04074588555940139
1762293600,2025-11-04,2025-11-04 22:00,3164127651,3163.61523053976,128925187,128.90430797394737,271379200197025333516,270.8681285918781,3035202464,3034.710922565813,0.0407458867720631
1762297200,2025-11-04,2025-11-04 23:00,3164127655,3163.49169085324,128925191,128.89927807611383,271379200197025333516,270.76248395000493,3035202464,3034.5924127771264,0.04074588798472481
1762300800,2025-11-05,2025-11-05 00:00,3164127659,3163.496051578614,128925195,128.89945959399193,271379200197025333516,270.35343329335643,3035202464,3034.596591984621,0.04074588919738652
1762304400,2025-11-05,2025-11-05 01:00,3164127664,3163.354580417876,128925200,128.8937000208506,271379200197025333516,270.97039715332346,3035202464,3034.4608803970254,0.04074589071321365
1762308000,2025-11-05,2025-11-05 02:00,3164127668,3163.441134945808,128925204,128.89723059837036,271379200197025333516,270.9473282880496,3035202464,3034.543904347437,0.04074589192587535
1762311600,2025-11-05,2025-11-05 03:00,3164127672,3163.43699666238,128925208,128.8970658164999,271379200197025333516,270.78499614878194,3035202464,3034.5399308458796,0.04074589313853705
1762315200,2025-11-05,2025-11-05 04:00,3164127676,3163.3222208596967,128925212,128.89239300994856,271379200197025333516,271.2709123917191,3035202464,3034.429827849748,0.04074589435119874
1762318800,2025-11-05,2025-11-05 05:00,3164127680,3163.4397420653595,128925216,128.89718535276072,271379200197025333516,271.0111008066406,3035202464,3034.5425567125985,0.04074589556386043
1762322400,2025-11-05,2025-11-05 06:00,3164127685,3163.188023183602,128925221,128.88693363633934,271379200197025333516,270.8230985856007,3035202464,3034.3010895472626,0.040745897079687544
1762326000,2025-11-05,2025-11-05 07:00,3164127689,3163.1956659475054,128925225,128.88724888349694,271379200197025333516,270.97914696980854,3035202464,3034.3084170640086,0.040745898292349224
1762329600,2025-11-05,2025-11-05 08:00,3164127693,3163.4280037129583,128925229,128.8967195306255,271379200197025333516,271.0657499725577,3035202464,3034.531284182333,0.0407458995050109
1762333200,2025-11-05,2025-11-05 09:00,3164127697,3163.1970913509163,128925233,128.8873146346151,271379200197025333516,271.0675407909565,3035202464,3034.309776716301,0.04074590071767258
1762336800,2025-11-05,2025-11-05 10:00,3164127701,3163.180134465502,128925237,128.88662754691288,271379200197025333516,271.11844926556097,3035202464,3034.293506918589,0.040745901930334255
1762340400,2025-11-05,2025-11-05 11:00,3164127705,3163.1926314682532,128925241,128.88714058444387,271379200197025333516,270.86584772386743,3035202464,3034.3054908838094,0.04074590314299593
1762344000,2025-11-05,2025-11-05 12:00,3164127710,3164.0128063141838,128925246,128.92056414537277,271379200197025333516,271.1093859913944,3035202464,3035.092242168811,0.040745904658823016
1762347600,2025-11-05,2025-11-05 13:00,3164127714,3163.329641061964,128925250,128.8927317951882,271379200197025333516,270.77400141289803,3035202464,3034.4369092667757,0.04074590587148468
1762351200,2025-11-05,2025-11-05 14:00,3164127718,3163.4952971152748,128925254,128.89948543739288,271379200197025333516,270.70947596164274,3035202464,3034.5958116778816,0.04074590708414634
1762354800,2025-11-05,2025-11-05 15:00,3164127722,3163.336881428141,128925258,128.89303448258164,271379200197025333516,271.07076748545234,3035202464,3034.443846945559,0.040745908296808
1762358400,2025-11-05,2025-11-05 16:00,3164127726,3163.187806569155,128925262,128.88696412792459,271379200197025333516,271.15328152246303,3035202464,3034.30084244123,0.04074590950946966
1762362000,2025-11-05,2025-11-05 17:00,3164127731,3163.2860254290945,128925267,128.89097093969838,271379200197025333516,271.2306605632058,3035202464,3034.3950544893964,0.04074591102529672
1762365600,2025-11-05,2025-11-05 18:00,3164127735,3163.18772377747,128925271,128.8869693852241,271379200197025333516,271.2748112623825,3035202464,3034.300754392246,0.04074591223795837
1762369200,2025-11-05,2025-11-05 19:00,3164127739,3163.1806746456873,128925275,128.886685997787,271379200197025333516,271.46672532936316,3035202464,3034.2939886479003,0.040745913450620015
1762372800,2025-11-05,2025-11-05 20:00,3164127743,3163.4885709372074,128925279,128.89923534967429,271379200197025333516,270.8986538379235,3035202464,3034.5893355875332,0.04074591466328166
1762376400,2025-11-05,2025-11-05 21:00,3164127747,3163.1910722548478,128925283,128.8871173296309,271379200197025333516,271.2797189681158,3035202464,3034.3039549252167,0.0407459158759433
1762380000,2025-11-05,2025-11-05 22:00,3164127751,3163.198363723782,128925287,128.88741826310002,271379200197025333516,270.9197631396317,3035202464,3034.310945460682,0.040745917088604935
1762383600,2025-11-05,2025-11-05 23:00,3164127756,3163.2035113201896,128925292,128.8876328015059,271379200197025333516,270.98747171023666,3035202464,3034.315878518684,0.040745918604431976
1762387200,2025-11-06,2025-11-06 00:00,3164127760,3163.19805437441,128925296,128.8874142891262,271379200197025333516,270.58113420366766,3035202464,3034.310640085284,0.04074591981709361
1762390800,2025-11-06,2025-11-06 01:00,3164127764,3163.349778104443,128925300,128.89360024813737,271379200197025333516,271.03727472533524,3035202464,3034.4561778563057,0.04074592102975523
1762394400,2025-11-06,2025-11-06 02:00,3164127768,3163.443606784567,128925304,128.8974272203147,271379200197025333516,271.1888950850238,3035202464,3034.5461795642523,0.040745922242416854
1762398000,2025-11-06,2025-11-06 03:00,3164127772,3163.510808743233,128925308,128.9001692623652,271379200197025333516,271.0056838320949,3035202464,3034.6106394808685,0.04074592345507848
1762401600,2025-11-06,2025-11-06 04:00,3164127776,3163.320404411295,128925312,128.89241489806773,271379200197025333516,270.41883759059385,3035202464,3034.427989513227,0.040745924667740095
1762405200,2025-11-06,2025-11-06 05:00,3164127781,3163.1977213079363,128925317,128.88742085644085,271379200197025333516,271.00708933028693,3035202464,3034.310300451495,0.04074592618356711
1762408800,2025-11-06,2025-11-06 06:00,3164127785,3163.5136789687976,128925321,128.90029868023902,271379200197025333516,270.840463683809,3035202464,3034.6133802885583,0.04074592739622872
1762412400,2025-11-06,2025-11-06 07:00,3164127789,3163.193809184572,128925325,128.8872691251184,271379200197025333516,271.1772735168108,3035202464,3034.3065400594533,0.04074592860889033
1762416000,2025-11-06,2025-11-06 08:00,3164127793,3163.3368661690115,128925329,128.89310195085056,271379200197025333516,270.70117337765055,3035202464,3034.4437642181606,0.04074592982155193
1762419600,2025-11-06,2025-11-06 09:00,3164127797,3163.4549525924213,128925333,128.89791732817204,271379200197025333516,271.60703990255325,3035202464,3034.557035264249,0.040745931034213534
1762423200,2025-11-06,2025-11-06 10:00,3164127802,3163.3483816508615,128925338,128.89357979102587,271379200197025333516,269.6604496520821,3035202464,3034.4548018598352,0.04074593255004053
1762426800,2025-11-06,2025-11-06 11:00,3164127806,3163.5004336878055,128925342,128.89977912932278,271379200197025333516,269.57336420884656,3035202464,3034.600654558483,0.04074593376270212
1762430400,2025-11-06,2025-11-06 12:00,3164127810,3163.5010757402365,128925346,128.89980912660485,271379200197025333516,269.952148259667,3035202464,3034.6012666136317,0.04074593497536372
1762434000,2025-11-06,2025-11-06 13:00,3164127814,3163.4994329354313,128925350,128.8997460252413,271379200197025333516,269.952148259667,3035202464,3034.59968691019,0.04074593618802531
1762437600,2025-11-06,2025-11-06 14:00,3164127818,3163.495529884321,128925354,128.89959082801934,271379200197025333516,270.51152193005896,3035202464,3034.5959390563016,0.04074593740068689
1762441200,2025-11-06,2025-11-06 15:00,3164127822,3163.489864701358,128925358,128.89936383107158,271379200197025333516,270.08756197554777,3035202464,3034.590500870286,0.04074593861334847
1762444800,2025-11-06,2025-11-06 16:00,3164128658,3163.526321504795,3164128658,3163.526321504795,3987437677472079933385,391.3449457596227,0,0,1
1762448400,2025-11-06,2025-11-06 17:00,3164130112,3163.4963593880207,3164130112,3163.4963593880207,3987437677472079933385,373.2183899978604,0,0,1
1762452000,2025-11-06,2025-11-06 18:00,3164131574,3163.703159856977,3164131574,3163.703159856977,3987437677472079933385,254.88934556886048,0,0,1
1762455600,2025-11-06,2025-11-06 19:00,3164133044,3163.496282191095,3164133044,3163.496282191095,3987437677472079933385,203.09761489403996,0,0,1
1762459200,2025-11-06,2025-11-06 20:00,3164134523,3163.555142766099,3164134523,3163.555142766099,3987437677472079933385,170.5468428582482,0,0,1
1762462800,2025-11-06,2025-11-06 21:00,3164136010,3163.659385283067,3164136010,3163.659385283067,3987437677472079933385,112.12568325376441,0,0,1
1762466400,2025-11-06,2025-11-06 22:00,3164137506,3163.6614788340103,3164137506,3163.6614788340103,3987437677472079933385,80.84463402881154,0,0,1
1762470000,2025-11-06,2025-11-06 23:00,3164139011,3163.7528371808,3164139011,3163.7528371808,3987437677472079933385,71.19768448808613,0,0,1
1762473600,2025-11-07,2025-11-07 00:00,3164140524,3163.2028852645235,3164140524,3163.2028852645235,3987437677472079933385,46.085245991703054,0,0,1
1762477200,2025-11-07,2025-11-07 01:00,3164142046,3163.503994545787,3164142046,3163.503994545787,3987437677472079933385,58.911231670905075,0,0,1
1762480800,2025-11-07,2025-11-07 02:00,3164143576,3163.203277505873,3164143576,3163.203277505873,3987437677472079933385,59.782767510027405,0,0,1
1762484400,2025-11-07,2025-11-07 03:00,3164145116,3163.2890382263636,3164145116,3163.2890382263636,3987437677472079933385,61.586186506821356,0,0,1
1762488000,2025-11-07,2025-11-07 04:00,3164146664,3163.2134909054125,3164146664,3163.2134909054125,3987437677472079933385,211.3432248546794,0,0,1
1762491600,2025-11-07,2025-11-07 05:00,3164148221,3163.4284902435766,3164148221,3163.4284902435766,3987437677472079933385,242.90173386850492,0,0,1
1762495200,2025-11-07,2025-11-07 06:00,3164149787,3163.5228801780554,3164149787,3163.5228801780554,3987437677472079933385,100.43897769090506,0,0,1
1762498800,2025-11-07,2025-11-07 07:00,3164151362,3163.3645729893246,3164151362,3163.3645729893246,3987437677472079933385,104.62546327080996,0,0,1
1762502400,2025-11-07,2025-11-07 08:00,3164152947,3163.519140876769,3164152947,3163.519140876769,3987437677472079933385,108.32100991773211,0,0,1
1762506000,2025-11-07,2025-11-07 09:00,3164154540,3163.205293638,3164154540,3163.205293638,3987437677472079933385,92.86567275247641,0,0,1
1762509600,2025-11-07,2025-11-07 10:00,3164156142,3163.524318858423,3164156142,3163.524318858423,3987437677472079933385,110.41194299539464,0,0,1
1762513200,2025-11-07,2025-11-07 11:00,3164157754,3163.2188664376026,3164157754,3163.2188664376026,3987437677472079933385,181.6904657174005,0,0,1
1762516800,2025-11-07,2025-11-07 12:00,3164159375,3163.489851774041,3164159375,3163.489851774041,3987437677472079933385,231.2243040297592,0,0,1
1762520400,2025-11-07,2025-11-07 13:00,3164161006,3163.395348922441,3164161006,3163.395348922441,3987437677472079933385,234.77035457699236,0,0,1
1762524000,2025-11-07,2025-11-07 14:00,3164162645,3163.5282210870364,3164162645,3163.5282210870364,3987437677472079933385,229.83423964386375,0,0,1
1762527600,2025-11-07,2025-11-07 15:00,3164164295,3163.5310790601,3164164295,3163.5310790601,3987437677472079933385,180.40318631136424,0,0,1
1762531200,2025-11-07,2025-11-07 16:00,3164165953,3163.22192406286,3164165953,3163.22192406286,3987437677472079933385,145.1795591731031,0,0,1
1762534800,2025-11-07,2025-11-07 17:00,3164167622,3163.5336461622223,3164167622,3163.5336461622223,3987437677472079933385,159.0615234901603,0,0,1
1762538400,2025-11-07,2025-11-07 18:00,3164169300,3163.5494414799023,3164169300,3163.5494414799023,3987437677472079933385,167.68436316470783,0,0,1
1762542000,2025-11-07,2025-11-07 19:00,3164170987,3163.5488491290685,3164170987,3163.5488491290685,3987437677472079933385,146.74125230726585,0,0,1
1762545600,2025-11-07,2025-11-07 20:00,3164172684,3163.545689436935,3164172684,3163.545689436935,3987437677472079933385,148.09126380236518,0,0,1
1762549200,2025-11-07,2025-11-07 21:00,3164174391,3163.373962070229,3164174391,3163.373962070229,3987437677472079933385,123.42226726343465,0,0,1
1762552800,2025-11-07,2025-11-07 22:00,3164176108,3163.643770095776,3164176108,3163.643770095776,3987437677472079933385,124.46257175467086,0,0,1
1762556400,2025-11-07,2025-11-07 23:00,3164177835,3164.0529253379586,3164177835,3164.0529253379586,3987437677472079933385,123.68506533491367,0,0,1
1762560000,2025-11-08,2025-11-08 00:00,3164179571,3164.177503232579,3164179571,3164.177503232579,3987437677472079933385,124.12175483897808,0,0,1
1762563600,2025-11-08,2025-11-08 01:00,3164181318,3163.9466507699126,3164181318,3163.9466507699126,3987437677472079933385,124.12922366468196,0,0,1
1762567200,2025-11-08,2025-11-08 02:00,3164183075,3163.65935912851,3164183075,3163.65935912851,3987437677472079933385,124.41687606219504,0,0,1
1762570800,2025-11-08,2025-11-08 03:00,3164184841,3163.5591562109853,3164184841,3163.5591562109853,3987437677472079933385,124.51194178276646,0,0,1
1762574400,2025-11-08,2025-11-08 04:00,3164186618,3163.714804147512,3164186618,3163.714804147512,3987437677472079933385,91.49229438892787,0,0,1
1762578000,2025-11-08,2025-11-08 05:00,3164188351,3163.8697380023646,3044179366,3043.872837119431,3761985876240576605245,86.01685517471245,120008985,119.99690088293346,0.9620727429319835
1762581600,2025-11-08,2025-11-08 06:00,3164189584,3163.869474643385,3044180599,3043.8726305085115,3761985876240576605245,86.18876935152021,120008985,119.99684413487273,0.9620727577112206
1762585200,2025-11-08,2025-11-08 07:00,3164190821,3163.5259570027574,3044181836,3043.542188450812,3761985876240576605245,85.12008589439543,120008985,119.98376855194554,0.9620727725383917
1762588800,2025-11-08,2025-11-08 08:00,3164192063,3163.5601817171287,3044183078,3043.575162212866,3761985876240576605245,85.97147160870044,120008985,119.98501950426268,0.9620727874254832
1762592400,2025-11-08,2025-11-08 09:00,3164193309,3163.5615136563,3044184324,3043.576490883168,3761985876240576605245,86.12833568592357,120008985,119.98502277313177,0.9620728023605084
1762596000,2025-11-08,2025-11-08 10:00,3164194559,3163.5603318366325,3044185574,3043.5754012861034,3761985876240576605245,85.801906415158,120008985,119.98493055052921,0.9620728173434673
1762599600,2025-11-08,2025-11-08 11:00,3164195814,3163.5649319343747,3044186829,3043.579874504222,3761985876240576605245,86.4072897728052,120008985,119.98505743015257,0.9620728323863461
1762603200,2025-11-08,2025-11-08 12:00,3164197073,3163.8751740705566,3044188088,3043.8783977803505,3761985876240576605245,85.08162246065604,120008985,119.99677629020606,0.9620728474771584
1762606800,2025-11-08,2025-11-08 13:00,3164198337,3163.5745725573793,3044189352,3043.5892451570826,3761985876240576605245,85.71678037693303,120008985,119.9853274002969,0.9620728626278903
1762610400,2025-11-08,2025-11-08 14:00,3164200155,3163.57569291537,3160858540,3160.2347373906773,3904785595717972935080,88.45020880413249,3341615,3.3409555246929044,0.9989439305870965
1762614000,2025-11-08,2025-11-08 15:00,3164201993,3163.5717613745664,3160860378,3160.2308119425225,3904785595717972935080,88.18439975938169,3341615,3.340949432043946,0.9989439312005389
1762617600,2025-11-08,2025-11-08 16:00,3164203842,3163.5783759703563,3160862227,3160.2374215051295,3904785595717972935080,92.22510747737111,3341615,3.340954465226954,0.9989439318176518
1762621200,2025-11-08,2025-11-08 17:00,3164205701,3163.5805226249327,3160864086,3160.239567855535,3904785595717972935080,89.06155666616576,3341615,3.3409547693976913,0.9989439324381016
1762624800,2025-11-08,2025-11-08 18:00,3164207570,3163.582868659956,3160865955,3160.2419133863878,3904785595717972935080,88.42669408822775,3341615,3.3409552735685857,0.9989439330618882
1762628400,2025-11-08,2025-11-08 19:00,3164209450,3163.5839161990557,3160867835,3160.2429618042293,3904785595717972935080,90.0584784188206,3341615,3.3409543948266474,0.9989439336893454
1762632000,2025-11-08,2025-11-08 20:00,3164211341,3163.3881623135417,3160869726,3160.0474166443,3904785595717972935080,90.11823035544721,3341615,3.340745669241113,0.998943934320473
1762635600,2025-11-08,2025-11-08 21:00,3164213243,3163.485262686969,3160871628,3160.1444164815302,3904785595717972935080,91.88507775459107,3341615,3.3408462054381567,0.9989439349552712
1762639200,2025-11-08,2025-11-08 22:00,3164215155,3163.589443264203,3160873540,3160.248489056096,3904785595717972935080,90.1018187629808,3341615,3.340954208107037,0.9989439355934062
1762642800,2025-11-08,2025-11-08 23:00,3164217078,3163.4744567730636,3160875463,3160.133626028432,3904785595717972935080,90.05742170114166,3341615,3.3408307446312695,0.9989439362352117
1762646400,2025-11-09,2025-11-09 00:00,3164219012,3163.5222149853407,3160877397,3160.18133584697,3904785595717972935080,90.11826826588371,3341615,3.3408791383711716,0.9989439368806877
1762650000,2025-11-09,2025-11-09 01:00,3164220958,3163.59595765831,3160879343,3160.2550026977146,3904785595717972935080,89.36563831847637,3341615,3.3409549605955093,0.9989439375301679
1762653600,2025-11-09,2025-11-09 02:00,3164222914,3163.284291396501,3160881299,3159.9436676399932,3904785595717972935080,88.18795878961389,3341615,3.3406237565078576,0.9989439381829848
1762657200,2025-11-09,2025-11-09 03:00,3164224881,3163.3017193961055,3160883266,3159.9610793112197,3904785595717972935080,87.27354219968053,3341615,3.3406400848852362,0.9989439388394722
1762660800,2025-11-09,2025-11-09 04:00,3164226860,3163.5940090019844,3160885245,3160.253062330926,3904785595717972935080,87.29394754012358,3341615,3.340946671058587,0.9989439394999636
1762664400,2025-11-09,2025-11-09 05:00,3164228850,3163.601143845155,3160887235,3160.260191740414,3904785595717972935080,87.20883252507171,3341615,3.340952104741137,0.9989439401641256
1762668000,2025-11-09,2025-11-09 06:00,3164230851,3163.602854226895,3160889236,3160.2619024286446,3904785595717972935080,89.11764302897397,3341615,3.340951798250262,0.9989439408319579
1762671600,2025-11-09,2025-11-09 07:00,3164232864,3163.605476193361,3160891249,3160.264523751584,3904785595717972935080,89.07414725770856,3341615,3.3409524417763827,0.9989439415037945
1762675200,2025-11-09,2025-11-09 08:00,3164234888,3163.6129221452898,3160893273,3160.271963977195,3904785595717972935080,88.3294117819663,3341615,3.3409581680949256,0.9989439421793013
1762678800,2025-11-09,2025-11-09 09:00,3164236923,3163.3165856479563,3160895308,3159.9759425767897,3904785595717972935080,89.1413232433464,3341615,3.3406430711667654,0.9989439428584785
1762682400,2025-11-09,2025-11-09 10:00,3164238971,3163.311180766476,3160897356,3159.9705455653434,3904785595717972935080,87.64158950545344,3341615,3.3406352011322116,0.9989439435419937
1762686000,2025-11-09,2025-11-09 11:00,3164241030,3163.4379755737723,3160899415,3160.097208644033,3904785595717972935080,89.26063899787736,3341615,3.3407669297388987,0.998943944229179
1762689600,2025-11-09,2025-11-09 12:00,3164243100,3163.610660479162,3160901485,3160.2697133701304,3904785595717972935080,89.2675532757126,3341615,3.340947109031248,0.9989439449200348
1762693200,2025-11-09,2025-11-09 13:00,3164245183,3163.6164096792745,3160903568,3160.2754586980973,3904785595717972935080,89.27017422587002,3341615,3.3409509811776203,0.9989439456152283
1762696800,2025-11-09,2025-11-09 14:00,3164247277,3163.5545158495092,3160905662,3160.213632442476,3904785595717972935080,86.61878492039352,3341615,3.3408834070335707,0.9989439463140921
1762700400,2025-11-09,2025-11-09 15:00,3164249383,3163.294565097879,3160907768,3159.9539584361733,3904785595717972935080,86.54812822518161,3341615,3.3406066617062056,0.9989439470169599
1762704000,2025-11-09,2025-11-09 16:00,3164251502,3163.6236431959605,3160909887,3160.2826912476794,3904785595717972935080,87.46657211484676,3341615,3.3409519482810914,0.9989439477241654
1762707600,2025-11-09,2025-11-09 17:00,3164253632,3163.3094527181224,3160912017,3159.968834820131,3904785595717972935080,88.24494161351491,3341615,3.340617897991772,0.9989439484350413
1762711200,2025-11-09,2025-11-09 18:00,3164255774,3163.3152808183418,3160914159,3159.9746590269656,3904785595717972935080,88.1107141005367,3341615,3.3406217913760163,0.998943949149921
1762714800,2025-11-09,2025-11-09 19:00,3164257929,3163.3166080842625,3160916314,3159.975987166339,3904785595717972935080,56.94881924189864,3341615,3.340620917923753,0.9989439498691385
1762718400,2025-11-09,2025-11-09 20:00,3164260096,3163.634988440904,3160918481,3160.294033585372,3904785595717972935080,59.5121693293297,3341615,3.3409548555325053,0.9989439505923599
1762722000,2025-11-09,2025-11-09 21:00,3164262275,3163.3198806766,3160920660,3159.979260890882,3904785595717972935080,54.84391788122668,3341615,3.340619785718343,0.9989439513195852
1762725600,2025-11-09,2025-11-09 22:00,3164264467,3163.326059871283,3160922852,3159.985435874207,3904785595717972935080,55.04874636088346,3341615,3.340623997076531,0.9989439520511482
1762729200,2025-11-09,2025-11-09 23:00,3164266671,3163.6503538530615,3160925056,3160.3093897130675,3904785595717972935080,47.10879945716164,3341615,3.340964139994476,0.998943952786715
1762732800,2025-11-10,2025-11-10 00:00,3164268887,3163.48476759793,3160927272,3160.1439806644594,3904785595717972935080,47.196697462754535,3341615,3.340786933470473,0.9989439535262857
1762736400,2025-11-10,2025-11-10 01:00,3164271116,3163.3395855814842,3160929501,3159.998954320205,3904785595717972935080,47.591689929518644,3341615,3.3406312612793423,0.9989439542701941
1762740000,2025-11-10,2025-11-10 02:00,3164273358,3163.649195316593,3160931743,3160.308239460462,3904785595717972935080,47.56256595214512,3341615,3.3409558561305106,0.99894395501844
1762743600,2025-11-10,2025-11-10 03:00,3164275613,3163.4284223933464,3160933998,3160.0877020640974,3904785595717972935080,47.566940777849894,3341615,3.340720329249,0.9989439557710235
1762747200,2025-11-10,2025-11-10 04:00,3164277880,3163.6482769185573,3160936265,3160.3073268067815,3904785595717972935080,50.70561984808449,3341615,3.3409501117756464,0.9989439565276107
1762750800,2025-11-10,2025-11-10 05:00,3164280160,3163.6509548146323,3160938545,3160.3100042821825,3904785595717972935080,51.30646300223062,3341615,3.340950532449977,0.9989439572885355
1762754400,2025-11-10,2025-11-10 06:00,3164282453,3163.424141934796,3160940838,3160.083433347284,3904785595717972935080,53.55265993739131,3341615,3.340708587512255,0.9989439580537977
1762758000,2025-11-10,2025-11-10 07:00,3164284759,3163.3457957131927,3160943144,3160.0051722970866,3904785595717972935080,53.58742311082128,3341615,3.3406234161058133,0.9989439588233974
1762761600,2025-11-10,2025-11-10 08:00,3164287078,3163.65291557753,3160945463,3160.3119702786703,3904785595717972935080,53.24076936084351,3341615,3.34094529886002,0.9989439595973346
1762765200,2025-11-10,2025-11-10 09:00,3164289410,3163.656610347891,3160947795,3160.315663609398,3904785595717972935080,53.00876357472661,3341615,3.340946738493072,0.9989439603756093
1762768800,2025-11-10,2025-11-10 10:00,3164291756,3163.7643331506747,3160950141,3160.423275129689,3904785595717972935080,53.01017105003784,3341615,3.3410580209852467,0.9989439611585551
1762772400,2025-11-10,2025-11-10 11:00,3164294114,3163.664278304385,3160952499,3160.323328434848,3904785595717972935080,52.4692330002823,3341615,3.340949869537351,0.9989439619455045
1762776000,2025-11-10,2025-11-10 12:00,3164296486,3163.6646154948476,3160954871,3160.3236677736463,3904785595717972935080,52.643205117251874,3341615,3.3409477212012475,0.9989439627371252
1762779600,2025-11-10,2025-11-10 13:00,3164298871,3163.6671622505514,3160957256,3160.3262143580273,3904785595717972935080,52.60120164705056,3341615,3.340947892524112,0.9989439635330831
1762783200,2025-11-10,2025-11-10 14:00,3164301270,3163.673348393536,3160959655,3160.332396501148,3904785595717972935080,52.611720454709776,3341615,3.340951892387941,0.9989439643337121
1762786800,2025-11-10,2025-11-10 15:00,3164303682,3163.5712725185217,3160962067,3160.230430968467,3904785595717972935080,52.63648532728326,3341615,3.3408415500547965,0.9989439651386784
1762790400,2025-11-10,2025-11-10 16:00,3164306108,3163.3690691856605,3160964493,3160.028443730556,3904785595717972935080,64.74472689596338,3341615,3.3406254551043073,0.9989439659483159
1762794000,2025-11-10,2025-11-10 17:00,3164308547,3163.3672499815425,3160966932,3160.0266290224804,3904785595717972935080,65.77382378713119,3341615,3.340620959061952,0.9989439667622906
1762797600,2025-11-10,2025-11-10 18:00,3164311000,3163.6803066564303,3160969385,3160.3393576890476,3904785595717972935080,70.36638658429614,3341615,3.340948967382703,0.9989439675809363
1762801200,2025-11-10,2025-11-10 19:00,3164313467,3163.9927997342993,3160971852,3160.651523369064,3904785595717972935080,68.4789012818871,3341615,3.3412763652356983,0.9989439684042529
1762804800,2025-11-10,2025-11-10 20:00,3164315948,3163.686026302659,3160974333,3160.3450765193525,3904785595717972935080,68.496613645587,3341615,3.3409497833063284,0.9989439692322405
1762808400,2025-11-10,2025-11-10 21:00,3164318442,3163.703908446609,3160976827,3160.362942412438,3904785595717972935080,67.89016299919933,3341615,3.3409660341712906,0.9989439700645654
1762812000,2025-11-10,2025-11-10 22:00,3164320951,3163.6562343027945,3160979336,3160.315321262968,3904785595717972935080,67.68658514830116,3341615,3.3409130398257543,0.9989439709018948
1762815600,2025-11-10,2025-11-10 23:00,3164323473,3163.8968344202863,3160981858,3160.5556699626823,3904785595717972935080,68.64940640221862,3341615,3.3411644576045356,0.9989439717435614
1762819200,2025-11-11,2025-11-11 00:00,3164326010,3163.7019249847017,3160984395,3160.360969035584,3904785595717972935080,25.29335467148548,3341615,3.34095594911782,0.9989439725902326
1762822800,2025-11-11,2025-11-11 01:00,3164328561,3164.008725886691,3160986946,3160.667448641065,3904785595717972935080,25.209373679002418,3341615,3.341277245626029,0.9989439734415746
1762826400,2025-11-11,2025-11-11 02:00,3164331126,3163.7103296528826,3160989511,3160.3693702297815,3904785595717972935080,25.303565736755573,3341615,3.3409594231014803,0.9989439742975874
1762830000,2025-11-11,2025-11-11 03:00,3164334276,3163.713574171338,3160992661,3160.37261464777,3904785595717972935080,25.303565736755573,3341615,3.3409595235679066,0.9989439753488294
1762833600,2025-11-11,2025-11-11 04:00,3164336873,3163.715634668341,3160995258,3160.3746757107947,3904785595717972935080,25.766089049689967,3341615,3.340958957545936,0.9989439762155184
1762837200,2025-11-11,2025-11-11 05:00,3164339485,3163.7205079720816,3160997870,3160.379546626006,3904785595717972935080,25.798886017755784,3341615,3.340961346076029,0.9989439770872119
1762840800,2025-11-11,2025-11-11 06:00,3164342113,3163.719030419342,3161000498,3160.378073408277,3904785595717972935080,25.76164538774378,3341615,3.340957011064729,0.9989439779642436
1762844400,2025-11-11,2025-11-11 07:00,3164344757,3163.3974613415835,3161003142,3160.0568467058374,3904785595717972935080,25.76164538774378,3341615,3.340614635746201,0.9989439788466133
1762848000,2025-11-11,2025-11-11 08:00,3164347415,3163.716409220418,3161005800,3160.3754605753093,3904785595717972935080,26.041840930674105,3341615,3.3409486451085795,0.9989439797336539
1762851600,2025-11-11,2025-11-11 09:00,3164350090,3163.5775033017694,3161008475,3160.2367041682905,3904785595717972935080,26.098964804486258,3341615,3.3407991334788565,0.9989439806263661
1762855200,2025-11-11,2025-11-11 10:00,3164352780,3163.7259103547685,3161011165,3160.3849573406956,3904785595717972935080,31.049097952754366,3341615,3.340953014072644,0.9989439815240828
1762858800,2025-11-11,2025-11-11 11:00,3164355486,3163.7331427273148,3161013871,3160.392184932747,3904785595717972935080,31.049097952754366,3341615,3.3409577945676916,0.9989439824271374
1762862400,2025-11-11,2025-11-11 12:00,3164358208,3163.5425744539566,3161016593,3160.201820776573,3904785595717972935080,11.395602632218996,3341615,3.3407536773832773,0.9989439833355301
1762866000,2025-11-11,2025-11-11 13:00,3164360945,3163.7062513047536,3161019330,3160.3653276716077,3904785595717972935080,22.12155440828024,3341615,3.3409236331456915,0.998943984248927
1762869600,2025-11-11,2025-11-11 14:00,3164363699,3163.696848893073,3161022084,3160.3559380966767,3904785595717972935080,19.969608600568215,3341615,3.3409107963963613,0.9989439851679957
1762873200,2025-11-11,2025-11-11 15:00,3164366470,3163.738003541198,3161024855,3160.3970522105187,3904785595717972935080,19.969608600568215,3341615,3.340951330679256,0.9989439860927359
1762876800,2025-11-11,2025-11-11 16:00,3164369256,3163.738214358298,3161027641,3160.3972657464615,3904785595717972935080,19.969608600568215,3341615,3.3409486118370078,0.9989439870224804
1762880400,2025-11-11,2025-11-11 17:00,3164372060,3163.45807943178,3161030445,3160.117429606266,3904785595717972935080,19.050482371799173,3341615,3.340649825514016,0.9989439879582301
1762884000,2025-11-11,2025-11-11 18:00,3164374879,3163.74913613991,3161033264,3160.408181931317,3904785595717972935080,19.050482371799173,3341615,3.340954208593364,0.9989439888989841
1762887600,2025-11-11,2025-11-11 19:00,3164377716,3163.6366811083303,3161036101,3160.295848648701,3904785595717972935080,19.050482371799173,3341615,3.340832459629738,0.9989439898457432
1762891200,2025-11-11,2025-11-11 20:00,3164380569,3163.462124752018,3161038954,3160.1214796375957,3904785595717972935080,24.88599101996024,3341615,3.3406451144224603,0.9989439907978401
1762894800,2025-11-11,2025-11-11 21:00,3164383439,3163.7562760825003,3161041824,3160.4153233717116,3904785595717972935080,24.858107137875876,3341615,3.3409527107885437,0.9989439917556084
1762898400,2025-11-11,2025-11-11 22:00,3164386326,3163.4703945386436,3161044711,3160.129746768936,3904785595717972935080,25.670054026455738,3341615,3.3406477697079553,0.9989439927190483
1762902000,2025-11-11,2025-11-11 23:00,3164389231,3163.7148900847396,3161047616,3160.373987193002,3904785595717972935080,25.670054026455738,3341615,3.3409028917373775,0.9989439936884933
1762905600,2025-11-12,2025-11-12 00:00,3164392152,3163.732762872611,3161050537,3160.3918441910487,3904785595717972935080,29.229779067084124,3341615,3.3409186815624996,0.9989439946632759
1762909200,2025-11-12,2025-11-12 01:00,3164395091,3163.765960926771,3161053476,3160.425010290869,3904785595717972935080,29.12201723196714,3341615,3.34095063590222,0.9989439956440636
1762912800,2025-11-12,2025-11-12 02:00,3164398048,3163.764760279789,3161056433,3160.423814033755,3904785595717972935080,29.12201723196714,3341615,3.3409462460338197,0.9989439966308562
1762916400,2025-11-12,2025-11-12 03:00,3164401022,3163.4642498547687,3161059407,3160.123624088381,3904785595717972935080,29.12201723196714,3341615,3.340625766388228,0.9989439976233202
1762920000,2025-11-12,2025-11-12 04:00,3164404013,3163.4642665261977,3161062398,3160.12364389977,3904785595717972935080,29.12201723196714,3341615,3.340622626428183,0.9989439986214554
1762923600,2025-11-12,2025-11-12 05:00,3164407023,3163.4595311019434,3161065408,3160.118916653742,3904785595717972935080,29.1946911702427,3341615,3.340614448201223,0.9989439996259293
1762927200,2025-11-12,2025-11-12 06:00,3164410050,3163.7112706299636,3161068435,3160.3703935405338,3904785595717972935080,29.1946911702427,3341615,3.340877089429717,0.9989440006360744
1762930800,2025-11-12,2025-11-12 07:00,3164413096,3163.4856382789676,3161071481,3160.145002672788,3904785595717972935080,29.1946911702427,3341615,3.340635606179267,0.9989440016525579
1762934400,2025-11-12,2025-11-12 08:00,3164416159,3163.6578631338057,3161074544,3160.3170488922124,3904785595717972935080,29.1946911702427,3341615,3.3408142415935225,0.9989440026747126
1762938000,2025-11-12,2025-11-12 09:00,3164419241,3163.788466611573,3161077626,3160.4475177069908,3904785595717972935080,26.948974209029696,3341615,3.3409489045817082,0.9989440037032059
1762941600,2025-11-12,2025-11-12 10:00,3164422341,3163.7944839118964,3161080726,3160.4535319260067,3904785595717972935080,27.038661658165974,3341615,3.3409519858895633,0.9989440047377038
1762945200,2025-11-12,2025-11-12 11:00,3164425459,3163.487481986892,3161083844,3160.1468574851983,3904785595717972935080,27.038661658165974,3341615,3.340624501693983,0.9989440057782065
1762948800,2025-11-12,2025-11-12 12:00,3164428596,3163.674558786777,3161086981,3160.3337400449277,3904785595717972935080,27.421754847503237,3341615,3.3408187418491764,0.9989440068250477
1762952400,2025-11-12,2025-11-12 13:00,3164431752,3163.5070529938043,3161090137,3160.16641446867,3904785595717972935080,27.395876291169266,3341615,3.3406385251344464,0.9989440078782271
1762956000,2025-11-12,2025-11-12 14:00,3164434926,3163.7031440937176,3161093311,3160.3623018488706,3904785595717972935080,27.589203201575884,3341615,3.340842244847202,0.9989440089374112
1762959600,2025-11-12,2025-11-12 15:00,3164438120,3163.662358946332,3161096505,3160.321563142245,3904785595717972935080,27.589203201575884,3341615,3.340795804087472,0.9989440100032672
1762963200,2025-11-12,2025-11-12 16:00,3164441332,3164.0761067015624,3161099717,3160.734877375433,3904785595717972935080,30.822981931431446,3341615,3.341229326129767,0.9989440110751278
1762966800,2025-11-12,2025-11-12 17:00,3164444564,3164.052034641719,3161102949,3160.7108341479507,3904785595717972935080,30.779645061864205,3341615,3.3412004937683237,0.9989440121536602
1762970400,2025-11-12,2025-11-12 18:00,3164447814,3163.6668004698486,3161106199,3160.326010209797,3904785595717972935080,30.774971614583343,3341615,3.340790260051371,0.9989440132381971
1762974000,2025-11-12,2025-11-12 19:00,3164451084,3163.7096501815486,3161109469,3160.368818125037,3904785595717972935080,30.774971614583343,3341615,3.3408320565120215,0.9989440143294059
1762977600,2025-11-12,2025-11-12 20:00,3164454374,3163.5271484771447,3161112759,3160.1865126129924,3904785595717972935080,30.774971614583343,3341615,3.3406358641524387,0.9989440154272864
1762981200,2025-11-12,2025-11-12 21:00,3164457682,3163.750770308129,3161116067,3160.4099017951894,3904785595717972935080,30.688451427583857,3341615,3.3408685129394624,0.9989440165311713
1762984800,2025-11-12,2025-11-12 22:00,3164461011,3163.5281768589143,3161119396,3160.18754691531,3904785595717972935080,30.688451427583857,3341615,3.340629943604131,0.9989440176420615
1762988400,2025-11-12,2025-11-12 23:00,3164464359,3163.5359153482204,3161122744,3160.1952807672997,3904785595717972935080,30.688451427583857,3341615,3.3406345809206646,0.9989440187592898
1762992000,2025-11-13,2025-11-13 00:00,3164467728,3163.833267703073,3161126113,3160.492322680531,3904785595717972935080,30.688451427583857,3341615,3.340945022541751,0.9989440198835233
1762995600,2025-11-13,2025-11-13 01:00,3164471116,3163.843786722391,3161129501,3160.5028341689253,3904785595717972935080,8.926260299725568,3341615,3.340952553465602,0.9989440210140947
1762999200,2025-11-13,2025-11-13 02:00,3164474524,3163.8475336297815,3161132909,3160.5065807177234,3904785595717972935080,8.926260299725568,3341615,3.340952912057724,0.9989440221513377
1763002800,2025-11-13,2025-11-13 03:00,3164477952,3163.8496222460035,3161136337,3160.508670747586,3904785595717972935080,8.926260299725568,3341615,3.3409514984168793,0.9989440232952522
1763006400,2025-11-13,2025-11-13 04:00,3164481401,3163.8529108419575,3161139786,3160.5119595122005,3904785595717972935080,8.926260299725568,3341615,3.3409513297572855,0.9989440244461718
1763010000,2025-11-13,2025-11-13 05:00,3164484870,3163.55995975775,3161143255,3160.2193214392846,3904785595717972935080,10.334943453853322,3341615,3.3406383184653667,0.9989440256037628
1763013600,2025-11-13,2025-11-13 06:00,3164488360,3163.853001760596,3161146745,3160.512057681889,3904785595717972935080,10.334943453853322,3341615,3.3409440787066864,0.9989440267683588
1763017200,2025-11-13,2025-11-13 07:00,3164491870,3163.6373870875404,3161150255,3160.296674397622,3904785595717972935080,10.334943453853322,3341615,3.340712689918376,0.9989440279396262
1763020800,2025-11-13,2025-11-13 08:00,3164495401,3163.5607658627728,3161153786,3160.2201378102627,3904785595717972935080,10.334943453853322,3341615,3.340628052509699,0.9989440291178985
1763024400,2025-11-13,2025-11-13 09:00,3164498953,3163.8570226384136,3161157338,3160.516085497423,3904785595717972935080,7.536089416955672,3341615,3.3409371409906936,0.9989440303031758
1763028000,2025-11-13,2025-11-13 10:00,3164502526,3163.8314492547656,3161160911,3160.4905428906723,3904785595717972935080,7.536089416955672,3341615,3.3409063640929015,0.9989440314954579
1763031600,2025-11-13,2025-11-13 11:00,3164506120,3163.750597705049,3161164505,3160.4097805118913,3904785595717972935080,7.536089416955672,3341615,3.3408171931581405,0.9989440326947447
1763035200,2025-11-13,2025-11-13 12:00,3164509735,3163.566823550944,3161168120,3160.226204233468,3904785595717972935080,7.2687431601298576,3341615,3.340619317475472,0.9989440339010365
1763038800,2025-11-13,2025-11-13 13:00,3164513371,3163.7428109805765,3161171756,3160.402009664899,3904785595717972935080,7.287662654927189,3341615,3.3408013156771896,0.9989440351143329
1763042400,2025-11-13,2025-11-13 14:00,3164517029,3163.823688661059,3161175414,3160.482805803264,3904785595717972935080,7.505975271564038,3341615,3.340882857794577,0.9989440363349676
1763046000,2025-11-13,2025-11-13 15:00,3164520708,3163.5981997336203,3161179093,3160.2575588676978,3904785595717972935080,7.505975271564038,3341615,3.3406408659225186,0.9989440375626071
1763049600,2025-11-13,2025-11-13 16:00,3164526685,3163.6045253284624,3161185070,3160.263884092598,3904785595717972935080,7.505975271564038,3341615,3.3406412358647786,0.9989440395570562
1763053200,2025-11-13,2025-11-13 17:00,3164530414,3163.7070267466374,3161188799,3160.366281209982,3904785595717972935080,8.421451398210205,3341615,3.3407455366557794,0.9989440408013724
1763056800,2025-11-13,2025-11-13 18:00,3164534166,3163.6131520150752,3161192551,3160.2725095671117,3904785595717972935080,8.421451398210205,3341615,3.3406424479636527,0.9989440420533605
1763060400,2025-11-13,2025-11-13 19:00,3164537940,3163.9104650801332,3161196325,3160.5695126664705,3904785595717972935080,9.25236641049495,3341615,3.340952413662245,0.9989440433126866
1763064000,2025-11-13,2025-11-13 20:00,3164541737,3163.619023236671,3161200122,3160.2783825812708,3904785595717972935080,9.229323531071307,3341615,3.340640655400213,0.9989440445796844
1763067600,2025-11-13,2025-11-13 21:00,3164545557,3163.5720120043857,3161203942,3160.23142502326,3904785595717972935080,8.427775327666891,3341615,3.340586981125908,0.9989440458543539
1763071200,2025-11-13,2025-11-13 22:00,3164549400,3163.6212224532946,3161207785,3160.280587565033,3904785595717972935080,8.427775327666891,3341615,3.340634888261901,0.998944047136695
1763074800,2025-11-13,2025-11-13 23:00,3164553267,3163.621860508991,3161211652,3160.2812290291404,3904785595717972935080,8.427775327666891,3341615,3.3406314798507557,0.9989440484270414
1763078400,2025-11-14,2025-11-14 00:00,3164557156,3163.6175971770035,3161215541,3160.276974304402,3904785595717972935080,8.427775327666891,3341615,3.3406228726022205,0.9989440497247255
1763082000,2025-11-14,2025-11-14 01:00,3164561069,3163.750570903762,3161219454,3160.409811748392,3904785595717972935080,8.592606233758325,3341615,3.3407591553704266,0.9989440510304148
1763085600,2025-11-14,2025-11-14 02:00,3164565006,3163.9327651038584,3161223391,3160.5918177171507,3904785595717972935080,8.592606233758325,3341615,3.3409473867077613,0.9989440523441091
1763089200,2025-11-14,2025-11-14 03:00,3164568966,3163.6351480262997,3161227351,3160.2945190879664,3904785595717972935080,8.592606233758325,3341615,3.3406289383335577,0.9989440536654748
1763092800,2025-11-14,2025-11-14 04:00,3164572950,3163.896178533656,3161231335,3160.555278167105,3904785595717972935080,8.592606233758325,3341615,3.3409003665504824,0.9989440549948454
1763096400,2025-11-14,2025-11-14 05:00,3164576958,3163.8548551622252,3161235343,3160.514002662144,3904785595717972935080,9.61473639933784,3341615,3.3408525000809663,0.9989440563322208
1763100000,2025-11-14,2025-11-14 06:00,3164580991,3163.9508101276506,3161239376,3160.6098605623047,3904785595717972935080,9.61473639933784,3341615,3.340949565346331,0.9989440576779348
1763103600,2025-11-14,2025-11-14 07:00,3164585047,3163.6437074875007,3161243432,3160.3030864864577,3904785595717972935080,9.61473639933784,3341615,3.340621001043315,0.9989440590313198
1763107200,2025-11-14,2025-11-14 08:00,3164589128,3163.8024609233703,3161247513,3160.4616765962937,3904785595717972935080,9.61473639933784,3341615,3.340784327076298,0.9989440603930432
1763110800,2025-11-14,2025-11-14 09:00,3164593234,3163.647638524291,3161251619,3160.30702201471,3904785595717972935080,9.606647632378131,3341615,3.3406165095805638,0.9989440617631049
1763114400,2025-11-14,2025-11-14 10:00,3164597364,3163.6479847908004,3161255749,3160.3073722753,3904785595717972935080,9.581500528318816,3341615,3.3406125155,0.9989440631411712
1763118000,2025-11-14,2025-11-14 11:00,3164601518,3163.8142867972897,3161259903,3160.473503062642,3904785595717972935080,9.581500528318816,3341615,3.3407837346477964,0.998944064527242
1763121600,2025-11-14,2025-11-14 12:00,3164605698,3163.6712362227363,3161264083,3160.330607952772,3904785595717972935080,9.55674961557787,3341615,3.3406282699647845,0.9989440659219846
1763125200,2025-11-14,2025-11-14 13:00,3164609903,3163.9750068769767,3161268288,3160.6340622845382,3904785595717972935080,9.576144914279462,3341615,3.34094459243851,0.9989440673250651
1763128800,2025-11-14,2025-11-14 14:00,3164614133,3163.9831842747717,3161272518,3160.6422355132563,3904785595717972935080,9.576144914279462,3341615,3.3409487615153557,0.9989440687364838
1763132400,2025-11-14,2025-11-14 15:00,3164618388,3163.693232655842,3161276773,3160.35259455498,3904785595717972935080,9.544392568148558,3341615,3.3406381008619896,0.9989440701562403
1763136000,2025-11-14,2025-11-14 16:00,3164622669,3163.995084088202,3161281054,3160.6541317729434,3904785595717972935080,9.544392568148558,3341615,3.3409523152585994,0.9989440715846682
1763139600,2025-11-14,2025-11-14 17:00,3164626975,3164.0014498927058,3161285360,3160.660495401542,3904785595717972935080,9.605167399472771,3341615,3.3409544911634375,0.9989440730214341
1763143200,2025-11-14,2025-11-14 18:00,3164631307,3163.7097797388046,3161289692,3160.369137802969,3904785595717972935080,9.605167399472771,3341615,3.3406419358354293,0.9989440744668712
1763146800,2025-11-14,2025-11-14 19:00,3164635664,3163.7174012089126,3161294049,3160.376755824705,3904785595717972935080,9.605167399472771,3341615,3.340645384207716,0.998944075920646
1763150400,2025-11-14,2025-11-14 20:00,3164640048,3164.0105886647816,3161298433,3160.6696383251297,3904785595717972935080,9.605167399472771,3341615,3.340950339651729,0.9989440773834257
1763154000,2025-11-14,2025-11-14 21:00,3164644457,3163.866764174509,3161302842,3160.5259703568086,3904785595717972935080,9.693109939927528,3341615,3.3407938177008942,0.9989440788545428
1763157600,2025-11-14,2025-11-14 22:00,3164648893,3163.74774461413,3161307278,3160.4070811544325,3904785595717972935080,9.693109939927528,3341615,3.340663459697975,0.9989440803346648
1763161200,2025-11-14,2025-11-14 23:00,3164653356,3163.744943179017,3161311741,3160.4042873886265,3904785595717972935080,9.693109939927528,3341615,3.3406557903908234,0.9989440818237914
1763164800,2025-11-15,2025-11-15 00:00,3164657844,3164.0307080241746,3161316229,3160.689755227512,3904785595717972935080,9.693109939927528,3341615,3.3409527966632853,0.9989440833212553
1763168400,2025-11-15,2025-11-15 01:00,3164662360,3163.765005147625,3161320745,3160.4243376782283,3904785595717972935080,9.615475785879454,3341615,3.340667469396761,0.9989440848280573
1763172000,2025-11-15,2025-11-15 02:00,3164666902,3163.7734380393676,3161325287,3160.432766460165,3904785595717972935080,9.615475785879454,3341615,3.3406715792024047,0.9989440863435302
1763175600,2025-11-15,2025-11-15 03:00,3164671470,3163.753553454923,3161329855,3160.412907694139,3904785595717972935080,10.311204134896059,3341615,3.3406457607835898,0.9989440878676736
1763179200,2025-11-15,2025-11-15 04:00,3164676066,3164.0505577673644,3161334451,3160.7096032481372,3904785595717972935080,10.311204134896059,3341615,3.340954519227495,0.9989440894011552
1763182800,2025-11-15,2025-11-15 05:00,3164680689,3163.993295690263,3161339074,3160.6524065150843,3904785595717972935080,10.310728367183385,3341615,3.340889175178968,0.9989440909436409
1763186400,2025-11-15,2025-11-15 06:00,3164685340,3163.855957809733,3161343725,3160.515218560612,3904785595717972935080,10.310728367183385,3341615,3.3407392491211687,0.9989440924954643
1763190000,2025-11-15,2025-11-15 07:00,3164690017,3164.1226402773823,3161348402,3160.781624373836,3904785595717972935080,10.310728367183385,3341615,3.341015903546077,0.9989440940559582
1763193600,2025-11-15,2025-11-15 08:00,3164694722,3164.016392442175,3161353107,3160.675493693322,3904785595717972935080,10.310728367183385,3341615,3.3408987488527364,0.9989440956257897
1763197200,2025-11-15,2025-11-15 09:00,3164699455,3163.7246128155666,3161357840,3160.384027154154,3904785595717972935080,10.372764799933824,3341615,3.3405856614127325,0.9989440972049588
1763200800,2025-11-15,2025-11-15 10:00,3164704216,3163.7409488912367,3161362601,3160.400351006139,3904785595717972935080,10.372764799933824,3341615,3.3405978850976417,0.9989440987934652
1763204400,2025-11-15,2025-11-15 11:00,3164709004,3163.9903173117564,3161367389,3160.64946117275,3904785595717972935080,10.372764799933824,3341615,3.3408561390068727,0.9989441003909755
1763208000,2025-11-15,2025-11-15 12:00,3164713821,3164.0254959415947,3161372206,3160.6846077426485,3904785595717972935080,10.376306725869638,3341615,3.340888198946211,0.9989441019981566
1763211600,2025-11-15,2025-11-15 13:00,3164718665,3164.0888125767337,3161377050,3160.7478626356315,3904785595717972935080,11.299635771205173,3341615,3.340949941102775,0.9989441036143414
1763215200,2025-11-15,2025-11-15 14:00,3164723538,3163.9060547704257,3161381923,3160.565302946684,3904785595717972935080,11.299635771205173,3341615,3.3407518237416656,0.9989441052401968
1763218800,2025-11-15,2025-11-15 15:00,3164728440,3164.168584003213,3161386825,3160.8275601513105,3904785595717972935080,11.299635771205173,3341615,3.341023851902407,0.998944106875723
1763222400,2025-11-15,2025-11-15 16:00,3164733370,3163.8633928464083,3161391755,3160.5226964478725,3904785595717972935080,11.299635771205173,3341615,3.340696398536238,0.998944108520586
1763226000,2025-11-15,2025-11-15 17:00,3164738328,3164.1601238350822,3161396713,3160.819119354977,3904785595717972935080,9.267458097001171,3341615,3.341004480105367,0.998944110174786
1763229600,2025-11-15,2025-11-15 18:00,3164743316,3163.876693817732,3161401701,3160.535993873834,3904785595717972935080,9.267458097001171,3341615,3.3406999438976746,0.99894411183899
1763233200,2025-11-15,2025-11-15 19:00,3164748332,3163.862492486241,3161406717,3160.521812832213,3904785595717972935080,9.267458097001171,3341615,3.340679654027355,0.9989441135125307
1763236800,2025-11-15,2025-11-15 20:00,3164753378,3164.147243738699,3161411763,3160.806268746655,3904785595717972935080,9.267458097001171,3341615,3.3409749920443543,0.9989441151960752
1763240400,2025-11-15,2025-11-15 21:00,3164758453,3163.887237316847,3161416838,3160.5465422187726,3904785595717972935080,9.740403134377472,3341615,3.340695098074373,0.9989441168892899
1763244000,2025-11-15,2025-11-15 22:00,3164763557,3164.201436900343,3161421942,3160.8604154325053,3904785595717972935080,9.740403134377472,3341615,3.341021467837807,0.9989441185921745
1763247600,2025-11-15,2025-11-15 23:00,3164768690,3163.929010018626,3161427075,3160.588281619669,3904785595717972935080,9.740403134377472,3341615,3.340728398957142,0.9989441203047291
1763251200,2025-11-16,2025-11-16 00:00,3164773853,3164.0383283291485,3161432238,3160.697489953446,3904785595717972935080,9.740403134377472,3341615,3.3408383757016606,0.9989441220272872
1763254800,2025-11-16,2025-11-16 01:00,3164779046,3164.1748073298795,3161437431,3160.8338303311343,3904785595717972935080,9.742547103570669,3341615,3.340976998744839,0.9989441237598488
1763258400,2025-11-16,2025-11-16 02:00,3164784269,3164.08400736509,3161442654,3160.743131753492,3904785595717972935080,9.742547103570669,3341615,3.3408756115980607,0.9989441255024135
1763262000,2025-11-16,2025-11-16 03:00,3164789522,3163.9251083847444,3161447907,3160.5844060955214,3904785595717972935080,9.742547103570669,3341615,3.3407022892232288,0.9989441272549815
1763265600,2025-11-16,2025-11-16 04:00,3164794805,3163.953535448296,3161453190,3160.6128087204042,3904785595717972935080,9.742547103570669,3341615,3.340726727891939,0.9989441290175526
1763269200,2025-11-16,2025-11-16 05:00,3164800118,3164.0567268326618,3161458503,3160.715896756506,3904785595717972935080,9.743616526015863,3341615,3.340830076155515,0.9989441307901266
1763272800,2025-11-16,2025-11-16 06:00,3164808859,3164.1985371401433,3161467244,3160.857566558423,3904785595717972935080,9.743616526015863,3341615,3.340970581719912,0.9989441337063699
1763276400,2025-11-16,2025-11-16 07:00,3164814221,3164.1009729355847,3161472606,3160.760111028899,3904785595717972935080,9.743616526015863,3341615,3.3408619066857206,0.9989441354952758
1763280000,2025-11-16,2025-11-16 08:00,3164819619,3164.2003396682317,3161478004,3160.8593785421817,3904785595717972935080,9.743616526015863,3341615,3.3409611260503436,0.9989441372961863
1763283600,2025-11-16,2025-11-16 09:00,3164825053,3164.189079928869,3161483438,3160.8481364279623,3904785595717972935080,9.745237571961649,3341615,3.3409435009065276,0.9989441391091011
1763287200,2025-11-16,2025-11-16 10:00,3164830523,3163.9301248157003,3161488908,3160.5894605092863,3904785595717972935080,9.745237571961649,3341615,3.3406643064141153,0.99894414093402
1763290800,2025-11-16,2025-11-16 11:00,3164836029,3163.89587255518,3161494414,3160.5552502261585,3904785595717972935080,9.745237571961649,3341615,3.340622329021292,0.9989441427709429
1763294400,2025-11-16,2025-11-16 12:00,3164841572,3164.2262749922065,3161499957,3160.885309656863,3904785595717972935080,9.745237571961649,3341615,3.3409653353441486,0.9989441446202034
1763298000,2025-11-16,2025-11-16 13:00,3164847152,3164.2028879057984,3161505537,3160.861953154309,3904785595717972935080,9.89682447310385,3341615,3.3409347514894883,0.9989441464818014
1763301600,2025-11-16,2025-11-16 14:00,3164852769,3164.0854423196943,3161511154,3160.744637502831,3904785595717972935080,9.89682447310385,3341615,3.340804816862912,0.9989441483557366
1763305200,2025-11-16,2025-11-16 15:00,3164858423,3163.9282051247415,3161516808,3160.5875722950595,3904785595717972935080,9.89682447310385,3341615,3.340632829681529,0.9989441502420091
1763308800,2025-11-16,2025-11-16 16:00,3164864115,3163.9370176313555,3161522500,3160.5963815051273,3904785595717972935080,10.279340242264373,3341615,3.340636126228188,0.9989441521409522
1763312400,2025-11-16,2025-11-16 17:00,3164869844,3164.1606659248623,3161528229,3160.819799707659,3904785595717972935080,10.26456920951007,3341615,3.34086621720312,0.9989441540522321
1763316000,2025-11-16,2025-11-16 18:00,3164875611,3164.2450176576676,3161533996,3160.90406846588,3904785595717972935080,10.26456920951007,3341615,3.3409491917880394,0.9989441559761826
1763319600,2025-11-16,2025-11-16 19:00,3164881417,3164.2583041055245,3161539802,3160.9173470143432,3904785595717972935080,10.26692704565396,3341615,3.3409570911811457,0.9989441579131367
1763323200,2025-11-16,2025-11-16 20:00,3164887261,3163.9714485764516,3161545646,3160.630800527967,3904785595717972935080,10.26692704565396,3341615,3.340648048485036,0.9989441598627611
1763326800,2025-11-16,2025-11-16 21:00,3164893143,3164.2651229416288,3161551528,3160.9241710291813,3904785595717972935080,10.271406935952767,3341615,3.340951912447741,0.9989441618250553
1763330400,2025-11-16,2025-11-16 22:00,3164899065,3163.979621045475,3161557450,3160.6389768276854,3904785595717972935080,10.271406935952767,3341615,3.3406442177895728,0.9989441638006866
1763334000,2025-11-16,2025-11-16 23:00,3164905025,3164.2189229036194,3161563410,3160.8780323136853,3904785595717972935080,10.271406935952767,3341615,3.340890589934394,0.9989441657889876
1763337600,2025-11-17,2025-11-17 00:00,3164911025,3164.2851800155076,3161569410,3160.9442258028007,3904785595717972935080,10.271406935952767,3341615,3.3409542127072975,0.9989441677906253
1763341200,2025-11-17,2025-11-17 01:00,3164917064,3164.276515678136,3161575449,3160.9355769883955,3904785595717972935080,11.54147414470232,3341615,3.34093868974059,0.998944169805266
1763344800,2025-11-17,2025-11-17 02:00,3164923143,3164.2905935994154,3161581528,3160.9496464628896,3904785595717972935080,11.54147414470232,3341615,3.3409471365259975,0.9989441718332431
1763348400,2025-11-17,2025-11-17 03:00,3164929261,3163.9797098727595,3161587646,3160.6390974336473,3904785595717972935080,11.54147414470232,3341615,3.3406124391120984,0.998944173874223
1763352000,2025-11-17,2025-11-17 04:00,3164935420,3164.0678946043513,3161593805,3160.7271955585466,3904785595717972935080,11.54147414470232,3341615,3.3406990458049597,0.9989441759288725
1763355600,2025-11-17,2025-11-17 05:00,3164941619,3164.1913982017904,3161600004,3160.850575301416,3904785595717972935080,11.525386155407256,3341615,3.340822900374035,0.998944177996858
1763359200,2025-11-17,2025-11-17 06:00,3164947859,3164.182617794647,3161606244,3160.8418107515563,3904785595717972935080,11.525386155407256,3341615,3.3408070430906456,0.9989441800785129
1763362800,2025-11-17,2025-11-17 07:00,3164954140,3164.325485589173,3161612525,3160.9845343337065,3904785595717972935080,11.525386155407256,3341615,3.340951255466553,0.9989441821738371
1763366400,2025-11-17,2025-11-17 08:00,3164960461,3164.03851613723,3161618846,3160.6978745411066,3904785595717972935080,11.525386155407256,3341615,3.340641596123216,0.9989441842824968
1763370000,2025-11-17,2025-11-17 09:00,3164966824,3164.3336717900547,3161625209,3160.992725280765,3904785595717972935080,12.35413907523392,3341615,3.340946509289136,0.998944186405159
1763373600,2025-11-17,2025-11-17 10:00,3164973228,3164.059634364831,3161631613,3160.7189839474595,3904785595717972935080,12.35413907523392,3341615,3.3406504173715668,0.9989441885414899
1763377200,2025-11-17,2025-11-17 11:00,3164979674,3164.2254611425965,3161638059,3160.8846424475514,3904785595717972935080,12.35413907523392,3341615,3.3408186950448067,0.998944190691823
1763380800,2025-11-17,2025-11-17 12:00,3164986162,3164.067405478418,3161644547,3160.7267605081165,3904785595717972935080,12.35413907523392,3341615,3.3406449703010623,0.9989441928561582
1763384400,2025-11-17,2025-11-17 13:00,3164992692,3164.375307830059,3161651077,3161.0343446673314,3904785595717972935080,11.240242531637628,3341615,3.3409631627277525,0.9989441950344952
1763388000,2025-11-17,2025-11-17 14:00,3164999264,3164.261329173197,3161657649,3160.9204932868333,3904785595717972935080,11.240242531637628,3341615,3.340835886363445,0.9989441972268338
1763391600,2025-11-17,2025-11-17 15:00,3165005879,3164.3309049910213,3161664264,3160.9900026289624,3904785595717972935080,11.219602368969493,3341615,3.340902362058953,0.9989441994335075
1763395200,2025-11-17,2025-11-17 16:00,3165012536,3164.0580119633223,3161670921,3160.717404748221,3904785595717972935080,11.219602368969493,3341615,3.3406072151010324,0.9989442016541826
1763398800,2025-11-17,2025-11-17 17:00,3165019236,3164.3920544388798,3161677621,3161.0511016147325,3904785595717972935080,11.21381490296188,3341615,3.340952824146999,0.9989442038891924
1763402400,2025-11-17,2025-11-17 18:00,3165025980,3164.4549702159766,3161684365,3161.113958084601,3904785595717972935080,11.21381490296188,3341615,3.341012131375383,0.9989442061388702
1763406000,2025-11-17,2025-11-17 19:00,3165032767,3164.4003802436955,3161691152,3161.0594329123187,3904785595717972935080,11.26957447810402,3341615,3.340947331376565,0.9989442084028826
1763409600,2025-11-17,2025-11-17 20:00,3165039598,3163.899823676788,3161697983,3160.559412038344,3904785595717972935080,11.26957447810402,3341615,3.3404116384441234,0.9989442106815626
1763413200,2025-11-17,2025-11-17 21:00,3165046472,3163.7943797302614,3161704857,3160.4540866730345,3904785595717972935080,11.261929850451297,3341615,3.340293057226977,0.9989442129745765
1763416800,2025-11-17,2025-11-17 22:00,3165053391,3163.8775868572143,3161711776,3160.5372132532593,3904785595717972935080,11.261929850451297,3341615,3.3403736039553813,0.9989442152825915
1763420400,2025-11-17,2025-11-17 23:00,3165060354,3164.0603632183916,3161718739,3160.719803991053,3904785595717972935080,11.261929850451297,3341615,3.340559227337889,0.9989442176052735
1763424000,2025-11-18,2025-11-18 00:00,3165067361,3164.4412616621507,3161725746,3161.100307685346,3904785595717972935080,11.261929850451297,3341615,3.3409539768051615,0.9989442199426226
1763427600,2025-11-18,2025-11-18 01:00,3165074413,3164.359702239425,3161732798,3161.0188418151115,3904785595717972935080,11.249318067360605,3341615,3.3408604243134414,0.998944222294972
1763431200,2025-11-18,2025-11-18 02:00,3165081510,3164.1456744252228,3161739895,3160.805047457343,3904785595717972935080,11.187119020451965,3341615,3.340626967880028,0.9989442246623216
1763434800,2025-11-18,2025-11-18 03:00,3165088652,3164.1558694149057,3161747037,3160.8152392215325,3904785595717972935080,11.187119020451965,3341615,3.340630193373456,0.9989442270446711
1763438400,2025-11-18,2025-11-18 04:00,3165095839,3163.895581512332,3161754224,3160.5552337088493,3904785595717972935080,11.19993065730146,3341615,3.3403478034825254,0.9989442294420203
1763442000,2025-11-18,2025-11-18 05:00,3165103072,3164.093770269628,3161761457,3160.753220858244,3904785595717972935080,11.19993065730146,3341615,3.34054941138408,0.9989442318547028
1763445600,2025-11-18,2025-11-18 06:00,3165110351,3164.4253430718536,3161768736,3161.0844512797403,3904785595717972935080,11.19993065730146,3341615,3.3408917921133967,0.9989442342827181
1763449200,2025-11-18,2025-11-18 07:00,3165117676,3164.1903296241308,3161776061,3160.8496936823767,3904785595717972935080,11.19993065730146,3341615,3.3406359417541416,0.998944236726066
1763452800,2025-11-18,2025-11-18 08:00,3165125047,3164.1965405582455,3161783432,3160.8559058389633,3904785595717972935080,11.19993065730146,3341615,3.340634719282085,0.9989442391847465
1763456400,2025-11-18,2025-11-18 09:00,3165132465,3164.371531910317,3161790850,3161.030720271773,3904785595717972935080,11.075259207276805,3341615,3.340811638543695,0.9989442416590928
1763460000,2025-11-18,2025-11-18 10:00,3165139929,3164.4917515327015,3161798314,3161.150820849856,3904785595717972935080,11.075259207276805,3341615,3.340930682846265,0.9989442441487711
1763463600,2025-11-18,2025-11-18 11:00,3165147440,3164.505976248665,3161805825,3161.1650384761665,3904785595717972935080,11.075259207276805,3341615,3.340937772498264,0.9989442466541147
1763467200,2025-11-18,2025-11-18 12:00,3165154999,3164.319747614257,3161813384,3160.979014431596,3904785595717972935080,11.075259207276805,3341615,3.3407331826608013,0.9989442491754572
1763470800,2025-11-18,2025-11-18 13:00,3165162604,3164.5283594088583,3161820989,3161.187414011499,3904785595717972935080,11.093397431083597,3341615,3.3409453973588117,0.998944251712131
1763474400,2025-11-18,2025-11-18 14:00,3165170258,3164.5942536315365,3161828643,3161.2532467456913,3904785595717972935080,11.093397431083597,3341615,3.341006885844732,0.9989442542651366
1763478000,2025-11-18,2025-11-18 15:00,3165177959,3164.343282678796,3161836344,3161.0025488826177,3904785595717972935080,11.093397431083597,3341615,3.3407337961779056,0.9989442568338067
1763481600,2025-11-18,2025-11-18 16:00,3165185708,3164.263328826228,3161844093,3160.9226876193534,3904785595717972935080,11.093397431083597,3341615,3.340641206874695,0.9989442594184745
1763485200,2025-11-18,2025-11-18 17:00,3165193505,3164.270357246729,3161851890,3160.929716848874,3904785595717972935080,11.068431667478695,3341615,3.340640397854926,0.99894426201914
1763488800,2025-11-18,2025-11-18 18:00,3165201350,3164.365406349906,3161859735,3161.02467388518,3904785595717972935080,11.068431667478695,3341615,3.34073246472612,0.9989442646358027
1763492400,2025-11-18,2025-11-18 19:00,3165209245,3164.563718885254,3161867630,3161.222785388302,3904785595717972935080,11.068431667478695,3341615,3.340933496952031,0.9989442672691297
1763496000,2025-11-18,2025-11-18 20:00,3165217188,3164.398347254997,3161875573,3161.057596729803,3904785595717972935080,11.068431667478695,3341615,3.340750525193504,0.9989442699184534
1763499600,2025-11-18,2025-11-18 21:00,3165225180,3164.3408864425155,3161883565,3161.000205015468,3904785595717972935080,11.068431667478695,3341615,3.3406814270476666,0.9989442725841072
1763503200,2025-11-18,2025-11-18 22:00,3165233221,3164.323372625606,3161891606,3160.9827181750393,3904785595717972935080,11.068431667478695,3341615,3.3406544505670457,0.9989442752660911
1763506800,2025-11-18,2025-11-18 23:00,3165241312,3164.3272588453697,3161899697,3160.986608831426,3904785595717972935080,15.080562387018553,3341615,3.3406500139432556,0.998944277964738
1763510400,2025-11-19,2025-11-19 00:00,3165249453,3164.637753439489,3161907838,3161.2967842225335,3904785595717972935080,15.080562387018553,3341615,3.340969216955963,0.9989442806800479
1763514000,2025-11-19,2025-11-19 01:00,3165257644,3164.6394714300486,3161916029,3161.298509045085,3904785595717972935080,16.755808891042527,3341615,3.3409623849636687,0.9989442834120205
1763517600,2025-11-19,2025-11-19 02:00,3165265885,3164.6497075768057,3161924270,3161.308743083839,3904785595717972935080,16.755808891042527,3341615,3.340964492966842,0.9989442861606553
1763521200,2025-11-19,2025-11-19 03:00,3165274176,3164.4979538356642,3161932561,3161.157158301999,3904785595717972935080,16.755808891042527,3341615,3.3407955336651898,0.9989442889259524
1763524800,2025-11-19,2025-11-19 04:00,3165282518,3165.1242538741,3161940903,3161.78280595485,3904785595717972935080,16.755808891042527,3341615,3.34144791925,0.998944291708245
1763528400,2025-11-19,2025-11-19 05:00,3165290911,3164.951186083932,3161949296,3161.6099297333917,3904785595717972935080,12.899225237936069,3341615,3.341256350540179,0.9989442945075325
1763532000,2025-11-19,2025-11-19 06:00,3165299354,3164.554283342877,3161957739,3161.213454915964,3904785595717972935080,12.899225237936069,3341615,3.34082842691308,0.9989442973234816
1763535600,2025-11-19,2025-11-19 07:00,3165307849,3164.688291963366,3161966234,3161.3473310296326,3904785595717972935080,12.899225237936069,3341615,3.3409609337335464,0.9989443001567586
1763539200,2025-11-19,2025-11-19 08:00,3165316396,3164.6907977615115,3161974781,3161.34984320369,3904785595717972935080,12.899225237936069,3341615,3.3409545578210285,0.9989443030073636
1763542800,2025-11-19,2025-11-19 09:00,3165324994,3164.588346472613,3161983379,3161.2475091470797,3904785595717972935080,12.906200820352367,3341615,3.3408373255331143,0.9989443058749625
1763546400,2025-11-19,2025-11-19 10:00,3165333644,3164.3845056134364,3161992029,3161.043892610517,3904785595717972935080,12.906200820352367,3341615,3.340613002919652,0.9989443087598888
1763550000,2025-11-19,2025-11-19 11:00,3165342347,3164.39898293111,3162000732,3161.0583638295557,3904785595717972935080,12.906200820352367,3341615,3.3406191015544335,0.9989443116624755
1763553600,2025-11-19,2025-11-19 12:00,3165351101,3164.107049929693,3162009486,3160.766748256267,3904785595717972935080,12.922608299358336,3341615,3.340301673425899,0.9989443145820556
1763557200,2025-11-19,2025-11-19 13:00,3165359909,3164.4111573379173,3162018294,3161.0705439184253,3904785595717972935080,11.094211710158584,3341615,3.340613419492117,0.998944317519629
1763560800,2025-11-19,2025-11-19 14:00,3165368769,3164.426854828758,3162027154,3161.0862341882635,3904785595717972935080,11.094211710158584,3341615,3.3406206404946683,0.9989443204745285
1763564400,2025-11-19,2025-11-19 15:00,3165377682,3164.434193195348,3162036067,3161.0935742143574,3904785595717972935080,11.094211710158584,3341615,3.340618980990994,0.9989443234470875
1763568000,2025-11-19,2025-11-19 16:00,3165386648,3164.5566670835215,3162045033,3161.2159282724324,3904785595717972935080,11.094211710158584,3341615,3.3407388110889324,0.9989443264373055
1763571600,2025-11-19,2025-11-19 17:00,3165395668,3164.454423360629,3162054053,3161.113802004879,3904785595717972935080,11.099397073713037,3341615,3.3406213557496494,0.9989443294455156
1763575200,2025-11-19,2025-11-19 18:00,3165404741,3165.355284861193,3162063126,3162.0137220704332,3904785595717972935080,11.099397073713037,3341615,3.3415627907601713,0.9989443324713843
1763578800,2025-11-19,2025-11-19 19:00,3165413868,3164.4745508662745,3162072253,3161.133927470012,3904785595717972935080,11.099397073713037,3341615,3.3406233962620036,0.9989443355152445
1763582400,2025-11-19,2025-11-19 20:00,3165423050,3164.219350903581,3162081435,3160.8790066022816,3904785595717972935080,10.787019017458462,3341615,3.3403443012995275,0.9989443385774296
1763586000,2025-11-19,2025-11-19 21:00,3165432285,3164.4927659992,3162090670,3161.1521428102715,3904785595717972935080,10.80520045010415,3341615,3.3406231889286544,0.9989443416572723
1763589600,2025-11-19,2025-11-19 22:00,3165441576,3164.4999387242015,3162099961,3161.15931776853,3904785595717972935080,10.80520045010415,3341615,3.340620955671643,0.9989443447557725
1763593200,2025-11-19,2025-11-19 23:00,3165450921,3164.3992264522135,3162109306,3161.0587216758004,3904785595717972935080,10.80520045010415,3341615,3.3405047764129003,0.9989443478722633
1763596800,2025-11-20,2025-11-20 00:00,3165460321,3164.4753677269846,3162118706,3161.1347924919155,3904785595717972935080,10.80520045010415,3341615,3.3405752350692652,0.9989443510070775
