vault_address,vault_name,curator_name,chain_id,total_assets_usd,n_total_markets,n_toxic_markets,toxic_allocation_usd,clean_allocation_usd,toxic_pct_of_total
0x1265a81d42d513Df40d0031f8f2e1346954d665a,MEV Capital Elixir USDC,Unknown,1,8334.768245748119,3,1,8334.768245748119,0.0,100.0
0x55555815a5595991C3A0Ff119B59AEF6C8B55555,Adpend USDC,Unknown,1,2752282.197397118,30,1,2752282.0474503753,0.14994674267456998,99.99999455191248
0x94643e86aa5E38DDAc6c7791C1297f4E40cD96c1,1337 USDC,Unknown,1,1467270.1239707277,4,1,1467269.844867127,0.27910360075377805,99.9999809780356
