timestamp,date,datetime,supply_assets,supply_usd,borrow_assets,borrow_usd,collateral_assets,collateral_usd,liquidity_assets,liquidity_usd,utilization
1758672000,2025-09-24,2025-09-24 00:00,9247666639790,9244032.306800563,8705604500869,8702183.198300159,11863192393826904286398936,,542062138921,541849.108500404,0.9413839014710299
1758675600,2025-09-24,2025-09-24 01:00,8881555320174,8878917.498243907,8705756888892,8703171.279096,11863192393826904286398936,,175798431282,175746.21914790926,0.9802063461922392
1758679200,2025-09-24,2025-09-24 02:00,8881719325159,8878868.293255623,8705937616845,8703143.010869993,11863192393826904286398936,,175781708314,175725.2823856312,0.9802085945436186
1758682800,2025-09-24,2025-09-24 03:00,8881900887752,8879165.262278574,8706119179438,8703437.694730734,11863192393826904286398936,,175781708314,175727.56754783928,0.9802089991167994
1758686400,2025-09-24,2025-09-24 04:00,8882027302277,8879380.458140923,8315527354343,8313049.327191406,11314162947680616543921653,,566499947934,566331.1309495157,0.9362195218890206
1758690000,2025-09-24,2025-09-24 05:00,8757553321878,8754934.813434757,8315654571672,8313168.19095507,11314162947680616543921653,,441898750206,441766.6224796884,0.94954084389049
1758693600,2025-09-24,2025-09-24 06:00,8757681078104,8755080.046823803,8315782327898,8313312.540546615,11314162947680616543921653,,441898750206,441767.50627718883,0.9495415799839027
1758697200,2025-09-24,2025-09-24 07:00,8731836828090,8729234.74071523,8315913011706,8313434.869628511,11314162947680616543921653,,415923816384,415799.8710867176,0.9523669733444872
1758700800,2025-09-24,2025-09-24 08:00,8731969718323,8729367.59134694,8316045901939,8313567.720260222,11314162947680616543921653,,415923816384,415799.8710867176,0.9523676982627146
1758704400,2025-09-24,2025-09-24 09:00,8663732966041,8660830.615497377,8316190802076,8313404.878157305,11314162947680616543921653,,347542163965,347425.73734007176,0.9598854021324005
1758708000,2025-09-24,2025-09-24 10:00,8663878478949,8661287.979283793,8316336314984,8313849.73042582,11314162947680616543921653,,347542163965,347438.2488579745,0.9598860758712812
1758711600,2025-09-24,2025-09-24 11:00,8664024493051,8661312.653384674,8316482329086,8313879.270116996,11314162947680616543921653,,347542163965,347433.38326767896,0.9598867519079907
1758715200,2025-09-24,2025-09-24 12:00,8664171010274,8661606.41565496,8316628846309,8314167.124170492,11314162947680616543921653,,347542163965,347439.2914844664,0.9598874302512169
1758718800,2025-09-24,2025-09-24 13:00,8626097679885,8623535.728874074,8316782529318,8314312.444906793,11314162947680616543921653,,309315150567,309223.2839672816,0.9641419374037132
1758722400,2025-09-24,2025-09-24 14:00,8626251998786,8623707.254446357,8316936848219,8314483.351848775,11314162947680616543921653,,309315150567,309223.9025975827,0.9641425788847194
1758726000,2025-09-24,2025-09-24 15:00,8317133829448,8314663.640700653,8317133829448,8314663.640700653,11314162947680616543921653,,0,0,1
1758729600,2025-09-24,2025-09-24 16:00,9417318757878,9414493.562250637,8317309847814,8314814.6548596565,11314162947680616543921653,,1100008910064,1099678.9073909807,0.8831929832316875
1758733200,2025-09-24,2025-09-24 17:00,8570648728600,8567846.126465747,8317456174976,8314736.366806783,11314162947680616543921653,,253192553624,253109.75965896496,0.9704581809800343
1758736800,2025-09-24,2025-09-24 18:00,8570815825188,8568261.722072093,8317623271564,8315144.6198290745,11314162947680616543921653,,253192553624,253117.10224302002,0.9704587569272093
1758740400,2025-09-24,2025-09-24 19:00,9270749131159,9267995.718667045,8317711511135,8315241.150816193,11314162947680616543921653,,953037620024,952754.5678508529,0.8971995028081561
1758744000,2025-09-24,2025-09-24 20:00,9270802843429,9267965.97775891,8317765223405,8315219.987246637,11314162947680616543921653,,953037620024,952745.9905122726,0.8972000984036137
1758747600,2025-09-24,2025-09-24 21:00,9088534644741,9085726.287535775,8317843447798,8315273.23417263,11314162947680616543921653,,770691196943,770453.0533631445,0.9152018199777724
1758751200,2025-09-24,2025-09-24 22:00,9088613136742,9085677.514698831,8317921939799,8315235.2510124445,11314162947680616543921653,,770691196943,770442.2636863875,0.9152025523204006
1758754800,2025-09-24,2025-09-24 23:00,9088691697632,9086028.710964594,8318000500689,8315563.326542298,11314162947680616543921653,,770691196943,770465.3844222957,0.9152032852931079
1758758400,2025-09-25,2025-09-25 00:00,8355009074791,8352510.927077637,8318110459220,8315623.344192692,11314162947680616543921653,,36898615571,36887.58288494427,0.9955836534418219
1758762000,2025-09-25,2025-09-25 01:00,8694160474023,8691595.696683163,8318250873206,8315796.989198403,11314162947680616543921653,,375909600817,375798.707484759,0.9567629787901698
1758765600,2025-09-25,2025-09-25 02:00,8594269856784,8591734.547176247,8318407758243,8315953.827954318,11314162947680616543921653,,275862098541,275780.71922193037,0.9679016247874455
1758769200,2025-09-25,2025-09-25 03:00,8485899106918,8483344.851286817,8318580007631,8316076.115048703,11314162947680616543921653,,167319099287,167268.7362381146,0.9802826904752384
1758772800,2025-09-25,2025-09-25 04:00,8485766489888,8482966.186946336,8318766823064,8316021.630012388,11314162947680616543921653,,166999666824,166944.55693394807,0.9803200256543703
1758776400,2025-09-25,2025-09-25 05:00,8323369840255,8320057.139058578,8318976209712,8315665.257180534,11314162947680616543921653,,4393630543,4391.881878043886,0.9994721332071836
1758780000,2025-09-25,2025-09-25 06:00,8323590474085,8321143.338485619,8319196843542,8316750.999669999,11314162947680616543921653,,4393630543,4392.338815620358,0.9994721471993752
1758783600,2025-09-25,2025-09-25 07:00,8323812371218,8321340.198943748,8319418740675,8316947.873309019,11314162947680616543921653,,4393630543,4392.325634728729,0.9994721612709349
1758787200,2025-09-25,2025-09-25 08:00,8324035539718,8322387.380681136,8319641909175,8317994.620076983,11314162947680616543921653,,4393630543,4392.760604152486,0.9994721754223614
1758790800,2025-09-25,2025-09-25 09:00,8539602118717,8537279.34694071,8319815775502,8317552.785611063,11314162947680616543921653,,219786343215,219726.5613296455,0.9742626951279996
1758794400,2025-09-25,2025-09-25 10:00,8320001976060,8317564.215481015,8320001976060,8317564.215481015,11314162947680616543921653,,0,0,1
1758798000,2025-09-25,2025-09-25 11:00,8867966559120,8865270.697286027,8320162308486,8317632.97914422,11314162947680616543921653,,547804250634,547637.7181418074,0.9382266219677354
1758801600,2025-09-25,2025-09-25 12:00,8865137213650,8862477.672485905,8320284760847,8317788.675418747,11314162947680616543921653,,544852452803,544688.9970671592,0.9385398737016648
1758805200,2025-09-25,2025-09-25 13:00,8853716348682,8850661.816541703,8320409814673,8317539.273286938,11314162947680616543921653,,533306534009,533122.543254767,0.9397646690941945
1758808800,2025-09-25,2025-09-25 14:00,8824331255644,8821339.807348335,8320538810356,8317718.14769929,11314162947680616543921653,,503792445288,503621.65964904736,0.9429087110747597
1758812400,2025-09-25,2025-09-25 15:00,8320706244048,8317519.41355653,8320706244048,8317519.41355653,11314162947680616543921653,,0,0,1
1758816000,2025-09-25,2025-09-25 16:00,8320936695841,8318482.019515727,8320936695841,8318482.019515727,11314162947680616543921653,,0,0,1
1758819600,2025-09-25,2025-09-25 17:00,8321168473234,8318530.662827984,8321168473234,8318530.662827984,11314162947680616543921653,,0,0,1
1758823200,2025-09-25,2025-09-25 18:00,8321401584494,8318231.130490309,8321401584494,8318231.130490309,11314162947680616543921653,,0,0,1
1758826800,2025-09-25,2025-09-25 19:00,8321636038214,8319181.155582726,8321636038214,8319181.155582726,11314162947680616543921653,,0,0,1
1758830400,2025-09-25,2025-09-25 20:00,8321871842992,8319441.856413847,8321871842992,8319441.856413847,11314162947680616543921653,,0,0,1
1758834000,2025-09-25,2025-09-25 21:00,8322105280982,8319017.779922755,8132105280982,8129088.269922756,11314162947680616543921653,,190000000000,189929.51,0.9771692386018962
1758837600,2025-09-25,2025-09-25 22:00,8312561252901,8309286.103767357,8132298399464,8129094.273894611,11314162947680616543921653,,180262853437,180191.82987274585,0.9783144029917266
1758841200,2025-09-25,2025-09-25 23:00,8132502503400,8130111.547664,8132502503400,8130111.547664,11314162947680616543921653,,0,0,1
1758844800,2025-09-26,2025-09-26 00:00,8132737705688,8130330.415327116,8132737705688,8130330.415327116,11314162947680616543921653,,0,0,1
1758848400,2025-09-26,2025-09-26 01:00,8382964502512,8380441.230196743,8132973303171,8130525.278206746,11314162947680616543921653,,249991199341,249915.95198999837,0.9701786642104844
1758852000,2025-09-26,2025-09-26 02:00,8133195750922,8130072.603753646,8133195750922,8130072.603753646,11314162947680616543921653,,0,0,1
1758855600,2025-09-26,2025-09-26 03:00,8133434910619,8131011.147015635,8133434910619,8131011.147015635,11314162947680616543921653,,0,0,1
1758859200,2025-09-26,2025-09-26 04:00,8133625008839,8131233.723086401,8080593207015,8078217.512612138,11256082338775565637465669,,53031801824,53016.210474263746,0.9934799303181092
1758862800,2025-09-26,2025-09-26 05:00,8080832945384,8078441.018832167,8080832945384,8078441.018832167,11256082338775565637465669,,0,0,1
1758866400,2025-09-26,2025-09-26 06:00,8081074633637,8078690.716620076,8081074633637,8078690.716620076,11256082338775565637465669,,0,0,1
1758870000,2025-09-26,2025-09-26 07:00,8081317712604,8078893.3172902195,8081317712604,8078893.3172902195,11256082338775565637465669,,0,0,1
1758873600,2025-09-26,2025-09-26 08:00,8081562190385,8079178.129538836,8081562190385,8079178.129538836,11256082338775565637465669,,0,0,1
1758877200,2025-09-26,2025-09-26 09:00,8081787694605,8078651.960979493,8081787694605,8078651.960979493,11256082338775565637465669,,0,0,1
1758880800,2025-09-26,2025-09-26 10:00,8082034838247,8078850.516520731,8082034838247,8078850.516520731,11256082338775565637465669,,0,0,1
1758884400,2025-09-26,2025-09-26 11:00,8082283404299,8078961.585819833,8082283404299,8078961.585819833,11256082338775565637465669,,0,0,1
1758888000,2025-09-26,2025-09-26 12:00,8082533401761,8080140.971874079,8082533401761,8080140.971874079,11256082338775565637465669,,0,0,1
1758891600,2025-09-26,2025-09-26 13:00,8082784837352,8080432.746964331,8082784837352,8080432.746964331,11256082338775565637465669,,0,0,1
1758895200,2025-09-26,2025-09-26 14:00,8083037719673,8080677.472658856,8083037719673,8080677.472658856,11256082338775565637465669,,0,0,1
1758898800,2025-09-26,2025-09-26 15:00,8082798251877,8079645.960558767,5083183900177,5081201.458455931,5911902501269932078667948,,2999614351700,2998444.502102837,0.6288891225259241
1758902400,2025-09-26,2025-09-26 16:00,8002114264508,7999793.651371292,5083214920638,5081740.788311015,5911902501269932078667948,,2918899343870,2918052.8630602774,0.6352339834965522
1758906000,2025-09-26,2025-09-26 17:00,5652295324504,5650933.121330794,5083254713345,5082029.6489590835,5911902501269932078667948,,569040611159,568903.4723717106,0.8993257467117689
1758909600,2025-09-26,2025-09-26 18:00,5652335190505,5650667.751623801,5083294579346,5081795.007445093,5911902501269932078667948,,569040611159,568872.7441787081,0.8993264567687183
1758913200,2025-09-26,2025-09-26 19:00,5652375056647,5650713.258380346,5083334445488,5081839.945161027,5911902501269932078667948,,569040611159,568873.3132193192,0.8993271668181629
1758916800,2025-09-26,2025-09-26 20:00,5652414922932,5650758.7653595805,5083374311773,5081884.883099651,5911902501269932078667948,,569040611159,568873.8822599304,0.8993278768601387
1758920400,2025-09-26,2025-09-26 21:00,5615247542561,5613108.133247284,5083420473814,5081483.6906134775,5911902501269932078667948,,531827068747,531624.4426338073,0.9052887580260719
1758924000,2025-09-26,2025-09-26 22:00,5615293780717,5613171.19966789,5083466711970,5081545.161552875,5911902501269932078667948,,531827068747,531626.0381150136,0.9052895379092538
1758927600,2025-09-26,2025-09-26 23:00,5615340033252,5613644.200561957,5083512964505,5081977.74358972,5911902501269932078667948,,531827068747,531666.4569722384,0.905290318022112
1758931200,2025-09-27,2025-09-27 00:00,5615386300172,5613729.761213449,5083559231425,5082059.58145173,5911902501269932078667948,,531827068747,531670.1797617195,0.9052910983647359
1758934800,2025-09-27,2025-09-27 01:00,5449005935677,5447087.885587642,5083634499622,5081845.0602781335,5911902501269932078667948,,365371436055,365242.82530950865,0.9329471392822762
1758938400,2025-09-27,2025-09-27 02:00,5449085559524,5446954.967070226,5083714123469,5081726.391246723,5911902501269932078667948,,365371436055,365228.5758235025,0.932948119080935
1758942000,2025-09-27,2025-09-27 03:00,5449165334541,5447007.465068523,5083793898486,5081780.7161022,5911902501269932078667948,,365371436055,365226.7489663222,0.9329491007110768
1758945600,2025-09-27,2025-09-27 04:00,5449245261050,5447076.461436102,5083873824995,5081850.443212652,5911902501269932078667948,,365371436055,365226.0182234501,0.9329500841765016
1758949200,2025-09-27,2025-09-27 05:00,5555365638265,5553771.2483268175,5083932536847,5082473.448208924,5911902501269932078667948,,471433101418,471297.800117893,0.9151391407667573
1758952800,2025-09-27,2025-09-27 06:00,5555424222265,5553785.372119432,5083991120847,5082491.34346635,5911902501269932078667948,,471433101418,471294.0286530817,0.9151400356558563
1758956400,2025-09-27,2025-09-27 07:00,5555482857593,5553477.328281409,5084049756175,5082214.414213021,5911902501269932078667948,,471433101418,471262.9140683881,0.9151409313101083
1758960000,2025-09-27,2025-09-27 08:00,5555522486545,5553822.496664117,4984089385127,4982564.2537751505,5911902501269932078667948,,571433101418,571258.242888966,0.8971414294871523
1758963600,2025-09-27,2025-09-27 09:00,5500478116105,5498673.959282917,4984136150114,4982501.353456763,5911902501269932078667948,,516341965991,516172.60582615493,0.9061278028760467
1758967200,2025-09-27,2025-09-27 10:00,5500524957227,5498313.746194195,4984182991236,4982179.349673524,5911902501269932078667948,,516341965991,516134.3965206716,0.9061286022686632
1758970800,2025-09-27,2025-09-27 11:00,5500571815175,5498993.151064044,4984229849184,4982799.375217284,5911902501269932078667948,,516341965991,516193.77584676055,0.906129401934811
1758974400,2025-09-27,2025-09-27 12:00,5500618689956,5499007.008679843,4984276723965,4982816.3308848785,5911902501269932078667948,,516341965991,516190.67779496463,0.9061302018745949
1758978000,2025-09-27,2025-09-27 13:00,5500665581577,5499048.385896017,4984323615586,4982858.2244430175,5911902501269932078667948,,516341965991,516190.16145299864,0.9061310020881203
1758981600,2025-09-27,2025-09-27 14:00,5500712490043,5499095.280570928,4984370524052,4982905.119117929,5911902501269932078667948,,516341965991,516190.16145299864,0.9061318025754581
1758985200,2025-09-27,2025-09-27 15:00,5500759415363,5499180.69741079,4984417449372,4982986.92156403,5911902501269932078667948,,516341965991,516193.77584676055,0.9061326033367474
1758988800,2025-09-27,2025-09-27 16:00,5500806357544,5498369.500327609,4984464391553,4982256.273827542,5911902501269932078667948,,516341965991,516113.226500066,0.9061334043720934
1758992400,2025-09-27,2025-09-27 17:00,5520888395478,5519193.4827405885,4984507468415,4982977.2246221965,5911902501269932078667948,,536380927063,536216.2581183917,0.9028451784132543
1758996000,2025-09-27,2025-09-27 18:00,5520931451494,5519104.023183555,4984550524431,4982900.638207414,5911902501269932078667948,,536380927063,536203.3849761422,0.9028459360932924
1758999600,2025-09-27,2025-09-27 19:00,5520974514874,5518904.149430922,4984593587811,4982724.365215571,5911902501269932078667948,,536380927063,536179.7842153515,0.9028466938910981
1759003200,2025-09-27,2025-09-27 20:00,5521017585618,5518919.598935464,4984636658555,4982742.496624749,5911902501269932078667948,,536380927063,536177.102310716,0.9028474518066655
1759006800,2025-09-27,2025-09-27 21:00,5520256105911,5518119.766798012,4984679895730,4982750.8246103525,5911902501269932078667948,,535576210181,535368.9421876599,0.9029798255904262
1759010400,2025-09-27,2025-09-27 22:00,5520299352239,5517671.6897473335,4984723142058,4982350.41384238,5911902501269932078667948,,535576210181,535321.2759049538,0.9029805856517956
1759014000,2025-09-27,2025-09-27 23:00,5520342606298,5517869.492810378,4984766396117,4982533.220771539,5911902501269932078667948,,535576210181,535336.2720388388,0.9029813458371267
1759017600,2025-09-28,2025-09-28 00:00,6920381058866,6917661.349109866,4984804319810,4982845.291712315,5911902501269932078667948,,1935576739056,1934816.0573975511,0.7203077803676361
1759021200,2025-09-28,2025-09-28 01:00,5515851163294,5513705.4971914785,4984848354793,4982909.248782986,5911902501269932078667948,,531002808501,530796.2484084931,0.9037314835406306
1759024800,2025-09-28,2025-09-28 02:00,5515895306141,5513727.559285687,4984892497640,4982933.434888427,5911902501269932078667948,,531002808501,530794.1243972592,0.9037322539625037
1759028400,2025-09-28,2025-09-28 03:00,5515939458780,5513799.274269993,4984936650279,4983002.4948586915,5911902501269932078667948,,531002808501,530796.7794113016,0.9037330245429406
1759032000,2025-09-28,2025-09-28 04:00,5515983621215,5514383.985964848,4984980812714,4983535.168278313,5911902501269932078667948,,531002808501,530848.8176865347,0.9037337952820033
1759035600,2025-09-28,2025-09-28 05:00,5553327264122,5551733.459197197,4985020494609,4983589.793727047,5911902501269932078667948,,568306769513,568143.6654701498,0.8976637351836582
1759039200,2025-09-28,2025-09-28 06:00,5553366908054,5551317.715664928,4985060138541,4983220.651349879,5911902501269932078667948,,568306769513,568097.0643150498,0.8976644657336094
1759042800,2025-09-28,2025-09-28 07:00,5553406551714,5551746.083155038,4985099782201,4983609.237366121,5911902501269932078667948,,568306769513,568136.8457889156,0.8976651962681179
1759046400,2025-09-28,2025-09-28 08:00,5553446195102,5551657.985427177,4985139425589,4983534.21069396,5911902501269932078667948,,568306769513,568123.7747332169,0.8976659267871845
1759050000,2025-09-28,2025-09-28 09:00,5550101155470,5548508.27643838,4985179086832,4983748.340434079,5911902501269932078667948,,564922068638,564759.936004301,0.8982140950564061
1759053600,2025-09-28,2025-09-28 10:00,5550140816736,5548159.416464425,4985218748098,4983439.025004929,5911902501269932078667948,,564922068638,564720.3914594962,0.8982148224177442
1759057200,2025-09-28,2025-09-28 11:00,5550180477869,5548076.959467888,4985258409231,4983368.9962939015,5911902501269932078667948,,564922068638,564707.9631739863,0.8982155497662478
1759060800,2025-09-28,2025-09-28 12:00,5550220138868,5548122.155655508,4985298070230,4983413.627559453,5911902501269932078667948,,564922068638,564708.5280960549,0.898216277101899
1759064400,2025-09-28,2025-09-28 13:00,5556871857729,5555293.706121406,4985337695986,4983921.86008034,5911902501269932078667948,,571534161743,571371.8460410651,0.8971482200101378
1759068000,2025-09-28,2025-09-28 14:00,5556911482780,5554788.742593578,4985377321037,4983472.906900364,5911902501269932078667948,,571534161743,571315.8356932142,0.8971489534224011
1759071600,2025-09-28,2025-09-28 15:00,5556951107429,5554706.099181599,4985416945686,4983402.837239943,5911902501269932078667948,,571534161743,571303.2619416559,0.8971496868167645
1759075200,2025-09-28,2025-09-28 16:00,5556990731676,5555379.204363814,4985456569933,4984010.7875277195,5911902501269932078667948,,571534161743,571368.4168360946,0.8971504201932285
1759078800,2025-09-28,2025-09-28 17:00,5563539279044,5561341.681028778,4985496159322,4983526.888339068,5911902501269932078667948,,578043119722,577814.7926897098,0.8961015478223914
1759082400,2025-09-28,2025-09-28 18:00,5563578867452,5561464.707482369,4985535747730,4983641.244145863,5911902501269932078667948,,578043119722,577823.4633365056,0.8961022871260687
1759086000,2025-09-28,2025-09-28 19:00,5563618455195,5561342.935246825,4985575335473,4983536.235160791,5911902501269932078667948,,578043119722,577806.7000860337,0.8961030264068063
1759089600,2025-09-28,2025-09-28 20:00,5563658042274,5561504.90661164,4985614922552,4983685.489576972,5911902501269932078667948,,578043119722,577819.4170346676,0.8961037656646238
1759093200,2025-09-28,2025-09-28 21:00,5561005713666,5559387.461003323,4985654523366,4984203.6978997,5911902501269932078667948,,575351190300,575183.7631036227,0.8965382846332828
1759096800,2025-09-28,2025-09-28 22:00,5561045314034,5558837.579044329,4985694123734,4983714.8031668775,5911902501269932078667948,,575351190300,575122.775877451,0.896539021387215
1759100400,2025-09-28,2025-09-28 23:00,5561084913846,5559138.534126154,4985733723546,4983988.71674276,5911902501269932078667948,,575351190300,575149.817383395,0.8965397581203104
1759104000,2025-09-29,2025-09-29 00:00,5561124513103,5559483.981371635,4985773322803,4984302.519672773,5911902501269932078667948,,575351190300,575181.4616988614,0.8965404948325882
1759107600,2025-09-29,2025-09-29 01:00,5228353021271,5226329.6486517675,4985874026146,4983944.492897881,5911902501269932078667948,,242478995125,242385.15575388662,0.9536222986209042
1759111200,2025-09-29,2025-09-29 02:00,5228457084742,5226407.529564782,4985978089617,4984023.58620587,5911902501269932078667948,,242478995125,242383.943358911,0.9536232216895082
1759114800,2025-09-29,2025-09-29 03:00,5671049834435,5669184.059039471,4986066493534,4984426.077657627,5911902501269932078667948,,684983340901,684757.9813818436,0.8792140148827939
1759118400,2025-09-29,2025-09-29 04:00,5671089183348,5669376.514414629,4986105842447,4984600.03848258,5911902501269932078667948,,684983340901,684776.4759320478,0.8792148529576445
1759122000,2025-09-29,2025-09-29 05:00,5402746353448,5401136.335034672,4986158582331,4984672.707073465,5911902501269932078667948,,416587771117,416463.6279612071,0.9228933316754476
1759125600,2025-09-29,2025-09-29 06:00,5402813978751,5401241.759883183,4986226207634,4984775.2158075785,5911902501269932078667948,,416587771117,416466.54407560494,0.922894296795074
1759129200,2025-09-29,2025-09-29 07:00,5402881693412,5401125.756861641,4986293922295,4984673.376770254,5911902501269932078667948,,416587771117,416452.38009138696,0.9228952631657721
1759132800,2025-09-29,2025-09-29 08:00,5402949497566,5401382.642211705,4986361726449,4984915.681548329,5911902501269932078667948,,416587771117,416466.9606633761,0.9228962307893733
1759136400,2025-09-29,2025-09-29 09:00,5451635726197,5449842.13804308,4986419761020,4984779.228918624,5911902501269932078667948,,465215965177,465062.90912445675,0.9146648843499436
1759140000,2025-09-29,2025-09-29 10:00,5451693718939,5449594.8168572085,4986477753762,4984557.959826802,5911902501269932078667948,,465215965177,465036.8570304068,0.9146657921077159
1759143600,2025-09-29,2025-09-29 11:00,5451751760926,5450143.494156526,4986535795749,4985064.767689254,5911902501269932078667948,,465215965177,465078.72646727273,0.9146667006169809
1759147200,2025-09-29,2025-09-29 12:00,5451809852205,5450179.76105919,4986593887028,4985102.895455779,5911902501269932078667948,,465215965177,465076.86560341204,0.9146676098784255
1759150800,2025-09-29,2025-09-29 13:00,5454841914668,5452998.178100843,4986651431677,4984965.943493093,5911902501269932078667948,,468190482991,468032.23460774904,0.9141697430805388
1759154400,2025-09-29,2025-09-29 14:00,5454899501875,5452783.000868272,4986709018884,4984774.175784674,5911902501269932078667948,,468190482991,468008.8250835995,0.9141706491879328
1759158000,2025-09-29,2025-09-29 15:00,5454957136349,5452889.707594324,4986766653358,4984876.668796377,5911902501269932078667948,,468190482991,468013.0387979464,0.9141715560198957
1759161600,2025-09-29,2025-09-29 16:00,5455014818132,5453416.498790287,4986824335141,4985363.1956108045,5911902501269932078667948,,468190482991,468053.3031794836,0.914172463577042
1759165200,2025-09-29,2025-09-29 17:00,7008057867504,7005212.596009793,4986876810665,4984852.13867987,5911902501269932078667948,,2021181056839,2020360.4573299233,0.7115918425543957
1759168800,2025-09-29,2025-09-29 18:00,7075344507055,7072592.198041757,4986910867341,4984970.959013605,5911902501269932078667948,,2088433639714,2087621.2390281514,0.7048294061679157
1759172400,2025-09-29,2025-09-29 19:00,7077226764139,7074452.491247458,4986944727211,4984989.844877934,5911902501269932078667948,,2090282036928,2089462.6463695243,0.7046467342943336
1759176000,2025-09-29,2025-09-29 20:00,7077362506210,7074970.357682901,4986978540196,4985292.941449414,5911902501269932078667948,,2090383966014,2089677.4162334872,0.7046379969685315
1759179600,2025-09-29,2025-09-29 21:00,6514937120475,6511998.883833665,4987014353654,4984765.210180502,5911902501269932078667948,,1527922766821,1527233.6736531637,0.7654739042654644
1759183200,2025-09-29,2025-09-29 22:00,6515078804143,6513163.370974583,4987050146403,4985583.953659957,5911902501269932078667948,,1528028657740,1527579.4173146244,0.7654627513072731
1759186800,2025-09-29,2025-09-29 23:00,6515119408412,6513184.417947702,4987085908681,4985604.744166122,5911902501269932078667948,,1528033499731,1527579.67378158,0.7654634698240406
1759190400,2025-09-30,2025-09-30 00:00,6516861132064,6514306.522500231,4987121634162,4985166.682481409,5911902501269932078667948,,1529739497902,1529139.8400188226,0.7652643708524896
1759194000,2025-09-30,2025-09-30 01:00,6501974179357,6499932.559464681,4987157387943,4985591.420523185,5911902501269932078667948,,1514816791414,1514341.1389414961,0.7670220229075403
1759197600,2025-09-30,2025-09-30 02:00,6502048518798,6499532.226021226,4987193112198,4985263.068463579,5911902501269932078667948,,1514855406600,1514269.1575576458,0.7670187476730728
1759201200,2025-09-30,2025-09-30 03:00,6502125358011,6499589.529121376,4987228806506,4985283.787271463,5911902501269932078667948,,1514896551505,1514305.7418499133,0.7670151730251465
1759204800,2025-09-30,2025-09-30 04:00,6391937596891,6389425.5654154215,4987264453048,4985304.458117953,5911902501269932078667948,,1404673143843,1404121.1072974699,0.7802429822646854
1759208400,2025-09-30,2025-09-30 05:00,7037906559795,7035837.41526642,4987298769092,4985832.503253887,5911902501269932078667948,,2050607790703,2050004.9120125333,0.7086338425665699
1759212000,2025-09-30,2025-09-30 06:00,7037474435883,7034729.820853005,4987332411969,4985387.352328331,5911902501269932078667948,,2050142023914,2049342.4685246735,0.7086821355313717
1759215600,2025-09-30,2025-09-30 07:00,7026086784797,7024000.037021915,4987366055775,4985884.808056435,5911902501269932078667948,,2038720729022,2038115.2289654806,0.7098355327131213
1759219200,2025-09-30,2025-09-30 08:00,7026532267977,7023770.840795686,4987399656457,4985439.608392013,5911902501269932078667948,,2039132611520,2038331.2324036728,0.7097953110080737
1759222800,2025-09-30,2025-09-30 09:00,6858384361244,6855682.157805669,4987433790315,4985468.7414016165,5911902501269932078667948,,1870950570929,1870213.4164040538,0.727202432470606
1759226400,2025-09-30,2025-09-30 10:00,6859451898250,6856708.1174906995,4987467892018,4985472.904861192,5911902501269932078667948,,1871984006232,1871235.2126295073,0.7270942293932282
1759230000,2025-09-30,2025-09-30 11:00,6922815175030,6920059.894590338,4987501890146,4985516.864393722,5911902501269932078667948,,1935313284884,1934543.0301966162,0.7204441782781507
1759233600,2025-09-30,2025-09-30 12:00,6928770734884,6926712.88997574,4987535682230,4986054.384132378,5911902501269932078667948,,1941235052654,1940658.5058433618,0.7198298043142713
1759237200,2025-09-30,2025-09-30 13:00,6919025983227,6916106.154262078,4987569460535,4985464.706222654,5911902501269932078667948,,1931456522692,1930641.448039424,0.7208484940836748
1759240800,2025-09-30,2025-09-30 14:00,6920251047491,6917496.787574098,4987603199952,4985618.133878419,5911902501269932078667948,,1932647847539,1931878.6536956795,0.7207257606297824
1759244400,2025-09-30,2025-09-30 15:00,6987002333363,6984955.141679325,4987721737335,4986260.334865961,5911902501269932078667948,,1999280596028,1998694.806813364,0.713857173557619
1759248000,2025-09-30,2025-09-30 16:00,6987035922316,6984981.733754839,4987755326288,4986288.926222071,5911902501269932078667948,,1999280596028,1998692.8075327678,0.713858549139204
1759251600,2025-09-30,2025-09-30 17:00,6611754801463,6609460.522546892,4987790211173,4986059.447969723,5911902501269932078667948,,1623964590290,1623401.0745771693,0.7543822118251177
1759255200,2025-09-30,2025-09-30 18:00,10081692495097,10078395.781651104,4987822253947,4986191.23606996,5911902501269932078667948,,5093870241150,5092204.545581144,0.4947405662663003
1759258800,2025-09-30,2025-09-30 19:00,10081718713211,10077807.006350273,4987848472061,4985913.18685384,5911902501269932078667948,,5093870241150,5091893.819496433,0.49474188022375243
1759262400,2025-09-30,2025-09-30 20:00,10081744864213,10078750.585988328,4987874623063,4986393.2242999505,5911902501269932078667948,,5093870241150,5092357.361688378,0.49474319081098495
1759266000,2025-09-30,2025-09-30 21:00,10000089057057,9996539.025441745,4987900838827,4986130.134029216,5911902501269932078667948,,5012188218230,5010408.891412528,0.49878564184456636
1759269600,2025-09-30,2025-09-30 22:00,10000115207625,9997125.17317792,4987926989395,4986435.599225171,5911902501269932078667948,,5012188218230,5010689.573952748,0.49878695253348176
1759273200,2025-09-30,2025-09-30 23:00,10000141291925,9996101.234843062,4987953073695,4985937.940653227,5911902501269932078667948,,5012188218230,5010163.294189835,0.4987882598941592
1759276800,2025-10-01,2025-10-01 00:00,10000167310123,9997187.260264583,4987979091893,4986492.674123615,5911902501269932078667948,,5012188218230,5010694.586140967,0.4987895639349707
1759280400,2025-10-01,2025-10-01 01:00,10000193262371,9996393.1889313,4988005044141,4986109.602224226,5911902501269932078667948,,5012188218230,5010283.586707072,0.4987908646635862
1759284000,2025-10-01,2025-10-01 02:00,10000219148851,9996319.063382948,4988030930621,4986085.598558058,5911902501269932078667948,,5012188218230,5010233.46482489,0.49879216208917904
1759287600,2025-10-01,2025-10-01 03:00,10000244969716,9996834.886181327,4988056751486,4986355.824133743,5911902501269932078667948,,5012188218230,5010479.062047583,0.49879345621946874
1759291200,2025-10-01,2025-10-01 04:00,10000270725137,9997270.64391946,4988082506907,4986586.082154929,5911902501269932078667948,,5012188218230,5010684.561764531,0.49879474706307664
1759294800,2025-10-01,2025-10-01 05:00,10000296415292,9996476.302061358,4988108197062,4986202.739730722,5911902501269932078667948,,5012188218230,5010273.562330636,0.4987960346289747
1759298400,2025-10-01,2025-10-01 06:00,10000322040322,9996381.913438113,4988133822092,4986168.497366096,5911902501269932078667948,,5012188218230,5010213.4160720175,0.4987973189242801
1759302000,2025-10-01,2025-10-01 07:00,10000347600405,9996787.476659255,4988159382175,4986383.597434946,5911902501269932078667948,,5012188218230,5010403.87922431,0.4987985999579641
1759305600,2025-10-01,2025-10-01 08:00,10000373095714,9997382.98415838,4988184877484,4986693.410205632,5911902501269932078667948,,5012188218230,5010689.573952748,0.4987998777387472
1759309200,2025-10-01,2025-10-01 09:00,10000398526399,9996428.368184019,4988210308169,4986229.988676657,5911902501269932078667948,,5012188218230,5010198.379507363,0.4988011522741967
1759312800,2025-10-01,2025-10-01 10:00,10000423892637,9995533.6853535,4988235674407,4985796.427162215,5911902501269932078667948,,5012188218230,5009737.258191286,0.49880242357323296
1759316400,2025-10-01,2025-10-01 11:00,10000449194585,9996449.014907166,4988260976355,4986265.671964458,5911902501269932078667948,,5012188218230,5010183.342942708,0.4988036916437736
1759320000,2025-10-01,2025-10-01 12:00,10000474432403,9997524.29244544,4988286214173,4986814.669739819,5911902501269932078667948,,5012188218230,5010709.622705622,0.49880495649388623
1759323600,2025-10-01,2025-10-01 13:00,10000499606258,9997529.45787494,4988311388028,4986829.859545755,5911902501269932078667948,,5012188218230,5010699.5983291855,0.4988062181319892
1759327200,2025-10-01,2025-10-01 14:00,10000524716311,9997614.563618554,4988336498081,4986884.892160058,5911902501269932078667948,,5012188218230,5010729.671458495,0.49880747656619967
1759330800,2025-10-01,2025-10-01 15:00,10000549762722,9997609.60109176,4988361544492,4986894.966197919,5911902501269932078667948,,5012188218230,5010714.63489384,0.49880873180458457
1759334400,2025-10-01,2025-10-01 16:00,9974349344166,9970858.321895542,4988386536386,4986640.6010982655,5911902501269932078667948,,4985962807780,4984217.720797278,0.5001214980808456
1759338000,2025-10-01,2025-10-01 17:00,9956086301172,9953189.080058359,4988411514675,4986959.88692423,5911902501269932078667948,,4967674786497,4966229.193134129,0.5010414096237574
1759341600,2025-10-01,2025-10-01 18:00,9956170004131,9953949.77822008,4988436440978,4987324.019651662,5911902501269932078667948,,4967733563153,4966625.758568416,0.5010397008998646
1759345200,2025-10-01,2025-10-01 19:00,9887530500222,9884771.879212437,4988461321621,4987069.540912268,5911902501269932078667948,,4899069178601,4897702.33830017,0.5045204484081234
1759348800,2025-10-01,2025-10-01 20:00,9901474325542,9898622.700936243,4988486210463,4987049.526434387,5911902501269932078667948,,4912988115079,4911573.174501857,0.5038124673610093
1759352400,2025-10-01,2025-10-01 21:00,9903829572702,9901472.461263698,4988511032567,4987323.766941249,5911902501269932078667948,,4915318540135,4914148.694322448,0.5036951611442174
1759356000,2025-10-01,2025-10-01 22:00,9903971681057,9902050.310550876,4988535791263,4987568.0153194945,5911902501269932078667948,,4915435889794,4914482.2952313805,0.5036904336877708
1759359600,2025-10-01,2025-10-01 23:00,9904780512918,9902858.985498494,4988560486807,4987592.70607256,5911902501269932078667948,,4916220026111,4915266.279425935,0.5036517952417852
1759363200,2025-10-02,2025-10-02 00:00,9905173903603,9903212.679170087,4988585120257,4987597.380403189,5911902501269932078667948,,4916588783346,4915615.298766897,0.5036342792974493
1759366800,2025-10-02,2025-10-02 01:00,9965209209214,9962608.289610395,4988609666556,4987307.639433029,5911902501269932078667948,,4976599542658,4975300.650177367,0.500602602697337
1759370400,2025-10-02,2025-10-02 02:00,10000006963194,9998026.961815286,4988634073359,4987646.3238124745,5911902501269932078667948,,5011372889835,5010380.638002813,0.4988630599678734
1759374000,2025-10-02,2025-10-02 03:00,10000031265323,9997181.256412383,4988658375488,4987236.607850986,5911902501269932078667948,,5011372889835,5009944.648561398,0.49886427783352205
1759377600,2025-10-02,2025-10-02 04:00,10000055505856,9997245.490258854,4988682616021,4987280.796205898,5911902501269932078667948,,5011372889835,5009964.694052956,0.4988654926064804
1759381200,2025-10-02,2025-10-02 05:00,10000079684954,9998129.669415435,4988706795119,4987733.997293952,5911902501269932078667948,,5011372889835,5010395.672121483,0.49886670429486163
1759384800,2025-10-02,2025-10-02 06:00,10000103802771,9997243.773083407,4988730912936,4987304.1358949,5911902501269932078667948,,5011372889835,5009939.637188507,0.49886791290642774
1759388400,2025-10-02,2025-10-02 07:00,10000127859464,9998177.834531406,4988754969629,4987782.162409922,5911902501269932078667948,,5011372889835,5010395.672121483,0.4988691184490909
1759392000,2025-10-02,2025-10-02 08:00,10000151855186,9997311.812059129,4988778965351,4987362.152124841,5911902501269932078667948,,5011372889835,5009949.659934287,0.4988703209305625
1759395600,2025-10-02,2025-10-02 09:00,10000175790089,9997265.738934083,4988802900254,4987351.158610025,5911902501269932078667948,,5011372889835,5009914.5803240575,0.4988715203585037
1759399200,2025-10-02,2025-10-02 10:00,10000199664332,9998309.626595441,4988826774497,4987883.886236619,5911902501269932078667948,,5011372889835,5010425.740358821,0.49887271674092587
1759402800,2025-10-02,2025-10-02 11:00,10000223478069,9998223.433373386,4988850588234,4987852.818116353,5911902501269932078667948,,5011372889835,5010370.615257033,0.49887391008558996
1759406400,2025-10-02,2025-10-02 12:00,10000247231451,9998227.181510245,4988874341616,4987866.588998994,5911902501269932078667948,,5011372889835,5010360.592511253,0.498875100400106
1759410000,2025-10-02,2025-10-02 13:00,10000270924627,9997900.860417863,4988898034792,4987715.6659577545,5911902501269932078667948,,5011372889835,5010185.194460109,0.4988762876919838
1759413600,2025-10-02,2025-10-02 14:00,10000294557756,9998007.507244457,4988921667921,4987780.709943536,5911902501269932078667948,,5011372889835,5010226.797300922,0.49887747196923377
1759417200,2025-10-02,2025-10-02 15:00,10000318130982,9998411.78733196,4988945241147,4987994.206994257,5911902501269932078667948,,5011372889835,5010417.580337702,0.4988786532391146
1759420800,2025-10-02,2025-10-02 16:00,10000341644470,9998447.839613458,4988968754635,4988023.973587255,5911902501269932078667948,,5011372889835,5010423.866026202,0.49887983150993703
1759424400,2025-10-02,2025-10-02 17:00,10000365098362,9998430.502478635,4988992208527,4988027.075384976,5911902501269932078667948,,5011372889835,5010403.427093658,0.4988810067888588
1759428000,2025-10-02,2025-10-02 18:00,10000388492805,9998451.502334714,4989015602970,4988049.272943321,5911902501269932078667948,,5011372889835,5010402.229391394,0.49888217908328836
1759431600,2025-10-02,2025-10-02 19:00,10000412537566,9997572.971207647,5519039647731,5517472.544448486,6526289072668446297533187,,4481372889835,4480100.426759161,0.551881197600502
1759435200,2025-10-02,2025-10-02 20:00,10000440000604,9998194.799578544,5519067110769,5517828.023775237,6526289072668446297533187,,4481372889835,4480366.775803307,0.5518824282167247
1759438800,2025-10-02,2025-10-02 21:00,10000467403252,9997676.488562232,5519094513417,5517554.253214091,6526289072668446297533187,,4481372889835,4480122.235348141,0.5518836561201403
1759442400,2025-10-02,2025-10-02 22:00,10000494745652,9997698.351110557,5519121855817,5517578.56794738,6526289072668446297533187,,4481372889835,4480119.783163177,0.5518848813171564
1759446000,2025-10-02,2025-10-02 23:00,10000522027929,9998624.353209682,5519149138094,5518101.83778685,6526289072668446297533187,,4481372889835,4480522.515422831,0.5518861038134183
1759449600,2025-10-03,2025-10-03 00:00,10000549250215,9997749.37192299,5519176360380,5517631.143042976,6526289072668446297533187,,4481372889835,4480118.228880015,0.5518873236148849
1759453200,2025-10-03,2025-10-03 01:00,10000576412623,9997743.070858164,5519203522788,5517639.833936025,6526289072668446297533187,,4481372889835,4480103.236922139,0.5518885407266636
1759456800,2025-10-03,2025-10-03 02:00,10000603515318,9998252.002700388,5519230625483,5517932.849760219,6526289072668446297533187,,4481372889835,4480319.152940169,0.5518897551561915
1759460400,2025-10-03,2025-10-03 03:00,10000630558406,9997770.294308571,5519257668571,5517679.114652658,6526289072668446297533187,,4481372889835,4480091.179655914,0.551890966908262
1759464000,2025-10-03,2025-10-03 04:00,10000657542027,9997796.836041128,5519284652192,5517705.850940593,6526289072668446297533187,,4481372889835,4480090.985100537,0.5518921759891915
1759467600,2025-10-03,2025-10-03 05:00,10000684466321,9997684.20816468,5519311576486,5517655.75386402,6526289072668446297533187,,4481372889835,4480028.454300661,0.5518933824052961
1759471200,2025-10-03,2025-10-03 06:00,10000711331399,9997710.288798861,5519338441564,5517682.182400144,6526289072668446297533187,,4481372889835,4480028.106398718,0.5518945861615925
1759474800,2025-10-03,2025-10-03 07:00,10000738137404,9997674.502275404,5519365247569,5517674.440247812,6526289072668446297533187,,4481372889835,4480000.062027591,0.551895787264531
1759478400,2025-10-03,2025-10-03 08:00,10000764884460,9998754.730718223,5519391994625,5518282.59683408,6526289072668446297533187,,4481372889835,4480472.133884143,0.5518969857197102
1759482000,2025-10-03,2025-10-03 09:00,10000791572694,9997831.338388482,5519418682859,5517784.934928874,6526289072668446297533187,,4481372889835,4480046.4034596095,0.5518981815328631
1759485600,2025-10-03,2025-10-03 10:00,10000818202244,9997895.278630814,5519445312409,5517832.152694556,6526289072668446297533187,,4481372889835,4480063.125936257,0.551899374710215
1759489200,2025-10-03,2025-10-03 11:00,10000844773229,9998856.844315477,5519471883394,5518374.744302936,6526289072668446297533187,,4481372889835,4480482.100012542,0.55190056525714
1759492800,2025-10-03,2025-10-03 12:00,10000871285795,9997941.89873159,5519498395960,5517881.662103961,6526289072668446297533187,,4481372889835,4480060.236627629,0.5519017531802218
1759496400,2025-10-03,2025-10-03 13:00,10000897740056,9998195.227648998,5519524850221,5518033.325682283,6526289072668446297533187,,4481372889835,4480161.901966712,0.5519029384846098
1759500000,2025-10-03,2025-10-03 14:00,10000924136146,9998645.114640767,5519551246311,5518293.4449500125,6526289072668446297533187,,4481372889835,4480351.669690755,0.5519041211763495
1759503600,2025-10-03,2025-10-03 15:00,10000950474187,9998035.771950316,5519577584352,5517968.944735977,6526289072668446297533187,,4481372889835,4480066.827214339,0.5519053012609483
1759507200,2025-10-03,2025-10-03 16:00,10000976754311,9999110.543906787,5519603864476,5518573.890863214,6526289072668446297533187,,4481372889835,4480536.653043572,0.5519064787443617
1759510800,2025-10-03,2025-10-03 17:00,10001002976645,9998109.822205206,5519630086810,5518033.332731538,6526289072668446297533187,,4481372889835,4480076.489473669,0.551907653632321
1759514400,2025-10-03,2025-10-03 18:00,10001029550009,9997278.342588816,5899656660174,5897443.804414549,6953633810626610130459399,,4101372889835,4099834.538174268,0.5899049323545585
1759518000,2025-10-03,2025-10-03 19:00,10001058703515,9998315.856606983,5899685813680,5898067.791481346,6953633810626610130459399,,4101372889835,4100248.0651256363,0.589906127798898
1759521600,2025-10-03,2025-10-03 20:00,10001087799920,9998214.799991593,5899714910085,5898020.106394302,6953633810626610130459399,,4101372889835,4100194.69359729,0.5899073208948523
1759525200,2025-10-03,2025-10-03 21:00,10001116839349,9999164.65522605,5899743949514,5898592.339483568,6953633810626610130459399,,4101372889835,4100572.3157424815,0.5899085116475882
1759528800,2025-10-03,2025-10-03 22:00,10001145821912,9999167.36411272,5899772932077,5898605.820630042,6953633810626610130459399,,4101372889835,4100561.543482678,0.5899097000616568
1759532400,2025-10-03,2025-10-03 23:00,10001174747717,10000159.249846451,5899801857882,5899202.804633309,6953633810626610130459399,,4101372889835,4100956.4452131414,0.5899108861415272
1759536000,2025-10-04,2025-10-04 00:00,10001203616869,9999333.557045694,5899830727034,5898727.556172812,6953633810626610130459399,,4101372889835,4100606.0008728816,0.5899120698915452
1759539600,2025-10-04,2025-10-04 01:00,10001232429476,9999283.173921924,5899859539641,5898709.647959448,6953633810626610130459399,,4101372889835,4100573.5259624748,0.5899132513161794
1759543200,2025-10-04,2025-10-04 02:00,10001261185657,9998638.869278371,5899888295822,5898341.353549119,6953633810626610130459399,,4101372889835,4100297.515729252,0.5899144304203496
1759546800,2025-10-04,2025-10-04 03:00,10001289885517,9998776.38543487,5899916995682,5898434.242754833,6953633810626610130459399,,4101372889835,4100342.142680038,0.589915607208401
1759550400,2025-10-04,2025-10-04 04:00,10001318529163,9998668.56368412,5899945639328,5898382.380221124,6953633810626610130459399,,4101372889835,4100286.183462997,0.5899167816847606
1759554000,2025-10-04,2025-10-04 05:00,10001347116719,9999387.360306483,5899974226884,5898818.1313910745,6953633810626610130459399,,4101372889835,4100569.2289154083,0.5899179538545525
1759557600,2025-10-04,2025-10-04 06:00,10001375648291,9998408.946713086,5900002758456,5898252.644460813,6953633810626610130459399,,4101372889835,4100156.302252275,0.5899191237221624
1759561200,2025-10-04,2025-10-04 07:00,10001404123981,9998490.793969015,5900031234146,5898312.6016567005,6953633810626610130459399,,4101372889835,4100178.192312314,0.5899202912918119
1759564800,2025-10-04,2025-10-04 08:00,10001432543900,9998772.317784684,5900059654065,5898490.329600251,6953633810626610130459399,,4101372889835,4100281.9881844316,0.5899214565680915
1759568400,2025-10-04,2025-10-04 09:00,10001460908159,9998538.124941885,5900088018324,5898363.802392166,6953633810626610130459399,,4101372889835,4100174.322549719,0.5899226195555912
1759572000,2025-10-04,2025-10-04 10:00,10001489216862,9997854.98122385,5900116327027,5897972.405000991,6953633810626610130459399,,4101372889835,4099882.5762228575,0.5899237802586144
1759575600,2025-10-04,2025-10-04 11:00,10001517470129,9998603.734831326,5900144580294,5898425.6951771835,6953633810626610130459399,,4101372889835,4100178.039654142,0.5899249386821198
1759579200,2025-10-04,2025-10-04 12:00,10001545668071,9998639.560922675,5900172778236,5898458.389794829,6953633810626610130459399,,4101372889835,4100181.171127846,0.589926094830697
1759582800,2025-10-04,2025-10-04 13:00,10001573810785,9999041.714412082,5900200920950,5898707.168303261,6953633810626610130459399,,4101372889835,4100334.546108822,0.5899272487083618
1759586400,2025-10-04,2025-10-04 14:00,10001601898381,9998545.944572117,5900229008546,5898426.214604076,6953633810626610130459399,,4101372889835,4100119.7299680426,0.5899284003196622
1759590000,2025-10-04,2025-10-04 15:00,10001629930968,9997920.300417516,5900257041133,5898068.620452914,6953633810626610130459399,,4101372889835,4099851.6799646025,0.5899295496691056
1759593600,2025-10-04,2025-10-04 16:00,10001657908639,9998749.452501697,5900285018804,5898569.2312484225,6953633810626610130459399,,4101372889835,4100180.2212532735,0.589930696760543
1759597200,2025-10-04,2025-10-04 17:00,10001685831529,9998757.235275473,5900312941694,5898585.269512855,6953633810626610130459399,,4101372889835,4100171.965762618,0.589931841599547
1759600800,2025-10-04,2025-10-04 18:00,10001713699733,9998673.969877407,5900340809898,5898547.572993158,6953633810626610130459399,,4101372889835,4100126.396884248,0.5899329841900506
1759604400,2025-10-04,2025-10-04 19:00,10001741513364,9999794.928047467,5900368623529,5899220.266424456,6953633810626610130459399,,4101372889835,4100574.6616230123,0.589934124536724
1759608000,2025-10-04,2025-10-04 20:00,10001769272510,9998926.648483811,5900396382675,5898719.418523514,6953633810626610130459399,,4101372889835,4100207.229960297,0.5899352626432126
1759611600,2025-10-04,2025-10-04 21:00,10001796977285,9998826.542069757,5900424087450,5898671.719597101,6953633810626610130459399,,4101372889835,4100154.822472658,0.5899363985142275
1759615200,2025-10-04,2025-10-04 22:00,10001824627808,9998893.948171413,5900451737973,5898722.8200606555,6953633810626610130459399,,4101372889835,4100171.1281107566,0.5899375321546848
1759618800,2025-10-04,2025-10-04 23:00,10001852224179,9998830.965102049,5900479334344,5898696.976801848,6953633810626610130459399,,4101372889835,4100133.9883002,0.5899386635687212
1759622400,2025-10-05,2025-10-05 00:00,10001879766503,9999879.3905497,5900506876668,5899326.775292667,6953633810626610130459399,,4101372889835,4100552.615257033,0.5899397927606782
1759626000,2025-10-05,2025-10-05 01:00,10001907254878,9999941.026362922,5900534365043,5899374.406384407,6953633810626610130459399,,4101372889835,4100566.619978516,0.5899409197346104
1759629600,2025-10-05,2025-10-05 02:00,10001934689416,9998376.514685092,5900561799581,5898462.6827055765,6953633810626610130459399,,4101372889835,4099913.8319795146,0.5899420444951462
1759633200,2025-10-05,2025-10-05 03:00,10001962070223,10000003.272442184,5900589180388,5899433.601021581,6953633810626610130459399,,4101372889835,4100569.6714206026,0.5899431670466675
1759636800,2025-10-05,2025-10-05 04:00,10001989397397,10000029.57396469,5900616507562,5899460.32092381,6953633810626610130459399,,4101372889835,4100569.253040881,0.5899442873932285
1759640400,2025-10-05,2025-10-05 05:00,10002016671048,10000073.388965106,5900643781213,5899497.35087653,6953633810626610130459399,,4101372889835,4100576.038088576,0.5899454055393748
1759644000,2025-10-05,2025-10-05 06:00,8561266667494,8558603.732448675,6200674936606,6198746.250672637,7261703206808584903236357,,2360591730888,2359857.481776037,0.7242707390658844
1759647600,2025-10-05,2025-10-05 07:00,8561440850972,8558909.554166086,6200707829269,6198874.512635054,7261703206808584903236357,,2360733021703,2360035.0415310324,0.724259845650282
1759651200,2025-10-05,2025-10-05 08:00,8561501036258,8559800.742230631,6200740685397,6199509.232838856,7261703206808584903236357,,2360760350861,2360291.509391774,0.724258591938123
1759654800,2025-10-05,2025-10-05 09:00,8562557826682,8560857.662760273,6200773503238,6199542.290367922,7261703206808584903236357,,2361784323444,2361315.372392352,0.7241730366965365
1759658400,2025-10-05,2025-10-05 10:00,8562695427987,8560198.370099481,6200806283690,6198998.001196492,7261703206808584903236357,,2361889144297,2361200.3689029887,0.7241652276247953
1759662000,2025-10-05,2025-10-05 11:00,8562961386860,8560379.607923556,6200839027461,6198969.441126773,7261703206808584903236357,,2362122359399,2361410.166796782,0.7241465595040854
1759665600,2025-10-05,2025-10-05 12:00,8567121499957,8565310.548338884,6200871724666,6199560.9601713475,7261703206808584903236357,,2366249775291,2365749.5881675356,0.723798737381876
1759669200,2025-10-05,2025-10-05 13:00,8483481857934,8481051.339654911,6200904567176,6199128.007486264,7261703206808584903236357,,2282577290758,2281923.3321686466,0.7309386253212451
1759672800,2025-10-05,2025-10-05 14:00,8483564060396,8481006.126977155,6200937419765,6199067.73563917,7261703206808584903236357,,2282626640631,2281938.3913379847,0.730935415306518
1759676400,2025-10-05,2025-10-05 15:00,6374265445249,6372990.603622648,6201075599136,6199835.395167427,7261703206808584903236357,,173189846113,173155.2084552208,0.9728298346530132
1759680000,2025-10-05,2025-10-05 16:00,6452141220118,6450263.19367815,6201193815314,6199388.832201187,7261703206808584903236357,,250947404804,250874.36147696243,0.9611063372231319
1759683600,2025-10-05,2025-10-05 17:00,6816455060074,6813838.696182183,6201244487130,6198864.259868547,7261703206808584903236357,,615210572944,614974.4363136358,0.9097462584991617
1759687200,2025-10-05,2025-10-05 18:00,6821724634603,6820364.804611256,6201293821592,6200057.667132841,7261703206808584903236357,,620430813011,620307.1374784148,0.9090507391834782
1759690800,2025-10-05,2025-10-05 19:00,6830489966554,6828482.278466816,6201342470915,6199519.708351206,7261703206808584903236357,,629147495639,628962.5701156099,0.9078913081316762
1759694400,2025-10-05,2025-10-05 20:00,8172129833507,8170223.030801232,6201425131820,6199978.153558288,7261703206808584903236357,,1970704701687,1970244.877242944,0.7588505393530576
1759698000,2025-10-05,2025-10-05 21:00,8432546348226,8430870.506766431,6201459199905,6200226.7533808,7261703206808584903236357,,2231087148321,2230643.753385631,0.7354195214366813
1759701600,2025-10-05,2025-10-05 22:00,8433117029682,8430630.672166387,6201492545133,6199664.143185852,7261703206808584903236357,,2231624484549,2230966.528980537,0.7353737085950115
1759705200,2025-10-05,2025-10-05 23:00,8434103519921,8432410.835420437,6201525853172,6200281.236400732,7261703206808584903236357,,2232577666749,2232129.5990197053,0.7352916452263427
1759708800,2025-10-06,2025-10-06 00:00,8741095491958,8738498.844604768,6201558911430,6199716.663905295,7261703206808584903236357,,2539536580528,2538782.1806994737,0.7094715893603463
1759712400,2025-10-06,2025-10-06 01:00,9364501853636,9361739.68110936,6201590635715,6199761.401918779,7261703206808584903236357,,3162911217921,3161978.27919058,0.662244584137391
1759716000,2025-10-06,2025-10-06 02:00,9364658239467,9362804.685761416,6201621479100,6200393.987591045,7261703206808584903236357,,3163036760367,3162410.6981703714,0.6622368185272901
1759719600,2025-10-06,2025-10-06 03:00,9743819127276,9740935.469134234,6201651946378,6199816.583478302,7261703206808584903236357,,3542167180898,3541118.885655932,0.6364703475475684
1759723200,2025-10-06,2025-10-06 04:00,9944410086559,9941567.977938693,6292681872865,6290883.426779205,7261703206808584903236357,,3651728213694,3650684.551159489,0.6327858382841909
1759726800,2025-10-06,2025-10-06 05:00,9944484676173,9942509.264873477,6292712063195,6291462.0542785935,7261703206808584903236357,,3651772612978,3651047.210594883,0.6327841278967775
1759730400,2025-10-06,2025-10-06 06:00,9946012059643,9943088.188426131,6292742202275,6290892.298244109,7261703206808584903236357,,3653269857368,3652195.89018202,0.6326899831348958
1759734000,2025-10-06,2025-10-06 07:00,9985530837842,9982620.485726599,6292772265073,6290938.193017062,7261703206808584903236357,,3692758572769,3691682.2927095364,0.6301890572732884
1759737600,2025-10-06,2025-10-06 08:00,9996035060934,9994039.193226721,6292802205399,6291545.7471499555,7261703206808584903236357,,3703232855535,3702493.446076766,0.6295298252796463
1759741200,2025-10-06,2025-10-06 09:00,9996259011696,9993251.484837411,6292832086562,6290938.792131076,7261703206808584903236357,,3703426925134,3702312.692706336,0.6295187108696513
1759744800,2025-10-06,2025-10-06 10:00,9996452583997,9993092.79258893,6292861916239,6290746.895613364,7261703206808584903236357,,3703590667758,3702345.8969755666,0.6295095048330486
1759748400,2025-10-06,2025-10-06 11:00,9996492211093,9993537.83758377,6292891694813,6291031.887179781,7261703206808584903236357,,3703600516280,3702505.9504039893,0.6295099882966793
1759752000,2025-10-06,2025-10-06 12:00,9996662076006,9993767.125797886,6292921422245,6291099.0445310725,7261703206808584903236357,,3703740653761,3702668.081266813,0.6295022652960609
1759755600,2025-10-06,2025-10-06 13:00,9998080233138,9995065.538047552,6292951105338,6291053.608182615,7261703206808584903236357,,3705129127800,3704011.929864937,0.629415943720917
1759759200,2025-10-06,2025-10-06 14:00,9998184944512,9994356.508379817,6292980728460,6290571.063612462,7261703206808584903236357,,3705204216052,3703785.444767354,0.6294123146735963
1759762800,2025-10-06,2025-10-06 15:00,10000026531572,9997179.225556167,6293010297801,6291218.489947086,7261703206808584903236357,,3707016233771,3705960.7356090825,0.6292993601499717
1759766400,2025-10-06,2025-10-06 16:00,6824004102741,6822039.02354736,6293073526063,6291261.336670389,7261703206808584903236357,,530930576678,530777.6868769698,0.9221966211209133
1759770000,2025-10-06,2025-10-06 17:00,7201493707246,7199279.597806346,6293111602502,6291176.776426976,7261703206808584903236357,,908382104744,908102.8213793692,0.8738619872943854
1759773600,2025-10-06,2025-10-06 18:00,7201592654946,7199758.429882703,6293148961406,6291546.11435464,7261703206808584903236357,,908443693540,908212.3155280625,0.8738551682847422
1759777200,2025-10-06,2025-10-06 19:00,7201797691140,7199688.981850636,6293186314012,6291343.649026232,7261703206808584903236357,,908611377128,908345.332824405,0.8738354760720621
1759780800,2025-10-06,2025-10-06 20:00,7117634013424,7115966.216831126,6293223844458,6291749.222797742,7261703206808584903236357,,824410168966,824216.9940333834,0.8841735656243148
1759784400,2025-10-06,2025-10-06 21:00,7263329064090,7260489.411217526,6293261341429,6290800.943794838,7261703206808584903236357,,970067722661,969688.4674226868,0.8664430987359463
1759788000,2025-10-06,2025-10-06 22:00,7262453730024,7259891.208499512,6293298445544,6291077.885754398,7261703206808584903236357,,969155284480,968813.3227451136,0.8665526390242768
1759791600,2025-10-06,2025-10-06 23:00,7258998488404,7256886.03793538,6293335548115,6291504.116458273,7261703206808584903236357,,965662940289,965381.9214771072,0.86697022435924
1759795200,2025-10-07,2025-10-07 00:00,7274137716302,7272030.058095717,6293372636400,6291549.151747987,7261703206808584903236357,,980765079902,980480.90634773,0.8651709497190276
1759798800,2025-10-07,2025-10-07 01:00,7844933111029,7843320.962109532,6293409512340,6292116.204519335,7261703206808584903236357,,1551523598689,1551204.757590197,0.8022260258015774
1759802400,2025-10-07,2025-10-07 02:00,7845071863715,7843542.044501558,6293444532926,6292217.287015133,7261703206808584903236357,,1551627330789,1551324.7574864249,0.8022163011704735
1759806000,2025-10-07,2025-10-07 03:00,7855773266197,7854249.534039897,6293479530423,6292258.826004018,7261703206808584903236357,,1562293735774,1561990.70803588,0.8011279497466568
1759809600,2025-10-07,2025-10-07 04:00,7855877694801,7853719.199253756,6293514473145,6291785.255418533,7261703206808584903236357,,1562363221656,1561933.943835222,0.8011217482815487
1759813200,2025-10-07,2025-10-07 05:00,7856022007658,7853996.490920088,6293549393932,6291926.729226395,7261703206808584903236357,,1562472613726,1562069.7616936935,0.801111477004149
1759816800,2025-10-07,2025-10-07 06:00,8097634310503,8095938.106348246,6293583920593,6292265.609246123,7261703206808584903236357,,1804050389910,1803672.4971021237,0.7772126622747011
1759820400,2025-10-07,2025-10-07 07:00,8098141951375,8095750.771718394,6293618034390,6291759.685709445,7261703206808584903236357,,1804523916985,1803991.0860089485,0.777168154396379
1759824000,2025-10-07,2025-10-07 08:00,8098338423321,8096726.514299979,6293652121454,6292399.420702383,7261703206808584903236357,,1804686301867,1804327.0935975956,0.777153508839542
1759827600,2025-10-07,2025-10-07 09:00,10071438485787,10068450.525784431,6293686072656,6291818.8833483,7261703206808584903236357,,3777752413131,3776631.642436131,0.6249043849632568
1759831200,2025-10-07,2025-10-07 10:00,10071482485382,10067737.970543938,6293715281482,6291375.317103146,7261703206808584903236357,,3777767203900,3776362.653440792,0.6249045550758644
1759834800,2025-10-07,2025-10-07 11:00,9721678565834,9718711.945921026,6293744648754,6291824.08039991,7261703206808584903236357,,3427933917080,3426887.865521115,0.647392793963876
1759838400,2025-10-07,2025-10-07 12:00,9750411024670,9747540.29677868,6293774456004,6291921.43526192,7261703206808584903236357,,3456636568666,3455618.861516761,0.6454881173808784
1759842000,2025-10-07,2025-10-07 13:00,9755496644125,9752660.42940071,6293804166088,6291974.368928632,7261703206808584903236357,,3461692478037,3460686.06047208,0.6451546646657178
1759845600,2025-10-07,2025-10-07 14:00,9763628893761,9761689.812176391,6293833809369,6292583.837932238,7261703206808584903236357,,3469795084392,3469105.974244152,0.6446203433019445
1759849200,2025-10-07,2025-10-07 15:00,9764191760594,9761346.02751059,6293863396964,6292029.076650518,7261703206808584903236357,,3470328363630,3469316.9508600743,0.6445862137165889
1759852800,2025-10-07,2025-10-07 16:00,10199184474817,10196597.875643626,6293892304678,6292296.120524963,7261703206808584903236357,,3905292170139,3904301.7551186606,0.6170976042465326
1759856400,2025-10-07,2025-10-07 17:00,10358475235801,10355932.178755034,6293920637845,6292375.449112058,7261703206808584903236357,,4064554597956,4063556.729642976,0.6076107240274059
1759860000,2025-10-07,2025-10-07 18:00,10358503513523,10355477.602200076,6293948915567,6292110.336155925,7261703206808584903236357,,4064554597956,4063367.266044152,0.6076117952125291
1759863600,2025-10-07,2025-10-07 19:00,10358531739016,10355541.86574008,6293977141060,6292160.455594585,7261703206808584903236357,,4064554597956,4063381.4101454946,0.6076128644133393
1759867200,2025-10-07,2025-10-07 20:00,10358559912383,10355085.44716979,6294005314427,6291894.180958477,7261703206808584903236357,,4064554597956,4063191.2662113137,0.6076139316337705
1759870800,2025-10-07,2025-10-07 21:00,10278633909788,10275644.138673142,6294033581232,6292202.820455591,7261703206808584903236357,,3984600328556,3983441.318217552,0.612341448919433
1759874400,2025-10-07,2025-10-07 22:00,10278662126615,10275571.217362672,6294061798059,6292169.102919622,7261703206808584903236357,,3984600328556,3983402.114443049,0.6123425131137936
1759878000,2025-10-07,2025-10-07 23:00,10278690292173,10275894.663260296,6294089963617,6292378.078213191,7261703206808584903236357,,3984600328556,3983516.5850471053,0.6123435753687231
1759881600,2025-10-08,2025-10-08 00:00,10278718406545,10274966.317069426,6294118077989,6291820.506126013,7261703206808584903236357,,3984600328556,3983145.8109434126,0.6123446356873834
1759885200,2025-10-08,2025-10-08 01:00,10204547888390,10201532.634892723,6294146277325,6292286.474540725,7261703206808584903236357,,3910401611065,3909246.1603519954,0.6167981517815234
1759888800,2025-10-08,2025-10-08 02:00,10204576038587,10201584.591220766,6294174427522,6292329.305153111,7261703206808584903236357,,3910401611065,3909255.2860676553,0.6167992088766421
1759892400,2025-10-08,2025-10-08 03:00,10204604138422,10201624.084808968,6294202527357,6292364.429501525,7261703206808584903236357,,3910401611065,3909259.655307443,0.6168002640747523
1759896000,2025-10-08,2025-10-08 04:00,10204632187971,10202610.773034446,6294230576906,6292983.765510164,7261703206808584903236357,,3910401611065,3909627.0075242813,0.6168013173787393
1759899600,2025-10-08,2025-10-08 05:00,10204660187351,10201585.768812735,6294258576286,6292362.267648937,7261703206808584903236357,,3910401611065,3909223.501163798,0.6168023687930279
1759903200,2025-10-08,2025-10-08 06:00,10204688136640,10201290.741950484,6294286525575,6292191.000917123,7261703206808584903236357,,3910401611065,3909099.7410333618,0.6168034183205778
1759906800,2025-10-08,2025-10-08 07:00,10204716035937,10201724.508534642,6294314424872,6292469.237410168,7261703206808584903236357,,3910401611065,3909255.2711244733,0.6168044659651378
1759910400,2025-10-08,2025-10-08 08:00,10204743885332,10201775.96614444,6294342274267,6292511.645353745,7261703206808584903236357,,3910401611065,3909264.320790697,0.6168055117301183
1759914000,2025-10-08,2025-10-08 09:00,10204771684906,10201768.839086877,6294370073841,6292517.898854253,7261703206808584903236357,,3910401611065,3909250.940232624,0.6168065556185914
1759917600,2025-10-08,2025-10-08 10:00,10204799434752,10201849.86213982,6294397823687,6292578.504890033,7261703206808584903236357,,3910401611065,3909271.357249785,0.6168075976340801
1759921200,2025-10-08,2025-10-08 11:00,10204827134965,10201455.278007248,6294425523900,6292345.7334031,7261703206808584903236357,,3910401611065,3909109.5446041483,0.6168086377801821
1759924800,2025-10-08,2025-10-08 12:00,10204854785617,10201827.705278622,6294453174552,6292586.04210908,7261703206808584903236357,,3910401611065,3909241.6631695437,0.6168096760596313
1759928400,2025-10-08,2025-10-08 13:00,10204882386816,10202614.007948227,6294480775751,6293081.615365402,7261703206808584903236357,,3910401611065,3909532.3925828245,0.6168107124765134
1759932000,2025-10-08,2025-10-08 14:00,10204909938626,10201890.950938594,6294508327561,6292646.180491259,7261703206808584903236357,,3910401611065,3909244.7704473343,0.6168117470332618
1759935600,2025-10-08,2025-10-08 15:00,10000653357623,9998615.634427328,6694538055170,6693173.982744778,7771810207052916443354000,,3306115302453,3305441.651682549,0.669410069099844
1759939200,2025-10-08,2025-10-08 16:00,10000684241528,9998154.647882754,6694568939075,6692875.601035626,7771810207052916443354000,,3306115302453,3305279.046847128,0.6694110900207904
1759942800,2025-10-08,2025-10-08 17:00,10000715080475,9997781.75711108,6694599778022,6692636.175841261,7771810207052916443354000,,3306115302453,3305145.581269819,0.6694121094492804
1759946400,2025-10-08,2025-10-08 18:00,10000745874532,9998416.595988696,6694630572079,6693071.322444771,7771810207052916443354000,,3306115302453,3305345.2735439264,0.6694131273875895
1759950000,2025-10-08,2025-10-08 19:00,10000776623762,9997990.078675812,6694661321309,6692795.968615864,7771810207052916443354000,,3306115302453,3305194.110059948,0.6694141438378277
1759953600,2025-10-08,2025-10-08 20:00,10000807328240,9997956.992143808,6694692025787,6692783.967596527,7771810207052916443354000,,3306115302453,3305173.024547281,0.6694151588025015
1759957200,2025-10-08,2025-10-08 21:00,10000837988017,9997936.288958412,6694722685564,6692780.2412870815,7771810207052916443354000,,3306115302453,3305156.0476713297,0.6694161722833241
1759960800,2025-10-08,2025-10-08 22:00,10000868603169,9997009.915168382,6694753300716,6692170.2286596,7771810207052916443354000,,3306115302453,3304839.6865087817,0.6694171842828349
1759964400,2025-10-08,2025-10-08 23:00,10000899173751,9997624.624741629,6694783871298,6692591.8286113525,7771810207052916443354000,,3306115302453,3305032.7961302754,0.6694181948028791
1759968000,2025-10-09,2025-10-09 00:00,10000929699838,9997875.174628045,6694814397385,6692769.639550826,7771810207052916443354000,,3306115302453,3305105.535077221,0.669419203845963
1759971600,2025-10-09,2025-10-09 01:00,10000961410775,9997998.357940273,7344846108322,7342670.000827129,8499562644243830366585284,,2656115302453,2655328.3571131434,0.7344140034785744
1759975200,2025-10-09,2025-10-09 02:00,10000997052780,9998062.393787209,7344881750327,7342726.492889584,8499562644243830366585284,,2656115302453,2655335.9008976254,0.7344149499859443
1759978800,2025-10-09,2025-10-09 03:00,10001032657575,9998032.347777726,7344917355122,7342713.879915463,8499562644243830366585284,,2656115302453,2655318.467862264,0.7344158954984313
1759982400,2025-10-09,2025-10-09 04:00,10001068225189,9997707.24340228,7344952922736,7342484.5611128425,8499562644243830366585284,,2656115302453,2655222.682289437,0.7344168400168268
1759986000,2025-10-09,2025-10-09 05:00,10001103755689,9998103.424562294,7344988453236,7342784.956700029,8499562644243830366585284,,2656115302453,2655318.4678622643,0.7344177835429312
1759989600,2025-10-09,2025-10-09 06:00,10001139249114,9998155.449094925,7345023946661,7342832.588052121,8499562644243830366585284,,2656115302453,2655322.8610428055,0.7344187260778011
1759993200,2025-10-09,2025-10-09 07:00,10001174705479,9997676.041517489,7345059403026,7342489.915402266,8499562644243830366585284,,2656115302453,2655186.1261152225,0.734419667621856
1759996800,2025-10-09,2025-10-09 08:00,10001210124836,9998233.919683732,7345094822383,7342909.035985013,8499562644243830366585284,,2656115302453,2655324.8836987186,0.7344206081764976
1760000400,2025-10-09,2025-10-09 09:00,10001245507213,9998166.890810274,7345130204760,7342869.202536603,8499562644243830366585284,,2656115302453,2655297.688273669,0.7344215477424904
1760004000,2025-10-09,2025-10-09 10:00,10001280852666,9998315.126224484,7345165550213,7342987.454026073,8499562644243830366585284,,2656115302453,2655327.672198411,0.7344224863213425
1760007600,2025-10-09,2025-10-09 11:00,10001316161225,9999343.693280494,7345200858772,7343752.232110635,8499562644243830366585284,,2656115302453,2655591.4611698585,0.7344234239138713
1760011200,2025-10-09,2025-10-09 12:00,10001351432931,9998673.533141596,7345236130478,7343269.415637627,8499562644243830366585284,,2656115302453,2655404.117503969,0.7344243605211863
1760014800,2025-10-09,2025-10-09 13:00,10001386667816,9998475.932917122,7345271365363,7343133.648022894,8499562644243830366585284,,2656115302453,2655342.2848942275,0.7344252961441581
1760018400,2025-10-09,2025-10-09 14:00,10001421865924,9998551.96351042,7345306563471,7343198.831858676,8499562644243830366585284,,2656115302453,2655353.1316517433,0.7344262307839756
1760022000,2025-10-09,2025-10-09 15:00,10001457027290,9998487.046272384,7345341724837,7343160.490099787,8499562644243830366585284,,2656115302453,2655326.556172597,0.7344271644415892
1760025600,2025-10-09,2025-10-09 16:00,10001492151945,9998546.77152575,7345376849492,7343213.679355402,8499562644243830366585284,,2656115302453,2655333.0921703475,0.7344280971178423
1760029200,2025-10-09,2025-10-09 17:00,10001527239948,9998619.262412826,7345411937495,7343276.234378027,8499562644243830366585284,,2656115302453,2655343.0280347974,0.7344290288143224
1760032800,2025-10-09,2025-10-09 18:00,10001562291324,9998662.00503981,7345446988871,7343316.931732671,8499562644243830366585284,,2656115302453,2655345.073307138,0.7344299595317137
1760036400,2025-10-09,2025-10-09 19:00,10001597306108,9999009.18665305,7345482003655,7343581.208782161,8499562644243830366585284,,2656115302453,2655427.9778708885,0.7344308892709663
1760040000,2025-10-09,2025-10-09 20:00,10001632284333,9998988.314020526,7345516981880,7343575.165956585,8499562644243830366585284,,2656115302453,2655413.148063942,0.7344318180329769
1760043600,2025-10-09,2025-10-09 21:00,10001667226060,9999489.66240574,7345551923607,7343952.649553206,8499562644243830366585284,,2656115302453,2655537.012852535,0.7344327458193852
1760047200,2025-10-09,2025-10-09 22:00,10001702131318,9998771.144885108,7345586828865,7343434.213734659,8499562644243830366585284,,2656115302453,2655336.9311504485,0.7344336726309821
1760050800,2025-10-09,2025-10-09 23:00,10001737000141,9998766.69542015,7345621697688,7343440.203133013,8499562644243830366585284,,2656115302453,2655326.492287137,0.7344345984686904
1760054400,2025-10-10,2025-10-10 00:00,10001771832568,9999780.80740225,7345656530115,7344194.250505422,8499562644243830366585284,,2656115302453,2655586.556896828,0.7344355233335661
1760058000,2025-10-10,2025-10-10 01:00,10164297054332,10161301.969451487,7345690932932,7343526.398805091,8499562644243830366585284,,2818606121400,2817775.570646397,0.7226954204178127
1760061600,2025-10-10,2025-10-10 02:00,10164331415718,10161373.20362677,7345725294318,7343587.405213862,8499562644243830366585284,,2818606121400,2817785.7984129074,0.7226963578695061
1760065200,2025-10-10,2025-10-10 03:00,10164365738684,10161887.658186043,7345759617284,7343968.715213151,8499562644243830366585284,,2818606121400,2817918.9429728915,0.7226972942666927
1760068800,2025-10-10,2025-10-10 04:00,8926800722616,8924579.578749916,7345796264232,7343968.501876729,8499562644243830366585284,,1581004458384,1580611.0768731867,0.8228923768424073
1760072400,2025-10-10,2025-10-10 05:00,8926887788915,8924269.99651143,7345833894223,7343679.742785131,8499562644243830366585284,,1581053894692,1580590.2537262987,0.8228885663091587
1760076000,2025-10-10,2025-10-10 06:00,8928207895919,8925529.433550224,7345871505376,7343667.743924387,8499562644243830366585284,,1582336390543,1581861.6896258371,0.822771108268405
1760079600,2025-10-10,2025-10-10 07:00,8943020059219,8940369.275954299,7345909079308,7343731.692617319,8499562644243830366585284,,1597110979911,1596637.5833369808,0.8214125687591852
1760083200,2025-10-10,2025-10-10 08:00,11343754638565,11341164.619814225,7345944189271,7344266.955074865,8499562644243830366585284,,3997810449294,3996897.6647393587,0.6475760824636694
1760086800,2025-10-10,2025-10-10 09:00,9851481951734,9848553.197788773,7345979112223,7343795.220965635,8499562644243830366585284,,2505502839511,2504757.9768231376,0.7456724935612357
1760090400,2025-10-10,2025-10-10 10:00,9862619358454,9860285.069393937,7346014014399,7344275.356591611,8499562644243830366585284,,2516605344055,2516009.712802326,0.7448339784199594
1760094000,2025-10-10,2025-10-10 11:00,10248531369438,10245781.428820862,7346047976186,7344076.845398869,8499562644243830366585284,,2902483393252,2901704.583421991,0.7167903098869898
1760097600,2025-10-10,2025-10-10 12:00,10270098266209,10267933.438336063,7346081826163,7344533.34996716,8499562644243830366585284,,2924016440046,2923400.0883689015,0.7152883678176001
1760101200,2025-10-10,2025-10-10 13:00,10000053702585,9997042.828625761,7346116251139,7343904.440004787,8499562644243830366585284,,2653937451446,2653138.3886209726,0.7346076800807618
1760104800,2025-10-10,2025-10-10 14:00,10000088097903,9997774.573446505,7346150646457,7344451.111511379,8499562644243830366585284,,2653937451446,2653323.4619351258,0.734608592898044
1760108400,2025-10-10,2025-10-10 15:00,7346244099447,7344096.550991266,7346244099447,7344096.550991266,8499562644243830366585284,,0,0,1
1760112000,2025-10-10,2025-10-10 16:00,8624169605093,8622347.398333566,7346293067756,7344740.864413786,8499562644243830366585284,,1277876537337,1277606.5339197803,0.851826135633702
1760115600,2025-10-10,2025-10-10 17:00,9070948832438,9069181.325986166,7346331021625,7344899.563051274,8499562644243830366585284,,1724617810813,1724281.762934893,0.8098745960680859
1760119200,2025-10-10,2025-10-10 18:00,9073408593153,9072486.653212938,7346367961549,7345621.504474064,8499562644243830366585284,,1727040631604,1726865.1487388741,0.809659113896043
1760122800,2025-10-10,2025-10-10 19:00,9363239502777,9362027.573969617,7346404406220,7345453.526011505,8499562644243830366585284,,2016835096557,2016574.0479581112,0.7846007147463401
1760126400,2025-10-10,2025-10-10 20:00,9363484022136,9361657.140368572,7346440460504,7345007.1181603735,8499562644243830366585284,,2017043561632,2016650.0222081973,0.7845840760913829
1760130000,2025-10-10,2025-10-10 21:00,9363954464581,9362905.240307344,7346476487659,7345653.320322395,8499562644243830366585284,,2017477976922,2017251.9199849486,0.7845485062370736
1760133600,2025-10-10,2025-10-10 22:00,7346876938351,7344600.367959227,7346575154661,7344298.677782678,8499562644243830366585284,,301783690,301.69017654943605,0.9999589235409096
1760137200,2025-10-10,2025-10-10 23:00,7356884758251,7355791.458749908,7346734740856,7345642.949739139,8499562644243830366585284,,10150017395,10148.509010769625,0.9986203375846527
1760140800,2025-10-11,2025-10-11 00:00,7346888674555,7346703.414523324,7346888674555,7346703.414523324,8499562644243830366585284,,0,0,1
1760144400,2025-10-11,2025-10-11 01:00,7347037304186,7346016.268983643,7347037304186,7346016.268983643,8499562644243830366585284,,0,0,1
1760148000,2025-10-11,2025-10-11 02:00,7347200174170,7345844.63919651,7347200174170,7345844.63919651,8499562644243830366585284,,0,0,1
1760151600,2025-10-11,2025-10-11 03:00,7347363980047,7346162.797619605,7347363980047,7346162.797619605,8499562644243830366585284,,0,0,1
1760155200,2025-10-11,2025-10-11 04:00,7347528727234,7346084.025609937,7347528727234,7346084.025609937,8499562644243830366585284,,0,0,1
1760158800,2025-10-11,2025-10-11 05:00,7347694322775,7346415.038995616,7347694322775,7346415.038995616,8499562644243830366585284,,0,0,1
1760162400,2025-10-11,2025-10-11 06:00,8043633920564,8041289.043081261,7347827998221,7345685.961849104,8499562644243830366585284,,695805922343,695603.0812321574,0.9134960728926097
1760166000,2025-10-11,2025-10-11 07:00,8099257055561,8097443.160795252,7347886013016,7346240.393931819,8499562644243830366585284,,751371042545,751202.7668634334,0.9072296338552307
1760169600,2025-10-11,2025-10-11 08:00,8399646353157,8398028.94283648,7347926970867,7346512.076427706,8499562644243830366585284,,1051719382290,1051516.8664087728,0.8747900401908335
1760173200,2025-10-11,2025-10-11 09:00,8238796348594,8236930.972508328,7347968364333,7346304.6838771235,8499562644243830366585284,,890827984261,890626.2886312043,0.891874013318338
1760176800,2025-10-11,2025-10-11 10:00,8322132256912,8319674.874620738,7348009623111,7345839.8824524265,8499562644243830366585284,,974122633801,973834.9921683125,0.8829479508701708
1760180400,2025-10-11,2025-10-11 11:00,7721880368903,7719683.433168991,7348114062161,7346023.465882696,8499562644243830366585284,,373766306742,373659.96728629473,0.9515964649948211
1760184000,2025-10-11,2025-10-11 12:00,7720282743459,7718265.983797376,7348221085339,7346301.518872065,8499562644243830366585284,,372061658120,371964.46492531174,0.95180724974934
1760187600,2025-10-11,2025-10-11 13:00,7723448625220,7721992.672718026,7348328323792,7346943.085470687,8499562644243830366585284,,375120301428,375049.58724733954,0.9514309837961388
1760191200,2025-10-11,2025-10-11 14:00,7730199117502,7728731.943777586,7048414730506,7047076.9578646775,8499562644243830366585284,,681784386996,681654.9859129087,0.911802480552879
1760194800,2025-10-11,2025-10-11 15:00,7824909067511,7823656.798137578,7048461367539,7047333.357970562,8499562644243830366585284,,776447699972,776323.440167017,0.9007723037708121
1760198400,2025-10-11,2025-10-11 16:00,7824958301178,7823473.879448464,7048502788356,7047165.662930277,8499562644243830366585284,,776455512822,776308.2165181874,0.9007719296465632
1760202000,2025-10-11,2025-10-11 17:00,7825610344559,7824085.46801388,7048544166839,7047170.707235976,8499562644243830366585284,,777066177720,776914.7607779036,0.9007021633449613
1760205600,2025-10-11,2025-10-11 18:00,7825040642212,7823541.529758889,7048585506383,7047235.146328327,8499562644243830366585284,,776455135829,776306.3834305622,0.9007730219776201
1760209200,2025-10-11,2025-10-11 19:00,7724910352401,7723402.713395681,7048635707491,7047260.054228746,8499562644243830366585284,,676274644910,676142.6591669348,0.9124553407018108
1760212800,2025-10-11,2025-10-11 20:00,7311735089107,7311000.112494166,7048751507241,7048042.965773843,8499562644243830366585284,,262983581866,262957.1467203232,0.9640326709514145
1760216400,2025-10-11,2025-10-11 21:00,7311848731510,7311063.430917403,7048870465219,7048113.408781327,8499562644243830366585284,,262978266291,262950.0221360753,0.964033956944745
1760220000,2025-10-11,2025-10-11 22:00,7311968127401,7311248.4403706975,7048989861110,7048296.057951756,8499562644243830366585284,,262978266291,262952.3824189421,0.9640345442281798
1760223600,2025-10-11,2025-10-11 23:00,7311655151132,7310383.490528601,7049109754928,7047883.7568497155,8499562644243830366585284,,262545396204,262499.733678887,0.9640922074718811
1760227200,2025-10-12,2025-10-12 00:00,7311775499541,7310370.46313403,7049230103337,7047875.517855413,8499562644243830366585284,,262545396204,262494.9452786164,0.9640927984973716
1760230800,2025-10-12,2025-10-12 01:00,7671031426873,7670288.529257293,7049295262053,7048612.576198755,8499562644243830366585284,,621736164820,621675.9530585378,0.9189501215388133
1760234400,2025-10-12,2025-10-12 02:00,7671096237253,7670359.418354289,7049360072433,7048682.972111933,8499562644243830366585284,,621736164820,621676.4462423569,0.9189508063005813
1760238000,2025-10-12,2025-10-12 03:00,7564266245215,7563129.549798533,7049433315454,7048373.984875382,8499562644243830366585284,,514832929761,514755.5649231513,0.9319388142786919
1760241600,2025-10-12,2025-10-12 04:00,7564347395445,7563600.717681824,7049514465684,7048818.607149544,8499562644243830366585284,,514832929761,514782.1105322804,0.9319395444382929
1760245200,2025-10-12,2025-10-12 05:00,7575800350597,7575040.220122971,7049594032671,7048886.6999793,8499562644243830366585284,,526206317926,526153.5201436705,0.9305411582177541
1760248800,2025-10-12,2025-10-12 06:00,7562204915694,7561460.251479641,7049674295361,7048980.100978651,8499562644243830366585284,,512530620333,512480.15050098934,0.9322247114370923
1760252400,2025-10-12,2025-10-12 07:00,7550536037208,7549788.515712285,7049757524578,7049059.581377249,8499562644243830366585284,,500778512630,500728.9343350368,0.9336764290426226
1760256000,2025-10-12,2025-10-12 08:00,7550619960501,7549872.828193094,7049841447871,7049143.867494968,8499562644243830366585284,,500778512630,500728.96069812577,0.9336771662128824
1760259600,2025-10-12,2025-10-12 09:00,7507012814190,7506281.171497012,7049928167124,7049241.07246235,8499562644243830366585284,,457084647066,457040.0990346617,0.9391123129293181
1760263200,2025-10-12,2025-10-12 10:00,7136521574353,7135117.211436014,7050037862159,7048650.517969844,8499562644243830366585284,,86483712194,86466.69346616977,0.9878815314585747
1760266800,2025-10-12,2025-10-12 11:00,7136674700696,7135979.6956417505,7050190988502,7049504.405663923,8499562644243830366585284,,86483712194,86475.28997782708,0.9878817914755782
1760270400,2025-10-12,2025-10-12 12:00,7136828600699,7135442.972916225,7050344888505,7048976.051686542,8499562644243830366585284,,86483712194,86466.92122968264,0.9878820527950567
1760274000,2025-10-12,2025-10-12 13:00,7076490477429,7075803.030502327,7050507751174,7049822.828343893,8499562644243830366585284,,25982726255,25980.202158434404,0.9963283033676263
1760277600,2025-10-12,2025-10-12 14:00,7050677415589,7049309.991457382,7050677415589,7049309.991457382,8499562644243830366585284,,0,0,1
1760281200,2025-10-12,2025-10-12 15:00,7050849510301,7049477.367842073,7050849510301,7049477.367842073,8499562644243830366585284,,0,0,1
1760284800,2025-10-12,2025-10-12 16:00,7051022594342,7049624.533319228,7051022594342,7049624.533319228,8499562644243830366585284,,0,0,1
1760288400,2025-10-12,2025-10-12 17:00,7051196673358,7050490.689456133,7051196673358,7050490.689456133,8499562644243830366585284,,0,0,1
1760292000,2025-10-12,2025-10-12 18:00,7051371753136,7050734.33148291,7051371753136,7050734.33148291,8499562644243830366585284,,0,0,1
1760295600,2025-10-12,2025-10-12 19:00,7033109863587,7032417.318809202,7033109863587,7032417.318809202,8478834247952214631958774,,0,0,1
1760299200,2025-10-12,2025-10-12 20:00,7033286479946,7031917.924146442,7033286479946,7031917.924146442,8478834247952214631958774,,0,0,1
1760302800,2025-10-12,2025-10-12 21:00,7033464112250,7032078.781573317,7033464112250,7032078.781573317,8478834247952214631958774,,0,0,1
1760306400,2025-10-12,2025-10-12 22:00,7033642765856,7032971.974012502,7033642765856,7032971.974012502,8478834247952214631958774,,0,0,1
1760310000,2025-10-12,2025-10-12 23:00,7033822446081,7032480.998913529,7033822446081,7032480.998913529,8478834247952214631958774,,0,0,1
1760313600,2025-10-13,2025-10-13 00:00,7034003159462,7033330.0061229905,7034003159462,7033330.0061229905,8478834247952214631958774,,0,0,1
1760317200,2025-10-13,2025-10-13 01:00,7034184912325,7033513.026998681,7034184912325,7033513.026998681,8478834247952214631958774,,0,0,1
1760320800,2025-10-13,2025-10-13 02:00,7034367709857,7032977.377070282,7034367709857,7032977.377070282,8478834247952214631958774,,0,0,1
1760324400,2025-10-13,2025-10-13 03:00,7034551558552,7033534.215628698,7034551558552,7033534.215628698,8478834247952214631958774,,0,0,1
1760328000,2025-10-13,2025-10-13 04:00,7034736464476,7034100.990057828,7034736464476,7034100.990057828,8478834247952214631958774,,0,0,1
1760331600,2025-10-13,2025-10-13 05:00,7034922434270,7034546.032427933,7034922434270,7034546.032427933,8478834247952214631958774,,0,0,1
1760335200,2025-10-13,2025-10-13 06:00,7035109474785,7034439.770257136,7035109474785,7034439.770257136,8478834247952214631958774,,0,0,1
1760338800,2025-10-13,2025-10-13 07:00,7035297591017,7034607.850308393,7035297591017,7034607.850308393,8478834247952214631958774,,0,0,1
1760342400,2025-10-13,2025-10-13 08:00,8735391251291,8733914.71152647,7035405116311,7034215.924537562,8478834247952214631958774,,1699986134980,1699698.7869889098,0.8053909566181412
1760346000,2025-10-13,2025-10-13 09:00,8207139467408,8205507.402535882,7035450681075,7034051.617252374,8478834247952214631958774,,1171688786333,1171455.7852835087,0.8572354239883478
1760349600,2025-10-13,2025-10-13 10:00,7822100111880,7820605.308547526,7035496868725,7034152.385272402,8478834247952214631958774,,786603243155,786452.9232751231,0.8994383564638443
1760353200,2025-10-13,2025-10-13 11:00,7822147339680,7820657.485878092,7035544096525,7034204.063965459,8478834247952214631958774,,786603243155,786453.4219126331,0.8994389636251495
1760356800,2025-10-13,2025-10-13 12:00,9122223040387,9121340.558174284,7035589554475,7034908.932809612,8478834247952214631958774,,2086633485912,2086431.6253646726,0.7712582254705015
1760360400,2025-10-13,2025-10-13 13:00,8859435871644,8858545.88918756,7035632599592,7034925.828904305,8478834247952214631958774,,1823803272052,1823620.0602832553,0.7941400221780074
1760364000,2025-10-13,2025-10-13 14:00,9475069667225,9474152.16288024,7035688095112,7035006.804670625,8478834247952214631958774,,2439381572113,2439145.3582096146,0.7425473734983702
1760367600,2025-10-13,2025-10-13 15:00,9475110648404,9473673.674784457,7035729076291,7034662.053703925,8478834247952214631958774,,2439381572113,2439011.6210805317,0.742548487016994
1760371200,2025-10-13,2025-10-13 16:00,9475151588927,9474205.603600828,7035770016814,7035067.5757889915,8478834247952214631958774,,2439381572113,2439138.027811835,0.742549599421317
1760374800,2025-10-13,2025-10-13 17:00,8736169939495,8735158.618922455,7035813315783,7034998.832685703,8478834247952214631958774,,1700356623712,1700159.7862367528,0.8053658942662132
1760378400,2025-10-13,2025-10-13 18:00,8836233482304,8835377.107954541,7035856424519,7035174.535908825,8478834247952214631958774,,1800377057785,1800202.5720457165,0.7962506240480688
1760382000,2025-10-13,2025-10-13 19:00,9836304741607,9835352.162090555,7035898646486,7035217.267339411,8478834247952214631958774,,2800406095121,2800134.894751144,0.7152989696145297
1760385600,2025-10-13,2025-10-13 20:00,9836344489121,9834766.728821851,7035938394000,7034809.8218685975,8478834247952214631958774,,2800406095121,2799956.906953255,0.71530012005799
1760389200,2025-10-13,2025-10-13 21:00,9836384190336,9835020.065208597,7035978095215,7035002.334780086,8478834247952214631958774,,2800406095121,2800017.7304285103,0.7153012691521008
1760392800,2025-10-13,2025-10-13 22:00,9836423845313,9835420.141163968,7036017750192,7035299.798188346,8478834247952214631958774,,2800406095121,2800120.342975622,0.71530241689866
1760396400,2025-10-13,2025-10-13 23:00,9836463454112,9835475.77170152,7036057358991,7035350.866243375,8478834247952214631958774,,2800406095121,2800124.9054581444,0.7153035632994368
1760400000,2025-10-14,2025-10-14 00:00,9836503548369,9835517.662834372,7686097453248,7685327.096966458,8872896438464150007553718,,2150406095121,2150190.5658679144,0.7813851146856384
1760403600,2025-10-14,2025-10-14 01:00,8559513240058,8558657.054704646,7686148376330,7685379.551342065,8872896438464150007553718,,873364863728,873277.5033625814,0.8979655922908436
1760407200,2025-10-14,2025-10-14 02:00,8580948784671,8579753.22069165,7686199290122,7685128.389544455,8872896438464150007553718,,894749494549,894624.8311471934,0.8957283725842322
1760410800,2025-10-14,2025-10-14 03:00,8584811488979,8583962.898230115,7686250149364,7685490.37953344,8872896438464150007553718,,898561339615,898472.5186966743,0.895331267230672
1760414400,2025-10-14,2025-10-14 04:00,8585101715225,8585031.946295077,7686300998539,7686238.5339330435,8872896438464150007553718,,898800716686,898793.412362033,0.8953069227948636
1760418000,2025-10-14,2025-10-14 05:00,8585214951669,8583504.783235632,7686351845983,7684820.73041178,8872896438464150007553718,,898863105686,898684.0528238507,0.8953010366372647
1760421600,2025-10-14,2025-10-14 06:00,8506445908276,8506378.192060597,7686403406678,7686342.218473859,8872896438464150007553718,,820042501598,820035.9735867394,0.9035975176424536
1760425200,2025-10-14,2025-10-14 07:00,9097166703948,9097151.11179419,7686453112598,7686439.93834682,8872896438464150007553718,,1410713591350,1410711.17344737,0.8449282466443342
1760428800,2025-10-14,2025-10-14 08:00,9098096161569,9097806.445117764,7686501792060,7686257.025904305,8872896438464150007553718,,1411594369509,1411549.4192134596,0.8448472796460786
1760432400,2025-10-14,2025-10-14 09:00,8351497826055,8350663.64135434,7686584168876,7685816.398705001,8872896438464150007553718,,664913657179,664847.2426493395,0.920383903459257
1760436000,2025-10-14,2025-10-14 10:00,8352249760811,8352225.54488985,7686666486836,7686644.200659834,8872896438464150007553718,,665583273975,665581.344230016,0.9203108990947642
1760439600,2025-10-14,2025-10-14 11:00,8355459662897,8354626.958248307,7686748746375,7685982.685419328,8872896438464150007553718,,668710916522,668644.2728289794,0.9199671898972288
1760443200,2025-10-14,2025-10-14 12:00,8356201267271,8355933.982385512,7686830620403,7686584.746281923,8872896438464150007553718,,669370646868,669349.2361035899,0.9198953417398231
1760446800,2025-10-14,2025-10-14 13:00,8265037510127,8264050.031057444,7686928918049,7686010.509462659,8872896438464150007553718,,578108592078,578039.5215947859,0.930053724333416
1760450400,2025-10-14,2025-10-14 14:00,8274701796485,8273907.099794971,7687025566371,7686287.309703387,8872896438464150007553718,,587676230114,587619.7900915839,0.9289791651025251
1760454000,2025-10-14,2025-10-14 15:00,8275400788168,8275387.06175923,7687121725673,7687108.975042816,8872896438464150007553718,,588279062495,588278.0867164136,0.9289123176564319
1760457600,2025-10-14,2025-10-14 16:00,8278765453338,8277686.654552305,7687217581693,7686215.867000243,8872896438464150007553718,,591547871645,591470.7875520627,0.9285463666075372
1760461200,2025-10-14,2025-10-14 17:00,11408467732447,11406593.049537795,7687308178486,7686044.970700522,8872896438464150007553718,,3721159553961,3720548.0788372727,0.6738247728590587
1760464800,2025-10-14,2025-10-14 18:00,12263578632179,12262361.230859082,7687348969589,7686585.849046217,8872896438464150007553718,,4576229662590,4575775.381812865,0.6268438601941029
1760468400,2025-10-14,2025-10-14 19:00,12263629793236,12261702.043688841,7687388773182,7686180.373998708,8872896438464150007553718,,4576241020054,4575521.669690133,0.626844490806627
1760472000,2025-10-14,2025-10-14 20:00,12265011640625,12263577.517403854,7687428506316,7686529.6307132,8872896438464150007553718,,4577583134309,4577047.886690654,0.6267771064197918
1760475600,2025-10-14,2025-10-14 21:00,8439414916537,8437765.89273949,7687496487108,7685994.384796892,8872896438464150007553718,,751918429429,751771.5079425962,0.9109039623166745
1760479200,2025-10-14,2025-10-14 22:00,8439483193888,8437854.67282736,7687564764459,7686081.336998296,8872896438464150007553718,,751918429429,751773.335829063,0.9109046831240152
1760482800,2025-10-14,2025-10-14 23:00,8439551514356,8438722.834101096,7687633084927,7686878.2356043095,8872896438464150007553718,,751918429429,751844.5984967868,0.9109054043748701
1760486400,2025-10-15,2025-10-15 00:00,8439619877974,8437976.663928773,7687701448545,7686204.634804758,8872896438464150007553718,,751918429429,751772.0291240138,0.910906126069566
1760490000,2025-10-15,2025-10-15 01:00,8440605493371,8439243.078332946,7687769707644,7686528.809337946,8872896438464150007553718,,752835785727,752714.2689949995,0.9108078459160004
1760493600,2025-10-15,2025-10-15 02:00,8440673794042,8439038.758358212,7687838008315,7686348.803805798,8872896438464150007553718,,752835785727,752689.9545524123,0.9108085676455827
1760497200,2025-10-15,2025-10-15 03:00,8440742137470,8439837.098599313,7687906351743,7687082.033931934,8872896438464150007553718,,752835785727,752755.0646673787,0.9108092898152849
1760500800,2025-10-15,2025-10-15 04:00,8440810523687,8439122.97434074,7687974737960,7686437.701118965,8872896438464150007553718,,752835785727,752685.2732217757,0.9108100124254233
1760504400,2025-10-15,2025-10-15 05:00,8566973099633,8565276.634948768,7688026402213,7686503.989905745,8872896438464150007553718,,878946697420,878772.6450430222,0.8974028881382091
1760508000,2025-10-15,2025-10-15 06:00,8567024646297,8565404.169977985,7688077948877,7686623.727747816,8872896438464150007553718,,878946697420,878780.4422301704,0.8974035054515789
1760511600,2025-10-15,2025-10-15 07:00,8567076192457,8566131.071817365,7688129495037,7687281.339878494,8872896438464150007553718,,878946697420,878849.731938871,0.8974041227514843
1760515200,2025-10-15,2025-10-15 08:00,12267160136062,12264816.416588683,7688172877273,7686704.002628271,8872896438464150007553718,,4578987258789,4578112.413960412,0.626728011373385
1760518800,2025-10-15,2025-10-15 09:00,8539127826896,8538295.525056016,7688224911190,7687475.546164729,8872896438464150007553718,,850902915706,850819.978891287,0.900352479438722
1760522400,2025-10-15,2025-10-15 10:00,9039211738620,9038444.900369432,7688277031596,7687624.799401505,8872896438464150007553718,,1350934707024,1350820.1009679276,0.8505472881830906
1760526000,2025-10-15,2025-10-15 11:00,9039261201750,9038386.258572524,7688326494726,7687582.313463547,8872896438464150007553718,,1350934707024,1350803.9451089778,0.8505481059931691
1760529600,2025-10-15,2025-10-15 12:00,9039310649687,9038431.712032765,7688375942663,7687628.36318733,8872896438464150007553718,,1350934707024,1350803.3488454362,0.8505489235431046
1760533200,2025-10-15,2025-10-15 13:00,8826108821357,8825245.782505602,7688426255535,7687674.4621117655,8872896438464150007553718,,1137682565822,1137571.3203938347,0.8711003241803353
1760536800,2025-10-15,2025-10-15 14:00,12826156761133,12824920.036796657,7688470715787,7687729.377674536,8872896438464150007553718,,5137686045346,5137190.659122122,0.5994368273343821
1760540400,2025-10-15,2025-10-15 15:00,12826195327253,12824856.682194857,7688509281907,7687706.847148124,8872896438464150007553718,,5137686045346,5137149.835046732,0.5994380317575949
1760544000,2025-10-15,2025-10-15 16:00,12826233820148,12824965.686265985,7688547774802,7687787.605599298,8872896438464150007553718,,5137686045346,5137178.0806666855,0.5994392338867625
1760547600,2025-10-15,2025-10-15 17:00,12826272239977,12823807.972170893,7688586194631,7687109.012868488,8872896438464150007553718,,5137686045346,5136698.959302406,0.5994404337268914
1760551200,2025-10-15,2025-10-15 18:00,12826310586896,12823850.85472691,7688624541550,7687150.075686042,8872896438464150007553718,,5137686045346,5136700.779040868,0.5994416312828946
1760554800,2025-10-15,2025-10-15 19:00,12826348861062,12824429.794126475,7688662815716,7687512.444807813,8872896438464150007553718,,5137686045346,5136917.349318664,0.599442826559716
1760558400,2025-10-15,2025-10-15 20:00,11826260499885,11824014.303289961,7688703093745,7687242.755651686,8872896438464150007553718,,4137557406140,4136771.547638275,0.650138147542054
1760562000,2025-10-15,2025-10-15 21:00,11826300976778,11824018.50176191,8038743570638,8037192.093857832,9275273899690818536106530,,3787557406140,3786826.4079040764,0.6797343976297231
1760565600,2025-10-15,2025-10-15 22:00,11826344356472,11825155.079109073,8038786950332,8037978.556202989,9275273899690818536106530,,3787557406140,3787176.5229060827,0.6797355723819044
1760569200,2025-10-15,2025-10-15 23:00,11826387675856,11825195.434169177,8038830269716,8038019.85923196,9275273899690818536106530,,3787557406140,3787175.574937219,0.679736745492249
1760572800,2025-10-16,2025-10-16 00:00,11826430935023,11824850.940174058,8038873528883,8037799.546475567,9275273899690818536106530,,3787557406140,3787051.3936984907,0.6797379169633113
1760576400,2025-10-16,2025-10-16 01:00,11826474134069,11824483.651493356,8038916727929,8037563.719120746,9275273899690818536106530,,3787557406140,3786919.9323726115,0.6797390867977269
1760580000,2025-10-16,2025-10-16 02:00,11826517273086,11825347.757229693,8038959866946,8038164.899939609,9275273899690818536106530,,3787557406140,3787182.857290083,0.6797402549980229
1760583600,2025-10-16,2025-10-16 03:00,11826560352171,11824704.764772207,8039002946031,8037741.626414702,9275273899690818536106530,,3787557406140,3786963.138357504,0.6797414215668617
1760587200,2025-10-16,2025-10-16 04:00,11826603371416,11825238.32103492,8039045965276,8038118.082399252,9275273899690818536106530,,3787557406140,3787120.238635667,0.6797425865067701
1760590800,2025-10-16,2025-10-16 05:00,11826646330917,11824395.780127475,8039088924777,8037559.126944167,9275273899690818536106530,,3787557406140,3786836.6531833075,0.6797437498203833
1760594400,2025-10-16,2025-10-16 06:00,11826689230768,11824409.47182472,8039131824628,8037582.170086835,9275273899690818536106530,,3787557406140,3786827.3017378845,0.679744911510282
1760598000,2025-10-16,2025-10-16 07:00,11667259301813,11664996.750025693,8039174923657,8037615.941455483,9275273899690818536106530,,3628084378156,3627380.808570208,0.6890371350885958
1760601600,2025-10-16,2025-10-16 08:00,11667280970521,11665567.773136165,8039218113055,8038037.652287645,9275273899690818536106530,,3628062857466,3627530.1208485197,0.6890395571485076
1760605200,2025-10-16,2025-10-16 09:00,11667324102424,11665056.642907592,8039261244958,8037698.873050377,9275273899690818536106530,,3628062857466,3627357.769857216,0.6890407067107843
1760608800,2025-10-16,2025-10-16 10:00,11667367176908,11665158.217377918,8039304319442,8037782.25387036,9275273899690818536106530,,3628062857466,3627375.9635075587,0.689041854734233
1760612400,2025-10-16,2025-10-16 11:00,11667410194058,11665167.099435246,8039347336592,8037801.747941115,9275273899690818536106530,,3628062857466,3627365.3514941316,0.689043001221153
1760616000,2025-10-16,2025-10-16 12:00,11667453153960,11665174.788183251,8039390296494,8037820.401892687,9275273899690818536106530,,3628062857466,3627354.386290563,0.6890441461738704
1760619600,2025-10-16,2025-10-16 13:00,11590889531217,11589734.43651545,8039433257242,8038632.084326506,9275273899690818536106530,,3551456273975,3551102.352188945,0.6935993338207486
1760623200,2025-10-16,2025-10-16 14:00,11590932575237,11589778.721145391,8039476301262,8038675.987519823,9275273899690818536106530,,3551456273975,3551102.733625567,0.6936004716684858
1760626800,2025-10-16,2025-10-16 15:00,11590975563191,11589799.126467796,8039519289216,8038703.310813044,9275273899690818536106530,,3551456273975,3551095.8156547504,0.6936016080257111
1760630400,2025-10-16,2025-10-16 16:00,11591018495162,11588753.280581148,8039562221187,8037991.062140476,9275273899690818536106530,,3551456273975,3550762.2184406715,0.6936027428946516
1760634000,2025-10-16,2025-10-16 17:00,11591061371233,11589674.840284215,8039605097258,8038643.394017343,9275273899690818536106530,,3551456273975,3551031.446266871,0.6936038762775343
1760637600,2025-10-16,2025-10-16 18:00,11591104191485,11589916.759420136,8039647917510,8038824.308682941,9275273899690818536106530,,3551456273975,3551092.4507371946,0.693605008176533
1760641200,2025-10-16,2025-10-16 19:00,11591146956000,11588890.652394969,8039690682025,8038125.6959940195,9275273899690818536106530,,3551456273975,3550764.9564009495,0.6936061385938485
1760644800,2025-10-16,2025-10-16 20:00,11591189664926,11588923.226637732,8039733391051,8038161.372982821,9275273909690818536106530,,3551456273875,3550761.8536549103,0.6936072675420524
1760648400,2025-10-16,2025-10-16 21:00,11591232318263,11589630.51054202,8039776044388,8038665.017105547,9275273909690818536106530,,3551456273875,3550965.493436474,0.6936083950039229
1760652000,2025-10-16,2025-10-16 22:00,11591274916048,11588981.61637012,8039818642173,8038227.98768194,9275273909690818536106530,,3551456273875,3550753.6286881785,0.693609520989098
1760655600,2025-10-16,2025-10-16 23:00,11591317458361,11589048.701030025,8039861184486,8038287.55024918,9275273909690818536106530,,3551456273875,3550761.150780845,0.6936106454997246
1760659200,2025-10-17,2025-10-17 00:00,11591359945284,11589085.582134211,8039903671409,8038326.146362378,9275273909690818536106530,,3551456273875,3550759.435771834,0.6936117685380025
1760662800,2025-10-17,2025-10-17 01:00,11591402376898,11589130.62495241,8039946103023,8038370.386590416,9275273909690818536106530,,3551456273875,3550760.2383619947,0.6936128901061053
1760666400,2025-10-17,2025-10-17 02:00,11591444753285,11589174.976247676,8039988479410,8038414.130256868,9275273909690818536106530,,3551456273875,3550760.845990808,0.6936140102062324
1760670000,2025-10-17,2025-10-17 03:00,11591487074528,11589178.798296537,8040030800753,8038429.745437295,9275273909690818536106530,,3551456273775,3550749.0528592435,0.6936151288492367
1760673600,2025-10-17,2025-10-17 04:00,11591529340767,11589203.080754785,8040073066992,8038459.535255057,9275273909690818536106530,,3551456273775,3550743.5454997276,0.6936162460215967
1760677200,2025-10-17,2025-10-17 05:00,11591571551951,11589592.228512913,8040115278176,8038742.385074862,9275273909690818536106530,,3551456273775,3550849.8434380502,0.6936173617306234
1760680800,2025-10-17,2025-10-17 06:00,11094162643602,11091968.529656013,8040157627550,8038567.510067027,9275273909690818536106530,,3054005016052,3053401.0195889864,0.7247196463436343
1760684400,2025-10-17,2025-10-17 07:00,9494206351903,9492315.230125343,8040205715283,8038604.211422494,9275273909690818536106530,,1454000636620,1453711.018702849,0.8468539040834558
1760688000,2025-10-17,2025-10-17 08:00,9494254951247,9492381.35282132,8040254314627,8038667.649016765,9275273909690818536106530,,1454000636620,1453713.7038045556,0.8468546880101394
1760691600,2025-10-17,2025-10-17 09:00,9494303534508,9493353.59164348,8040302897888,8039498.433575409,9275273909690818536106530,,1454000636620,1453855.1580680723,0.8468554716693765
1760695200,2025-10-17,2025-10-17 10:00,9494352101692,9492460.592782393,8040351465072,8038749.628920395,9275273909690818536106530,,1454000636620,1453710.9638619977,0.8468562550612716
1760698800,2025-10-17,2025-10-17 11:00,9494400652804,9493450.940993853,8040400016184,8039595.746053328,9275273909690818536106530,,1454000636620,1453855.1949405242,0.8468570381859136
1760702400,2025-10-17,2025-10-17 12:00,9494449187852,9492598.516273454,8040448551232,8038881.295531525,9275273909690818536106530,,1454000636620,1453717.2207419283,0.8468578210434397
1760706000,2025-10-17,2025-10-17 13:00,9494497706840,9492630.123110835,8040497070220,8038915.490870951,9275273909690818536106530,,1454000636620,1453714.6322398852,0.8468586036339223
1760709600,2025-10-17,2025-10-17 14:00,9494546209775,9493591.685787566,8040545573155,8039737.225557119,9275273909690818536106530,,1454000636620,1453854.460230446,0.8468593859574826
1760713200,2025-10-17,2025-10-17 15:00,9494594696662,9492747.083162094,8040594060042,8039029.389763045,9275273909690818536106530,,1454000636620,1453717.6933990498,0.846860168014209
1760716800,2025-10-17,2025-10-17 16:00,9494643167508,9492790.598213244,8040642530888,8039073.662295464,9275273909690818536106530,,1454000636620,1453716.935917779,0.8468609498042229
1760720400,2025-10-17,2025-10-17 17:00,9494691622318,9493826.815153,8040690985698,8039958.613604984,9275273909690818536106530,,1454000636620,1453868.2015480166,0.8468617313276126
1760724000,2025-10-17,2025-10-17 18:00,9494740061099,9492883.747196825,8040739424479,8039167.381823659,9275273909690818536106530,,1454000636620,1453716.3653731665,0.8468625125844992
1760727600,2025-10-17,2025-10-17 19:00,9494788483856,9492950.485347763,8040787847236,8039231.313765729,9275273909690818536106530,,1454000636620,1453719.1715820346,0.8468632935749713
1760731200,2025-10-17,2025-10-17 20:00,9494836890595,9492995.28002279,8040836253975,8039276.660142546,9275273909690818536106530,,1454000636620,1453718.6198802441,0.8468640742991337
1760734800,2025-10-17,2025-10-17 21:00,9494885281322,9493229.933018373,8040884644702,8039482.788401277,9275273909690818536106530,,1454000636620,1453747.1446170965,0.8468648547570914
1760738400,2025-10-17,2025-10-17 22:00,9494933656043,9493060.49911319,8040933019423,8039346.707190277,9275273909690818536106530,,1454000636620,1453713.7919229127,0.846865634948949
1760742000,2025-10-17,2025-10-17 23:00,9494982014764,9493248.682226691,8040981378144,8039513.477032344,9275273909690818536106530,,1454000636620,1453735.205194348,0.8468664148748112
1760745600,2025-10-18,2025-10-18 00:00,9495030357491,9493564.95131341,8041029720871,8039788.716452531,9275273909690818536106530,,1454000636620,1453776.2348608796,0.8468671945347829
1760749200,2025-10-18,2025-10-18 01:00,9495078684230,9494082.021642238,8041078047610,8040234.005983611,9275273909690818536106530,,1454000636620,1453848.0156586268,0.846867973928969
1760752800,2025-10-18,2025-10-18 02:00,9495126994986,9494285.459807485,8041126358366,8040413.688518718,9275273909690818536106530,,1454000636620,1453871.7712887682,0.8468687530574578
1760756400,2025-10-18,2025-10-18 03:00,9495175289766,9493805.246602217,8041174653146,8040014.405333176,9275273909690818536106530,,1454000636620,1453790.8412690407,0.8468695319203704
1760760000,2025-10-18,2025-10-18 04:00,9495223568576,9493391.25278917,8041222931956,8039671.19811664,9275273909690818536106530,,1454000636620,1453720.0546725292,0.8468703105178116
1760763600,2025-10-18,2025-10-18 05:00,9495271831421,9494144.162493626,8041271194801,8040316.204588612,9275273909690818536106530,,1454000636620,1453827.9579050133,0.8468710888498698
1760767200,2025-10-18,2025-10-18 06:00,9495320078307,9494378.108320763,8041319441687,8040521.713806176,9275273909690818536106530,,1454000636620,1453856.3945145868,0.84687186691665
1760770800,2025-10-18,2025-10-18 07:00,9495368309241,9493473.588245653,8041367672621,8039763.085240667,9275273909690818536106530,,1454000636620,1453710.5030049856,0.8468726447182728
1760774400,2025-10-18,2025-10-18 08:00,9495416524228,9493548.221562317,8041415887608,8039833.671735706,9275273909690818536106530,,1454000636620,1453714.549826612,0.8468734222548269
1760778000,2025-10-18,2025-10-18 09:00,9495464723274,9493579.026431574,8041464086654,8039867.13865002,9275273909690818536106530,,1454000636620,1453711.887781553,0.8468741995264171
1760781600,2025-10-18,2025-10-18 10:00,9495512906385,9493646.087680122,8041512269765,8039931.307718114,9275273909690818536106530,,1454000636620,1453714.779962007,0.8468749765331479
1760785200,2025-10-18,2025-10-18 11:00,9495561073568,9494429.553375935,8041560436948,8040602.179932999,9275273909690818536106530,,1454000636620,1453827.3734429362,0.8468757532751403
1760788800,2025-10-18,2025-10-18 12:00,9495609224828,9494663.339100495,8041608588208,8040807.539785549,9275273909690818536106530,,1454000636620,1453855.799314947,0.8468765297524828
1760792400,2025-10-18,2025-10-18 13:00,9495657360169,9493813.094177213,8041656723549,8040094.856534391,9275273909690818536106530,,1454000636620,1453718.2376428207,0.8468773059652479
1760796000,2025-10-18,2025-10-18 14:00,9495705479601,9493929.036070377,8041704842981,8040200.41189116,9275273909690818536106530,,1454000636620,1453728.624179219,0.8468780819136046
1760799600,2025-10-18,2025-10-18 15:00,9495753583127,9493975.043071708,8041752946507,8040246.7385367835,9275273909690818536106530,,1454000636620,1453728.3045349254,0.8468788575976094
1760803200,2025-10-18,2025-10-18 16:00,9495801670752,9493949.088834561,8041801034132,8040232.120237624,9275273909690818536106530,,1454000636620,1453716.9685969362,0.8468796330173508
1760806800,2025-10-18,2025-10-18 17:00,9495849742956,9494057.490406526,8041849106436,8040331.282865321,9275273919690818536106530,,1454000636520,1453726.2075412062,0.8468804081911074
1760810400,2025-10-18,2025-10-18 18:00,9495897799495,9494964.703977594,8041897162975,8041106.94193928,9275273919690818536106530,,1454000636520,1453857.7620383145,0.8468811830938908
1760814000,2025-10-18,2025-10-18 19:00,9495945840137,9494115.888414232,8041945203617,8040395.450519468,9275273919690818536106530,,1454000636520,1453720.437894766,0.8468819577324987
1760817600,2025-10-18,2025-10-18 20:00,9495993864885,9494166.276743012,8041993228365,8040445.475526147,9275273919690818536106530,,1454000636520,1453720.801216865,0.8468827321069875
1760821200,2025-10-18,2025-10-18 21:00,9496041873747,9494707.836004915,8042041237227,8040911.462666555,9275273919690818536106530,,1454000636520,1453796.373338358,0.8468835062174939
1760824800,2025-10-18,2025-10-18 22:00,9496089866727,9494201.110565597,8042089230207,8040489.672305034,9275273919690818536106530,,1454000636520,1453711.4382605634,0.8468842800640904
1760828400,2025-10-18,2025-10-18 23:00,9496137843832,9495198.030441927,8042137207312,8041341.293398731,9275273919690818536106530,,1454000636520,1453856.7370431973,0.8468850536468978
1760832000,2025-10-19,2025-10-19 00:00,9496185805068,9494336.881325621,8042185168548,8040619.341235438,9275273919690818536106530,,1454000636520,1453717.5400901828,0.8468858269660207
1760835600,2025-10-19,2025-10-19 01:00,9496233750440,9494355.639248464,8042233113920,8040642.566718538,9275273919690818536106530,,1454000636520,1453713.0725299262,0.8468866000215475
1760839200,2025-10-19,2025-10-19 02:00,9496281679955,9494421.149031652,8042281043435,8040705.383289287,9275273919690818536106530,,1454000636520,1453715.7657423646,0.8468873728135989
1760842800,2025-10-19,2025-10-19 03:00,9496329593617,9494423.170783745,8042328957097,8040714.430199507,9275273919690818536106530,,1454000636520,1453708.7405842384,0.8468881453422475
1760846400,2025-10-19,2025-10-19 04:00,9496377491434,9495002.167143317,8042376854914,8041212.108014104,9275273919690818536106530,,1454000636520,1453790.059129213,0.8468889176076299
1760850000,2025-10-19,2025-10-19 05:00,9496425373410,9494567.468435975,8042424736890,8040851.296323225,9275273919690818536106530,,1454000636520,1453716.1721127518,0.8468896896098186
1760853600,2025-10-19,2025-10-19 06:00,9496473239553,9494590.682867108,8042472603033,8040878.283732768,9275273919690818536106530,,1454000636520,1453712.3991343384,0.8468904613489502
1760857200,2025-10-19,2025-10-19 07:00,9496521089866,9495302.410211684,8042520453346,8041488.364231139,9275273919690818536106530,,1454000636520,1453814.0459805466,0.8468912328250812
1760860800,2025-10-19,2025-10-19 08:00,9496568924357,9494689.274369411,8042568287837,8040976.427292119,9275273919690818536106530,,1454000636520,1453712.8470772908,0.8468920040383482
1760864400,2025-10-19,2025-10-19 09:00,9496616743032,9494728.0838465,8042616106512,8041016.614693385,9275273919690818536106530,,1454000636520,1453711.4691531165,0.8468927749888557
1760868000,2025-10-19,2025-10-19 10:00,9496664545895,9495549.936816493,8042663909375,8041719.954140458,9275273919690818536106530,,1454000636520,1453829.982676033,0.8468935456766763
1760871600,2025-10-19,2025-10-19 11:00,9496712332954,9494827.58453118,8042711696434,8041115.513707431,9275273919690818536106530,,1454000636520,1453712.0708237481,0.8468943161019467
1760875200,2025-10-19,2025-10-19 12:00,9496760104213,9494928.030898541,8042759467693,8041207.893805308,9275273919690818536106530,,1454000636520,1453720.137093233,0.846895086264739
1760878800,2025-10-19,2025-10-19 13:00,9496807859679,9494908.542081147,8042807223159,8041198.698955838,9275273919690818536106530,,1454000636520,1453709.8431253103,0.8468958561651739
1760882400,2025-10-19,2025-10-19 14:00,9496855599358,9495463.371290805,8042854962838,8041675.889585543,9275273919690818536106530,,1454000636520,1453787.4817052612,0.8468966258033562
1760886000,2025-10-19,2025-10-19 15:00,9496903323255,9495003.942590348,8042902686735,8041294.106197652,9275273919690818536106530,,1454000636520,1453709.8363926958,0.846897395179374
1760889600,2025-10-19,2025-10-19 16:00,9496951031376,9495138.343398912,8042950394856,8041415.232735767,9275273919690818536106530,,1454000636520,1453723.1106631442,0.846898164293332
1760893200,2025-10-19,2025-10-19 17:00,9496998723728,9495509.854168035,8042998087208,8041737.165166074,9275273919690818536106530,,1454000636520,1453772.689001962,0.8468989331453507
1760896800,2025-10-19,2025-10-19 18:00,9497046400314,9495250.904945837,8043045763794,8041525.1593022365,9275273919690818536106530,,1454000636520,1453725.7456436018,0.8468997017354862
1760900400,2025-10-19,2025-10-19 19:00,9497094061143,9495522.430546785,8043093424623,8041762.4099322995,9275273919690818536106530,,1454000636520,1453760.0206144864,0.8469004700638916
1760904000,2025-10-19,2025-10-19 20:00,9497141706221,9495325.013455253,8043141069701,8041602.510348387,9275273919690818536106530,,1454000636520,1453722.5031068672,0.8469012381306712
1760907600,2025-10-19,2025-10-19 21:00,9497189335550,9496312.868552776,8043188699030,8042446.417371914,9275273919690818536106530,,1454000636520,1453866.4511808616,0.8469020059358651
1760911200,2025-10-19,2025-10-19 22:00,9497236949140,9495560.980357885,8043236312620,8041816.930010162,9275273919690818536106530,,1454000636520,1453744.0503477235,0.846902773479642
1760914800,2025-10-19,2025-10-19 23:00,9497284546995,9495588.555839678,8043283910475,8041847.569560455,9275273919690818536106530,,1454000636520,1453740.986279221,0.8469035407620745
1760918400,2025-10-20,2025-10-20 00:00,9497332129121,9495661.107048515,8043331492601,8041916.296809411,9275273919690818536106530,,1454000636520,1453744.8102391034,0.8469043077832668
1760922000,2025-10-20,2025-10-20 01:00,9497379695524,9495540.755735584,8043379059004,8041821.651565411,9275273919690818536106530,,1454000636520,1453719.104170173,0.8469050745433234
1760925600,2025-10-20,2025-10-20 02:00,9497427246210,9496122.761571208,8043426609690,8042321.834029857,9275273919690818536106530,,1454000636520,1453800.927541351,0.8469058410423489
1760929200,2025-10-20,2025-10-20 03:00,9497474781184,9495720.307038587,8043474144664,8041988.268917945,9275273919690818536106530,,1454000636520,1453732.0381206397,0.8469066072804315
1760932800,2025-10-20,2025-10-20 04:00,9497522300453,9495724.763047073,8043521663933,8041999.316250214,9275273919690818536106530,,1454000636520,1453725.4467968591,0.8469073732576917
1760936400,2025-10-20,2025-10-20 05:00,9497569804022,9495670.290061194,8043569167502,8041960.453668499,9275273919690818536106530,,1454000636520,1453709.836392696,0.8469081389742179
1760940000,2025-10-20,2025-10-20 06:00,9497617291897,9495898.9011205,8043616655377,8042161.334927091,9275273919690818536106530,,1454000636520,1453737.5661934083,0.8469089044301146
1760943600,2025-10-20,2025-10-20 07:00,9497664764085,9495764.08502103,8043664127565,8042054.424086869,9275273919690818536106530,,1454000636520,1453709.6609341607,0.8469096696255022
1760947200,2025-10-20,2025-10-20 08:00,9497712220590,9495812.678145882,8043711584070,8042102.841753186,9275273919690818536106530,,1454000636520,1453709.836392696,0.8469104345604528
1760950800,2025-10-20,2025-10-20 09:00,9497759661420,9495860.109487718,8043759024900,8042150.273095021,9275273919690818536106530,,1454000636520,1453709.8363926962,0.8469111992351032
1760954400,2025-10-20,2025-10-20 10:00,9497807086578,9495907.525160685,8043806450058,8042197.688767989,9275273919690818536106530,,1454000636520,1453709.836392696,0.8469119636495094
1760958000,2025-10-20,2025-10-20 11:00,9497854496074,9496031.458188958,8043853859554,8042309.90556589,9275273919690818536106530,,1454000636520,1453721.5526230687,0.8469127278038403
1760961600,2025-10-20,2025-10-20 12:00,9497901889909,9496321.671805855,8043901253389,8042562.945357622,9275273919690818536106530,,1454000636520,1453758.7264482342,0.8469134916981196
1760965200,2025-10-20,2025-10-20 13:00,9497949268093,9496105.848445598,8043948631573,8042387.413195057,9275273919690818536106530,,1454000636520,1453718.435250543,0.8469142553325162
1760968800,2025-10-20,2025-10-20 14:00,9497996630629,9495946.180608047,8043995994109,8042259.437191147,9275273919690818536106530,,1454000636520,1453686.7434169005,0.8469150187070861
1760972400,2025-10-20,2025-10-20 15:00,9498043977524,9496179.435996477,8044043341004,8042464.231358479,9275273919690818536106530,,1454000636520,1453715.2046379987,0.8469157818219498
1760976000,2025-10-20,2025-10-20 16:00,9498091308783,9496233.852694487,8044090672263,8042517.561970627,9275273919690818536106530,,1454000636520,1453716.2907238598,0.8469165446771955
1760979600,2025-10-20,2025-10-20 17:00,9498138624414,9496264.450298514,8044137987894,8042550.7173987515,9275273919690818536106530,,1454000636520,1453713.732899762,0.8469173072729599
1760983200,2025-10-20,2025-10-20 18:00,9498185924423,9496336.08703886,8044185287903,8042618.627196532,9275273919690818536106530,,1454000636520,1453717.4598423268,0.8469180696093472
1760986800,2025-10-20,2025-10-20 19:00,9498233208810,9496391.498764737,8044232572290,8042672.79337016,9275273919690818536106530,,1454000636520,1453718.705394576,0.8469188316863651
1760990400,2025-10-20,2025-10-20 20:00,9498280477588,9496687.584648283,8044279841068,8042930.788826998,9275273919690818536106530,,1454000636520,1453756.7958212837,0.8469195935042307
1760994000,2025-10-20,2025-10-20 21:00,9498327731378,9497398.35177348,8044327105858,8043539.995352265,9275273939690818536106530,,1454000625520,1453858.3564212138,0.8469203562310588
1760997600,2025-10-20,2025-10-20 22:00,9498374969647,9496716.768427972,8044374344127,8042969.978497472,9275273939690818536106530,,1454000625520,1453746.7899305008,0.8469211175420635
1761001200,2025-10-20,2025-10-20 23:00,9498422192295,9497542.257939817,8044421566775,8043676.331117869,9275273939690818536106530,,1454000625520,1453865.9268219478,0.8469218785937451
1761004800,2025-10-21,2025-10-21 00:00,9498469399328,9496576.57882281,8044468773808,8042865.7012698585,9275273939690818536106530,,1454000625520,1453710.8775529496,0.846922639386208
1761008400,2025-10-21,2025-10-21 01:00,9498516590752,9497370.47684414,8044515965232,8043545.294544459,9275273939690818536106530,,1454000625520,1453825.1822996798,0.8469233999195567
1761012000,2025-10-21,2025-10-21 02:00,9498563766571,9497486.053780364,8044563141051,8043650.40005086,9275273939690818536106530,,1454000625520,1453835.6537295035,0.846924160193863
1761015600,2025-10-21,2025-10-21 03:00,9498610926793,9497664.70117561,8044610301273,8043808.9192174915,9275273939690818536106530,,1454000625520,1453855.7819581178,0.8469249202092635
1761019200,2025-10-21,2025-10-21 04:00,9498658071423,9496839.44958836,8044657445903,8043117.208369098,9275273939690818536106530,,1454000625520,1453722.2412192633,0.8469256799658464
1761022800,2025-10-21,2025-10-21 05:00,9498705200466,9497173.008443253,8044704574946,8043406.921011601,9275273939690818536106530,,1454000625520,1453766.087431653,0.8469264394636999
1761026400,2025-10-21,2025-10-21 06:00,9498752313929,9496807.295997996,8044751688409,8043104.399821266,9275273939690818536106530,,1454000625520,1453702.896176728,0.8469271987029445
1761030000,2025-10-21,2025-10-21 07:00,9498799411817,9497023.68515106,8044798786297,8043294.873738411,9275273939690818536106530,,1454000625520,1453728.811412649,0.8469279576836681
1761033600,2025-10-21,2025-10-21 08:00,9498846494135,9497899.673547441,8044845868615,8044043.979070111,9275273939690818536106530,,1454000625520,1453855.694477329,0.8469287164059591
1761037200,2025-10-21,2025-10-21 09:00,9498893560890,9497591.908655982,8044892935370,8043790.527726979,9275273939690818536106530,,1454000625520,1453801.380929002,0.8469294748699376
1761040800,2025-10-21,2025-10-21 10:00,9498940612088,9497031.63653357,8044939986568,8043323.217456751,9275273939690818536106530,,1454000625520,1453708.4190768192,0.8469302330757081
1761044400,2025-10-21,2025-10-21 11:00,9498987647733,9498062.330573227,8044987022213,8044203.342433863,9275273939690818536106530,,1454000625520,1453858.9881393646,0.8469309910233427
1761048000,2025-10-21,2025-10-21 12:00,9499034667833,9497229.491120135,8045034042313,8043505.180842836,9275273939690818536106530,,1454000625520,1453724.3102772976,0.8469317487129775
1761051600,2025-10-21,2025-10-21 13:00,9499081672392,9498165.952549875,8045081046872,8044305.493971184,9275273939690818536106530,,1454000625520,1453860.4585786925,0.8469325061446847
1761055200,2025-10-21,2025-10-21 14:00,9499128661416,9497513.414416868,8045128035896,8043760.02948396,9275273939690818536106530,,1454000625520,1453753.3849329085,0.8469332633185687
1761058800,2025-10-21,2025-10-21 15:00,9499175634911,9497342.357970772,8045175009391,8043622.344781809,9275273939690818536106530,,1454000625520,1453720.0131889628,0.8469340202347335
1761062400,2025-10-21,2025-10-21 16:00,9499222592883,9497411.79725019,8045221967363,8043688.341567728,9275273939690818536106530,,1454000625520,1453723.4556824635,0.8469347768932833
1761066000,2025-10-21,2025-10-21 17:00,9499269535338,9498297.971474703,8045268909818,8044446.05785931,9275273939690818536106530,,1454000625520,1453851.913615394,0.8469355332943225
1761069600,2025-10-21,2025-10-21 18:00,9499316462281,9498376.604424315,8045315836761,8044519.83703526,9275273939690818536106530,,1454000625520,1453856.7673890549,0.846936289437939
1761073200,2025-10-21,2025-10-21 19:00,9499363373845,9497564.562083019,8045362749325,8043839.26900602,9275273949690818536106530,,1454000624520,1453725.293076999,0.8469370454315537
1761076800,2025-10-21,2025-10-21 20:00,9499410270301,9497650.231356747,8045409645781,8043919.00226776,9275273949690818536106530,,1454000624520,1453731.2290889886,0.8469378010689996
1761080400,2025-10-21,2025-10-21 21:00,8646584206837,8644950.740951708,8045469092294,8043949.185822374,9275273949690818536106530,,601115114543,601001.5551293343,0.9304794702551225
1761084000,2025-10-21,2025-10-21 22:00,8646674574387,8645032.210895378,8045563114976,8044034.927576798,9275273949690818536106530,,601111459411,600997.2833185799,0.9304806195445819
1761087600,2025-10-21,2025-10-21 23:00,8646757063234,8645867.092906052,8045657303932,8044829.201995405,9275274949690818536106530,,601099759302,601037.8909106479,0.9304826358707503
1761091200,2025-10-22,2025-10-22 00:00,8646851419910,8645161.661871314,8045751660608,8044179.368812343,9275274949690818536106530,,601099759302,600982.2930589704,0.9304833944621825
1761094800,2025-10-22,2025-10-22 01:00,8646922155917,8645799.146062382,8045846186216,8044801.240466177,9275274949690818536106530,,601075969701,600997.9055962033,0.9304867143634814
1761098400,2025-10-22,2025-10-22 02:00,8646987787882,8645333.508931626,8045940882786,8044401.591767572,9275274949690818536106530,,601046905096,600931.9171640543,0.9304906032204284
1761102000,2025-10-22,2025-10-22 03:00,8646885245028,8645212.667891648,8046035758347,8044479.404230306,9275274949690818536106530,,600849486681,600733.2636613422,0.9305126100723389
1761105600,2025-10-22,2025-10-22 04:00,8646864091933,8645173.04932117,8046130836668,8044557.277749934,9275274949690818536106530,,600733255265,600615.771571236,0.9305258821142514
1761109200,2025-10-22,2025-10-22 05:00,8646923616985,8645234.904763052,8046226091003,8044654.692787599,9275274949690818536106530,,600697525982,600580.2119754524,0.9305304923936115
1761112800,2025-10-22,2025-10-22 06:00,8433105970188,8430655.092875104,8046349363677,8044010.887773012,9275274949690818536106530,,386756606511,386644.20510209317,0.9541382963906503
1761116400,2025-10-22,2025-10-22 07:00,8422547702094,8420863.192553582,8046481674900,8044872.37856502,9275274949690818536106530,,376066027194,375990.8139885612,0.9553500863995696
1761120000,2025-10-22,2025-10-22 08:00,8420751017735,8419078.253792884,8046615257300,8045016.814615951,9275274949690818536106530,,374135760435,374061.43917693244,0.9555697871072271
1761123600,2025-10-22,2025-10-22 09:00,8409328971224,8407050.370599674,8046751094314,8044570.738172618,9275274949690818536106530,,362577876910,362479.63242705475,0.9568838514760559
1761127200,2025-10-22,2025-10-22 10:00,8309459148846,8307375.337803768,8046895774838,8044877.808328876,9275274949690818536106530,,262563374008,262497.529474891,0.9684018695675922
1761130800,2025-10-22,2025-10-22 11:00,8309597161171,8307771.923300345,8047050404602,8045282.836227665,9275274949690818536106530,,262546756569,262489.08707267995,0.9684043941629534
1761134400,2025-10-22,2025-10-22 12:00,8309670407598,8308062.079378902,8047205653055,8045648.124621037,9275274949690818536106530,,262464754543,262413.9547578648,0.9684145409301657
1761138000,2025-10-22,2025-10-22 13:00,8309777279364,8308097.422118889,8047361524177,8045734.715406327,9275274949690818536106530,,262415755187,262362.7067125629,0.9684208437404613
1761141600,2025-10-22,2025-10-22 14:00,8309904084124,8309057.938024955,8047518014519,8046698.585569395,9275274949690818536106530,,262386069605,262359.35245556093,0.9684248979351896
1761145200,2025-10-22,2025-10-22 15:00,8309694399633,8308053.607603522,8047675147198,8046086.09222169,9275274949690818536106530,,262019252435,261967.51538183182,0.9684682444583556
1761148800,2025-10-22,2025-10-22 16:00,8288419723507,8286780.357127529,8047836291831,8046244.5104439035,9275274949690818536106530,,240583431676,240535.84668362455,0.9709735462607335
1761152400,2025-10-22,2025-10-22 17:00,10288325116366,10287296.249841362,8047942926566,8047138.105667002,9275274949690818536106530,,2240382189800,2240158.14417436,0.7822403389803316
1761156000,2025-10-22,2025-10-22 18:00,10288097957372,10286554.23804894,8047989686322,8046782.093116527,9275274949690818536106530,,2240108271050,2239772.1449324135,0.782262155713162
1761159600,2025-10-22,2025-10-22 19:00,10277959021180,10275945.235700238,8048036446105,8046459.574772631,9275274959690818536106530,,2229922575075,2229485.660927607,0.7830383862710726
1761163200,2025-10-22,2025-10-22 20:00,10277120552433,10275114.506267063,8048083173286,8046512.224856374,9275274959690818536106530,,2229037379147,2228602.281410688,0.7831068179287535
1761166800,2025-10-22,2025-10-22 21:00,10276820382322,10275787.449523373,8048129867059,8047320.942022069,9275274959690818536106530,,2228690515263,2228466.507501303,0.7831342348751417
1761170400,2025-10-22,2025-10-22 22:00,10276809715902,10274783.406831708,8048176527648,8046589.644797376,9275274959690818536106530,,2228633188254,2228193.7620343314,0.7831395880761044
1761174000,2025-10-22,2025-10-22 23:00,10276738376204,10274689.825549591,8048223154394,8046618.832847006,9275274959690818536106530,,2228515221810,2228070.9927025847,0.7831495616381388
1761177600,2025-10-23,2025-10-23 00:00,10276777414087,10274753.913343651,8048269747023,8046685.040148505,9275274959690818536106530,,2228507667064,2228068.8731951476,0.7831511205050282
1761181200,2025-10-23,2025-10-23 01:00,10276798729130,10274786.001321582,8048316305535,8046740.029647336,9275274959690818536106530,,2228482423595,2228045.9716742453,0.7831540266252099
1761184800,2025-10-23,2025-10-23 02:00,10236329523952,10235301.545211632,8048362916016,8047554.662827875,9275274959690818536106530,,2187966607936,2187746.882383757,0.7862547700504977
1761188400,2025-10-23,2025-10-23 03:00,10236305233590,10234296.87590113,8048409550370,8046830.456660423,9275274969690818536106530,,2187895683220,2187466.4192407057,0.7862611915830222
1761192000,2025-10-23,2025-10-23 04:00,9732387176609,9730785.602648204,8048418330564,8047093.872649418,9275235232473764389049692,,1683968846045,1683691.7299987848,0.8269726824994919
1761195600,2025-10-23,2025-10-23 05:00,9731952416601,9730058.915146224,8048466649540,8046900.696208413,9275235232473764389049692,,1683485767061,1683158.2189378107,0.8270145912150917
1761199200,2025-10-23,2025-10-23 06:00,9729973694843,9728780.583182989,8048514951171,8047528.023833354,9275235232473764389049692,,1681458743672,1681252.5593496347,0.8271877400281984
1761202800,2025-10-23,2025-10-23 07:00,9726380964979,9725026.378257787,8048563242944,8047442.324800551,9275235232473764389049692,,1677817722035,1677584.0534572352,0.8274982516029155
1761206400,2025-10-23,2025-10-23 08:00,9724735493568,9723760.718248539,8048611520439,8047804.754242507,9275235232473764389049692,,1676123973129,1675955.9640060328,0.8276432326372682
1761210000,2025-10-23,2025-10-23 09:00,9724505631765,9723405.34465568,8048659780758,8047749.108592296,9275235232473764389049692,,1675845851007,1675656.2360633828,0.8276677587050938
1761213600,2025-10-23,2025-10-23 10:00,9723898957834,9722068.731031267,7389382741285,7387991.915813922,8269281374271677664870017,,2334516216549,2334076.8152173455,0.759919737270798
1761217200,2025-10-23,2025-10-23 11:00,9723926770810,9722893.84047813,7389424329609,7388639.383289985,8269281374271677664870017,,2334502441201,2334254.457188144,0.7599218406077592
1761220800,2025-10-23,2025-10-23 12:00,9723858851532,9722684.439650854,7389465881426,7388573.408935504,8269281374271677664870017,,2334392970106,2334111.0307153515,0.7599314216970339
1761224400,2025-10-23,2025-10-23 13:00,9022971270427,9022065.578951344,7389507783591,7388766.052956123,8269281374271677664870017,,1633463486836,1633299.5259952212,0.8189661212609958
1761228000,2025-10-23,2025-10-23 14:00,9022985072588,9022087.563300675,7389551583562,7388816.550629764,8269281374271677664870017,,1633433489026,1633271.0126709095,0.8189697227818317
1761231600,2025-10-23,2025-10-23 15:00,9022967445349,9021761.383858398,7389595361544,7388607.625918145,8269281374271677664870017,,1633372083805,1633153.7579402514,0.8189761745569699
1761235200,2025-10-23,2025-10-23 16:00,8747329292825,8746456.0362886,7389639671853,7388901.95512495,8269281374271677664870017,,1357689620972,1357554.081163651,0.8447880975413095
1761238800,2025-10-23,2025-10-23 17:00,8447408909869,8445783.313346094,7389685574035,7388263.522930018,8269281374271677664870017,,1057723335834,1057519.7904160768,0.8747872457555268
1761242400,2025-10-23,2025-10-23 18:00,8447223091477,8446388.967892002,7389731494882,7389001.793622791,8269281374271677664870017,,1057491596595,1057387.1742692129,0.8748119251565668
1761246000,2025-10-23,2025-10-23 19:00,8446400021331,8445559.481148496,7389777409934,7389042.019135896,8269281374271677664870017,,1056622611397,1056517.4620126022,0.8749026083623144
1761249600,2025-10-23,2025-10-23 20:00,8446343155366,8444683.179863228,7389823320546,7388370.984848021,8269281374271677664870017,,1056519834820,1056312.1950152072,0.8749139343043636
1761253200,2025-10-23,2025-10-23 21:00,8446384818862,8445396.349956872,7389869224376,7389004.398051139,8269281374271677664870017,,1056515594486,1056391.951905733,0.8749150533460602
1761256800,2025-10-23,2025-10-23 22:00,8446268155439,8444638.859042458,7389915121758,7388489.597271084,8269281374271677664870017,,1056353033681,1056149.261771373,0.8749325720850151
1761260400,2025-10-23,2025-10-23 23:00,8446277454703,8444612.629047533,7389961012307,7388504.394672527,8269281374271677664870017,,1056316442396,1056108.2343750084,0.8749370420210588
1761264000,2025-10-24,2025-10-24 00:00,8446263204233,8445155.778629955,7390006896185,7389037.960852816,8269281374271677664870017,,1056256308048,1056117.81777714,0.8749439506551681
1761267600,2025-10-24,2025-10-24 01:00,8446304918730,8444792.43976344,7390052773147,7388729.437145199,8269281374271677664870017,,1056252145583,1056063.0026182423,0.8749450610952109
1761271200,2025-10-24,2025-10-24 02:00,8410763181415,8409461.769763466,7390098652723,7388955.170225015,8269281374271677664870017,,1020664528692,1020506.5995384501,0.8786478103500369
1761274800,2025-10-24,2025-10-24 03:00,8343311318754,8341679.174870958,7390144934363,7388699.251781037,8269281374271677664870017,,953166384391,952979.9230899207,0.8857568238825653
1761278400,2025-10-24,2025-10-24 04:00,8343236246922,8342373.255580859,7390191217376,7389426.805241281,8269281374271677664870017,,953045029546,952946.4503395776,0.8857703412272907
1761282000,2025-10-24,2025-10-24 05:00,8342998481066,8342142.6735067675,7390237497802,7389479.42249736,8269281374271677664870017,,952760983264,952663.2510094072,0.8858011318800739
1761285600,2025-10-24,2025-10-24 06:00,8342968771299,8341326.894897225,7390283774765,7388829.384503592,8269281374271677664870017,,952684996534,952497.5103936329,0.8858098330882681
1761289200,2025-10-24,2025-10-24 07:00,8343000830977,8341376.195231452,7390330047969,7388890.926169713,8269281374271677664870017,,952670783008,952485.2690617389,0.8858119755339353
1761292800,2025-10-24,2025-10-24 08:00,9142956328948,9142056.594385698,7390376116765,7389648.849064987,8269281374271677664870017,,1752580212183,1752407.74532071,0.8083136187981055
1761296400,2025-10-24,2025-10-24 09:00,9142592892975,9141610.239857709,7390419347677,7389625.019558587,8269281374271677664870017,,1752173545298,1751985.2202991208,0.8083504793651768
1761300000,2025-10-24,2025-10-24 10:00,9142603977438,9141178.299403043,7390462554111,7389310.101247728,8269281374271677664870017,,1752141423327,1751868.1981553163,0.8083542251582906
1761303600,2025-10-24,2025-10-24 11:00,9142603594658,9141399.719966667,7390505735828,7389532.572907898,8269281374271677664870017,,1752097858830,1751867.1470587691,0.8083589821335198
1761307200,2025-10-24,2025-10-24 12:00,9142640194060,9140834.88003695,7390548892866,7389089.548380039,8269281374271677664870017,,1752091301194,1751745.3316569112,0.808360466560596
1761310800,2025-10-24,2025-10-24 13:00,9142657326373,9141371.584090412,7390592025179,7389552.677829437,8269281374271677664870017,,1752065301194,1751818.9062609754,0.8083636694837096
1761314400,2025-10-24,2025-10-24 14:00,9142699165155,9140904.377944814,7390635132760,7389184.29016179,8269281374271677664870017,,1752064032395,1751720.0877830244,0.808364685226379
1761318000,2025-10-24,2025-10-24 15:00,9142704167923,9141769.834642733,7390678215668,7389922.929650448,8269281374271677664870017,,1752025952255,1751846.9049922845,0.808368955171715
1761321600,2025-10-24,2025-10-24 16:00,9142720424540,9141364.013277812,7390721273907,7389624.78871374,8269281374271677664870017,,1751999150633,1751739.2245640715,0.8083722273809824
1761325200,2025-10-24,2025-10-24 17:00,9092078660388,9091008.315034477,7390764461067,7389894.3992587635,8269281376271677664870017,,1701314199321,1701113.9157757135,0.8128795116200197
1761328800,2025-10-24,2025-10-24 18:00,9091928371158,9090190.47252752,7390807646551,7389394.912754304,8269278376271677664870017,,1701120724607,1700795.559773217,0.8128976983580948
1761332400,2025-10-24,2025-10-24 19:00,9089999242245,9088199.280069161,7390850812680,7389387.308497484,8269278376271677664870017,,1699148429565,1698811.9715716771,0.8130749646635446
1761336000,2025-10-24,2025-10-24 20:00,9089939940213,9088133.743463641,7390893958860,7389425.367347718,8269278376271677664870017,,1699045981353,1698708.376115923,0.8130850156845825
1761339600,2025-10-24,2025-10-24 21:00,9089919362491,9088783.606049523,7390937081759,7390013.607736358,8269278376271677664870017,,1698982280732,1698769.9983131634,0.8130916003784646
1761343200,2025-10-24,2025-10-24 22:00,9078456271741,9076701.714971337,7390980192938,7389551.767890416,8269278376271677664870017,,1687476078803,1687149.9470809228,0.8141230151588991
1761346800,2025-10-24,2025-10-24 23:00,9077477441551,9075699.836516311,7391023312542,7389575.95887613,8269278376271677664870017,,1686454129009,1686123.8776401808,0.8142155527383114
1761350400,2025-10-25,2025-10-25 00:00,9077511518034,9076443.449387498,7391066409027,7390196.769117427,8269278376271677664870017,,1686445109007,1686246.6802700716,0.814217243827607
1761354000,2025-10-25,2025-10-25 01:00,9077544795461,9076655.248483477,7391109482421,7390385.196366919,8269278376271677664870017,,1686435313040,1686270.0521165556,0.8142190040325376
1761357600,2025-10-25,2025-10-25 02:00,9046509564138,9045607.796108715,7391152586178,7390415.826320008,8269278376271677664870017,,1655356977960,1655191.969788705,0.8170170532376227
1761361200,2025-10-25,2025-10-25 03:00,9046493187199,9045222.093894636,7391195722251,7390157.209404156,8269278376271677664870017,,1655297464948,1655064.8844904804,0.8170233005547073
1761364800,2025-10-25,2025-10-25 04:00,9046519523429,9044752.522278924,7391238835971,7389795.150640985,8269278376271677664870017,,1655280687458,1654957.3716379362,0.8170256878160607
1761368400,2025-10-25,2025-10-25 05:00,9046489082469,9045591.47113147,7391281927452,7390548.549188181,8269278376271677664870017,,1655207155017,1655042.9219432892,0.8170332004020664
1761372000,2025-10-25,2025-10-25 06:00,9046432195191,9045531.806364529,7391324996802,7390589.3403248,8269278376271677664870017,,1655107198389,1654942.4660397281,0.8170430991270968
1761375600,2025-10-25,2025-10-25 07:00,9039199695555,9038183.670565713,7391368046980,7390537.241721385,8269278376271677664870017,,1647831648575,1647646.4288443294,0.8177015992482922
1761379200,2025-10-25,2025-10-25 08:00,9039220961769,9037436.786096973,7391411097331,7389952.168965649,8269278376271677664870017,,1647809864438,1647484.617131325,0.8177044380918066
1761382800,2025-10-25,2025-10-25 09:00,9038809711794,9037746.255014597,7391454126535,7390584.488579213,8269278376271677664870017,,1647355585259,1647161.7664353838,0.8177464027028358
1761386400,2025-10-25,2025-10-25 10:00,9038806230552,9037048.706386205,7391497134291,7390059.916310708,8269278376271677664870017,,1647309096261,1646988.7900754965,0.8177514757764203
1761390000,2025-10-25,2025-10-25 11:00,9038393977071,9037490.137673294,7391540120217,7390800.9662049785,8269278376271677664870017,,1646853856854,1646689.1714683145,0.8177935304621803
1761393600,2025-10-25,2025-10-25 12:00,9038340741870,9037440.728943624,7391583085494,7390847.052131981,8269278376271677664870017,,1646757656376,1646593.6768116448,0.8178031008780831
1761397200,2025-10-25,2025-10-25 13:00,9038358513765,9037477.444640083,7391626028865,7390905.48503317,8269278376271677664870017,,1646732484900,1646571.9596069136,0.8178062440882266
1761400800,2025-10-25,2025-10-25 14:00,9038035863077,9037147.014921024,7391668951898,7390942.016154769,8269278386271677664870017,,1646366911179,1646204.9987662558,0.8178401882753213
1761404400,2025-10-25,2025-10-25 15:00,9013065236882,9011788.673786331,7391711876995,7390664.953850877,8269278386271677664870017,,1621353359887,1621123.719935455,0.8201107706119417
1761408000,2025-10-25,2025-10-25 16:00,9013102181329,9011395.766298693,7391754842999,7390355.391255229,8269278386271677664870017,,1621347338330,1621040.3750434627,0.8201121760620127
1761411600,2025-10-25,2025-10-25 17:00,9013144627239,9012315.80460941,7391797787533,7391118.059254687,8269278386271677664870017,,1621346839706,1621197.7453547232,0.8201130785357577
1761415200,2025-10-25,2025-10-25 18:00,9013165200403,9011387.25344969,7391840710652,7390382.587963839,8269278386271677664870017,,1621324489751,1621004.6654858517,0.8201159688409454
1761418800,2025-10-25,2025-10-25 19:00,9013166872259,9012262.311016278,7391883612396,7391141.7631080365,8269278386271677664870017,,1621283259863,1621120.5479082419,0.8201205766140828
1761422400,2025-10-25,2025-10-25 20:00,9013206550275,9011497.926012727,7391926492788,7390525.212912734,8269278386271677664870017,,1621280057487,1620972.7130999928,0.8201217237790325
1761426000,2025-10-25,2025-10-25 21:00,9013195390033,9012315.300221503,7391969351841,7391247.565989044,8269278386271677664870017,,1621226038192,1621067.7342324606,0.8201274944083883
1761429600,2025-10-25,2025-10-25 22:00,9013220951282,9012320.489538515,7392012189611,7391273.693992165,8269278386271677664870017,,1621208761671,1621046.7955463505,0.8201299213195915
1761433200,2025-10-25,2025-10-25 23:00,9013139606172,9011384.310023788,7392055006091,7390615.413868256,8269278386271677664870017,,1621084600081,1620768.8961555336,0.820142073582116
1761436800,2025-10-26,2025-10-26 00:00,9013167901606,9011423.293292286,7392097801525,7390666.971053282,8269278386271677664870017,,1621070100081,1620756.322239004,0.8201442469753446
1761440400,2025-10-26,2025-10-26 01:00,9011205515566,9009406.014930954,7392140577384,7390664.39735011,8269278386271677664870017,,1619064938182,1618741.6175808432,0.820327598190362
1761444000,2025-10-26,2025-10-26 02:00,9011242774471,9010348.328994446,7392183337086,7391449.597566024,8269278386271677664870017,,1619059437385,1618898.7314284206,0.8203289515213349
1761447600,2025-10-26,2025-10-26 03:00,9011255412912,9010352.4240163,7392226075527,7391485.324349185,8269278386271677664870017,,1619029337385,1618867.099667115,0.8203325437801781
1761451200,2025-10-26,2025-10-26 04:00,8782144736580,8780392.811771426,7392269234446,7390794.571906048,8269278386271677664870017,,1389875502134,1389598.2398653796,0.8417384882823903
1761454800,2025-10-26,2025-10-26 05:00,8782102567618,8780378.209799781,7392312752307,7390861.278449685,8269278386271677664870017,,1389789815311,1389516.9313500968,0.8417474853418893
1761458400,2025-10-26,2025-10-26 06:00,8782097417325,8780735.734999442,7392356254663,7391210.054572308,8269278386271677664870017,,1389741162662,1389525.680427134,0.8417529325146895
1761462000,2025-10-26,2025-10-26 07:00,8781889759402,8781011.413412081,7392399741578,7391660.3694329625,8269278386271677664870017,,1389490017824,1389351.0439791186,0.8417777886204509
1761465600,2025-10-26,2025-10-26 08:00,8781914155178,8780921.836255495,7392443213455,7391607.898835131,8269278386271677664870017,,1389470941723,1389313.9374203642,0.8417804003579631
1761469200,2025-10-26,2025-10-26 09:00,8781426994198,8779673.170902967,7392486670465,7391010.245808797,8269278386271677664870017,,1388940323733,1388662.9250941703,0.8418320479518089
1761472800,2025-10-26,2025-10-26 10:00,8781052097575,8779321.117820945,7392530113489,7391072.848480718,8269278386271677664870017,,1388521984086,1388248.2693402262,0.8418729363341941
1761476400,2025-10-26,2025-10-26 11:00,8781076292465,8780058.421055337,7392573541661,7391716.620595602,8269278386271677664870017,,1388502750804,1388341.800459736,0.8418755623390418
1761480000,2025-10-26,2025-10-26 12:00,8781097788261,8779347.710803168,7392616954211,7391143.601721606,8269278386271677664870017,,1388480834050,1388204.1090815626,0.8418784453230678
1761483600,2025-10-26,2025-10-26 13:00,8781102001663,8780052.433091337,7392660351084,7391776.7371635595,8269278386271677664870017,,1388441650579,1388275.6959277773,0.8418829834437578
1761487200,2025-10-26,2025-10-26 14:00,8781107506025,8780194.55626909,7392703732462,7391935.131569296,8269278386271677664870017,,1388403773563,1388259.4246997947,0.8418873960248896
1761490800,2025-10-26,2025-10-26 15:00,8781136998417,8780240.216296813,7392747098208,7391992.106750978,8269278386271677664870017,,1388389900209,1388248.1095458341,0.8418895069671173
1761494400,2025-10-26,2025-10-26 16:00,8781094209980,8780195.719748724,7392790448452,7392034.010832613,8269278386271677664870017,,1388303761528,1388161.7089161105,0.8418985460889205
1761498000,2025-10-26,2025-10-26 17:00,8778151705659,8776976.254768955,7392833790662,7391843.842737816,8269278386271677664870017,,1385317914997,1385132.412031139,0.8421856945005941
1761501600,2025-10-26,2025-10-26 18:00,8778188025663,8776445.520791747,7392877120666,7391409.605461533,8269278386271677664870017,,1385310904997,1385035.9153302147,0.8421871460320685
1761505200,2025-10-26,2025-10-26 19:00,8778217524732,8776708.399342021,7392920435117,7391649.4659363795,8269278386271677664870017,,1385297089615,1385058.933405643,0.8421892501852427
1761508800,2025-10-26,2025-10-26 20:00,8778234133233,8776456.120256279,7392963744032,7391466.314677324,8269278396271677664870017,,1385270389201,1384989.8055789545,0.8421925904258367
1761512400,2025-10-26,2025-10-26 21:00,8778252342308,8776475.56952508,7393007027466,7391510.63693653,8269278396271677664870017,,1385245314842,1384964.9325885512,0.8421957741900835
1761516000,2025-10-26,2025-10-26 22:00,8778267029508,8776494.895983538,7393050295400,7391557.805796702,8269278396271677664870017,,1385216734108,1384937.0901868357,0.8421992940689071
1761519600,2025-10-26,2025-10-26 23:00,8778295097688,8776514.629394423,7393093547850,7391594.034731915,8269278396271677664870017,,1385201549838,1384920.5946625068,0.842201528380741
1761523200,2025-10-27,2025-10-27 00:00,8778330827103,8776573.873406116,7393136784766,7391657.0730461525,8269278396271677664870017,,1385194042337,1384916.8003599637,0.842203025880475
1761526800,2025-10-27,2025-10-27 01:00,8580183319341,8579359.79329739,7393180615413,7392471.017895639,8269278396271677664870017,,1187002703928,1186888.7754017508,0.8616576523193484
1761530400,2025-10-27,2025-10-27 02:00,8402363957300,8400433.856175996,7393225012936,7391526.720410231,8269278396271677664870017,,1009138944364,1008907.1357657661,0.8798982108496672
1761534000,2025-10-27,2025-10-27 03:00,8402100252185,8401057.564743323,7393269647931,7392352.154782448,8269278396271677664870017,,1008830604254,1008705.4099608754,0.8799311393610604
1761537600,2025-10-27,2025-10-27 04:00,8386955449838,8384345.625851615,7393314334138,7391013.707980687,8269278396271677664870017,,993641115700,993331.9178709281,0.8815254091138408
1761541200,2025-10-27,2025-10-27 05:00,8386957494754,8385193.575741789,7393359019932,7391804.071484066,8269278396271677664870017,,993598474822,993389.5042577235,0.8815305221895436
1761544800,2025-10-27,2025-10-27 06:00,8386968175609,8385290.866270953,7393403700964,7391925.094534607,8269278396271677664870017,,993564474645,993365.771736347,0.8815347269905606
1761548400,2025-10-27,2025-10-27 07:00,8386648420928,8384952.954629285,7393448377494,7391953.699056778,8269278396271677664870017,,993200043434,992999.255572508,0.8815736640449153
1761552000,2025-10-27,2025-10-27 08:00,8385917702427,8384816.64432577,7393493050779,7392522.296508709,8269278396271677664870017,,992424651648,992294.347817062,0.8816558083606307
1761555600,2025-10-27,2025-10-27 09:00,8385810397848,8384968.361893846,7393537721846,7392795.321971114,8269278396271677664870017,,992272676002,992173.039922733,0.8816724169846911
1761559200,2025-10-27,2025-10-27 10:00,8385827405814,8384396.486461518,7393582388384,7392320.781197049,8269278396271677664870017,,992245017430,992075.7052644694,0.8816759552263067
1761562800,2025-10-27,2025-10-27 11:00,8385828316055,8384938.256210553,7393627050150,7392842.301131283,8269278396271677664870017,,992201265905,992095.9550792704,0.8816811853868518
1761566400,2025-10-27,2025-10-27 12:00,8384783100907,8383128.464199002,7393671709547,7392212.656823719,8269278396271677664870017,,991111391360,990915.8073752836,0.8817964186512124
1761570000,2025-10-27,2025-10-27 13:00,8335407516117,8334545.932497454,7393716438914,7392952.19253984,8269278396271677664870017,,941691077203,941593.7399576136,0.8870251903842512
1761573600,2025-10-27,2025-10-27 14:00,8335417635504,8334565.0508318,7393761289456,7393005.021705426,8269278396271677664870017,,941656346048,941560.0291263739,0.8870294942346866
1761577200,2025-10-27,2025-10-27 15:00,8335442703048,8334597.372510743,7393806136661,7393056.301248947,8269278396271677664870017,,941636566387,941541.0712617952,0.887032206934531
1761580800,2025-10-27,2025-10-27 16:00,8335473203371,8333975.305433514,7393850980550,7392522.293640017,8269278396271677664870017,,941622222821,941453.0117934984,0.8870343410809367
1761584400,2025-10-27,2025-10-27 17:00,8804399271275,8802661.408272957,7393895300191,7392435.850580951,8269278396271677664870017,,1410503971084,1410225.5576920065,0.8397955467914917
1761588000,2025-10-27,2025-10-27 18:00,8804399801583,8803112.78771776,7393938342860,7392857.508120501,8269278396271677664870017,,1410461458723,1410255.2795972594,0.8398003849769062
1761591600,2025-10-27,2025-10-27 19:00,8804436327825,8802703.056562541,7393981369451,7392525.765145892,8269278396271677664870017,,1410454958374,1410177.2914166483,0.839801787887717
1761595200,2025-10-27,2025-10-27 20:00,8803748119959,8801999.468282215,7394024411716,7392555.767564718,8269278426271677664870017,,1409723708243,1409443.700717497,0.839872326078138
1761598800,2025-10-27,2025-10-27 21:00,8661178621660,8659467.212048572,7394067605999,7392606.571777075,8269278426271677664870017,,1267111015661,1266860.6402714977,0.8537022418066531
1761602400,2025-10-27,2025-10-27 22:00,8661133366465,8660253.538782531,7394111111749,7393359.992539988,8269278426271677664870017,,1267022254716,1266893.5462425433,0.8537117255783432
1761606000,2025-10-27,2025-10-27 23:00,8661150630042,8660270.173084684,7394154605327,7393402.94597551,8269278426271677664870017,,1266996024715,1266867.2271091735,0.8537150456291215
1761609600,2025-10-28,2025-10-28 00:00,8661190111165,8659499.687077958,7394198086450,7392754.9440654935,8269278426271677664870017,,1266992024715,1266744.743012465,0.8537161742839773
1761613200,2025-10-28,2025-10-28 01:00,8660578262452,8659425.25393228,7394241555533,7393257.138182098,8269278426271677664870017,,1266336706919,1266168.1157501813,0.853781506437138
1761616800,2025-10-28,2025-10-28 02:00,8660608816873,8658938.47146672,7394285014187,7392858.9008193,8269278426271677664870017,,1266323802686,1266079.5706474213,0.8537835122839298
1761620400,2025-10-28,2025-10-28 03:00,8646192438113,8644515.376274902,7394328466486,7392894.222895164,8269278426271677664870017,,1251863971627,1251621.1533797388,0.8552121086145736
1761624000,2025-10-28,2025-10-28 04:00,8646161876908,8644516.959234824,7394371954391,7392965.187633336,8269278426271677664870017,,1251789922517,1251551.7716014879,0.8552201612301227
1761627600,2025-10-28,2025-10-28 05:00,8646144314041,8645282.99326967,7394415430471,7393678.805754737,8269278426271677664870017,,1251728883570,1251604.187514934,0.8552269268120772
1761631200,2025-10-28,2025-10-28 06:00,8646085172046,8646045.16994777,7394458894775,7394424.6834683595,8269278426271677664870017,,1251626277271,1251620.4864794111,0.8552378038886683
1761634800,2025-10-28,2025-10-28 07:00,8646083923009,8646077.514646837,7394502347307,7394496.86660042,8269278426271677664870017,,1251581575702,1251580.648046418,0.85524295312803
1761638400,2025-10-28,2025-10-28 08:00,8645960156432,8644247.97856246,7394545787969,7393081.430347127,8269278426271677664870017,,1251414368463,1251166.5482153303,0.8552602202854204
1761642000,2025-10-28,2025-10-28 09:00,8433742334112,8432115.949425053,7394589271637,7393163.279914559,8269278426271677664870017,,1039153062475,1038952.6695104953,0.8767862449067323
1761645600,2025-10-28,2025-10-28 10:00,8433060315781,8432226.474955464,7394633501820,7393902.338153099,8269278426271677664870017,,1038426813961,1038324.1368023662,0.8768623992860853
1761649200,2025-10-28,2025-10-28 11:00,8429288591602,8428554.01004968,7394677739316,7394033.320300846,8269278426271677664870017,,1034610852286,1034520.6897488347,0.8772600034934418
1761652800,2025-10-28,2025-10-28 12:00,8181352782310,8180545.822413348,7394727059995,7393997.688173141,8269278426271677664870017,,786625722315,786548.1342402069,0.9038513870205097
1761656400,2025-10-28,2025-10-28 13:00,7601607043738,7600369.222953721,7394832600408,7393628.450096575,8269278426271677664870017,,206774443330,206740.7728571462,0.9727985882274282
1761660000,2025-10-28,2025-10-28 14:00,7450212769023,7449275.113412293,7394985638264,7394054.933331163,8269278426271677664870017,,55227130759,55220.18008113014,0.992587174021576
1761663600,2025-10-28,2025-10-28 15:00,7395164438672,7393963.258998023,7395164438672,7393963.258998023,8269278426271677664870017,,0,0,1
1761667200,2025-10-28,2025-10-28 16:00,7395347668988,7394046.172345593,7395347668988,7394046.172345593,8269278426271677664870017,,0,0,1
1761670800,2025-10-28,2025-10-28 17:00,7395531952713,7394789.791111357,7395531952713,7394789.791111357,8269278426271677664870017,,0,0,1
1761674400,2025-10-28,2025-10-28 18:00,8032176131996,8030603.26461832,7395681870366,7394233.641821401,8269278426271677664870017,,636494261630,636369.6227969183,0.920756934214311
1761678000,2025-10-28,2025-10-28 19:00,8032251472418,8031455.1031276835,7395757210788,7395023.947649822,8269278426271677664870017,,636494261630,636431.1554778625,0.9207576774935817
1761681600,2025-10-28,2025-10-28 20:00,8032326903573,8030901.45720675,7395832651943,7394520.160194885,8269278436271677664870017,,636494251630,636381.2970118654,0.9207584228989896
1761685200,2025-10-28,2025-10-28 21:00,8031679739221,8030878.408000926,7395908236434,7395170.336970489,8269278436271677664870017,,635771502787,635708.0710304362,0.9208420251516821
1761688800,2025-10-28,2025-10-28 22:00,8031755469176,8030154.383547027,7395983966389,7394509.61826098,8269278436271677664870017,,635771502787,635644.7652860478,0.9208427715177656
1761692400,2025-10-28,2025-10-28 23:00,8031831290069,8030455.327595011,7396059787282,7394792.741155763,8269278436271677664870017,,635771502787,635662.5864392491,0.9208435187660001
1761696000,2025-10-29,2025-10-29 00:00,8031907202023,8030360.28879314,7396135699236,7394711.2330568945,8269278436271677664870017,,635771502787,635649.0557362445,0.9208442668975473
1761699600,2025-10-29,2025-10-29 01:00,8031983205160,8031189.004756621,7396211702373,7395480.366889912,8269278436271677664870017,,635771502787,635708.6378667091,0.9208450159135592
1761703200,2025-10-29,2025-10-29 02:00,8032059299605,8031163.96118498,7396287796818,7395463.328224953,8269278436271677664870017,,635771502787,635700.6329600272,0.9208457658152168
1761706800,2025-10-29,2025-10-29 03:00,7396413695762,7395050.630558096,7392047423823,7390685.163267619,8264548436271677664870017,,4366271939,4365.467290477671,0.9994096771599591
1761710400,2025-10-29,2025-10-29 04:00,7396601952718,7395177.040640739,7396595690844,7395170.779973052,8269281436271677664870017,,6261874,6.260667686621786,0.9999991534120614
1761714000,2025-10-29,2025-10-29 05:00,7396785309251,7395303.992131547,7396785309251,7395303.992131547,8269281436271677664870017,,0,0,1
1761717600,2025-10-29,2025-10-29 06:00,7396976018520,7395858.585734534,7396976008521,7395858.575737044,8269281446271677664870017,,9999,0.009997489489435425,0.9999999986482314
1761721200,2025-10-29,2025-10-29 07:00,7397160580254,7395681.148137949,7214966323994,7213523.330729202,8019281446271677664870017,,182194256260,182157.81740874803,0.9753697037825095
1761724800,2025-10-29,2025-10-29 08:00,7397313831720,7395837.683403589,7215119575460,7213679.784360648,8019281446271677664870017,,182194256260,182157.89904294038,0.9753702140527358
1761728400,2025-10-29,2025-10-29 09:00,7215302354466,7213882.563265043,7215302354466,7213882.563265043,8019281446271677664870017,,0,0,1
1761732000,2025-10-29,2025-10-29 10:00,7215492317426,7214189.553321943,7215492317426,7214189.553321943,8019281446271677664870017,,0,0,1
1761735600,2025-10-29,2025-10-29 11:00,7215683372822,7214253.109146895,7215683372822,7214253.109146895,8019281446271677664870017,,0,0,1
1761739200,2025-10-29,2025-10-29 12:00,7215875527544,7215106.739182136,7215875527544,7215106.739182136,8019281446271677664870017,,0,0,1
1761742800,2025-10-29,2025-10-29 13:00,7216068787706,7215286.472971985,7216068787706,7215286.472971985,8019281446271677664870017,,0,0,1
1761746400,2025-10-29,2025-10-29 14:00,9114888802919,9113915.015205447,7216179291638,7215408.352256848,8019281446271677664870017,,1898709511281,1898506.662948599,0.791691423523132
1761750000,2025-10-29,2025-10-29 15:00,9112403516478,9111509.190428445,7216223454065,7215515.22636166,8019281446271677664870017,,1896180062413,1895993.9640667848,0.7919121932008246
1761753600,2025-10-29,2025-10-29 16:00,8610410055787,8608438.184422333,7216268831946,7214616.2330828495,8019281446271677664870017,,1394141223841,1393821.9513394835,0.838086547004343
1761757200,2025-10-29,2025-10-29 17:00,8610456045992,8608739.980360573,7216314822151,7214876.609147448,8019281446271677664870017,,1394141223841,1393863.3712131241,0.8380874118171772
1761760800,2025-10-29,2025-10-29 18:00,7590530474161,7588952.555948677,7216418477692,7214918.32981927,8019281446271677664870017,,374111996469,374034.2261294056,0.9507133265925856
1761764400,2025-10-29,2025-10-29 19:00,7590653147061,7589211.32688706,7216541150592,7215170.391789641,8019281446271677664870017,,374111996469,374040.93509741954,0.9507141231168162
1761768000,2025-10-29,2025-10-29 20:00,7590746368605,7589271.9451111,6915634372136,6914291.082122296,7669281446271677664870017,,675111996469,674980.862988803,0.9110611837511481
1761771600,2025-10-29,2025-10-29 21:00,7585302200848,7583865.174736514,6685624297062,6684357.713815602,7394281446271677664870017,,899677903786,899507.4609209123,0.8813919498572621
1761775200,2025-10-29,2025-10-29 22:00,7585344290304,7584632.257882537,6685668820394,6685041.240052609,7394281446271677664870017,,899675469910,899591.017829929,0.8813929288536033
1761778800,2025-10-29,2025-10-29 23:00,7585350687961,7583900.22408209,6685713338823,6684434.902782053,7394281446271677664870017,,899637349138,899465.3213000367,0.8813980544675609
1761782400,2025-10-30,2025-10-30 00:00,7130014486020,7129131.0052181715,6685766205393,6684937.771439666,7394281446271677664870017,,444248280627,444193.23377850495,0.9376932148597946
1761786000,2025-10-30,2025-10-30 01:00,7130110963267,7128716.450260384,6685862682640,6684555.056079989,7394281446271677664870017,,444248280627,444161.3941803945,0.9376940579304187
1761789600,2025-10-30,2025-10-30 02:00,7130207649762,7129495.65113572,6685959369135,6685291.7316523325,7394281446271677664870017,,444248280627,444203.91948338813,0.9376949028066766
1761793200,2025-10-30,2025-10-30 03:00,7130304546015,7128914.506051659,6686056265388,6684752.830822749,7394281446271677664870017,,444248280627,444161.675228909,0.9376957494928765
1761796800,2025-10-30,2025-10-30 04:00,7130401652538,7129471.910781846,6686153371911,6685281.556229243,7394281446271677664870017,,444248280627,444190.354552604,0.9376965979933439
1761800400,2025-10-30,2025-10-30 05:00,7130336793562,7129437.210189464,6686250701297,6685407.145076637,7394281446271677664870017,,444086092265,444030.06511282723,0.9377187775104864
1761804000,2025-10-30,2025-10-30 06:00,7130397753817,7128993.884179816,6686348268442,6685031.825567172,7394281446271677664870017,,444049485375,443962.0586126442,0.93772444389413
1761807600,2025-10-30,2025-10-30 07:00,7130495535878,7129072.738363122,6686446050503,6685111.85727952,7394281446271677664870017,,444049485375,443960.8810836018,0.9377252978925927
1761811200,2025-10-30,2025-10-30 08:00,7130593530229,7129190.352928148,6686544044854,6685228.248800682,7394281446271677664870017,,444049485375,443962.10412746534,0.9377261537216328
1761814800,2025-10-30,2025-10-30 09:00,7030640388868,7029394.13437581,6686654863345,6685469.583882497,7394281446271677664870017,,343985525523,343924.5504933127,0.9510733721969835
1761818400,2025-10-30,2025-10-30 10:00,7030757403923,7029405.445454178,6686771878400,6685486.065599086,7394281446271677664870017,,343985525523,343919.3798550918,0.951074186497878
1761822000,2025-10-30,2025-10-30 11:00,7030874762849,7029496.522624458,6686889237326,6685578.427500082,7394281446271677664870017,,343985525523,343918.0951243758,0.9510750031645262
1761825600,2025-10-30,2025-10-30 12:00,7030992466778,7029688.434852421,6687006941255,6685766.7080192,7394281446271677664870017,,343985525523,343921.726833222,0.9510758222045665
1761829200,2025-10-30,2025-10-30 13:00,7031110516843,7030159.471726905,6687124991320,6686220.474523047,7394281446271677664870017,,343985525523,343938.9972038571,0.9510766436256429
1761832800,2025-10-30,2025-10-30 14:00,7031228914179,7030288.444998746,6687243388656,6686348.929609843,7394281446271677664870017,,343985525523,343939.51538890303,0.9510774674354112
1761836400,2025-10-30,2025-10-30 15:00,7031347659917,7029979.175444474,6687362134394,6686060.598516996,7394281446271677664870017,,343985525523,343918.57692747895,0.951078293641498
1761840000,2025-10-30,2025-10-30 16:00,7031466755191,7030647.038432719,6687481229668,6686701.614173039,7394281446271677664870017,,343985525523,343945.42425967974,0.9510791222515484
1761843600,2025-10-30,2025-10-30 17:00,7031586201136,7030196.166070384,6687600675613,6686278.641127746,7394281446271677664870017,,343985525523,343917.5249426382,0.9510799532732136
1761847200,2025-10-30,2025-10-30 18:00,6941829521602,6940440.001119832,6437670509139,6436381.904311978,7144281446271677664870017,,504159012463,504058.0968078536,0.9273737548733907
1761850800,2025-10-30,2025-10-30 19:00,6716702321935,6715079.431584352,6437771563567,6436216.068496738,7144281446271677664870017,,278930758368,278863.36308761424,0.9584720678394388
1761854400,2025-10-30,2025-10-30 20:00,6525314779907,6523438.04821272,6437903533584,6436051.942049534,7144281446271677664870017,,87411246323,87386.10616318486,0.9866042866480311
1761858000,2025-10-30,2025-10-30 21:00,6525410389721,6523402.28449677,6188063622775,6186159.331374671,6844281446271677664870017,,337346766946,337242.9531220989,0.9483025975688215
1761861600,2025-10-30,2025-10-30 22:00,6524995641839,6523350.536769098,6188172213391,6186612.029439857,6844281446271677664870017,,336823428448,336738.50732924114,0.9483795167174901
1761865200,2025-10-30,2025-10-30 23:00,6525094647288,6523793.2602338195,6188281162730,6187046.9509019535,6844281446271677664870017,,336813484558,336746.30933186604,0.9483818239022803
1761868800,2025-10-31,2025-10-31 00:00,6515181458164,6513569.6542855725,6188390473606,6186859.515208197,6844281446271677664870017,,326790984558,326710.13907737477,0.9498416142886539
1761872400,2025-10-31,2025-10-31 01:00,6323355562163,6321936.092238552,6188522970868,6187133.768229061,6844281446271677664870017,,134832591295,134802.3240094904,0.9786770505043562
1761876000,2025-10-31,2025-10-31 02:00,6306812990926,6305564.118224853,6188676639166,6187451.159780135,6844281446271677664870017,,118136351760,118112.95844471722,0.981268454934375
1761879600,2025-10-31,2025-10-31 03:00,6188847387277,6187615.159082298,6188847387277,6187615.159082298,6844281446271677664870017,,0,0,1
1761883200,2025-10-31,2025-10-31 04:00,6189028888905,6187225.173879612,6189028888905,6187225.173879612,6844281446271677664870017,,0,0,1
1761886800,2025-10-31,2025-10-31 05:00,6189211435217,6187842.668813185,6189211435217,6187842.668813185,6844281446271677664870017,,0,0,1
1761890400,2025-10-31,2025-10-31 06:00,6189395031628,6187585.066176105,6189395031628,6187585.066176105,6844281446271677664870017,,0,0,1
1761894000,2025-10-31,2025-10-31 07:00,6189564480946,6188329.780089825,5934578455728,5933394.619753292,6544281446271677664870017,,254986025218,254935.16033653406,0.9588038825667055
1761897600,2025-10-31,2025-10-31 08:00,6188058390083,6186830.524030515,5934701446925,5933523.853247153,6544281446271677664870017,,253356943158,253306.6707833625,0.9590571182127127
1761901200,2025-10-31,2025-10-31 09:00,6187524603370,6186203.360080863,5934825133220,5933557.849712927,6544281446271677664870017,,252699470150,252645.51036793756,0.9591598439847223
1761904800,2025-10-31,2025-10-31 10:00,6187653749405,6186407.105545976,5934949279255,5933753.548470401,6544281446271677664870017,,252704470150,252653.55707557488,0.9591598883220801
1761908400,2025-10-31,2025-10-31 11:00,5935110186063,5933923.816910985,5935110186063,5933923.816910985,6544281446271677664870017,,0,0,1
1761912000,2025-10-31,2025-10-31 12:00,5935290858963,5934119.472864379,5935290858963,5934119.472864379,6544281446271677664870017,,0,0,1
1761915600,2025-10-31,2025-10-31 13:00,5935472571702,5934300.989879867,5935472571702,5934300.989879867,6544281446271677664870017,,0,0,1
1761919200,2025-10-31,2025-10-31 14:00,5935655329984,5934458.231820572,5935655329984,5934458.231820572,6544283446271677664870017,,0,0,1
1761922800,2025-10-31,2025-10-31 15:00,5935839140167,5934100.724180983,5935839140167,5934100.724180983,6544283446271677664870017,,0,0,1
1761926400,2025-10-31,2025-10-31 16:00,5935980191477,5934352.846644427,5652756182724,5651206.4835560415,6244283446271677664870017,,283224008753,283146.36308838567,0.9522869013007054
1761930000,2025-10-31,2025-10-31 17:00,5936028001010,5934290.121573772,5052963246838,5051483.900561803,5584283446271677664870017,,883064754172,882806.221011969,0.8512364237463589
1761933600,2025-10-31,2025-10-31 18:00,5497482587538,5495901.023534239,5053020360696,5051566.6634835955,5584283446271677664870017,,444462226842,444334.36005064385,0.9191516808348731
1761937200,2025-10-31,2025-10-31 19:00,5497544702573,5495981.1993398005,5053082475731,5051645.377677985,5584283446271677664870017,,444462226842,444335.82166181516,0.9191525943146984
1761940800,2025-10-31,2025-10-31 20:00,5497606886324,5496384.377315916,5053144659482,5052020.9860376995,5584283446271677664870017,,444462226842,444363.39127821696,0.9191535087844028
1761944400,2025-10-31,2025-10-31 21:00,5497669138877,5496557.7629851485,5053206912035,5052185.385967005,5584283446271677664870017,,444462226842,444372.37701814325,0.919154424245183
1761948000,2025-10-31,2025-10-31 22:00,5497726796320,5496631.834526968,4923264569478,4922284.021189538,5444283446271677664870017,,574462226842,574347.8133374307,0.8955091352981516
1761951600,2025-10-31,2025-10-31 23:00,5497765227102,5496657.870464408,4923303000260,4922311.35146617,5444283446271677664870017,,574462226842,574346.5189982377,0.8955098657159625
1761955200,2025-11-01,2025-11-01 00:00,5497803657089,5496204.839269382,4923341430247,4921909.671948286,5444283446271677664870017,,574462226842,574295.167321097,0.8955105961084524
1761958800,2025-11-01,2025-11-01 01:00,4923471135111,4922032.375167462,4923471135111,4922032.375167462,5444283446271677664870017,,0,0,1
1761962400,2025-11-01,2025-11-01 02:00,4923626573251,4922341.566181607,4923626573251,4922341.566181607,5444283446271677664870017,,0,0,1
1761966000,2025-11-01,2025-11-01 03:00,4923782906078,4922801.945250614,4923782906078,4922801.945250614,5444283446271677664870017,,0,0,1
1761969600,2025-11-01,2025-11-01 04:00,4923940138772,4922629.7640916305,4923940138772,4922629.7640916305,5444283446271677664870017,,0,0,1
1761973200,2025-11-01,2025-11-01 05:00,4924098276590,4923113.470804703,4924098276590,4923113.470804703,5444283446271677664870017,,0,0,1
1761976800,2025-11-01,2025-11-01 06:00,4924257324696,4923230.944054071,4924257324696,4923230.944054071,5444282951970762532766371,,0,0,1
1761980400,2025-11-01,2025-11-01 07:00,4924417288410,4923434.899981146,4924417288410,4923434.899981146,5444282951970762532766371,,0,0,1
1761984000,2025-11-01,2025-11-01 08:00,4924578172959,4923105.555169839,4924578172959,4923105.555169839,5444282951970762532766371,,0,0,1
1761987600,2025-11-01,2025-11-01 09:00,4924739983735,4923267.869981619,4924739983735,4923267.869981619,5444282951970762532766371,,0,0,1
1761991200,2025-11-01,2025-11-01 10:00,4924902726175,4923678.8189330725,4924902726175,4923678.8189330725,5444282951970762532766371,,0,0,1
1761994800,2025-11-01,2025-11-01 11:00,4925066406186,4924069.765712813,4925066406186,4924069.765712813,5444282951970762532766371,,0,0,1
1761998400,2025-11-01,2025-11-01 12:00,4925231029813,4924249.658711346,4925231029813,4924249.658711346,5444282951970762532766371,,0,0,1
1762002000,2025-11-01,2025-11-01 13:00,4925396603099,4924413.958531777,4925396603099,4924413.958531777,5444282951970762532766371,,0,0,1
1762005600,2025-11-01,2025-11-01 14:00,4925563132092,4924581.975206594,4925563132092,4924581.975206594,5444282951970762532766371,,0,0,1
1762009200,2025-11-01,2025-11-01 15:00,4925730622840,4924556.259546754,4925730622840,4924556.259546754,5444282951970762532766371,,0,0,1
1762012800,2025-11-01,2025-11-01 16:00,4925899081391,4924935.007196186,4925899081391,4924935.007196186,5444282951970762532766371,,0,0,1
1762016400,2025-11-01,2025-11-01 17:00,4926068513797,4925034.039409103,4926068513797,4925034.039409103,5444282951970762532766371,,0,0,1
1762020000,2025-11-01,2025-11-01 18:00,4926238926109,4925351.713373539,4926238926109,4925351.713373539,5444282951970762532766371,,0,0,1
1762023600,2025-11-01,2025-11-01 19:00,4926410324380,4925622.098728099,4926410324380,4925622.098728099,5444282951970762532766371,,0,0,1
1762027200,2025-11-01,2025-11-01 20:00,4926582714666,4925624.473440755,4926582714666,4925624.473440755,5444282951970762532766371,,0,0,1
1762030800,2025-11-01,2025-11-01 21:00,4926756103023,4925869.286924456,4926756103023,4925869.286924456,5444282951970762532766371,,0,0,1
1762034400,2025-11-01,2025-11-01 22:00,4926930495508,4925954.963941825,4926930495508,4925954.963941825,5444282951970762532766371,,0,0,1
1762038000,2025-11-01,2025-11-01 23:00,4927105898181,4926125.851722671,4927105898181,4926125.851722671,5444282951970762532766371,,0,0,1
1762041600,2025-11-02,2025-11-02 00:00,4927282317102,4926297.898202698,4927282317102,4926297.898202698,5444282951970762532766371,,0,0,1
1762045200,2025-11-02,2025-11-02 01:00,4927459758332,4926475.002685956,4927459758332,4926475.002685956,5444282951970762532766371,,0,0,1
1762048800,2025-11-02,2025-11-02 02:00,4927638227938,4926644.413160663,4927638227938,4926644.413160663,5444282951970762532766371,,0,0,1
1762052400,2025-11-02,2025-11-02 03:00,4927817731982,4926355.711201878,4927817731982,4926355.711201878,5444282951970762532766371,,0,0,1
1762056000,2025-11-02,2025-11-02 04:00,4927998276531,4926541.030738443,4927998276531,4926541.030738443,5444282951970762532766371,,0,0,1
1762059600,2025-11-02,2025-11-02 05:00,4928179867654,4926735.780870914,4928179867654,4926735.780870914,5444282951970762532766371,,0,0,1
1762063200,2025-11-02,2025-11-02 06:00,4928362511420,4926883.9450769,4928362511420,4926883.9450769,5444282951970762532766371,,0,0,1
1762066800,2025-11-02,2025-11-02 07:00,4928546213900,4927561.635516889,4928546213900,4927561.635516889,5444282951970762532766371,,0,0,1
1762070400,2025-11-02,2025-11-02 08:00,4928730981168,4927267.623311791,4928730981168,4927267.623311791,5444282951970762532766371,,0,0,1
1762074000,2025-11-02,2025-11-02 09:00,4928916819298,4927438.329817234,4928916819298,4927438.329817234,5444282951970762532766371,,0,0,1
1762077600,2025-11-02,2025-11-02 10:00,4929103734365,4927635.417245435,4929103734365,4927635.417245435,5444282951970762532766371,,0,0,1
1762081200,2025-11-02,2025-11-02 11:00,4929291732447,4928290.0748431,4929291732447,4928290.0748431,5444282951970762532766371,,0,0,1
1762084800,2025-11-02,2025-11-02 12:00,4929480779257,4928483.17453335,4929480779257,4928483.17453335,5444282451970762532766371,,0,0,1
1762088400,2025-11-02,2025-11-02 13:00,4929670720385,4928221.917899767,4929670720385,4928221.917899767,5444282451970762532766371,,0,0,1
1762092000,2025-11-02,2025-11-02 14:00,4929861757006,4928393.075827677,4929861757006,4928393.075827677,5444282451970762532766371,,0,0,1
1762095600,2025-11-02,2025-11-02 15:00,4930053896183,4929065.474646655,4930053896183,4929065.474646655,5444282451970762532766371,,0,0,1
1762099200,2025-11-02,2025-11-02 16:00,4930247144981,4929074.488011577,4930247144981,4929074.488011577,5444282451970762532766371,,0,0,1
1762102800,2025-11-02,2025-11-02 17:00,4930389763315,4928935.102996643,4437336183038,4436026.993060221,4885182657258260340701279,,493053580277,492908.10993642174,0.8999970379734258
1762106400,2025-11-02,2025-11-02 18:00,4930433533195,4928963.749087137,4437379952918,4436057.150269625,4885182657258260340701279,,493053580277,492906.59881751233,0.8999979257488351
1762110000,2025-11-02,2025-11-02 19:00,4930477303506,4929136.368650323,4437423723229,4436216.883449887,4885182657258260340701279,,493053580277,492919.48520043615,0.8999988135172237
1762113600,2025-11-02,2025-11-02 20:00,4930521074247,4929535.736703437,4437467493970,4436580.690475135,4885182657258260340701279,,493053580277,492955.04622830224,0.8999997012785712
1762117200,2025-11-02,2025-11-02 21:00,4930564845420,4929091.468275437,4437511265143,4436185.224845026,4885182657258260340701279,,493053580277,492906.2434304113,0.9000005890329184
1762120800,2025-11-02,2025-11-02 22:00,4930608617023,4929379.140638907,4437555036746,4436448.506184651,4885182657258260340701279,,493053580277,492930.6344542572,0.9000014767802245
1762124400,2025-11-02,2025-11-02 23:00,4930652389058,4929566.992501556,4437598808781,4436621.949313757,4885182657258260340701279,,493053580277,492945.04318779794,0.90000236452053
1762128000,2025-11-03,2025-11-03 00:00,4930696161523,4929223.914988866,4437642581246,4436317.55457716,4885182657258260340701279,,493053580277,492906.360411706,0.9000032522537943
1762131600,2025-11-03,2025-11-03 01:00,4930739934419,4929746.856597598,4437686354142,4436792.579991416,4885182657258260340701279,,493053580277,492954.27660618216,0.9000041399800378
1762135200,2025-11-03,2025-11-03 02:00,4930783707746,4929102.248181523,4437730127469,4436216.805407098,4885182657258260340701279,,493053580277,492885.44277442526,0.9000050276992603
1762138800,2025-11-03,2025-11-03 03:00,4930827481504,4929324.77482152,4437773901227,4436421.45632364,4885182657258260340701279,,493053580277,492903.31849788036,0.9000059154114618
1762142400,2025-11-03,2025-11-03 04:00,4930871255693,4928907.2471190095,4437817675416,4436050.05433803,4885182657258260340701279,,493053580277,492857.1927809804,0.9000068031166422
1762146000,2025-11-03,2025-11-03 05:00,4930915030312,4928941.868553296,4437861450035,4436085.589276945,4885182657258260340701279,,493053580277,492856.2792763512,0.9000076908147812
1762149600,2025-11-03,2025-11-03 06:00,4930958805363,4929906.6450254675,4437905225086,4436958.271756257,4885182657258260340701279,,493053580277,492948.3732692104,0.9000085785059194
1762153200,2025-11-03,2025-11-03 07:00,4931002580844,4929491.482037356,4437949000567,4436588.997336673,4885182657258260340701279,,493053580277,492902.484700684,0.9000094661900161
1762156800,2025-11-03,2025-11-03 08:00,4931046356756,4929531.2708530985,4437992776479,4436629.183479391,4885182657258260340701279,,493053580277,492902.0873737079,0.9000103538670915
1762160400,2025-11-03,2025-11-03 09:00,4931090133099,4929569.95970646,4438036552822,4436668.379679629,4885182657258260340701279,,493053580277,492901.5800268316,0.9000112415371457
1762164000,2025-11-03,2025-11-03 10:00,4931133909873,4929659.103964394,4438080329596,4436752.986390037,4885182657258260340701279,,493053580277,492906.1175743554,0.9000121292001785
1762167600,2025-11-03,2025-11-03 11:00,4931177687078,4930058.45101793,4438124106801,4437116.779778003,4885182657258260340701279,,493053580277,492941.6712399278,0.90001301685619
1762171200,2025-11-03,2025-11-03 12:00,4931221477679,4930154.763214227,4438167907402,4437207.849549124,4885182667258260340701279,,493053570277,492946.9136651031,0.9000139067959552
1762174800,2025-11-03,2025-11-03 13:00,4931265273604,4929996.038808365,4438211714327,4437069.384230022,4885182678258260340701279,,493053559277,492926.65457834274,0.9000147970306507
1762178400,2025-11-03,2025-11-03 14:00,4438287057445,4437413.471875759,4438287057445,4437413.471875759,4885182678258260340701279,,0,0,1
1762182000,2025-11-03,2025-11-03 15:00,4438462919309,4437580.300282318,4438462919309,4437580.300282318,4885182678258260340701279,,0,0,1
1762185600,2025-11-03,2025-11-03 16:00,4438639794900,4437769.081866694,4438639794900,4437769.081866694,4885182678258260340701279,,0,0,1
1762189200,2025-11-03,2025-11-03 17:00,4438817690581,4437867.037628474,4438817690581,4437867.037628474,4885182678258260340701279,,0,0,1
1762192800,2025-11-03,2025-11-03 18:00,4438996612944,4438090.143211081,4438996612944,4438090.143211081,4885182678258260340701279,,0,0,1
1762196400,2025-11-03,2025-11-03 19:00,4439176568588,4438410.28442613,4439176568588,4438410.28442613,4885182678258260340701279,,0,0,1
1762200000,2025-11-03,2025-11-03 20:00,4439357564112,4438250.376755586,4439357564112,4438250.376755586,4885182678258260340701279,,0,0,1
1762203600,2025-11-03,2025-11-03 21:00,4439539601714,4438667.740572075,4439539601714,4438667.740572075,4885182678258260340701279,,0,0,1
1762207200,2025-11-03,2025-11-03 22:00,4439722683234,4438829.822075833,4439722683234,4438829.822075833,4885182678258260340701279,,0,0,1
1762210800,2025-11-03,2025-11-03 23:00,4424815172213,4423459.458835146,3935754246734,3934548.3760983744,4260182678258260340701279,,489060925479,488911.08273677184,0.889473140358447
1762214400,2025-11-04,2025-11-04 00:00,4424852638757,4423986.614140329,3935794713288,3935024.406254944,4260183678258260340701279,,489057925469,488962.2078853851,0.8894747542131973
1762218000,2025-11-04,2025-11-04 01:00,4424878581448,4423993.605731711,3301830009173,3301169.6431711656,3570183678258260340701279,,1123048572275,1122823.962560545,0.7461967483167656
1762221600,2025-11-04,2025-11-04 02:00,4424840573865,4423963.6924028415,3301859843865,3301205.506236469,3570183678258260340701279,,1122980730000,1122758.1861663724,0.7462099003899023
1762225200,2025-11-04,2025-11-04 03:00,4424721016845,4423759.138864247,3301889650090,3301171.861344177,3570183678258260340701279,,1122831366755,1122587.27752007,0.746236799454619
1762228800,2025-11-04,2025-11-04 04:00,4227016193711,4226078.005662793,3301843610432,3301110.7648334987,3570101592806529095645279,,925172583279,924967.2408292947,0.7811286872627832
1762232400,2025-11-04,2025-11-04 05:00,3553719531724,3553008.7942483826,3301893026821,3301232.6541906637,3570101592806529095645279,,251826504903,251776.14005771873,0.9291372032443899
1762236000,2025-11-04,2025-11-04 06:00,3302024262587,3301378.3338091257,3302024262587,3301378.3338091257,3570101592806529095645279,,0,0,1
1762239600,2025-11-04,2025-11-04 07:00,3302162056874,3301519.643473649,3302162056874,3301519.643473649,3570001592806529095645279,,0,0,1
1762243200,2025-11-04,2025-11-04 08:00,3200578948052,3199960.036504611,1034970455513,1034770.3182326767,1116652580577213415843618,,2165608492539,2165189.718271935,0.3233697628808451
1762246800,2025-11-04,2025-11-04 09:00,1106434361882,1106130.1779415868,1034980569673,1034696.0300032462,1116652580577213415843618,,71453792209,71434.14793834067,0.9354197639998635
1762250400,2025-11-04,2025-11-04 10:00,1106456739971,1106133.5532741272,1035002947762,1034700.6321161578,1116652580577213415843618,,71453792209,71432.92115796942,0.9354210701352202
1762254000,2025-11-04,2025-11-04 11:00,1106479164300,1106185.6505279408,1035025372091,1034750.8127400955,1116652580577213415843618,,71453792209,71434.83778784516,0.9354223789164576
1762257600,2025-11-04,2025-11-04 12:00,1035057367370,1034750.4381886299,1035057367370,1034750.4381886299,1116652580577213415843618,,0,0,1
1762261200,2025-11-04,2025-11-04 13:00,1035101186322,1034784.5004465105,1035101186322,1034784.5004465105,1116652580577213415843618,,0,0,1
1762264800,2025-11-04,2025-11-04 14:00,1035145257979,1034832.7270222454,1035145257979,1034832.7270222454,1116652580577213415843618,,0,0,1
1762268400,2025-11-04,2025-11-04 15:00,1035189583773,1034921.9398963838,1035189583773,1034921.9398963838,1116652580577213415843618,,0,0,1
1762272000,2025-11-04,2025-11-04 16:00,1040014158596,1039812.5069625304,1035230412456,1035029.6883581944,1116652580577213415843618,,4783746140,4782.818604335931,0.9954003067165375
1762275600,2025-11-04,2025-11-04 17:00,1040057413940,1039853.428856613,1035273667800,1035070.6209464091,1116652580577213415843618,,4783746140,4782.807910204037,0.9954004980149337
1762279200,2025-11-04,2025-11-04 18:00,1040100907362,1039804.0257606516,1035317161222,1035021.6450710656,1116652580577213415843618,,4783746140,4782.380689586069,0.995400690350196
1762282800,2025-11-04,2025-11-04 19:00,1040144640175,1039843.7964007244,1035360894035,1035061.4338762221,1116652580577213415843618,,4783746140,4782.3625245023595,0.9954008837278677
1762286400,2025-11-04,2025-11-04 20:00,1040188613706,1039886.8590891112,1035404867566,1035104.500695011,1116652580577213415843618,,4783746140,4782.358394100123,0.995401078153551
1762290000,2025-11-04,2025-11-04 21:00,1040232829288,1040061.2155132187,1035449083148,1035278.2585780097,1116652580577213415843618,,4783746140,4782.95693520895,0.9954012736328709
1762293600,2025-11-04,2025-11-04 22:00,1040277288253,1040108.818638111,1035493542113,1035325.8472106602,1116652580577213415843618,,4783746140,4782.971427450728,0.9954014701714448
1762297200,2025-11-04,2025-11-04 23:00,1040321991968,1040112.8982540977,1035538245828,1035330.1135964604,1116652580577213415843618,,4783746140,4782.784657637327,0.995401667775041
1762300800,2025-11-05,2025-11-05 00:00,1040366941789,1040159.2689160265,1035583195649,1035376.4776836314,1116652580577213415843618,,4783746140,4782.791232395227,0.9954018664493761
1762304400,2025-11-05,2025-11-05 01:00,1040412139081,1040157.937724804,1035628392941,1035375.3603858117,1116652580577213415843618,,4783746140,4782.5773389923925,0.9954020662002027
1762308000,2025-11-05,2025-11-05 02:00,1040457585217,1040155.9309491003,1035673839077,1035373.5717348724,1116652580577213415843618,,4783746140,4782.359214227934,0.995402267033305
1762311600,2025-11-05,2025-11-05 03:00,1040503281580,1040276.157383445,1035719535440,1035493.4554539899,1116652580577213415843618,,4783746140,4782.7019294551565,0.9954024689545083
1762315200,2025-11-05,2025-11-05 04:00,1040549229551,1040312.3580511704,1035765483411,1035529.7008871561,1116652580577213415843618,,4783746140,4782.6571640142365,0.995402671969625
1762318800,2025-11-05,2025-11-05 05:00,1040595430535,1040369.1864817642,1035811684395,1035586.480413712,1116652580577213415843618,,4783746140,4782.706068052146,0.9954028760845697
1762322400,2025-11-05,2025-11-05 06:00,1040641885947,1040337.107216496,1035858139807,1035554.7621195401,1116652580577213415843618,,4783746140,4782.345096955999,0.9954030813052978
1762326000,2025-11-05,2025-11-05 07:00,1040688597194,1040382.0527500368,1035904851054,1035599.7157066719,1116652580577213415843618,,4783746140,4782.337043364848,0.9954032876377252
1762329600,2025-11-05,2025-11-05 08:00,1040735565690,1040524.5254206164,1035951819550,1035741.7493282512,1116652580577213415843618,,4783746140,4782.776092365106,0.9954034950877955
1762333200,2025-11-05,2025-11-05 09:00,1040782792871,1040476.6869109172,1035999046731,1035694.3477246206,1116652580577213415843618,,4783746140,4782.339186296492,0.995403703661545
1762336800,2025-11-05,2025-11-05 10:00,1040830280169,1040523.5936065083,1036046534029,1035741.2570245193,1116652580577213415843618,,4783746140,4782.336581988994,0.9954039133649886
1762340400,2025-11-05,2025-11-05 11:00,1040878029031,1040570.4252976913,1036094282891,1035788.0928662439,1116652580577213415843618,,4783746140,4782.33243144739,0.9954041242042034
1762344000,2025-11-05,2025-11-05 12:00,1040926040918,1040888.2402191263,1036142294778,1036104.6677984303,1116652580577213415843618,,4783746140,4783.572420696017,0.9954043361853248
1762347600,2025-11-05,2025-11-05 13:00,1040974317289,1040711.7572702804,1036190571149,1035929.2177118984,1116652580577213415843618,,4783746140,4782.539558381984,0.9954045493144746
1762351200,2025-11-05,2025-11-05 14:00,1041022859609,1040814.7881730248,1036239113469,1036031.9981704615,1116652580577213415843618,,4783746140,4782.790002563148,0.9954047635977977
1762354800,2025-11-05,2025-11-05 15:00,1041071669362,1040863.6871111448,1036287923222,1036080.8966539465,1116652580577213415843618,,4783746140,4782.790457198328,0.9954049790415183
1762358400,2025-11-05,2025-11-05 16:00,1041120748038,1040811.4780888458,1036337011898,1036029.1629807825,1116652590577213415843618,,4783736140,4782.3151080634325,0.9954052052569167
1762362000,2025-11-05,2025-11-05 17:00,1041170097125,1040900.2930598682,1036386360985,1036117.7965554097,1116652590577213415843618,,4783736140,4782.496504458551,0.9954054230397037
1762365600,2025-11-05,2025-11-05 18:00,1041219718132,1040910.3885782853,1036435981992,1036128.0736089946,1116650590577213415843618,,4783736140,4782.314969290777,0.9954056420016879
1762369200,2025-11-05,2025-11-05 19:00,1036545127723,1036256.9367896718,1036545098008,1036256.9070829334,1116650590577213415843618,,29715,0.0297067383301944,0.999999971332652
1762372800,2025-11-05,2025-11-05 20:00,1036597101165,1036387.7025688458,1036597071450,1036387.6728598485,1116650590577213415843618,,29715,0.029708997398528583,0.9999999713340892
1762376400,2025-11-05,2025-11-05 21:00,1036649374738,1036446.5764375502,1036649345023,1036446.5467283634,1116650590577213415843618,,29715,0.029709186895159813,0.9999999713355348
1762380000,2025-11-05,2025-11-05 22:00,1036701950188,1036397.4436454211,1036701920473,1036397.4139391492,1116650590577213415843618,,29715,0.029706271925444828,0.9999999713369884
1762383600,2025-11-05,2025-11-05 23:00,1036754829273,1036549.7361369239,1036754799558,1036549.7064278023,1116650590577213415843618,,29715,0.029709121712900268,0.9999999713384503
1762387200,2025-11-06,2025-11-06 00:00,1036808013761,1036503.3717502583,1036807984046,1036503.3420439893,1116650590577213415843618,,29715,0.029706268935782664,0.9999999713399206
1762390800,2025-11-06,2025-11-06 01:00,936850886425,936575.2440806599,936850856710,936575.2143744027,1007073878299585060931283,,29715,0.029706257186836508,0.9999999682820389
1762394400,2025-11-06,2025-11-06 02:00,936899431011,936696.8506158777,936899401296,936696.8209073028,1007073878299585060931283,,29715,0.02970857489583,0.9999999682836823
1762398000,2025-11-06,2025-11-06 03:00,936909623733,936726.9386916849,278909594018,278855.2103192785,300573878299585060931283,,658000029715,657871.7283724063,0.2976910333215699
1762401600,2025-11-06,2025-11-06 04:00,936911417910,936641.8393125678,20118110249,20112.32164205143,300573878299585060931283,,916793307661,916529.5176705165,0.02147279867063436
1762405200,2025-11-06,2025-11-06 05:00,936911487354,936636.0927840803,20118179693,20112.266180871153,21630583912745180614799,,916793307661,916523.8266032093,0.021472871199196435
1762408800,2025-11-06,2025-11-06 06:00,20119659362,20115.2533476056,20118351701,20113.94597297095,21630583912745180614799,,1307661,1.3073746346552728,0.9999350058081764
1762412400,2025-11-06,2025-11-06 07:00,20120691534,20114.752355490666,20119383873,20113.44508048297,21630583912745180614799,,1307661,1.3072750076947368,0.9999350091423155
1762416000,2025-11-06,2025-11-06 08:00,20121729660,20117.82349666979,20120421999,20116.516089521592,21630583912745180614799,,1307661,1.3074071481923841,0.9999350124953423
1762419600,2025-11-06,2025-11-06 09:00,20122773776,20118.494715017387,20121466115,20117.187332088448,21630583912745180614799,,1307661,1.3073829289335617,0.9999350158673672
1762423200,2025-11-06,2025-11-06 10:00,20123823924,20119.756595214618,20122516263,20118.449198512662,21630583912745180614799,,1307661,1.307396701959682,0.9999350192585197
1762426800,2025-11-06,2025-11-06 11:00,20124880133,20120.889841407563,20123572472,20119.582439686063,21630583912745180614799,,1307661,1.307401721501963,0.9999350226688876
1762430400,2025-11-06,2025-11-06 12:00,20125942442,20121.94987406994,20124634781,20120.642472482654,21630583912745180614799,,1307661,1.3074015872849414,0.9999350260985905
1762434000,2025-11-06,2025-11-06 13:00,20127010882,20123.01375126822,20125703221,20121.706349963613,21630583912745180614799,,1307661,1.3074013046085435,0.9999350295477224
1762437600,2025-11-06,2025-11-06 14:00,20128085483,20124.063284791107,20126777822,20122.755885101193,21630583912745180614799,,1307661,1.3073996899148217,0.9999350330163739
1762441200,2025-11-06,2025-11-06 15:00,20129166297,20125.107817293374,20127858636,20123.800419946405,21630583912745180614799,,1307661,1.3073973469726794,0.9999350365047064
1762444800,2025-11-06,2025-11-06 16:00,20130253354,20126.42127649513,20128945693,20125.113864426836,21630583912745180614799,,1307661,1.3074120682943737,0.9999350400128104
1762448400,2025-11-06,2025-11-06 17:00,20131346688,20127.259349035645,20130039027,20125.951953534706,21630583912745180614799,,1307661,1.3073955009332805,0.9999350435407891
1762452000,2025-11-06,2025-11-06 18:00,20132446339,20129.720464761343,20131138678,20128.41298081481,21630583912745180614799,,1307661,1.307483946532539,0.999935047088765
1762455600,2025-11-06,2025-11-06 19:00,20133552338,20129.519010284755,20132244677,20128.21161124674,21630583912745180614799,,1307661,1.3073990380141118,0.9999350506568316
1762459200,2025-11-06,2025-11-06 20:00,20134664725,20130.97789478684,20133357064,20129.670473230814,21630585635571328579727,,1307661,1.3074215560286593,0.9999350542451111
1762462800,2025-11-06,2025-11-06 21:00,20135783540,20131.74040965621,20134475879,20130.43301122577,21630585635571328579727,,1307661,1.307398430437808,0.9999350578537258
1762466400,2025-11-06,2025-11-06 22:00,20136908813,20133.879325306792,20135601152,20132.57186103723,21630585635571328579727,,1307661,1.3074642695612233,0.9999350614827657
1762470000,2025-11-06,2025-11-06 23:00,20138040590,20133.99662856665,20136732929,20132.68923016075,21630585635571328579727,,1307661,1.3073984058996324,0.999935065132372
1762473600,2025-11-07,2025-11-07 00:00,20139178907,20133.211006996615,20137871246,20131.903733499505,21630585635571328579727,,1307661,1.307273497107138,0.9999350688026538
1762477200,2025-11-07,2025-11-07 01:00,20140323803,20136.33728762528,20139016142,20135.029885459782,21630585635571328579727,,1307661,1.3074021654980121,0.9999350724937299
1762480800,2025-11-07,2025-11-07 02:00,20141475308,20135.4898024606,20140167647,20134.182530062328,21630585635571328579727,,1307661,1.3072723982695176,0.9999350762056898
1762484400,2025-11-07,2025-11-07 03:00,20142633471,20137.15239448664,20141325810,20135.84508931846,21630585635571328579727,,1307661,1.3073051681766756,0.9999350799386841
1762488000,2025-11-07,2025-11-07 04:00,20143798310,20137.857482155465,20142490649,20136.55020681207,21630585635571328579727,,1307661,1.3072753433944055,0.9999350836927636
1762491600,2025-11-07,2025-11-07 05:00,20144969895,20140.387633548267,20143662234,20139.08026999446,21630585635571328579727,,1307661,1.3073635538075528,0.9999350874681463
1762495200,2025-11-07,2025-11-07 06:00,20146148247,20140.118779174893,20144840586,20138.81150954002,21630585635571328579727,,1307661,1.3072696348701012,0.9999350912648926
1762498800,2025-11-07,2025-11-07 07:00,20147333406,20142.323626534762,20146025745,20141.01629069408,21630585635571328579727,,1307661,1.307335840680239,0.9999350950831235
1762502400,2025-11-07,2025-11-07 08:00,20148525418,20142.57021765276,20147217757,20141.262943151676,21630585635571328579727,,1307661,1.3072745010835922,0.9999350989229796
1762506000,2025-11-07,2025-11-07 09:00,20149724317,20143.679399704903,20148416656,20142.3721310032,21630585635571328579727,,1307661,1.3072687017,0.9999351027845629
1762509600,2025-11-07,2025-11-07 10:00,20150930151,20146.903614202623,20149622490,20145.59621449801,21630585635571328579727,,1307661,1.307399704610877,0.9999351066680198
1762513200,2025-11-07,2025-11-07 11:00,20152142959,20146.163296211085,20150835298,20144.856023227974,21630585635571328579727,,1307661,1.3072729831107726,0.9999351105734681
1762516800,2025-11-07,2025-11-07 12:00,20153362776,20147.557555135267,20152055115,20146.250270809916,21630585635571328579727,,1307661,1.3072843253474582,0.9999351145010124
1762520400,2025-11-07,2025-11-07 13:00,20154589643,20149.712677454885,20153281982,20148.405332879964,21630585635571328579727,,1307661,1.3073445749199237,0.9999351184507765
1762524000,2025-11-07,2025-11-07 14:00,20155823604,20151.790639718798,20154515943,20150.483240367746,21630585635571328579727,,1307661,1.3073993510488813,0.9999351224228942
1762527600,2025-11-07,2025-11-07 15:00,20157064701,20153.03084767246,20155757040,20151.723448362976,21630585635571328579727,,1307661,1.3073993094833305,0.9999351264174919
1762531200,2025-11-07,2025-11-07 16:00,20158312976,20152.298743163945,20157005315,20150.991472304613,21630585635571328579727,,1307661,1.3072708593302924,0.9999351304346967
1762534800,2025-11-07,2025-11-07 17:00,20159568469,20155.52927739065,20158260808,20154.221878394932,21630585635571328579727,,1307661,1.307398995714184,0.9999351344746287
1762538400,2025-11-07,2025-11-07 18:00,20160831223,20156.881730472585,20159523562,20155.574325642447,21630585635571328579727,,1307661,1.3074048301382137,0.9999351385374177
1762542000,2025-11-07,2025-11-07 19:00,20162101284,20157.057750853226,20160793623,20155.750416963558,21630585635571328579727,,1307661,1.3073338896703104,0.9999351426232028
1762545600,2025-11-07,2025-11-07 20:00,20163378689,20159.38322791946,20162071028,20158.075826038166,21630585635571328579727,,1307661,1.3074018812921373,0.9999351467320944
1762549200,2025-11-07,2025-11-07 21:00,20164663486,20164.720832770523,20163355825,20163.413168051633,21630585635571328579727,,1307661,1.307664718888507,0.9999351508642379
1762552800,2025-11-07,2025-11-07 22:00,20165955721,20162.563020265658,20164648060,20161.25557926527,21630585635571328579727,,1307661,1.3074410003879633,0.9999351550197724
1762556400,2025-11-07,2025-11-07 23:00,20167255443,20167.20567269612,20165947782,20165.89801492327,21630585635571328579727,,1307661,1.307657772853623,0.9999351591988461
1762560000,2025-11-08,2025-11-08 00:00,20168562695,20168.5495149968,20167255034,20167.24185485135,21630585635571328579727,,1307661,1.3076601454534253,0.9999351634015882
1762563600,2025-11-08,2025-11-08 01:00,20169877477,20166.690939224514,20168569816,20165.383484815316,21630585635571328579727,,1307661,1.3074544091975133,0.9999351676279893
1762567200,2025-11-08,2025-11-08 02:00,20171199864,20167.86125265376,20169892203,20166.553808089662,21630585635571328579727,,1307661,1.3074445640972738,0.9999351718782811
1762570800,2025-11-08,2025-11-08 03:00,20172529902,20170.512649009797,20171222241,20169.2051187759,21630585635571328579727,,1307661,1.3075302339,0.999935176152602
1762574400,2025-11-08,2025-11-08 04:00,20173867631,20170.859492936204,20172559970,20169.552026922353,21630585635571328579727,,1307661,1.3074660138475875,0.9999351804510708
1762578000,2025-11-08,2025-11-08 05:00,20175213103,20171.869466554464,20173905442,20170.562022273018,21630585635571328579727,,1307661,1.307444281447602,0.9999351847738448
1762581600,2025-11-08,2025-11-08 06:00,20176566369,20174.52518040885,20175258708,20173.21765170008,21630585635571328579727,,1307661,1.3075287087733625,0.9999351891210781
1762585200,2025-11-08,2025-11-08 07:00,20177927465,20173.68765195794,20176619804,20172.380265725413,21630585635571328579727,,1307661,1.3073862325258867,0.9999351934928764
1762588800,2025-11-08,2025-11-08 08:00,20179296440,20175.29894463647,20177988779,20173.99154268261,21630585635571328579727,,1307661,1.3074019538632773,0.9999351978893869
1762592400,2025-11-08,2025-11-08 09:00,20180673340,20176.64385943297,20179365679,20175.336459534,21630585635571328579727,,1307661,1.3073998989703668,0.9999352023107471
1762596000,2025-11-08,2025-11-08 10:00,20182058208,20178.030023765506,20180750547,20176.72262376463,21630585635571328579727,,1307661,1.3074000008803874,0.9999352067570848
1762599600,2025-11-08,2025-11-08 11:00,20183451097,20179.426890513416,20182143436,20178.119490236808,21630585635571328579727,,1307661,1.307400276605712,0.9999352112285597
1762603200,2025-11-08,2025-11-08 12:00,20184852053,20182.80312228143,20183544392,20181.495594019925,21630585635571328579727,,1307661,1.3075282615095054,0.999935215725309
1762606800,2025-11-08,2025-11-08 13:00,20186261119,20182.281762912156,20184953458,20180.97435969386,21630585635571328579727,,1307661,1.3074032182973603,0.9999352202474598
1762610400,2025-11-08,2025-11-08 14:00,20187678347,20183.679135717917,20186370686,20182.371733767643,21630585635571328579727,,1307661,1.3074019502700385,0.9999352247951685
1762614000,2025-11-08,2025-11-08 15:00,20189103779,20185.08260344963,20187796118,20183.775202903707,21629085635571328579727,,1307661,1.307400545920466,0.9999352293685587
1762617600,2025-11-08,2025-11-08 16:00,20190537471,20186.508242332766,20189229810,20185.20084228992,21629085635571328579727,,1307661,1.3074000428463932,0.9999352339677992
1762621200,2025-11-08,2025-11-08 17:00,20191979466,20187.989969075716,20190671805,20186.68256644115,21629085635571328579727,,1307661,1.307402634566027,0.9999352385930165
1762624800,2025-11-08,2025-11-08 18:00,20193429812,20189.442919278285,20192122151,20188.135516456525,21629085635571328579727,,1307661,1.3074028217622313,0.9999352432443536
1762628400,2025-11-08,2025-11-08 19:00,20194888559,20190.89622360009,20193580898,20189.588821112106,21629085635571328579727,,1307661,1.3074024879866197,0.9999352479219591
1762632000,2025-11-08,2025-11-08 20:00,20196355753,20191.101612928953,20195048092,20189.79429212073,21629085635571328579727,,1307661,1.3073208082276093,0.9999352526259692
1762635600,2025-11-08,2025-11-08 21:00,20197831453,20194.381267440836,20196523792,20193.073829814974,21629085635571328579727,,1307661,1.3074376258665452,0.9999352573565611
1762639200,2025-11-08,2025-11-08 22:00,20199315703,20195.32136371796,20198008042,20194.013961303044,21629085635571328579727,,1307661,1.307402414918372,0.9999352621138643
1762642800,2025-11-08,2025-11-08 23:00,20200808557,20194.921966720558,20199500896,20193.614686777808,21629085635571328579727,,1307661,1.3072799427512425,0.9999352668980397
1762646400,2025-11-09,2025-11-09 00:00,20202310062,20197.861283553553,20201002401,20196.55391051538,21631285635571328579983,,1307661,1.3073730381751292,0.999935271709226
1762650000,2025-11-09,2025-11-09 01:00,20203820268,20199.932430209097,20202512607,20198.62502084338,21631285635571328579983,,1307661,1.3074093657156887,0.999935276547571
1762653600,2025-11-09,2025-11-09 02:00,20205339227,20199.345594874427,20204031566,20198.03832177383,21631285635571328579983,,1307661,1.3072731005992075,0.999935281413229
1762657200,2025-11-09,2025-11-09 03:00,20206866991,20201.846212084878,20205559330,20200.538875998027,21631285635571328579983,,1307661,1.3073360868514228,0.9999352863063541
1762660800,2025-11-09,2025-11-09 04:00,20208403610,20204.36189334733,20207095949,20203.054493881853,21631285635571328579983,,1307661,1.3073994654749703,0.9999352912270936
1762664400,2025-11-09,2025-11-09 05:00,20209949140,20205.18526517954,20208641479,20203.87791242046,21631285635571328579983,,1307661,1.307352759080221,0.9999352961756143
1762668000,2025-11-09,2025-11-09 06:00,20211503634,20207.492308765075,20210195973,20206.184907293195,21631285635571328579983,,1307661,1.3074014718786382,0.9999353011520726
1762671600,2025-11-09,2025-11-09 07:00,20213067132,20209.05962785646,20211759471,20207.752226117307,21631285635571328579983,,1307661,1.3074017391544477,0.9999353061565838
1762675200,2025-11-09,2025-11-09 08:00,20214639696,20210.666281856862,20213332035,20209.3588778923,21631285635571328579983,,1307661,1.3074039645647924,0.9999353111893328
1762678800,2025-11-09,2025-11-09 09:00,20216221380,20210.3413703465,20214913719,20209.034089687575,21631285635571328579983,,1307661,1.3072806589283936,0.9999353162504793
1762682400,2025-11-09,2025-11-09 10:00,20217812235,20211.761022017035,20216504574,20210.45375240138,21631285635571328579983,,1307661,1.3072696156539323,0.9999353213401727
1762686000,2025-11-09,2025-11-09 11:00,20219412314,20214.280818516396,20218104653,20212.97348938838,21631285635571328579983,,1307661,1.3073291280142378,0.999935326458569
1762689600,2025-11-09,2025-11-09 12:00,20221021674,20216.972929143736,20219714013,20215.665529969567,21631285635571328579983,,1307661,1.3073991741717683,0.9999353316058367
1762693200,2025-11-09,2025-11-09 13:00,20222640367,20218.621886761583,20221332706,20217.314485609448,21633734661530415563663,,1307661,1.3074011521368285,0.9999353367821279
1762696800,2025-11-09,2025-11-09 14:00,20224268452,20218.34124966344,20222960791,20217.033971904566,21633734661530415563663,,1307661,1.307277758877928,0.9999353419876174
1762700400,2025-11-09,2025-11-09 15:00,20225905981,20219.802777750276,20224598320,20218.49551133932,21633734661530415563663,,1307661,1.3072664109579943,0.9999353472224568
1762704000,2025-11-09,2025-11-09 16:00,20227553011,20223.510921366902,20226245350,20222.203521677944,21633734661530415563663,,1307661,1.307399688957145,0.999935352486814
1762707600,2025-11-09,2025-11-09 17:00,20229209605,20223.17342622955,20227901944,20221.866155421543,21633734661530415563663,,1307661,1.3072708080092466,0.9999353577808756
1762711200,2025-11-09,2025-11-09 18:00,20230875812,20225.82917600415,20229568151,20224.521841203034,21633734661530415563663,,1307661,1.30733480111794,0.9999353631047834
1762714800,2025-11-09,2025-11-09 19:00,20232551690,20226.53279883756,20231244029,20225.225526847775,21633734661530415563663,,1307661,1.3072719897873013,0.9999353684587078
1762718400,2025-11-09,2025-11-09 20:00,20234237289,20230.254045818736,20232929628,20228.946642240437,21633734661530415563663,,1307661,1.3074035782999742,0.9999353738427932
1762722000,2025-11-09,2025-11-09 21:00,20235932676,20229.905922708014,20234625015,20228.59865116129,21633734661530415563663,,1307661,1.30727154672583,0.9999353792572383
1762725600,2025-11-09,2025-11-09 22:00,20237637906,20231.636149864433,20236330245,20230.328876669693,21633734661530415563663,,1307661,1.3072731947399965,0.9999353847022032
1762729200,2025-11-09,2025-11-09 23:00,20239353032,20235.328707956938,20238045371,20234.0213069678,21633734661530415563663,,1307661,1.3074009891392697,0.9999353901778415
1762732800,2025-11-10,2025-11-10 00:00,20241078121,20236.062295025567,20239770460,20234.754958069574,21633734661530415563663,,1307661,1.3073369559955088,0.9999353956843513
1762736400,2025-11-10,2025-11-10 01:00,20242813219,20236.852274339708,20241505558,20235.544998409452,21633734661530415563663,,1307661,1.3072759302584038,0.9999354012218632
1762740000,2025-11-10,2025-11-10 02:00,20244558395,20240.565093390873,20243250734,20239.25769033104,21633734661530415563663,,1307661,1.307403059832889,0.9999354067905811
1762743600,2025-11-10,2025-11-10 03:00,20246313695,20242.282051440503,20245006034,20240.974650834723,21633734661530415563663,,1307661,1.3074006057806828,0.9999354123906357
1762747200,2025-11-10,2025-11-10 04:00,20248079197,20244.050393734553,20246771536,20242.742992922635,21633734661530415563663,,1307661,1.3074008119171876,0.9999354180222589
1762750800,2025-11-10,2025-11-10 05:00,20249854959,20245.696925240023,20248547298,20244.38953275052,21633734661530415563663,,1307661,1.3073924895047093,0.999935423685619
1762754400,2025-11-10,2025-11-10 06:00,20251641030,20246.147775891754,20250333369,20244.840469594576,21633734661530415563663,,1307661,1.3073062971811125,0.9999354293808554
1762758000,2025-11-10,2025-11-10 07:00,20253437484,20247.425153416025,20252129823,20246.1178806015,21633734661530415563663,,1307661,1.3072728145263004,0.9999354351081868
1762761600,2025-11-10,2025-11-10 08:00,20255244379,20251.18497651013,20253936718,20249.877577581632,21633734661530415563663,,1307661,1.3073989284979246,0.9999354408677806
1762765200,2025-11-10,2025-11-10 09:00,20257061764,20253.010724421187,20255754103,20251.703324929324,21633734661530415563663,,1307661,1.3073994918638059,0.9999354466597755
1762768800,2025-11-10,2025-11-10 10:00,20258889710,20255.512966589802,20257582049,20254.2055235502,21633734661530415563663,,1307661,1.3074430396019856,0.99993545248438
1762772400,2025-11-10,2025-11-10 11:00,20260728282,20256.69549319105,20259420621,20255.38809247393,21633734661530415563663,,1307661,1.3074007171230324,0.9999354583417832
1762776000,2025-11-10,2025-11-10 12:00,20262577534,20256.543136781293,20261269873,20255.23586521575,21633734661530415563663,,1307661,1.3072715655419123,0.999935464232139
1762779600,2025-11-10,2025-11-10 13:00,20264437538,20260.392021752235,20263129877,20259.08462180877,21633734661530415563663,,1307661,1.3073999434662498,0.9999354701556583
1762783200,2025-11-10,2025-11-10 14:00,20266308357,20262.26714312542,20265000696,20260.959742880244,21633734661530415563663,,1307661,1.307400245170686,0.9999354761125231
1762786800,2025-11-10,2025-11-10 15:00,20268190051,20263.498777324152,20266882390,20262.191418995262,21633734661530415563663,,1307661,1.30735832888774,0.9999354821029056
1762790400,2025-11-10,2025-11-10 16:00,20270082683,20264.08310101782,20268775022,20262.77582706209,21633734661530415563663,,1307661,1.307273955729037,0.9999354881269874
1762794000,2025-11-10,2025-11-10 17:00,20271986321,20265.955948171708,20270678660,20264.648676165823,21633734661530415563663,,1307661,1.3072720058857503,0.9999354941849657
1762797600,2025-11-10,2025-11-10 18:00,20273901032,20270.321752364413,20272603371,20269.024320461496,21633744661530415563663,,1297661,1.2974319029168158,0.9999359935220187
1762801200,2025-11-10,2025-11-10 19:00,20275826882,20273.772157007083,20274529221,20272.474627510303,21633744661530415563663,,1297661,1.2975294967816824,0.999935999601518
1762804800,2025-11-10,2025-11-10 20:00,20277763936,20274.971542293384,20276466275,20273.674059990622,21633744661530415563663,,1297661,1.297482302761924,0.9999360057152211
1762808400,2025-11-10,2025-11-10 21:00,20279712259,20275.77379203952,20278414598,20274.47638305468,21633744661530415563663,,1297661,1.2974089848377957,0.999936011863313
1762812000,2025-11-10,2025-11-10 22:00,20281671914,20277.416629653708,20280374253,20276.11924091512,21633744661530415563663,,1297661,1.2973887385925822,0.9999360180459727
1762815600,2025-11-10,2025-11-10 23:00,20283642975,20280.908177276535,20282345314,20279.61069123723,21633744661530415563663,,1297661,1.297486039301224,0.9999360242634127
1762819200,2025-11-11,2025-11-11 00:00,20285625505,20281.624667265958,20284327844,20280.327262197483,21633744661530415563663,,1297661,1.2974050684738305,0.9999360305158113
1762822800,2025-11-11,2025-11-11 01:00,20287619567,20283.62175803301,20286321906,20282.32435274565,21633744661530415563663,,1297661,1.2974052873588602,0.9999360368033463
1762826400,2025-11-11,2025-11-11 02:00,20289625233,20285.64469976012,20288327572,20284.34729334258,21633744661530415563663,,1297661,1.2974064175380138,0.9999360431262235
1762830000,2025-11-11,2025-11-11 03:00,20291642562,20287.730702911187,20290344901,20286.433292076592,21633744661530415563663,,1297661,1.2974108345951274,0.9999360494846075
1762833600,2025-11-11,2025-11-11 04:00,20293671640,20289.687485588234,20292373979,20288.390079351488,21633744661530415563663,,1297661,1.2974062367472066,0.9999360558787478
1762837200,2025-11-11,2025-11-11 05:00,20295712529,20291.73486632496,20294414868,20290.437459647528,21633744661530415563663,,1297661,1.2974066774322568,0.9999360623088179
1762840800,2025-11-11,2025-11-11 06:00,20297765304,20293.768522509385,20296467643,20292.471117028523,21633744661530415563663,,1297661,1.297405480863375,0.9999360687750319
1762844400,2025-11-11,2025-11-11 07:00,20299830032,20293.84389230593,20298532371,20292.546613968247,21633744661530415563663,,1297661,1.2972783376816799,0.9999360752775784
1762848000,2025-11-11,2025-11-11 08:00,20301906777,20297.85835284401,20300609116,20296.56095061193,21633744661530415563663,,1297661,1.2974022320824645,0.9999360818166365
1762851600,2025-11-11,2025-11-11 09:00,20303995620,20298.10963196457,20302697959,20296.812347147523,21633744661530415563663,,1297661,1.2972848170425664,0.9999360883924383
1762855200,2025-11-11,2025-11-11 10:00,20306096630,20302.073919362,20304798969,20300.776515433303,21633744661530415563663,,1297661,1.2974039286975072,0.9999360950051778
1762858800,2025-11-11,2025-11-11 11:00,20308209883,20304.215893594715,20306912222,20302.918487804025,21633744661530415563663,,1297661,1.2974057906873373,0.9999361016550707
1762862400,2025-11-11,2025-11-11 12:00,20310335443,20305.1003242714,20309037782,20303.802997751813,21633744661530415563663,,1297661,1.2973265195861465,0.9999361083422948
1762866000,2025-11-11,2025-11-11 13:00,20312473388,20308.270818036228,20311175727,20306.97342551713,21633744661530415563663,,1297661,1.297392519099738,0.9999361150670717
1762869600,2025-11-11,2025-11-11 14:00,20314623789,20310.572234912986,20313326128,20309.27483271885,21633744661530415563663,,1297661,1.2974021941376461,0.9999361218296002
1762873200,2025-11-11,2025-11-11 15:00,20316786725,20312.751661701124,20315489064,20311.454258426143,21633744661530415563663,,1297661,1.2974032749794857,0.9999361286301045
1762876800,2025-11-11,2025-11-11 16:00,20318962265,20313.858948339275,20317664604,20312.561613260204,21633744661530415563663,,1297661,1.2973350790737783,0.9999361354687766
1762880400,2025-11-11,2025-11-11 17:00,20321150477,20315.281022868916,20319852816,20313.983736678485,21633744661530415563663,,1297661,1.297286190427785,0.9999361423458052
1762884000,2025-11-11,2025-11-11 18:00,20323351448,20317.382885166462,20322053787,20316.085605263605,21633744661530415563663,,1297661,1.2972799028549276,0.9999361492614385
1762887600,2025-11-11,2025-11-11 19:00,20325565248,20320.805401232807,20324267587,20319.508044119437,21633744661530415563663,,1297661,1.2973571133705066,0.9999361562158706
1762891200,2025-11-11,2025-11-11 20:00,20327791960,20321.87365347741,20326494299,20320.576370283106,21632744661530415563663,,1297661,1.2972831943054355,0.9999361632093365
1762894800,2025-11-11,2025-11-11 21:00,20330031654,20326.00235659949,20328733993,20324.70495278857,21632744661530415563663,,1297661,1.2974038109221357,0.9999361702420299
1762898400,2025-11-11,2025-11-11 22:00,20332284410,20326.354998689287,20330986749,20325.05771612024,21632744661530415563663,,1297661,1.2972825690447902,0.9999361773141752
1762902000,2025-11-11,2025-11-11 23:00,20334550308,20330.216953831125,20333252647,20328.919569366608,21632744661530415563663,,1297661,1.2973844645163544,0.9999361844259969
1762905600,2025-11-12,2025-11-12 00:00,20337129194,20332.89138742336,20335531533,20331.294059340467,21634744661530415563663,,1597661,1.5973280828892091,0.9999214411736898
1762909200,2025-11-12,2025-11-12 01:00,20339421346,20335.37755839673,20337823685,20333.780215036135,21634744661530415563663,,1597661,1.597343360592461,0.9999214500268803
1762912800,2025-11-12,2025-11-12 02:00,20341726868,20337.692655104278,20340129207,20336.095310955676,21634744661530415563663,,1597661,1.5973441486013444,0.9999214589296982
1762916400,2025-11-12,2025-11-12 03:00,20344045831,20338.02328982292,20342448170,20336.426101785833,21634744661530415563663,,1597661,1.5971880370879301,0.9999214678823832
1762920000,2025-11-12,2025-11-12 04:00,20346378320,20342.254629196137,20344780659,20340.657292001186,21634744661530415563663,,1597661,1.5973371949537274,0.9999214768852288
1762923600,2025-11-12,2025-11-12 05:00,20348724433,20342.631584831,20347126772,20341.034402205256,21634744661530415563663,,1597661,1.5971826257446218,0.9999214859385775
1762927200,2025-11-12,2025-11-12 06:00,20351084237,20346.39612394136,20349486576,20344.798830981475,21634744661530415563663,,1597661,1.5972929598842913,0.9999214950426526
1762930800,2025-11-12,2025-11-12 07:00,20353457818,20347.492423776697,20351860157,20345.8952310351,21634744661530415563663,,1597661,1.5971927415947,0.9999215041977493
1762934400,2025-11-12,2025-11-12 08:00,20355845254,20350.96733891759,20354247593,20349.370060768542,21634744661530415563663,,1597661,1.5972781490502492,0.9999215134041322
1762938000,2025-11-12,2025-11-12 09:00,20358246626,20352.20814539712,20356648965,20350.610958281002,21634744661530415563663,,1597661,1.5971871161171827,0.9999215226620765
1762941600,2025-11-12,2025-11-12 10:00,20360662014,20356.622228981945,20359064353,20355.02488497591,21634744661530415563663,,1597661,1.5973440060354964,0.9999215319718533
1762945200,2025-11-12,2025-11-12 11:00,20363091509,20357.1556083118,20361493848,20355.558413034647,21634744661530415563663,,1597661,1.5971952771491635,0.9999215413337756
1762948800,2025-11-12,2025-11-12 12:00,20365535193,20360.682382788975,20363937532,20359.085102488305,21634744661530415563663,,1597661,1.5972803006694358,0.9999215507481213
1762952400,2025-11-12,2025-11-12 13:00,20367993149,20361.901616134823,20366395488,20360.304432953348,21634744661530415563663,,1597661,1.5971831814727784,0.9999215602151713
1762956000,2025-11-12,2025-11-12 14:00,20370465467,20365.75475611484,20368867806,20364.157464577136,21634744661530415563663,,1597661,1.5972915376980368,0.9999215697352332
1762959600,2025-11-12,2025-11-12 15:00,20372952225,20368.92178330378,20371354564,20367.324438373806,21634744661530415563663,,1597661,1.5973449299754052,0.9999215793085677
1762963200,2025-11-12,2025-11-12 16:00,20375453514,20373.10187264859,20373855853,20371.504396043292,21634744661530415563663,,1597661,1.5974766052982794,0.9999215889354854
1762966800,2025-11-12,2025-11-12 17:00,20377969420,20373.965613541317,20376371759,20372.368266445283,21634744661530415563663,,1597661,1.5973470960334786,0.9999215986162766
1762970400,2025-11-12,2025-11-12 18:00,20380500027,20375.46994048635,20378902366,20373.872673803126,21634744661530415563663,,1597661,1.5972666832247082,0.9999216083512238
1762974000,2025-11-12,2025-11-12 19:00,20383045425,20378.26965858745,20381447764,20376.672371920904,21634744661530415563663,,1597661,1.5972866665486758,0.9999216181406317
1762977600,2025-11-12,2025-11-12 20:00,20385605704,20379.632461325713,20384008043,20378.03526846078,21634744661530415563663,,1597661,1.5971928649343654,0.9999216279848047
1762981200,2025-11-12,2025-11-12 21:00,20388180948,20383.626409770557,20386583287,20382.02910567381,21634744661530415563663,,1597661,1.5973040967470442,0.9999216378840233
1762984800,2025-11-12,2025-11-12 22:00,20390771252,20384.77565410884,20389173591,20383.17846287689,21634744661530415563663,,1597661,1.5971912319464032,0.9999216478386102
1762988400,2025-11-12,2025-11-12 23:00,20393376709,20387.39335795041,20391779048,20385.796165699,21634744661530415563663,,1597661,1.597192251407864,0.9999216578488792
1762992000,2025-11-13,2025-11-13 00:00,20395997406,20391.517935527812,20394399745,20389.920625414074,21634744661530415563663,,1597661,1.5973101137387593,0.9999216679151209
1762995600,2025-11-13,2025-11-13 01:00,20398633427,20394.589572749832,20397035766,20392.992228472434,21634744661530415563663,,1597661,1.597344277399523,0.9999216780376138
1762999200,2025-11-13,2025-11-13 02:00,20401284867,20395.31970243294,20399687206,20393.722508575614,21634744661530415563663,,1597661,1.597193857324943,0.9999216882166777
1763002800,2025-11-13,2025-11-13 03:00,20403951810,20399.9004592825,20402354149,20398.30311550953,21634744661530415563663,,1597661,1.5973437729697197,0.99992169845259
1763006400,2025-11-13,2025-11-13 04:00,20406634359,20402.36945689004,20405036698,20400.772129794575,21634744661530415563663,,1597661,1.5973270954643461,0.9999217087457004
1763010000,2025-11-13,2025-11-13 05:00,20409332611,20403.367406063062,20407734950,20401.77021202469,21634744661530415563663,,1597661,1.597194038366986,0.9999217190963344
1763013600,2025-11-13,2025-11-13 06:00,20412046663,20406.03567425395,20410449002,20404.43848373702,21634744661530415563663,,1597661,1.5971905169343108,0.9999217295048176
1763017200,2025-11-13,2025-11-13 07:00,20414776604,20409.264162038882,20413178943,20407.66693244275,21634744661530415563663,,1597661,1.597229596134708,0.9999217399714436
1763020800,2025-11-13,2025-11-13 08:00,20417522524,20411.492229231106,20415924863,20409.895040098676,21634744661530415563663,,1597661,1.5971891324284353,0.99992175049651
1763024400,2025-11-13,2025-11-13 09:00,20420284527,20416.142196468438,20418686866,20414.5448595599,21634744661530415563663,,1597661,1.5973369085344458,0.9999217610803666
1763028000,2025-11-13,2025-11-13 10:00,20425060871,20420.729452946794,20421463210,20417.132554880816,21634744661530415563663,,3597661,3.596898065979723,0.9998238604514953
1763031600,2025-11-13,2025-11-13 11:00,20427853241,20421.833901898655,20424255580,20418.2373009974,21634744661530415563663,,3597661,3.5966009012576015,0.999823884528758
1763035200,2025-11-13,2025-11-13 12:00,20430661947,20424.5743357506,20427064286,20420.977746725734,21634744661530415563663,,3597661,3.596589024866157,0.999823908740239
1763038800,2025-11-13,2025-11-13 13:00,20433487095,20428.686844292166,20429889434,20425.090028457493,21634744661530415563663,,3597661,3.596815834674987,0.9998239330867378
1763042400,2025-11-13,2025-11-13 14:00,20436328778,20431.851212863898,20432731117,20428.254340105348,21634744661530415563663,,3597661,3.5968727585482156,0.999823957568941
1763046000,2025-11-13,2025-11-13 15:00,20439187102,20434.56685584553,20435589441,20430.97000809115,21634744661530415563663,,3597661,3.5968477543793504,0.9998239821876455
1763049600,2025-11-13,2025-11-13 16:00,20442062161,20436.105236883264,20438464500,20432.508624260543,21634744661530415563663,,3597661,3.5966126227176125,0.9998240069435429
1763053200,2025-11-13,2025-11-13 17:00,20444954056,20439.904591072853,20441356395,20436.30781861792,21634744661530415563663,,3597661,3.5967724549345768,0.9998240318373841
1763056800,2025-11-13,2025-11-13 18:00,20447862891,20441.91169354201,20444265230,20438.315079614316,21634744661530415563663,,3597661,3.596613927691659,0.9998240568699439
1763060400,2025-11-13,2025-11-13 19:00,20450788759,20446.36001341733,20447191098,20442.763131513206,21634744661530415563663,,3597661,3.596881904120156,0.9998240820419009
1763064000,2025-11-13,2025-11-13 20:00,20453731772,20447.76789432482,20450134111,20444.171282327046,21634744661530415563663,,3597661,3.5966119977758617,0.9998241073540954
1763067600,2025-11-13,2025-11-13 21:00,20456692030,20450.67037633348,20453094369,20447.073774344804,21634744661530415563663,,3597661,3.5966019886740352,0.9998241328072631
1763071200,2025-11-13,2025-11-13 22:00,20459669639,20453.668719573074,20456071978,20450.072113784332,21634744661530415563663,,3597661,3.596605788739636,0.9998241584021893
1763074800,2025-11-13,2025-11-13 23:00,20462664703,20456.642033409804,20459067042,20453.04543129064,21634744661530415563663,,3597661,3.596602119164341,0.9998241841396408
1763078400,2025-11-14,2025-11-14 00:00,20465677323,20459.60148053254,20462079662,20456.004887604762,21634744661530415563663,,3597661,3.596592927776328,0.9998242100203565
1763082000,2025-11-14,2025-11-14 01:00,20468707600,20463.465214664237,20465109939,20459.86847508662,21634744661530415563663,,3597661,3.59673957762014,0.999824236045074
1763085600,2025-11-14,2025-11-14 02:00,20471755647,20466.580531759115,20468157986,20462.983780222403,21634744661530415563663,,3597661,3.5967515367085423,0.9998242622146319
1763089200,2025-11-14,2025-11-14 03:00,20474821564,20468.779743900584,20471223903,20465.183144517676,21634744661530415563663,,3597661,3.59659938290738,0.9998242885297557
1763092800,2025-11-14,2025-11-14 04:00,20477905437,20471.79453750985,20474307776,20468.197950103284,21634744661530415563663,,3597661,3.596587406568373,0.9998243149910488
1763096400,2025-11-14,2025-11-14 05:00,20481007423,20476.33400415858,20477409762,20472.737164083857,21634244661530415563663,,3597661,3.5968400747224885,0.9998243415997223
1763100000,2025-11-14,2025-11-14 06:00,20484127615,20478.09538216136,20480529954,20474.498780612324,21634244661530415563663,,3597661,3.5966015490321874,0.9998243683564358
1763103600,2025-11-14,2025-11-14 07:00,20487266116,20481.171960585732,20483668455,20477.575369748298,21634244661530415563663,,3597661,3.596590837434741,0.9998243952619335
1763107200,2025-11-14,2025-11-14 08:00,20490423036,20486.267012936623,20486825375,20482.670081641525,21634244661530415563663,,3597661,3.5969312951001093,0.9998244223170171
1763110800,2025-11-14,2025-11-14 09:00,20493598486,20487.474901521222,20490000825,20483.878315519403,21634244661530415563663,,3597661,3.5965860018207123,0.9998244495224956
1763114400,2025-11-14,2025-11-14 10:00,20496792577,20490.6435392269,20493194916,20487.046957525203,21634244661530415563663,,3597661,3.5965817017,0.9998244768791759
1763118000,2025-11-14,2025-11-14 11:00,20500005421,20494.905807721254,20496407760,20491.309041681005,21634244661530415563663,,3597661,3.5967660402460266,0.9998245043878713
1763121600,2025-11-14,2025-11-14 12:00,20503237136,20497.182829953003,20499639475,20493.58623128968,21634244661530415563663,,3597661,3.5965986633258997,0.9998245320494449
1763125200,2025-11-14,2025-11-14 13:00,20506487828,20502.49001991944,20502890167,20498.89306029543,21634244661530415563663,,3597661,3.596959624009262,0.9998245598646548
1763128800,2025-11-14,2025-11-14 14:00,20509757614,20505.6684565617,20506159953,20502.071512849663,21634244661530415563663,,3597661,3.5969437120380703,0.9998245878343514
1763132400,2025-11-14,2025-11-14 15:00,20513046613,20509.061586567725,20509448952,20505.46462447776,21634244661530415563663,,3597661,3.596962089962411,0.9998246159594002
1763136000,2025-11-14,2025-11-14 16:00,20516354937,20512.286282961184,20512757276,20508.689335423103,21634244661530415563663,,3597661,3.596947538081307,0.9998246442406048
1763139600,2025-11-14,2025-11-14 17:00,20519682714,20513.676269271222,20516134053,20510.128647021993,21634297743773809301579,,3548661,3.547622249233005,0.9998270606300564
1763143200,2025-11-14,2025-11-14 18:00,20523030108,20517.05388837371,20519481447,20513.506260728795,21634297743773809301579,,3548661,3.5476276449153152,0.9998270888372075
1763146800,2025-11-14,2025-11-14 19:00,20526397184,20522.320699244377,20522848523,20518.77274299847,21634297743773809301579,,3548661,3.54795624590508,0.9998271172009296
1763150400,2025-11-14,2025-11-14 20:00,20529783692,20525.700237389385,20526235073,20522.15232422364,21634297743773809301579,,3548619,3.5479131657430845,0.9998271477647676
1763154000,2025-11-14,2025-11-14 21:00,20533190477,20527.522032701985,20529641857,20523.974392342963,21634297743773809301579,,3548620,3.5476403590217824,0.9998271763950188
1763157600,2025-11-14,2025-11-14 22:00,20536617310,20530.769413387814,20533068690,20527.221803873745,21634297743773809301579,,3548620,3.5476095140683257,0.9998272052331485
1763161200,2025-11-14,2025-11-14 23:00,20540064316,20534.13786345105,20536515696,20530.590267339183,21634297743773809301579,,3548620,3.5475961118699195,0.9998272342313341
1763164800,2025-11-15,2025-11-15 00:00,20543531631,20539.46054704989,20539983011,20535.91263027513,21634297743773809301579,,3548620,3.547916774761685,0.9998272633905533
1763168400,2025-11-15,2025-11-15 01:00,20547019389,20541.193185300166,20543470769,20537.645571528006,21634297743773809301579,,3548620,3.547613772158293,0.9998272927117643
1763172000,2025-11-15,2025-11-15 02:00,20550527725,20546.46337545827,20546979105,20542.915457281222,21634297743773809301579,,3548620,3.5479181770461676,0.9998273221959316
1763175600,2025-11-15,2025-11-15 03:00,20554056775,20548.095047547064,20550508155,20544.547456828313,21634297743773809301579,,3548620,3.5475907187488276,0.9998273518440255
1763179200,2025-11-15,2025-11-15 04:00,20557606674,20552.198241470316,20554058054,20548.650555064978,21634297743773809301579,,3548620,3.547686405338528,0.9998273816570055
1763182800,2025-11-15,2025-11-15 05:00,20561177557,20556.711508990124,20557628937,20553.16365977805,21634297743773809301579,,3548620,3.547849212079665,0.9998274116358287
1763186400,2025-11-15,2025-11-15 06:00,20564769560,20558.968370369792,20561220940,20555.420751412737,21634297743773809301579,,3548620,3.547618957051987,0.999827441781458
1763190000,2025-11-15,2025-11-15 07:00,20568382818,20564.695246209354,20564834198,20561.14726241839,21634297743773809301579,,3548620,3.5479837909638543,0.9998274720948458
1763193600,2025-11-15,2025-11-15 08:00,20572017468,20566.706249650768,20568468848,20563.15854582225,21634297743773809301579,,3548620,3.547703828521546,0.9998275025769583
1763197200,2025-11-15,2025-11-15 09:00,20575673646,20569.33559244121,20572125026,20565.788065544846,21634297743773809301579,,3548620,3.5475268963667124,0.999827533228751
1763200800,2025-11-15,2025-11-15 10:00,20579351488,20573.1776825536,20575802868,20569.6301271396,21634297743773809301579,,3548620,3.547555414,0.9998275640511768
1763204400,2025-11-15,2025-11-15 11:00,20583051129,20578.376839884902,20579502509,20574.82902575551,21634297743773809301579,,3548620,3.5478141293962855,0.9998275950451777
1763208000,2025-11-15,2025-11-15 12:00,20586772708,20582.295086212507,20583224088,20578.747238037136,21634297743773809301579,,3548620,3.547848175370035,0.9998276262117267
1763211600,2025-11-15,2025-11-15 13:00,20590516360,20586.418369625982,20586967740,20582.870455883676,21634297743773809301579,,3548620,3.5479137423060796,0.9998276575517604
1763215200,2025-11-15,2025-11-15 14:00,20594282223,20588.962491231876,20590733603,20585.414787879825,21634297743773809301579,,3548620,3.5477033520516725,0.9998276890662382
1763218800,2025-11-15,2025-11-15 15:00,20598070432,20592.91242579841,20594521812,20589.364694415817,21634297743773809301579,,3548620,3.5477313825915147,0.9998277207560915
1763222400,2025-11-15,2025-11-15 16:00,20601881127,20596.21772228117,20598332507,20592.67007778778,21634297743773809301579,,3548620,3.5476444933882765,0.999827752622291
1763226000,2025-11-15,2025-11-15 17:00,20605714443,20601.755582183436,20602165823,20598.207643959973,21634297743773809301579,,3548620,3.5479382234612764,0.9998277846657627
1763229600,2025-11-15,2025-11-15 18:00,20609570519,20603.92686667329,20606021899,20600.379218414913,21634297743773809301579,,3548620,3.547648258376314,0.9998278168874636
1763233200,2025-11-15,2025-11-15 19:00,20613449492,20607.817635471736,20609900872,20604.269984999843,21634297743773809301579,,3548620,3.547650471890642,0.999827849288331
1763236800,2025-11-15,2025-11-15 20:00,20617351500,20613.402730023703,20613802880,20609.854789678608,21634297743773809301579,,3548620,3.547940345093147,0.999827881869308
1763240400,2025-11-15,2025-11-15 21:00,20621276681,20616.33282280754,20617728061,20612.785053573203,21634297743773809301579,,3548620,3.5477692343403215,0.9998279146313347
1763244000,2025-11-15,2025-11-15 22:00,20625225173,20621.561754415678,20621676553,20618.01376471573,21634297743773809301579,,3548620,3.547989699950054,0.9998279475753484
1763247600,2025-11-15,2025-11-15 23:00,20629197115,20625.208369437445,20625648495,20621.66043557866,21634297743773809301579,,3548620,3.547933858789594,0.9998279807022921
1763251200,2025-11-16,2025-11-16 00:00,20633192645,20628.397287437736,20629644025,20624.84949217204,21634297743773809301579,,3548620,3.5477952656971037,0.9998280140130975
1763254800,2025-11-16,2025-11-16 01:00,20637211902,20633.27386952919,20633663282,20629.725926683685,21634297743773809301579,,3548620,3.5479428455058306,0.9998280475087017
1763258400,2025-11-16,2025-11-16 02:00,20641255025,20636.68780089819,20637706405,20633.139966089926,21634297743773809301579,,3548620,3.547834808267592,0.999828081190039
1763262000,2025-11-16,2025-11-16 03:00,20645322153,20639.68320057162,20641773533,20636.13554982263,21634297743773809301579,,3548620,3.5476507489891365,0.9998281150580407
1763265600,2025-11-16,2025-11-16 04:00,20649413425,20643.749240826208,20645864805,20640.201594221282,21634297743773809301579,,3548620,3.5476466049292004,0.9998281491136352
1763269200,2025-11-16,2025-11-16 05:00,20653528981,20648.677600045,20649980361,20645.129813592986,21634297743773809301579,,3548620,3.5477864520140665,0.9998281833577563
1763272800,2025-11-16,2025-11-16 06:00,20657668960,20652.3392837072,20654120340,20648.791579250767,21634297743773809301579,,3548620,3.5477044564349067,0.9998282177913262
1763276400,2025-11-16,2025-11-16 07:00,20661833503,20657.176985516133,20658284883,20653.629165261762,21634297743773809301579,,3548620,3.547820254368945,0.9998282524152813
1763280000,2025-11-16,2025-11-16 08:00,20666022748,20660.231447896924,20662474128,20656.683822337105,21634297743773809301579,,3548620,3.547625559820466,0.9998282872305295
1763283600,2025-11-16,2025-11-16 09:00,20666735718,20662.582727814217,20666687098,20662.534117584426,21634297743773809301579,,48620,0.048610229788313544,0.9999976474272152
1763287200,2025-11-16,2025-11-16 10:00,20670971223,20664.824518718127,20670922603,20664.775913175734,21634297743773809301579,,48620,0.048605542393777214,0.99999764790926
1763290800,2025-11-16,2025-11-16 11:00,20675231869,20669.090017633396,20675183249,20669.041412076615,21634297743773809301579,,48620,0.04860555678527156,0.9999976483939669
1763294400,2025-11-16,2025-11-16 12:00,20679517826,20675.598503479734,20679469206,20675.54989269453,21634297743773809301579,,48620,0.048610785207733626,0.9999976488813517
1763298000,2025-11-16,2025-11-16 13:00,20683829263,20679.618680976688,20683780643,20679.5700708742,21634297743773809301579,,48620,0.0486101024856002,0.9999976493714301
1763301600,2025-11-16,2025-11-16 14:00,20688166352,20683.22637774864,20688117732,20683.177769358248,21634297743773809301579,,48620,0.04860839038975158,0.9999976498642184
1763305200,2025-11-16,2025-11-16 15:00,20692529262,20686.447296227394,20692480642,20686.398690517824,21634297743773809301579,,48620,0.04860570956831231,0.999997650359732
1763308800,2025-11-16,2025-11-16 16:00,20696918165,20690.855327016252,20696869545,20690.806721258723,21634297743773809301579,,48620,0.048605757532574664,0.9999976508579871
1763312400,2025-11-16,2025-11-16 17:00,20701333230,20695.28957778045,20701284610,20695.240971974818,21634297743773809301579,,48620,0.048605805630601184,0.999997651358999
1763316000,2025-11-16,2025-11-16 18:00,20705774630,20701.649057549654,20705726010,20701.600447237062,21634297743773809301579,,48620,0.048610312589791004,0.9999976518627838
1763319600,2025-11-16,2025-11-16 19:00,20710242536,20704.074780587536,20710193916,20704.026175067145,21634297743773809301579,,48620,0.0486055203883956,0.9999976523693571
1763323200,2025-11-16,2025-11-16 20:00,20714737118,20708.742966537808,20714688498,20708.694360606805,21634297743773809301579,,48620,0.04860593099963414,0.9999976528787344
1763326800,2025-11-16,2025-11-16 21:00,20719258550,20715.114698289995,20719209930,20715.066088014,21634297743773809301579,,48620,0.048610275999999994,0.9999976533909318
1763330400,2025-11-16,2025-11-16 22:00,20723807002,20717.78646906312,20723758382,20717.737863187856,21634297743773809301579,,48620,0.048605875263586326,0.9999976539059645
1763334000,2025-11-16,2025-11-16 23:00,20728382648,20724.261701917894,20728334028,20724.21309158389,21634297743773809301579,,48620,0.04861033400714786,0.9999976544238485
1763337600,2025-11-17,2025-11-17 00:00,20732985660,20728.88581801823,20732937040,20728.837207632587,21634297743773809301579,,48620,0.04861038564341757,0.999997654944599
1763341200,2025-11-17,2025-11-17 01:00,20737616211,20731.568019569237,20737567591,20731.51941374941,21634297743773809301579,,48620,0.04860581982305141,0.9999976554682319
1763344800,2025-11-17,2025-11-17 02:00,20742274474,20738.12887150273,20742225854,20738.080261220042,21634297743773809301579,,48620,0.04861028268603474,0.9999976559947628
1763348400,2025-11-17,2025-11-17 03:00,20746960621,20742.828236281333,20746912001,20742.77962596548,21634297743773809301579,,48620,0.048610315856443174,0.9999976565242067
1763352000,2025-11-17,2025-11-17 04:00,20751674828,20745.98668510717,20751626208,20745.93807843417,21634297743773809301579,,48620,0.048606673003035096,0.9999976570565796
1763355600,2025-11-17,2025-11-17 05:00,20756417267,20750.1903418199,20756368647,20750.1417364059,21634297743773809301579,,48620,0.048605414,0.9999976575918967
1763359200,2025-11-17,2025-11-17 06:00,20761188112,20756.168340009062,20761139492,20756.119731764713,21634297743773809301579,,48620,0.04860824434743894,0.9999976581301736
1763362800,2025-11-17,2025-11-17 07:00,20765987538,20761.864247489557,20765938918,20761.815637143536,21634297743773809301579,,48620,0.048610346022107016,0.9999976586714255
1763366400,2025-11-17,2025-11-17 08:00,20770815720,20764.765234667066,20770767100,20764.71662882995,21634297743773809301579,,48620,0.04860583711873174,0.999997659215668
1763370000,2025-11-17,2025-11-17 09:00,20775672832,20771.51665473238,20775624212,20771.46804445882,21634297743773809301579,,48620,0.04861027355983193,0.9999976597629163
1763373600,2025-11-17,2025-11-17 10:00,20780559049,20776.40176574593,20780510429,20776.353155472672,21634297743773809301579,,48620,0.048610273259187285,0.9999976603131857
1763377200,2025-11-17,2025-11-17 11:00,20785474547,20780.521380229497,20785425927,20780.472771815614,21634297743773809301579,,48620,0.04860841388163462,0.9999976608664917
1763380800,2025-11-17,2025-11-17 12:00,20790419501,20784.337952586156,20790370881,20784.289346808324,21634297743773809301579,,48620,0.04860577782983807,0.9999976614228492
1763384400,2025-11-17,2025-11-17 13:00,20795394088,20791.337602451058,20795345468,20791.28899193519,21634297743773809301579,,48620,0.048610515864880695,0.9999976619822738
1763388000,2025-11-17,2025-11-17 14:00,20800398483,20794.371938110176,20800349863,20794.323332196956,21634297743773809301579,,48620,0.04860591322119224,0.9999976625447806
1763391600,2025-11-17,2025-11-17 15:00,20805432864,20800.995865471203,20805384244,20800.947255839983,21634297743773809301579,,48620,0.04860963122421532,0.9999976631103847
1763395200,2025-11-17,2025-11-17 16:00,20810497406,20806.365437883444,20810448786,20806.316827537048,21634297743773809301579,,48620,0.04861034639653691,0.9999976636791014
1763398800,2025-11-17,2025-11-17 17:00,20815592287,20811.46746035828,20815543667,20811.418849992842,21634297743773809301579,,48620,0.04861036544007226,0.9999976642509456
1763402400,2025-11-17,2025-11-17 18:00,20820717684,20815.059284902298,20820669064,20815.010678115646,21634297743773809301579,,48620,0.04860678665316414,0.9999976648259327
1763406000,2025-11-17,2025-11-17 19:00,20825873774,20821.712677501895,20825825154,20821.664067216374,21634297743773809301579,,48620,0.04861028552108145,0.9999976654040773
1763409600,2025-11-17,2025-11-17 20:00,20831060736,20824.850704416913,20831012116,20824.80209891122,21634297743773809301579,,48620,0.048605505695586214,0.9999976659853947
1763413200,2025-11-17,2025-11-17 21:00,20836278748,20828.03591688163,20836230128,20827.987316115697,21634297743773809301579,,48620,0.04860076592976019,0.9999976665699001
1763416800,2025-11-17,2025-11-17 22:00,20841527989,20833.714391450536,20841479369,20833.66578967843,21634297743773809301579,,48620,0.048601772108405134,0.9999976671576083
1763420400,2025-11-17,2025-11-17 23:00,20846808636,20840.222152922164,20846760016,20840.173548283496,21634297743773809301579,,48620,0.048604638665186786,0.9999976677485342
1763424000,2025-11-18,2025-11-18 00:00,20852120869,20847.995996578735,20852072249,20847.947386196527,21634297743773809301579,,48620,0.048610382211076664,0.9999976683426925
1763427600,2025-11-18,2025-11-18 01:00,20857464868,20853.326062891887,20857416248,20853.277452539693,21634297743773809301579,,48620,0.0486103521973725,0.9999976689400986
1763431200,2025-11-18,2025-11-18 02:00,20862840812,20856.672190888316,20862792192,20856.623585264035,21634297743773809301579,,48620,0.04860562427997449,0.9999976695407669
1763434800,2025-11-18,2025-11-18 03:00,20868248882,20862.650918602114,20868200262,20862.602311644558,21634297743773809301579,,48620,0.04860695755537782,0.9999976701447124
1763438400,2025-11-18,2025-11-18 04:00,20873689256,20865.773602541405,20873640636,20865.725000978924,21634297743773809301579,,48620,0.04860156247961551,0.9999976707519498
1763442000,2025-11-18,2025-11-18 05:00,20879162117,20873.04058679872,20879113497,20872.991981053543,21634297743773809301579,,48620,0.04860574517517904,0.999997671362494
1763445600,2025-11-18,2025-11-18 06:00,20884667645,20880.14768792836,20884619025,20880.099078450927,21634297743773809301579,,48620,0.048609477433083505,0.9999976719763596
1763449200,2025-11-18,2025-11-18 07:00,20890206021,20884.514508803135,20890157401,20884.465902049593,21634297743773809301579,,48620,0.04860675353786681,0.9999976725935612
1763452800,2025-11-18,2025-11-18 08:00,20895777427,20889.64753839897,20895728807,20889.59893266191,21634297743773809301579,,48620,0.04860573706171865,0.9999976732141137
1763456400,2025-11-18,2025-11-18 09:00,20901382044,20895.23799470326,20901333424,20895.18938899531,21634297743773809301579,,48620,0.048605707946193275,0.9999976738380315
1763460000,2025-11-18,2025-11-18 10:00,20907020055,20902.738582581092,20906971435,20902.689972537803,21634297743773809301579,,48620,0.04861004328744795,0.9999976744653293
1763463600,2025-11-18,2025-11-18 11:00,20912691643,20908.453377994614,20912643023,20908.404767848177,21634297743773809301579,,48620,0.04861014644082744,0.9999976750960216
1763467200,2025-11-18,2025-11-18 12:00,20918396990,20912.876843252387,20918348370,20912.828236082696,21634297743773809301579,,48620,0.048607169689197635,0.999997675730123
1763470800,2025-11-18,2025-11-18 13:00,20924136280,20919.94344003559,20924087660,20919.894829778208,21634297743773809301579,,48620,0.04861025738141151,0.9999976763676479
1763474400,2025-11-18,2025-11-18 14:00,20929909695,20926.10082582925,20929861075,20926.05221467722,21634297743773809301579,,48620,0.04861115202971343,0.9999976770086108
1763478000,2025-11-18,2025-11-18 15:00,20935717420,20929.7679690643,20935668800,20929.71936288099,21634297743773809301579,,48620,0.04860618331062219,0.9999976776530259
1763481600,2025-11-18,2025-11-18 16:00,20941559640,20935.45697802051,20941511020,20935.408372189057,21634297743773809301579,,48620,0.04860583145522379,0.999997678300908
1763485200,2025-11-18,2025-11-18 17:00,20947436538,20943.013497620195,20947387918,20942.964887886283,21634297743773809301579,,48620,0.0486097339121722,0.9999976789522712
1763488800,2025-11-18,2025-11-18 18:00,20953348300,20947.81442821027,20953299680,20947.765821051027,21634297743773809301579,,48620,0.04860715924335507,0.9999976796071299
1763492400,2025-11-18,2025-11-18 19:00,20959295110,20955.468808541955,20959246490,20955.42019741796,21634297743773809301579,,48620,0.0486111239964935,0.9999976802654982
1763496000,2025-11-18,2025-11-18 20:00,20965277155,20959.85344403638,20965228535,20959.804836614356,21634297743773809301579,,48620,0.04860742202046261,0.9999976809273905
1763499600,2025-11-18,2025-11-18 21:00,20971294620,20965.47730106694,20971246000,20965.428694553855,21634297743773809301579,,48620,0.04860651308602304,0.999997681592821
1763503200,2025-11-18,2025-11-18 22:00,20978673068,20972.61698821091,20978624448,20972.568382246427,21634297743773809301579,,48620,0.04860596447933617,0.9999976824082323
1763506800,2025-11-18,2025-11-18 23:00,20984771197,20978.711249456945,20984722577,20978.66264349735,21634297743773809301579,,48620,0.048605959596758175,0.9999976830817194
1763510400,2025-11-19,2025-11-19 00:00,20990907114,20984.65713448426,20990858494,20984.608528960714,21634297743773809301579,,48620,0.04860552354110258,0.999997683758985
1763514000,2025-11-19,2025-11-19 01:00,20997081110,20992.98039497105,20997032490,20992.931784466506,21634297743773809301579,,48620,0.04861050454852925,0.9999976844400541
1763517600,2025-11-19,2025-11-19 02:00,21003293481,20997.16512349476,21003244861,20997.11651768114,21634297743773809301579,,48620,0.048605813618127346,0.9999976851249522
1763521200,2025-11-19,2025-11-19 03:00,21009544521,21004.392337267087,21009495901,21004.343729190197,21634297743773809301579,,48620,0.04860807688701466,0.9999976858137047
1763524800,2025-11-19,2025-11-19 04:00,21015834525,21013.131421436567,21015785905,21013.08280769018,21634297743773809301579,,48620,0.048613746387035084,0.9999976865063368
1763528400,2025-11-19,2025-11-19 05:00,21022163790,21019.907519398042,21022115170,21019.858904616343,21634297743773809301579,,48620,0.04861478170383587,0.9999976872028739
1763532000,2025-11-19,2025-11-19 06:00,21028532611,21024.356860729404,21028483991,21024.308250384143,21634297743773809301579,,48620,0.04861034526174925,0.9999976879033406
1763535600,2025-11-19,2025-11-19 07:00,21034941285,21030.824040640207,21034892665,21030.775430156773,21634297743773809301579,,48620,0.048610483433347354,0.9999976886077626
1763539200,2025-11-19,2025-11-19 08:00,21041390110,21037.243620668472,21041341490,21037.1950102497,21634297743773809301579,,48620,0.04861041877412828,0.9999976893161646
1763542800,2025-11-19,2025-11-19 09:00,21047879384,21042.981034435783,21047830764,21042.93242575083,21634297743773809301579,,48620,0.04860868495246161,0.9999976900285719
1763546400,2025-11-19,2025-11-19 10:00,21054365445,21048.10888824821,21054361825,21048.10526932394,21634297743773809301579,,3620,0.0036189242736618856,0.9999998280641604
1763550000,2025-11-19,2025-11-19 11:00,21060939495,21054.66272256953,21060935875,21054.659103648395,21634297743773809301579,,3620,0.003618921134728881,0.9999998281178292
1763553600,2025-11-19,2025-11-19 12:00,21067553278,21059.27326804023,21067549658,21059.269649462967,21634297743773809301579,,3620,0.0036185772606975833,0.9999998281717886
1763557200,2025-11-19,2025-11-19 13:00,21074207071,21067.890509989407,21074203451,21067.886891074428,21634297743773809301579,,3620,0.003618914979302362,0.9999998282260402
1763560800,2025-11-19,2025-11-19 14:00,21080901150,21074.62813696904,21080897530,21074.624518046236,21634297743773809301579,,3620,0.003618922801875949,0.9999998282805856
1763564400,2025-11-19,2025-11-19 15:00,21087635792,21081.350302467596,21087632172,21081.34668354659,21634297743773809301579,,3620,0.0036189210041214794,0.9999998283354267
1763568000,2025-11-19,2025-11-19 16:00,21094411276,21088.880211156942,21094407656,21088.876592106128,21634297743773809301579,,3620,0.003619050817087527,0.999999828390565
1763571600,2025-11-19,2025-11-19 17:00,21101227880,21094.966307029455,21101224260,21094.962688103653,21634297743773809301579,,3620,0.0036189258021247736,0.9999998284460022
1763575200,2025-11-19,2025-11-19 18:00,21108085882,21107.756090232204,21108082262,21107.752470288764,21634297743773809301579,,3620,0.0036199434412856717,0.9999998285017401
1763578800,2025-11-19,2025-11-19 19:00,21114985562,21108.719819653557,21114981942,21108.716200727766,21634297743773809301579,,3620,0.0036189257872221827,0.99999982855778
1763582400,2025-11-19,2025-11-19 20:00,21121927200,21113.692437306683,21121923580,21113.688818718005,21634297743773809301579,,3620,0.0036185886779805864,0.9999998286141238
1763586000,2025-11-19,2025-11-19 21:00,21128911077,21122.639891381175,21128907457,21122.636272455613,21634297743773809301579,,3620,0.0036189255626161987,0.9999998286707731
1763589600,2025-11-19,2025-11-19 22:00,21135937474,21129.256154219434,21135933854,21129.252535363757,21634297743773809301579,,3620,0.0036188556751913467,0.9999998287277295
1763593200,2025-11-19,2025-11-19 23:00,21143006672,21135.98208517313,21143003052,21135.978466375847,21634297743773809301579,,3620,0.0036187972853290095,0.9999998287849947
1763596800,2025-11-20,2025-11-20 00:00,21150118955,21143.842173953613,21150115335,21143.83855502793,21634297743773809301579,,3620,0.0036189256822887726,0.9999998288425702
