hash,timestamp,date,datetime,block_number,type,user_address,market_unique_key,assets,assets_usd,shares,seized_assets,seized_assets_usd,bad_debt_assets,bad_debt_assets_usd,liquidator
0x91b54bc6e959e980b8f72455adf3fddde196319183e1e207dc96810e3a215930,1758672627,2025-09-24,2025-09-24 00:10,382339567,MarketWithdraw,0xa60643c90A542A95026C0F1dbdB0615fF42019Cf,0x9e90aec7d768403dacc9dd0d8320307fda3f980eed4df43e3e52168a1c667709,1018192800,1017.8944695096001,1016013100219049,,,,,
0xb39ea606da893e0e8f3aea573823b02404ff03c67c83cc3fd68c6f89470b4efc,1758672914,2025-09-24,2025-09-24 00:15,382340715,MarketSupply,0x4B6F1C9E5d470b97181786b26da0d0945A7cf027,0x9e90aec7d768403dacc9dd0d8320307fda3f980eed4df43e3e52168a1c667709,48644112658,48626.74670978109,48539913907254193,,,,,
0xebe0cb3082ed26da59a7f19ffd925a29c890f0a6ee223562509035858652cb72,1758673220,2025-09-24,2025-09-24 00:20,382341940,MarketWithdraw,0xa60643c90A542A95026C0F1dbdB0615fF42019Cf,0x9e90aec7d768403dacc9dd0d8320307fda3f980eed4df43e3e52168a1c667709,2011217367,2010.628080311469,2006906608083252,,,,,
0x317d4f12cd1c98da7164d983d697d4caa668559075799e78534979d84bfacdf7,1758673516,2025-09-24,2025-09-24 00:25,382343125,MarketSupply,0x4B6F1C9E5d470b97181786b26da0d0945A7cf027,0x9e90aec7d768403dacc9dd0d8320307fda3f980eed4df43e3e52168a1c667709,88921890875,88895.83676097363,88731187644307447,,,,,
0x50c89d9f899cd27352b2d05d51b7dc29e7fd36322fdb02e45c973ba6219c5ebe,1758673849,2025-09-24,2025-09-24 00:30,382344463,MarketWithdraw,0xa60643c90A542A95026C0F1dbdB0615fF42019Cf,0x9e90aec7d768403dacc9dd0d8320307fda3f980eed4df43e3e52168a1c667709,3710787755,3709.700494187785,3702825019946751,,,,,
0x6262354449c3c2d18d5b445a92fb0bd32c28be9efdfa4633009e88f1b96308cc,1758675031,2025-09-24,2025-09-24 00:50,382349198,MarketWithdraw,0xa60643c90A542A95026C0F1dbdB0615fF42019Cf,0x9e90aec7d768403dacc9dd0d8320307fda3f980eed4df43e3e52168a1c667709,25379937,25.372500678459,25325365277193,,,,,
0x0b591a83ecb22e7568b1233fd4aabe1f435a5ec816e299388ae3bc60f717dcae,1758675523,2025-09-24,2025-09-24 00:58,382351166,MarketWithdraw,0xa60643c90A542A95026C0F1dbdB0615fF42019Cf,0x9e90aec7d768403dacc9dd0d8320307fda3f980eed4df43e3e52168a1c667709,245467,0.245395078169,244938753526,,,,,
0x0d27871f93ca20732d619a30656544fb4a4841f421f45a0f2c2a54eee983bc7e,1758676733,2025-09-24,2025-09-24 01:18,382356022,MarketWithdraw,0xa60643c90A542A95026C0F1dbdB0615fF42019Cf,0x9e90aec7d768403dacc9dd0d8320307fda3f980eed4df43e3e52168a1c667709,117510,0.11746346604,117256593080,,,,,
0xaa4553dcc4eb09240e328971b074d11627d6f3984d90acf271944c03cad122b6,1758676956,2025-09-24,2025-09-24 01:22,382356917,MarketWithdraw,0xa60643c90A542A95026C0F1dbdB0615fF42019Cf,0x9e90aec7d768403dacc9dd0d8320307fda3f980eed4df43e3e52168a1c667709,19276967584,19269.333904836738,19235381490681603,,,,,
0xd9743974c3d1b3bfafb315a7efd4a19862b12036b9988589888fb6aed30a60b2,1758677107,2025-09-24,2025-09-24 01:25,382357523,MarketWithdraw,0xa60643c90A542A95026C0F1dbdB0615fF42019Cf,0x9e90aec7d768403dacc9dd0d8320307fda3f980eed4df43e3e52168a1c667709,1101526337,1101.0901325705481,1099149385455991,,,,,
0x0ebc8ce33a35665c40ccc2fb057ff783ff7707996168704277b0062559b2e967,1758677945,2025-09-24,2025-09-24 01:39,382360881,MarketSupply,0x4B6F1C9E5d470b97181786b26da0d0945A7cf027,0x9e90aec7d768403dacc9dd0d8320307fda3f980eed4df43e3e52168a1c667709,72945175796,72916.28950638478,72787535650263298,,,,,
0x16346fb41f139d68243eaa7a7cc4f885a4077b2a32fe2183727269ad16db98ca,1758678307,2025-09-24,2025-09-24 01:45,382362329,MarketWithdraw,0xa60643c90A542A95026C0F1dbdB0615fF42019Cf,0x9e90aec7d768403dacc9dd0d8320307fda3f980eed4df43e3e52168a1c667709,3539562789,3538.161122135556,3531909219165637,,,,,
0x7433f225d7978129923f3b6dad63c1ced6546fe6a6898ac486967ba395111b40,1758678327,2025-09-24,2025-09-24 01:45,382362408,MarketWithdraw,0xa60643c90A542A95026C0F1dbdB0615fF42019Cf,0x9e90aec7d768403dacc9dd0d8320307fda3f980eed4df43e3e52168a1c667709,396993946,396.836736397384,396135502156724,,,,,
0x333b8dd924bbc928ed09939043a4199dab6721689251262f489e2a19f60b7fc2,1758678548,2025-09-24,2025-09-24 01:49,382363298,MarketWithdraw,0x4B6F1C9E5d470b97181786b26da0d0945A7cf027,0x9e90aec7d768403dacc9dd0d8320307fda3f980eed4df43e3e52168a1c667709,173114671724,173046.1183139973,172740206053546710,,,,,
0x744d221d7d2c2ef2d5d1b8837eae7d3e2afe4015ab4330a2f94e6a822a141404,1758679110,2025-09-24,2025-09-24 01:58,382365548,MarketWithdraw,0xa60643c90A542A95026C0F1dbdB0615fF42019Cf,0x9e90aec7d768403dacc9dd0d8320307fda3f980eed4df43e3e52168a1c667709,40006923717,39991.08097520807,39920282612115402,,,,,
0x21af917976d79f01c44cfd932bbbc85d1a1dbee97a3b472c29a68de24fbade0a,1758679123,2025-09-24,2025-09-24 01:58,382365600,MarketWithdraw,0xa60643c90A542A95026C0F1dbdB0615fF42019Cf,0x9e90aec7d768403dacc9dd0d8320307fda3f980eed4df43e3e52168a1c667709,258400,0.25829767360000006,257840379176,,,,,
0x1dc6a76803d35eb865b73f4b9b61b0457b62f67e39033411c6261dce9373a0a1,1758679149,2025-09-24,2025-09-24 01:59,382365715,MarketSupply,0x4B6F1C9E5d470b97181786b26da0d0945A7cf027,0x9e90aec7d768403dacc9dd0d8320307fda3f980eed4df43e3e52168a1c667709,141797815250,141741.66331516101,141490703830692292,,,,,
0x7e6d7331690fa20bab9faf38b953c2c17aa8070185f7f62734b7858789e7ed76,1758679826,2025-09-24,2025-09-24 02:10,382368426,MarketWithdraw,0xa60643c90A542A95026C0F1dbdB0615fF42019Cf,0x9e90aec7d768403dacc9dd0d8320307fda3f980eed4df43e3e52168a1c667709,1005422316,1005.0241687628641,1003242113980810,,,,,
0xa979fbdd06ffd9b3666ab7ec54100f5ecb48149e4f099d232e7773e4629da782,1758681015,2025-09-24,2025-09-24 02:30,382373192,MarketWithdraw,0xa60643c90A542A95026C0F1dbdB0615fF42019Cf,0x9e90aec7d768403dacc9dd0d8320307fda3f980eed4df43e3e52168a1c667709,801185045,800.86777572218,799444047912160,,,,,
0x827339817a6b0d75d8726e1ac6bd08f818e87da16efead57c439dc9945285e9b,1758681935,2025-09-24,2025-09-24 02:45,382376887,MarketWithdraw,0xa60643c90A542A95026C0F1dbdB0615fF42019Cf,0x9e90aec7d768403dacc9dd0d8320307fda3f980eed4df43e3e52168a1c667709,12078319468,12073.536453490673,12052030026503480,,,,,
0xf2222b2c42554c207b396a7b0238ccd0f3fc02ba5697d45abedb2b5e7d21bdcc,1758681942,2025-09-24,2025-09-24 02:45,382376913,MarketWithdraw,0xa60643c90A542A95026C0F1dbdB0615fF42019Cf,0x9e90aec7d768403dacc9dd0d8320307fda3f980eed4df43e3e52168a1c667709,10833937,10.829646760948002,10810355758762,,,,,
0x72505a3a0ac7c3c8297440ee1d09811847c2ad2c90e4d4529919befe21b8283d,1758682303,2025-09-24,2025-09-24 02:51,382378368,MarketSupply,0x4B6F1C9E5d470b97181786b26da0d0945A7cf027,0x9e90aec7d768403dacc9dd0d8320307fda3f980eed4df43e3e52168a1c667709,5228745011,5226.674427975644,5217356634609325,,,,,
0x691382cdb56935e0dcfc9eb367e59d8c4145316b1985c67164cd9b6de615c4f4,1758682508,2025-09-24,2025-09-24 02:55,382379185,MarketWithdraw,0xa60643c90A542A95026C0F1dbdB0615fF42019Cf,0x9e90aec7d768403dacc9dd0d8320307fda3f980eed4df43e3e52168a1c667709,5691800604,5689.546650960816,5679399115048345,,,,,
0xbeee47171cc69cfa29fadd2d047c3ea663e18d9a1793e15debb34a55e7b53455,1758682667,2025-09-24,2025-09-24 02:57,382379828,MarketWithdraw,0xa60643c90A542A95026C0F1dbdB0615fF42019Cf,0x9e90aec7d768403dacc9dd0d8320307fda3f980eed4df43e3e52168a1c667709,37500000000,37485.15,37418270181666969,,,,,
0x35017d7d68044de00e4b51bc52337287381d4ce3da795925e3a3aa4f02a6398b,1758682763,2025-09-24,2025-09-24 02:59,382380211,MarketWithdraw,0xa60643c90A542A95026C0F1dbdB0615fF42019Cf,0x9e90aec7d768403dacc9dd0d8320307fda3f980eed4df43e3e52168a1c667709,506902,0.506701266808,505797022098,,,,,
0x35017d7d68044de00e4b51bc52337287381d4ce3da795925e3a3aa4f02a6398b,1758682763,2025-09-24,2025-09-24 02:59,382380211,MarketWithdraw,0xa60643c90A542A95026C0F1dbdB0615fF42019Cf,0x9e90aec7d768403dacc9dd0d8320307fda3f980eed4df43e3e52168a1c667709,6651583188,6648.949161057552,6637083634950481,,,,,
0x0dee3074b8af65f8a318334d2a275374c1451f95fd5af3dfa68f84b5f3ce5f11,1758683115,2025-09-24,2025-09-24 03:05,382381625,MarketWithdraw,0xa60643c90A542A95026C0F1dbdB0615fF42019Cf,0x9e90aec7d768403dacc9dd0d8320307fda3f980eed4df43e3e52168a1c667709,764244053,764.019365248418,762576962251571,,,,,
0xa9b0c530a2978c7bfa0e0b4763634b583722d5f94ede5c4f431a5ef3f4164788,1758683407,2025-09-24,2025-09-24 03:10,382382796,MarketWithdraw,0xa60643c90A542A95026C0F1dbdB0615fF42019Cf,0x9e90aec7d768403dacc9dd0d8320307fda3f980eed4df43e3e52168a1c667709,440464227515,440334.7310321106,439502870100638582,,,,,
0xd6d293175c7c9e74907eb990e62c3bddab5049c6d5ee42313383cc9eeced9328,1758683451,2025-09-24,2025-09-24 03:10,382382973,MarketSupply,0x4B6F1C9E5d470b97181786b26da0d0945A7cf027,0x9e90aec7d768403dacc9dd0d8320307fda3f980eed4df43e3e52168a1c667709,299229289911,299141.31649976614,298576092250378747,,,,,
0xce85e648bf9af78167c8e872ac75711e217cc5c307f4686fdef9b2124f639d0e,1758684920,2025-09-24,2025-09-24 03:35,382388868,MarketWithdraw,0xa60643c90A542A95026C0F1dbdB0615fF42019Cf,0x9e90aec7d768403dacc9dd0d8320307fda3f980eed4df43e3e52168a1c667709,10037590,10.03463894854,10015601275256,,,,,
0x1c5d2044f4583722f07438635424b6c3903b4f593148e174b390d9daa2ddd254,1758686323,2025-09-24,2025-09-24 03:58,382394485,MarketWithdraw,0xa60643c90A542A95026C0F1dbdB0615fF42019Cf,0x9e90aec7d768403dacc9dd0d8320307fda3f980eed4df43e3e52168a1c667709,519786,0.5196331829159999,518643506951,,,,,
0xe48aef686146def5bf7f486c10bd0fae4a27349d56e6102f37fe5e502c5791f6,1758686879,2025-09-24,2025-09-24 04:07,382396723,MarketWithdraw,0xa60643c90A542A95026C0F1dbdB0615fF42019Cf,0x9e90aec7d768403dacc9dd0d8320307fda3f980eed4df43e3e52168a1c667709,3000000000,2999.118,2993397211225922,,,,,
0x24807469123d874b448d41c5f7512bde880bc8601a8949c57aa6c0584ea5a364,1758687343,2025-09-24,2025-09-24 04:15,382398582,MarketWithdraw,0xa60643c90A542A95026C0F1dbdB0615fF42019Cf,0x9e90aec7d768403dacc9dd0d8320307fda3f980eed4df43e3e52168a1c667709,37539680518,37528.118296400455,37456966325718676,,,,,
0x557ef5a58b7392096ad1e7b994b2ffc2378106cdaf00b578011392c62f667a2c,1758687392,2025-09-24,2025-09-24 04:16,382398774,MarketSupply,0x4B6F1C9E5d470b97181786b26da0d0945A7cf027,0x9e90aec7d768403dacc9dd0d8320307fda3f980eed4df43e3e52168a1c667709,76121882276,76098.436736259,75954136086607565,,,,,
0xbc15755a7dcd75b407306bb6e57298273dd558d8f42a156327845537a91de918,1758687520,2025-09-24,2025-09-24 04:18,382399287,MarketWithdraw,0xa60643c90A542A95026C0F1dbdB0615fF42019Cf,0x9e90aec7d768403dacc9dd0d8320307fda3f980eed4df43e3e52168a1c667709,2000000000,1999.384,1995591413323589,,,,,
0xbee1a34117258270a0754c92abc7370598c3962172f78ab8905995c3dccbdeeb,1758687568,2025-09-24,2025-09-24 04:19,382399479,MarketWithdraw,0xa60643c90A542A95026C0F1dbdB0615fF42019Cf,0x9e90aec7d768403dacc9dd0d8320307fda3f980eed4df43e3e52168a1c667709,4000000000,3998.768,3991181862826118,,,,,
0x9255537fd5b29302817415d25f6584f579d53267010c7a24d1675bc2bbc1cb5b,1758687755,2025-09-24,2025-09-24 04:22,382400230,MarketWithdraw,0xa60643c90A542A95026C0F1dbdB0615fF42019Cf,0x9e90aec7d768403dacc9dd0d8320307fda3f980eed4df43e3e52168a1c667709,400806693,400.688855832258,399922722466058,,,,,
0xc0f8f703840aff47ce253eb9d1bb10d1751d5365cc315196c1a8f5fd9b01a0a1,1758687917,2025-09-24,2025-09-24 04:25,382400879,MarketWithdraw,0xa60643c90A542A95026C0F1dbdB0615fF42019Cf,0x9e90aec7d768403dacc9dd0d8320307fda3f980eed4df43e3e52168a1c667709,75441629,75.419449161074,75275182358192,,,,,
0x419c6d249458659082c347025337e6dfeecb718951672b2bf348f22de4bc9952,1758687948,2025-09-24,2025-09-24 04:25,382401002,MarketWithdraw,0xa60643c90A542A95026C0F1dbdB0615fF42019Cf,0x9e90aec7d768403dacc9dd0d8320307fda3f980eed4df43e3e52168a1c667709,115453295,115.41935173127,115198552650660,,,,,
0xc7ca00f4bc333bcf3db941f4713c400ddaecbf8010e3af08374bc4632abea99c,1758688081,2025-09-24,2025-09-24 04:28,382401540,MarketWithdraw,0xa60643c90A542A95026C0F1dbdB0615fF42019Cf,0x9e90aec7d768403dacc9dd0d8320307fda3f980eed4df43e3e52168a1c667709,6079746503,6077.959057528118,6066327736354830,,,,,
0xe0f7e5e6df3a2878c52eb6c3c774fa8a34214d6cffbeb473cbc0e62990d0c05c,1758688538,2025-09-24,2025-09-24 04:35,382403371,MarketWithdraw,0xa60643c90A542A95026C0F1dbdB0615fF42019Cf,0x9e90aec7d768403dacc9dd0d8320307fda3f980eed4df43e3e52168a1c667709,135656519,135.616635983414,135356791787715,,,,,
0x1c0f9c52971d8bbc72767549f5f0c1e7aa6e000356b076b085b6d5b3366ac931,1758689918,2025-09-24,2025-09-24 04:58,382408906,MarketWithdraw,0xa60643c90A542A95026C0F1dbdB0615fF42019Cf,0x9e90aec7d768403dacc9dd0d8320307fda3f980eed4df43e3e52168a1c667709,612839,0.6126588253340001,611480640919,,,,,
0x1c0f9c52971d8bbc72767549f5f0c1e7aa6e000356b076b085b6d5b3366ac931,1758689918,2025-09-24,2025-09-24 04:58,382408906,MarketWithdraw,0xa60643c90A542A95026C0F1dbdB0615fF42019Cf,0x9e90aec7d768403dacc9dd0d8320307fda3f980eed4df43e3e52168a1c667709,3839748748,3838.619861868088,3831237935888414,,,,,
0xdb30673e921c936ecff53a0b8260d6ce43fc2606205913170f4fed28d2549cd5,1758690027,2025-09-24,2025-09-24 05:00,382409340,MarketWithdraw,0xa60643c90A542A95026C0F1dbdB0615fF42019Cf,0x9e90aec7d768403dacc9dd0d8320307fda3f980eed4df43e3e52168a1c667709,506983379,506.832297953058,505859365284338,,,,,
0xfe4ea2f82b6477df4406112af82e5691048ca2fa8358e865d7a7f29a0618a64e,1758690359,2025-09-24,2025-09-24 05:05,382410682,MarketWithdraw,0xa60643c90A542A95026C0F1dbdB0615fF42019Cf,0x9e90aec7d768403dacc9dd0d8320307fda3f980eed4df43e3e52168a1c667709,4004416230,4003.2229139634596,3995531354385804,,,,,
0x9a5076cd36b74104ecb65a602c631f2917c242ea4d73059224318e3a1270c1d6,1758690531,2025-09-24,2025-09-24 05:08,382411365,MarketWithdraw,0xa60643c90A542A95026C0F1dbdB0615fF42019Cf,0x9e90aec7d768403dacc9dd0d8320307fda3f980eed4df43e3e52168a1c667709,6217436909,6215.584112801118,6203636320471984,,,,,
0x58bc052b82a35e766463c264be26ee9d9c49374016741c11b6d691f9e2e2475b,1758690607,2025-09-24,2025-09-24 05:10,382411671,MarketWithdraw,0xa60643c90A542A95026C0F1dbdB0615fF42019Cf,0x9e90aec7d768403dacc9dd0d8320307fda3f980eed4df43e3e52168a1c667709,20216674818,20210.650248904236,20171792681442353,,,,,
0xe0f624c94e0b9ccc4631547a43bc93fc05af027aba8a699c731d4bbb38f1a473,1758691826,2025-09-24,2025-09-24 05:30,382416570,MarketWithdraw,0xa60643c90A542A95026C0F1dbdB0615fF42019Cf,0x9e90aec7d768403dacc9dd0d8320307fda3f980eed4df43e3e52168a1c667709,2052362227,2051.750623056354,2047792438263024,,,,,
0xb44000fe218734769bee8f0e71738dcb8660bb675d43b9528eef8990ac13ab6b,1758691833,2025-09-24,2025-09-24 05:30,382416598,MarketWithdraw,0xa60643c90A542A95026C0F1dbdB0615fF42019Cf,0x9e90aec7d768403dacc9dd0d8320307fda3f980eed4df43e3e52168a1c667709,500913091,500.763818898882,499797739266538,,,,,
0x4d94d3ae01437f303ed1a04920b729d279cbaaa1d02ad5183b62bcc3afee5002,1758691839,2025-09-24,2025-09-24 05:30,382416622,MarketWithdraw,0xa60643c90A542A95026C0F1dbdB0615fF42019Cf,0x9e90aec7d768403dacc9dd0d8320307fda3f980eed4df43e3e52168a1c667709,13987083543,13982.915392104187,13955938929761730,,,,,
0x384eaeda828dd79706f67521105e00be821672ad6976f21bac9e0e63137357c4,1758692120,2025-09-24,2025-09-24 05:35,382417747,MarketWithdraw,0xa60643c90A542A95026C0F1dbdB0615fF42019Cf,0x9e90aec7d768403dacc9dd0d8320307fda3f980eed4df43e3e52168a1c667709,9873863582,9870.921170652564,9851862505382005,,,,,
0x4aa8d3c596c89371c0336f58f0ee53e041780bbd5edc87ecec4379fc1bbb8315,1758692715,2025-09-24,2025-09-24 05:45,382420134,MarketWithdraw,0xa60643c90A542A95026C0F1dbdB0615fF42019Cf,0x9e90aec7d768403dacc9dd0d8320307fda3f980eed4df43e3e52168a1c667709,5023991848,5022.494698429296,5012780669737822,,,,,
0x548e1ee51800940bcf8b1679b06508edbf2d1864470c9e114cf05e52297deec0,1758692735,2025-09-24,2025-09-24 05:45,382420216,MarketSupply,0x4B6F1C9E5d470b97181786b26da0d0945A7cf027,0x9e90aec7d768403dacc9dd0d8320307fda3f980eed4df43e3e52168a1c667709,84099037963,84073.97644968702,83911359173284689,,,,,
0x534a689ea903efe2a696a9c34fe4305694dc01bb054dbf757eca051ebd266609,1758693321,2025-09-24,2025-09-24 05:55,382422563,MarketWithdraw,0xa60643c90A542A95026C0F1dbdB0615fF42019Cf,0x9e90aec7d768403dacc9dd0d8320307fda3f980eed4df43e3e52168a1c667709,3996176,3.994985139552,3987246273474,,,,,
0x8328f32ac64e4e25785140e9cdfe6b621710c33b004193f0bbaf3baa61733365,1758693443,2025-09-24,2025-09-24 05:57,382423059,MarketWithdraw,0xa60643c90A542A95026C0F1dbdB0615fF42019Cf,0x9e90aec7d768403dacc9dd0d8320307fda3f980eed4df43e3e52168a1c667709,1003636,1.0033369164719999,1001392695288,,,,,
0x64af543f96f64ad4f1b9fbf4e74243875816b1a99fced7ec10ac3e2e3f001b66,1758693945,2025-09-24,2025-09-24 06:05,382425073,MarketWithdraw,0xa60643c90A542A95026C0F1dbdB0615fF42019Cf,0x9e90aec7d768403dacc9dd0d8320307fda3f980eed4df43e3e52168a1c667709,6195449825,6193.60358095215,6181586346212999,,,,,
0x5f16ddb0a5ba2af75e8dc2a51bd23346e7b31b0564a16bc3e9edd4d4e50f6a76,1758693952,2025-09-24,2025-09-24 06:05,382425101,MarketWithdraw,0xa60643c90A542A95026C0F1dbdB0615fF42019Cf,0x9e90aec7d768403dacc9dd0d8320307fda3f980eed4df43e3e52168a1c667709,4749446125,4748.0307900547505,4738818182464913,,,,,
0x9df23083e5dd7e7b07d3890c9f301e5983784ea720e7656ab171222d83ac59ae,1758694217,2025-09-24,2025-09-24 06:10,382426168,MarketWithdraw,0xa60643c90A542A95026C0F1dbdB0615fF42019Cf,0x9e90aec7d768403dacc9dd0d8320307fda3f980eed4df43e3e52168a1c667709,100585693,100.555617877793,100360474728678,,,,,
0x5a04edf2bce456dae6c5f9e72d2d00978a544a26cd63e1545cbab1fdc28b732b,1758694665,2025-09-24,2025-09-24 06:17,382427965,MarketSupply,0xa60643c90A542A95026C0F1dbdB0615fF42019Cf,0x9e90aec7d768403dacc9dd0d8320307fda3f980eed4df43e3e52168a1c667709,800007098196,799767.8960736393,798214005930275183,,,,,
0x8f5c65b7ea74f2f047390ac2eb292e33874271f26e71aefcfb27cefb92c0d173,1758694977,2025-09-24,2025-09-24 06:22,382429220,MarketWithdraw,0x4B6F1C9E5d470b97181786b26da0d0945A7cf027,0x9e90aec7d768403dacc9dd0d8320307fda3f980eed4df43e3e52168a1c667709,273825410152,273743.8101797747,273211533583189830,,,,,
0x39ce77ddfa22e0f03a02a1e6f7ffb18eedbd8fbdb810c1a145f9983a7133a5f7,1758695580,2025-09-24,2025-09-24 06:33,382431638,MarketWithdraw,0x4B6F1C9E5d470b97181786b26da0d0945A7cf027,0x9e90aec7d768403dacc9dd0d8320307fda3f980eed4df43e3e52168a1c667709,174999993392,174947.84339396917,174607487254432299,,,,,
0x8bac938d5f1b610f218a65794d8487b4714b34ddabf4f2c776485af61953a475,1758696182,2025-09-24,2025-09-24 06:43,382434059,MarketWithdraw,0x4B6F1C9E5d470b97181786b26da0d0945A7cf027,0x9e90aec7d768403dacc9dd0d8320307fda3f980eed4df43e3e52168a1c667709,91377497795,91350.26730065708,91172396734025452,,,,,
0xc12e06b753d239026faa52f5b28fe926407e95d24f92ab908c28cd6576a54d79,1758696726,2025-09-24,2025-09-24 06:52,382436239,MarketBorrow,0xd7Fc4Ab828AFc1bb4b217f337f1777Ca856Efd12,0x9e90aec7d768403dacc9dd0d8320307fda3f980eed4df43e3e52168a1c667709,102500000000,102469.455,102259099746328582,,,,,
0xf52d3feb0b455b36ef27ff5b606f1564061b3d88de64db0e755ba727b93ca6ff,1758696784,2025-09-24,2025-09-24 06:53,382436468,MarketSupply,0x4B6F1C9E5d470b97181786b26da0d0945A7cf027,0x9e90aec7d768403dacc9dd0d8320307fda3f980eed4df43e3e52168a1c667709,8877476365,8874.83087704323,8857532344394599,,,,,
0x63e20b5d468aaefa937bdbc11f94fe599c26611b08477391c853b59e059d1437,1758697629,2025-09-24,2025-09-24 07:07,382439871,MarketSupply,0x4B6F1C9E5d470b97181786b26da0d0945A7cf027,0x9e90aec7d768403dacc9dd0d8320307fda3f980eed4df43e3e52168a1c667709,71902187278,71880.76042619115,71740411187176736,,,,,
0x8f136ceb2fbb3a15eadccdec4268ebbfb92e5e11882bd89697c933b4e75662f6,1758698230,2025-09-24,2025-09-24 07:17,382442283,MarketWithdraw,0x4B6F1C9E5d470b97181786b26da0d0945A7cf027,0x9e90aec7d768403dacc9dd0d8320307fda3f980eed4df43e3e52168a1c667709,111902171844,111868.82499679048,111650161822875160,,,,,
0x6da85fd094f724c7a50904d3388bda2089a16e77899663e5326b04184ae9002f,1758700474,2025-09-24,2025-09-24 07:54,382451294,MarketSupply,0x4B6F1C9E5d470b97181786b26da0d0945A7cf027,0x9e90aec7d768403dacc9dd0d8320307fda3f980eed4df43e3e52168a1c667709,103764132026,103733.21031465626,103529459983004622,,,,,
0x9368453183c76be5c1bc9891149d6f738e885ede67637081299fa96e61fa8447,1758703627,2025-09-24,2025-09-24 08:47,382463951,MarketWithdraw,0x4B6F1C9E5d470b97181786b26da0d0945A7cf027,0x9e90aec7d768403dacc9dd0d8320307fda3f980eed4df43e3e52168a1c667709,80739448532,80715.38817633745,80555939615648497,,,,,
0x2ca1d85fb917ee21c763dcba18f6dd1c6af66c389484f4371a4685e923f2c13f,1758705503,2025-09-24,2025-09-24 09:18,382471485,MarketWithdraw,0x4B6F1C9E5d470b97181786b26da0d0945A7cf027,0x9e90aec7d768403dacc9dd0d8320307fda3f980eed4df43e3e52168a1c667709,13024685242,13020.243824332478,12994981688385535,,,,,
0x1e30b999ee3b482ea0132bf00819d86e8207e20f6f27134165d68fb3cb07604d,1758706288,2025-09-24,2025-09-24 09:31,382474632,MarketSupply,0x4B6F1C9E5d470b97181786b26da0d0945A7cf027,0x9e90aec7d768403dacc9dd0d8320307fda3f980eed4df43e3e52168a1c667709,99999985348,99965.88535299632,99771599985569232,,,,,
0xf4d5e0159ca960e97c5057f64a03911fee643b065adf6cf503200fa899996bb2,1758707558,2025-09-24,2025-09-24 09:52,382479727,MarketSupply,0x4B6F1C9E5d470b97181786b26da0d0945A7cf027,0x9e90aec7d768403dacc9dd0d8320307fda3f980eed4df43e3e52168a1c667709,10000016293,9996.606287444087,9977132729430932,,,,,
0xfbc87731ed2df441e0c2655c5724f309e3e4186d9ea6eb56270c748f5b1efd2a,1758710043,2025-09-24,2025-09-24 10:34,382489684,MarketWithdraw,0x4B6F1C9E5d470b97181786b26da0d0945A7cf027,0x9e90aec7d768403dacc9dd0d8320307fda3f980eed4df43e3e52168a1c667709,190000012152,189935.22214785617,189563581409152325,,,,,
0x5c3cf08a57ec3c0ee65b880dcb2f7eb86733bd3a313008e9581f1f016ec85832,1758720426,2025-09-24,2025-09-24 13:27,382531315,MarketSupply,0x4B6F1C9E5d470b97181786b26da0d0945A7cf027,0x9e90aec7d768403dacc9dd0d8320307fda3f980eed4df43e3e52168a1c667709,90465640062,90438.68130126153,90253351843357949,,,,,
0xcd76d25c60cab8c5014cbb075b924967d3e62e97e9ed7ee32317c8adfd3fa984,1758721028,2025-09-24,2025-09-24 13:37,382533733,MarketSupply,0x4B6F1C9E5d470b97181786b26da0d0945A7cf027,0x9e90aec7d768403dacc9dd0d8320307fda3f980eed4df43e3e52168a1c667709,76827398867,76804.50430213763,76646921334219412,,,,,
0xd810e26d20662cf154db5f05bd697f3914e9c10a7e65f7506bf93cf42a10ccbd,1758723938,2025-09-24,2025-09-24 14:25,382545412,MarketWithdraw,0x4B6F1C9E5d470b97181786b26da0d0945A7cf027,0x9e90aec7d768403dacc9dd0d8320307fda3f980eed4df43e3e52168a1c667709,117293040078,117258.67321725715,117016252203045794,,,,,
0xb9b22223cb9036d7d46ae3b3616d0d6e5c9ca64caf46c7bb8dd415a42e6caff2,1758724540,2025-09-24,2025-09-24 14:35,382547834,MarketSupply,0x4B6F1C9E5d470b97181786b26da0d0945A7cf027,0x9e90aec7d768403dacc9dd0d8320307fda3f980eed4df43e3e52168a1c667709,99999995481,99970.69548232407,99763747228665743,,,,,
0xd4545e8d61b4b24577192c2d3689879cb4d629da1a390ec3d63cfeee36794bbe,1758726234,2025-09-24,2025-09-24 15:03,382554632,MarketWithdraw,0x4B6F1C9E5d470b97181786b26da0d0945A7cf027,0x9e90aec7d768403dacc9dd0d8320307fda3f980eed4df43e3e52168a1c667709,114999996187,114965.84118813246,114727573111727491,,,,,
0xfea2373820df75d5fc4a01bac112a045e4d8a3339676f1eb9afc6ef3546df91a,1758726836,2025-09-24,2025-09-24 15:13,382557052,MarketSupply,0x4B6F1C9E5d470b97181786b26da0d0945A7cf027,0x9e90aec7d768403dacc9dd0d8320307fda3f980eed4df43e3e52168a1c667709,114999995571,114965.84057231541,114727256099562287,,,,,
0x8d988d1a13adcb5af71a0ee9ef8ce2a9b8ee37530a96e2b8b8a0b86bf36e68b4,1758726990,2025-09-24,2025-09-24 15:16,382557670,MarketBorrow,0x3464a35D372aAC325783a0B19589055FAAB4fb5f,0x9e90aec7d768403dacc9dd0d8320307fda3f980eed4df43e3e52168a1c667709,150000000000,149955.45,149627455815484196,,,,,
0xc34952a40723383c1f39820e9ed0814809d1f4ad9c24e69d97f7ac918396ca6d,1758727438,2025-09-24,2025-09-24 15:23,382559466,MarketSupply,0x4B6F1C9E5d470b97181786b26da0d0945A7cf027,0x9e90aec7d768403dacc9dd0d8320307fda3f980eed4df43e3e52168a1c667709,119537108943,119501.60642164393,119253278434709152,,,,,
0x3c1b9ea8153c84214350cc4091bfa9252ccf94cb4523aa127aa7627c551f2b41,1758729497,2025-09-24,2025-09-24 15:58,382567720,MarketSupply,0x4B6F1C9E5d470b97181786b26da0d0945A7cf027,0x9e90aec7d768403dacc9dd0d8320307fda3f980eed4df43e3e52168a1c667709,373022124307,372911.3367360808,372133296260187094,,,,,
0xb4a3df7157c7158e843929106fd1e4011ac016aa6f10a836c4affd4c90290179,1758734274,2025-09-24,2025-09-24 17:17,382586894,MarketWithdraw,0x4B6F1C9E5d470b97181786b26da0d0945A7cf027,0x9e90aec7d768403dacc9dd0d8320307fda3f980eed4df43e3e52168a1c667709,219644227556,219578.7735761883,219118986190130432,,,,,
0x85510df368b83f9a35242838019cab6ca1a52feb768e88fca29b7b7cd3127d17,1758735420,2025-09-24,2025-09-24 17:37,382591484,MarketWithdraw,0x4B6F1C9E5d470b97181786b26da0d0945A7cf027,0x9e90aec7d768403dacc9dd0d8320307fda3f980eed4df43e3e52168a1c667709,248834448252,248760.2955864209,248238524221921836,,,,,
0x24bd54a2cf6ca1b2c4355467023217454d41a69cb09fd14ad0947a7a23cdd83e,1758736324,2025-09-24,2025-09-24 17:52,382595085,MarketWithdraw,0x4B6F1C9E5d470b97181786b26da0d0945A7cf027,0x9e90aec7d768403dacc9dd0d8320307fda3f980eed4df43e3e52168a1c667709,59080543120,59062.93711815024,58938801620144624,,,,,
0x151100b8cc8e7ad1ee5298659f17d5b6a85108d56ba68d8e088164245be030a6,1758737714,2025-09-24,2025-09-24 18:15,382600646,MarketSupply,0x4B6F1C9E5d470b97181786b26da0d0945A7cf027,0x9e90aec7d768403dacc9dd0d8320307fda3f980eed4df43e3e52168a1c667709,104999981020,104968.69102565605,104747323795752947,,,,,
0xbe5ce501f0a055a3f6cec7c635fba8fbe495a84cb7e5d410d3ba593b81baff7b,1758738921,2025-09-24,2025-09-24 18:35,382605482,MarketBorrow,0x12889C77A17c47480599a6F7366008307770729C,0x9e90aec7d768403dacc9dd0d8320307fda3f980eed4df43e3e52168a1c667709,55000000000,54983.61,54861087296609315,,,,,
0x06f795a87dd2cc914dd31c3d66958c39c03146c965e7392eece67aa61da47cfb,1758739407,2025-09-24,2025-09-24 18:43,382607425,MarketWithdraw,0x4B6F1C9E5d470b97181786b26da0d0945A7cf027,0x9e90aec7d768403dacc9dd0d8320307fda3f980eed4df43e3e52168a1c667709,8218620471,8216.171322099643,8198781391579310,,,,,
0x2372d093e9726e400cbc85187d952ead2df31bbc2a64e7b5875204cf99373b75,1758740009,2025-09-24,2025-09-24 18:53,382609835,MarketSupply,0x4B6F1C9E5d470b97181786b26da0d0945A7cf027,0x9e90aec7d768403dacc9dd0d8320307fda3f980eed4df43e3e52168a1c667709,33218621379,33208.72222982905,33138336972620005,,,,,
0x88998ab8f7de287450ebc38f46bcaf819c446da996751cb8a17ad53ab9ab9b97,1758740611,2025-09-24,2025-09-24 19:03,382612248,MarketWithdraw,0x4B6F1C9E5d470b97181786b26da0d0945A7cf027,0x9e90aec7d768403dacc9dd0d8320307fda3f980eed4df43e3e52168a1c667709,15348882089,15344.323471019568,15311743264562624,,,,,
0x6984a7c3334b1aaa84996dcc5cb923f15791b11ef5990c356b67a73eb47ae88e,1758741213,2025-09-24,2025-09-24 19:13,382614657,MarketSupply,0x4B6F1C9E5d470b97181786b26da0d0945A7cf027,0x9e90aec7d768403dacc9dd0d8320307fda3f980eed4df43e3e52168a1c667709,10348882768,10345.809149817904,10323812570715681,,,,,
0xf33d4b0d12c8eedd59aef02868c579f81c594e7ecbd10b59457b6d4e273b2e4c,1758741996,2025-09-24,2025-09-24 19:26,382617792,MarketWithdraw,0x4B6F1C9E5d470b97181786b26da0d0945A7cf027,0x9e90aec7d768403dacc9dd0d8320307fda3f980eed4df43e3e52168a1c667709,74999999607,74977.72460711673,74818037026993881,,,,,
0xa7fa971b6b95da8e5e837b41b507519b60dc794c52afdce98e822b7a826e78cd,1758743327,2025-09-24,2025-09-24 19:48,382623119,MarketSupply,0x4B6F1C9E5d470b97181786b26da0d0945A7cf027,0x9e90aec7d768403dacc9dd0d8320307fda3f980eed4df43e3e52168a1c667709,89544067921,89517.47333282746,89326197950624157,,,,,
0x258da8bb1132322f3da4f84b26b6ed540f43384331a35df6ab9d05b9d4d1fdde,1758743928,2025-09-24,2025-09-24 19:58,382625521,MarketSupply,0x4B6F1C9E5d470b97181786b26da0d0945A7cf027,0x9e90aec7d768403dacc9dd0d8320307fda3f980eed4df43e3e52168a1c667709,45455949151,45442.44873410215,45345224762081497,,,,,
0xefa9891dffe614fb1655742328c8bb3140495a0ac8f5f860a05e8d4da65ddbc6,1758744496,2025-09-24,2025-09-24 20:08,382627794,MarketBorrow,0x1597E4B7cF6D2877A1d690b6088668afDb045763,0x9e90aec7d768403dacc9dd0d8320307fda3f980eed4df43e3e52168a1c667709,100000000000,99970.3,99744626236987749,,,,,
0x34232825743723e3f65844bc18c660839f72dfa879b58532ed85d829d1eba19a,1758744531,2025-09-24,2025-09-24 20:08,382627934,MarketSupply,0x4B6F1C9E5d470b97181786b26da0d0945A7cf027,0x9e90aec7d768403dacc9dd0d8320307fda3f980eed4df43e3e52168a1c667709,29999980017,29991.070022934953,29926825996543571,,,,,
0x11928727e8a16cc05502febe4e33268e2a5a90f606d42d447d53a1b0e39ee57e,1758746653,2025-09-24,2025-09-24 20:44,382636414,MarketSupply,0x4B6F1C9E5d470b97181786b26da0d0945A7cf027,0x9e90aec7d768403dacc9dd0d8320307fda3f980eed4df43e3e52168a1c667709,65000001164,64980.69616365429,64840838542501096,,,,,
0x96dbf78e3dc48e876699d3359e071fef329fe5b67ced2b65c4d180ac7c68f3e8,1758747255,2025-09-24,2025-09-24 20:54,382638823,MarketWithdraw,0x4B6F1C9E5d470b97181786b26da0d0945A7cf027,0x9e90aec7d768403dacc9dd0d8320307fda3f980eed4df43e3e52168a1c667709,14999997342,14995.542342789427,14963228095490548,,,,,
0x95aa1dbd4f74336feb7732b63b055574337588e409fef66e38135bc6a7176044,1758747857,2025-09-24,2025-09-24 21:04,382641227,MarketWithdraw,0x4B6F1C9E5d470b97181786b26da0d0945A7cf027,0x9e90aec7d768403dacc9dd0d8320307fda3f980eed4df43e3e52168a1c667709,25000000634,24992.575633811703,24938651305626250,,,,,
0x9b54635eb5b0d692de48ccff8f6c2b145504a061d6941abfaf36f75fc00ddfee,1758751800,2025-09-24,2025-09-24 22:10,382657027,MarketSupply,0x4B6F1C9E5d470b97181786b26da0d0945A7cf027,0x9e90aec7d768403dacc9dd0d8320307fda3f980eed4df43e3e52168a1c667709,5000016103,4998.4710980241725,4987654623952946,,,,,
0x605e40dc9c8e62c28da8e664e603835a89293f6f3f74a7ef9fc0f5540a655250,1758752403,2025-09-24,2025-09-24 22:20,382659446,MarketWithdraw,0x4B6F1C9E5d470b97181786b26da0d0945A7cf027,0x9e90aec7d768403dacc9dd0d8320307fda3f980eed4df43e3e52168a1c667709,35000017049,34989.13204369776,34913389448220825,,,,,
0xc46670b7184e6dc94ca3adab422fef7964d5c8fbd8f6ecc97298002beed19ae2,1758753005,2025-09-24,2025-09-24 22:30,382661867,MarketSupply,0x4B6F1C9E5d470b97181786b26da0d0945A7cf027,0x9e90aec7d768403dacc9dd0d8320307fda3f980eed4df43e3e52168a1c667709,29999998540,29990.668540454062,29925658550026420,,,,,
0xf2dc895685769874c02161dda4b8cd893200e8e3715a21e98370413df7806fda,1758754211,2025-09-24,2025-09-24 22:50,382666707,MarketSupply,0x4B6F1C9E5d470b97181786b26da0d0945A7cf027,0x9e90aec7d768403dacc9dd0d8320307fda3f980eed4df43e3e52168a1c667709,5000001204,4998.446203625556,4987583110330713,,,,,
0x01a80a08a0e5d7f2badcbbce747251fff87436c530041110f2aa9d7739c30d1f,1758758830,2025-09-25,2025-09-25 00:07,382685226,MarketSupply,0x4B6F1C9E5d470b97181786b26da0d0945A7cf027,0x9e90aec7d768403dacc9dd0d8320307fda3f980eed4df43e3e52168a1c667709,25000000084,24992.600083975136,24937374417513384,,,,,
0xe91ef0b2446e26d4787810c83a3caa7702e8114a1f553f519fabc94891199894,1758759431,2025-09-25,2025-09-25 00:17,382687649,MarketWithdraw,0x4B6F1C9E5d470b97181786b26da0d0945A7cf027,0x9e90aec7d768403dacc9dd0d8320307fda3f980eed4df43e3e52168a1c667709,44999998977,44986.678977302814,44887151783593254,,,,,
0x59728178decd3e8677f69cb51840f637e62952ab05d38abbf6aca4e2ad1588f1,1758760033,2025-09-25,2025-09-25 00:27,382690084,MarketSupply,0x4B6F1C9E5d470b97181786b26da0d0945A7cf027,0x9e90aec7d768403dacc9dd0d8320307fda3f980eed4df43e3e52168a1c667709,395000015775,394883.0957703306,394008330563237723,,,,,
0xeecd15d8b41bdad2320d32773711693ae285641dda2bada568f3b5333dcba457,1758762153,2025-09-25,2025-09-25 01:02,382698595,MarketSupply,0x4B6F1C9E5d470b97181786b26da0d0945A7cf027,0x9e90aec7d768403dacc9dd0d8320307fda3f980eed4df43e3e52168a1c667709,74999999009,74977.79900929335,74811341603752528,,,,,
0xa841e10275ac70268db6461323b2c5ce8eb4a497b13e43f15dfd96a87a36be88,1758762876,2025-09-25,2025-09-25 01:14,382701505,MarketWithdraw,0x4B6F1C9E5d470b97181786b26da0d0945A7cf027,0x9e90aec7d768403dacc9dd0d8320307fda3f980eed4df43e3e52168a1c667709,321317994548,321221.92046763015,320509310310209090,,,,,
0x8fe525460626cb06a793009439e06ac0aedb5e2fabd0ae115bba67f88cdce1fe,1758763478,2025-09-25,2025-09-25 01:24,382703917,MarketWithdraw,0x4B6F1C9E5d470b97181786b26da0d0945A7cf027,0x9e90aec7d768403dacc9dd0d8320307fda3f980eed4df43e3e52168a1c667709,138682015930,138640.96605328473,138332668260631080,,,,,
0x3097868c0f2bac206baec430f7ef9eb0a8607806febee7841c96aa518ce714b5,1758764080,2025-09-25,2025-09-25 01:34,382706340,MarketWithdraw,0x4B6F1C9E5d470b97181786b26da0d0945A7cf027,0x9e90aec7d768403dacc9dd0d8320307fda3f980eed4df43e3e52168a1c667709,53870343641,53854.398019282264,53734488191840852,,,,,
0xeb771a0bed849007ab483b1bb6e568096ae6b4762a71d87b0e881903d37782c0,1758764682,2025-09-25,2025-09-25 01:44,382708752,MarketWithdraw,0x4B6F1C9E5d470b97181786b26da0d0945A7cf027,0x9e90aec7d768403dacc9dd0d8320307fda3f980eed4df43e3e52168a1c667709,21032508924,21026.283301358497,20979402553252783,,,,,
0xf64c0a01bea3b1705be71c8613e37b884efeb1f052dbc4c668e6a65bec7ef0f8,1758765284,2025-09-25,2025-09-25 01:54,382711169,MarketWithdraw,0x4B6F1C9E5d470b97181786b26da0d0945A7cf027,0x9e90aec7d768403dacc9dd0d8320307fda3f980eed4df43e3e52168a1c667709,10097156391,10094.167632708264,10071629499393121,,,,,
0xbec4d34f23b0860000ab7282ae8d6b7e80b1cb112836c5300cb194bfc78d01db,1758765887,2025-09-25,2025-09-25 02:04,382713585,MarketWithdraw,0x4B6F1C9E5d470b97181786b26da0d0945A7cf027,0x9e90aec7d768403dacc9dd0d8320307fda3f980eed4df43e3e52168a1c667709,10531288609,10528.192410148953,10504630356691598,,,,,
0xc95d444efd30a95cd3324c0c700b9feca43a37a1bca15fbe1ef732eb65d9aa35,1758766488,2025-09-25,2025-09-25 02:14,382716002,MarketWithdraw,0x4B6F1C9E5d470b97181786b26da0d0945A7cf027,0x9e90aec7d768403dacc9dd0d8320307fda3f980eed4df43e3e52168a1c667709,34468692796,34458.559000317975,34381328925290587,,,,,
0x34e08a9b59e968d7e959bcc0d20e3c5e0e5d7f22a21592a6925696acde756e07,1758767090,2025-09-25,2025-09-25 02:24,382718427,MarketSupply,0x4B6F1C9E5d470b97181786b26da0d0945A7cf027,0x9e90aec7d768403dacc9dd0d8320307fda3f980eed4df43e3e52168a1c667709,54999979072,54983.80907815283,54860389548014434,,,,,
0xef3642c27a1f83c475746dcc7b698418d40b2447070e8148ae63d66e3451d0d5,1758767693,2025-09-25,2025-09-25 02:34,382720839,MarketSupply,0x4B6F1C9E5d470b97181786b26da0d0945A7cf027,0x9e90aec7d768403dacc9dd0d8320307fda3f980eed4df43e3e52168a1c667709,24929255299,24921.926097942094,24865905922267911,,,,,
0x5716513ad4e8c74a5ab8e99b302302a1d119944d37602927305adb6f80955b04,1758768295,2025-09-25,2025-09-25 02:44,382723257,MarketWithdraw,0x4B6F1C9E5d470b97181786b26da0d0945A7cf027,0x9e90aec7d768403dacc9dd0d8320307fda3f980eed4df43e3e52168a1c667709,29274790605,29266.183816562127,29200308820899505,,,,,
0xdbd634118cd19e13d03ecb20408bce4fa5ae83ffd970d64e4c68f5103ede9985,1758768897,2025-09-25,2025-09-25 02:54,382725674,MarketWithdraw,0x4B6F1C9E5d470b97181786b26da0d0945A7cf027,0x9e90aec7d768403dacc9dd0d8320307fda3f980eed4df43e3e52168a1c667709,40654462674,40642.510261973846,40550898680103149,,,,,
0x060f6248e322ee2d9cdda2385fd374f7a83a712664e4f6347ded7e21d4c25c56,1758769499,2025-09-25,2025-09-25 03:04,382728096,MarketSupply,0x4B6F1C9E5d470b97181786b26da0d0945A7cf027,0x9e90aec7d768403dacc9dd0d8320307fda3f980eed4df43e3e52168a1c667709,14999998299,14995.588299500094,14961736456601424,,,,,
0x39eeab853319e3b32be4a009ab2f077715c6ba4136fcd098e7c0ed18068b3a15,1758770101,2025-09-25,2025-09-25 03:15,382730512,MarketSupply,0x4B6F1C9E5d470b97181786b26da0d0945A7cf027,0x9e90aec7d768403dacc9dd0d8320307fda3f980eed4df43e3e52168a1c667709,30000000595,29991.150594824474,29923377723027945,,,,,
0xb2d5641b10f3b8abfb21e479df3575d4d34a8139f55afa96a992ceea3bb5b102,1758770703,2025-09-25,2025-09-25 03:25,382732931,MarketSupply,0x4B6F1C9E5d470b97181786b26da0d0945A7cf027,0x9e90aec7d768403dacc9dd0d8320307fda3f980eed4df43e3e52168a1c667709,5000001218,4998.531217641908,4987214849447588,,,,,
0x69bb82cf03e1a7c331db972ca3a69d8e68812761a1591e96b34d0cb5821a4169,1758771909,2025-09-25,2025-09-25 03:45,382737769,MarketSupply,0x4B6F1C9E5d470b97181786b26da0d0945A7cf027,0x9e90aec7d768403dacc9dd0d8320307fda3f980eed4df43e3e52168a1c667709,199999981104,199941.18110955541,199487261057304944,,,,,
0xea0d9385150dc8e30e29bab9a4bdc3959b6e85ea40e57ab8a94967d8b0fe6754,1758772511,2025-09-25,2025-09-25 03:55,382740190,MarketSupply,0x4B6F1C9E5d470b97181786b26da0d0945A7cf027,0x9e90aec7d768403dacc9dd0d8320307fda3f980eed4df43e3e52168a1c667709,15000027444,14995.617435931463,14961538329766735,,,,,
0x633876c928e705aae446ebb7ae438ddb4c9cc766b24f3fac8e43456b517a16b0,1758774220,2025-09-25,2025-09-25 04:23,382747034,MarketSupply,0x4B6F1C9E5d470b97181786b26da0d0945A7cf027,0x9e90aec7d768403dacc9dd0d8320307fda3f980eed4df43e3e52168a1c667709,4999986046,4998.516050102476,4987124062233941,,,,,
0xea4ff42d0fb3f625813213c100cfdc5c2589db825e22ade00758573d185027e5,1758774282,2025-09-25,2025-09-25 04:24,382747284,MarketWithdraw,0x4B6F1C9E5d470b97181786b26da0d0945A7cf027,0x9e90aec7d768403dacc9dd0d8320307fda3f980eed4df43e3e52168a1c667709,159999985224,159952.94522834415,159588363395578308,,,,,
0xc4ac8ddb5cb0a58eea63009050d67ebb61078d00912f9ce111ab27a8abe55c06,1758775601,2025-09-25,2025-09-25 04:46,382752590,MarketWithdraw,0x4B6F1C9E5d470b97181786b26da0d0945A7cf027,0x9e90aec7d768403dacc9dd0d8320307fda3f980eed4df43e3e52168a1c667709,100023536335,99994.12941531751,99765574341311405,,,,,
0x90017a05d321056ccb507e28fd70bbd6df391508f0913eb14e28218e63f05ac3,1758775657,2025-09-25,2025-09-25 04:47,382752814,MarketSupply,0x4B6F1C9E5d470b97181786b26da0d0945A7cf027,0x9e90aec7d768403dacc9dd0d8320307fda3f980eed4df43e3e52168a1c667709,245023525377,244951.48846053917,244391530357117147,,,,,
0xaa9cab21fdee562d5bbba7c026d3ffdb70fcce7e11706bb9cd5cb8dcf6a9b69b,1758776323,2025-09-25,2025-09-25 04:58,382755486,MarketBorrow,0x1597E4B7cF6D2877A1d690b6088668afDb045763,0x9e90aec7d768403dacc9dd0d8320307fda3f980eed4df43e3e52168a1c667709,200000000000,199941.19999999998,199458983390080572,,,,,
0xa51ec268502af5ca2b957be1e1b4e59ef9d3489bcfa7f78f5f31bcf660e6d110,1758786701,2025-09-25,2025-09-25 07:51,382797161,MarketSupply,0x4B6F1C9E5d470b97181786b26da0d0945A7cf027,0x9e90aec7d768403dacc9dd0d8320307fda3f980eed4df43e3e52168a1c667709,264999978386,264923.92339220317,264301155987902438,,,,,
0xca0a5309ef14ab1bbf3764cc21377ea14f88615963468b4733e11b5326158375,1758794737,2025-09-25,2025-09-25 10:05,382829436,MarketSupply,0xa60643c90A542A95026C0F1dbdB0615fF42019Cf,0x9e90aec7d768403dacc9dd0d8320307fda3f980eed4df43e3e52168a1c667709,1488367044407,1488069.3709981188,1484399363075045491,,,,,
0x8a89c5816f057b50649151d0443abbe9d2dc8291edbbe627789b6c51a1b8faaa,1758800523,2025-09-25,2025-09-25 11:42,382852679,MarketSupplyCollateral,0x1597E4B7cF6D2877A1d690b6088668afDb045763,0x9e90aec7d768403dacc9dd0d8320307fda3f980eed4df43e3e52168a1c667709,3000000000000,,,,,,,
0x8a89c5816f057b50649151d0443abbe9d2dc8291edbbe627789b6c51a1b8faaa,1758800523,2025-09-25,2025-09-25 11:42,382852679,MarketBorrow,0x1597E4B7cF6D2877A1d690b6088668afDb045763,0x9e90aec7d768403dacc9dd0d8320307fda3f980eed4df43e3e52168a1c667709,2118366982919,2117814.0891364585,2112426256921616808,,,,,
0x3106e6b8a17394cf67f4228e954564dafdd187663dccaf9d7b1ee1c542b01834,1758800552,2025-09-25,2025-09-25 11:42,382852794,MarketSupply,0x4B6F1C9E5d470b97181786b26da0d0945A7cf027,0x9e90aec7d768403dacc9dd0d8320307fda3f980eed4df43e3e52168a1c667709,734070488196,733878.8957985808,732107110459318851,,,,,
0x6dcccc85cc7ff7b913888d5528035ceb6b43cf3dc66350960f18e74bf55ab341,1758800614,2025-09-25,2025-09-25 11:43,382853040,MarketBorrow,0x1597E4B7cF6D2877A1d690b6088668afDb045763,0x9e90aec7d768403dacc9dd0d8320307fda3f980eed4df43e3e52168a1c667709,300000000000,299921.7,299158535089022437,,,,,
0x314ebef5a8517b2b11f91ee27dcbf85147cc2119afb379d0919ccf2a54b0d8e0,1758803867,2025-09-25,2025-09-25 12:37,382866103,MarketRepay,0xd7Fc4Ab828AFc1bb4b217f337f1777Ca856Efd12,0x9e90aec7d768403dacc9dd0d8320307fda3f980eed4df43e3e52168a1c667709,103717739882,103686.20968907587,103424868073335803,,,,,
0x314ebef5a8517b2b11f91ee27dcbf85147cc2119afb379d0919ccf2a54b0d8e0,1758803867,2025-09-25,2025-09-25 12:37,382866103,MarketWithdrawCollateral,0xd7Fc4Ab828AFc1bb4b217f337f1777Ca856Efd12,0x9e90aec7d768403dacc9dd0d8320307fda3f980eed4df43e3e52168a1c667709,94000000000,,,,,,,
0x3b8f6ae53ac1de6405e542a042b0b5b78341bbc68ad9be3092783705ffda1b2a,1758804838,2025-09-25,2025-09-25 12:53,382870005,MarketBorrow,0x1597E4B7cF6D2877A1d690b6088668afDb045763,0x9e90aec7d768403dacc9dd0d8320307fda3f980eed4df43e3e52168a1c667709,200000000000,199939.2,199434235418765679,,,,,
0x404db800c069b9e4934d289e2c72d89885d67dc567e1a44609ccee264cda536b,1758805086,2025-09-25,2025-09-25 12:58,382870994,MarketWithdraw,0x4B6F1C9E5d470b97181786b26da0d0945A7cf027,0x9e90aec7d768403dacc9dd0d8320307fda3f980eed4df43e3e52168a1c667709,337788228078,337685.54045666434,336876411354218905,,,,,
0x7999c3d1a8541282b5cecbb89de618bde780313b2288acb94d9b2ed098c5d829,1758818215,2025-09-25,2025-09-25 16:36,382923732,MarketSupply,0x4B6F1C9E5d470b97181786b26da0d0945A7cf027,0x9e90aec7d768403dacc9dd0d8320307fda3f980eed4df43e3e52168a1c667709,129999962276,129962.13228697768,129634888440258180,,,,,
0x691a21448b45115f1feeb16124748969c780d9c0164e8311fd690e39a1b414a3,1758823254,2025-09-25,2025-09-25 18:00,382943942,MarketSupply,0x4B6F1C9E5d470b97181786b26da0d0945A7cf027,0x9e90aec7d768403dacc9dd0d8320307fda3f980eed4df43e3e52168a1c667709,574999967350,574815.3923604807,573363285827577197,,,,,
0x03875b0a2066913f2d307bd523af119e849534aaaed8f8eba71e19a2ab991184,1758827256,2025-09-25,2025-09-25 19:07,382959992,MarketSupply,0x4B6F1C9E5d470b97181786b26da0d0945A7cf027,0x9e90aec7d768403dacc9dd0d8320307fda3f980eed4df43e3e52168a1c667709,70000025598,69974.33558860552,69799574816909324,,,,,
0xa77f25a41a61f88ff2f822780c18c180428bb4d9f1b2d5dd4192e351b7f61579,1758834190,2025-09-25,2025-09-25 21:03,382987829,MarketWithdraw,0x4B6F1C9E5d470b97181786b26da0d0945A7cf027,0x9e90aec7d768403dacc9dd0d8320307fda3f980eed4df43e3e52168a1c667709,59999996940,59983.07694086292,59826541421391784,,,,,
0x6e8862024d5c96fe21bd0be8437dc4360371558db016746313f556c8216383db,1758840317,2025-09-25,2025-09-25 22:45,383012424,MarketSupply,0xa60643c90A542A95026C0F1dbdB0615fF42019Cf,0x9e90aec7d768403dacc9dd0d8320307fda3f980eed4df43e3e52168a1c667709,159933327196,159888.2259977307,159466788618449323,,,,,
0x7e27fbd982c611eb037b6d043e4309736deeb28ac8c626bb0f7b5545c68a62f5,1758840643,2025-09-25,2025-09-25 22:50,383013736,MarketWithdrawCollateral,0x1597E4B7cF6D2877A1d690b6088668afDb045763,0x9e90aec7d768403dacc9dd0d8320307fda3f980eed4df43e3e52168a1c667709,900000000000,,,,,,,
0x42528cc3d0556c656c7d767836e346d3352f9e64a25bc625d85628d30e9205e7,1758841600,2025-09-25,2025-09-25 23:06,383017586,MarketWithdraw,0x4B6F1C9E5d470b97181786b26da0d0945A7cf027,0x9e90aec7d768403dacc9dd0d8320307fda3f980eed4df43e3e52168a1c667709,224933303550,224869.87235839892,224276155971987541,,,,,
0xccd3436f74e0b5b6c9ad258b4530d6d36aad512580a3b873a883703e74c359c7,1758842202,2025-09-25,2025-09-25 23:16,383019995,MarketWithdraw,0x4B6F1C9E5d470b97181786b26da0d0945A7cf027,0x9e90aec7d768403dacc9dd0d8320307fda3f980eed4df43e3e52168a1c667709,649900005033,649708.2845315152,647999498447710259,,,,,
0xae2e682510c985e395981f58a245996e8001124cf55f4ffd2deabdde1cba3eeb,1758847680,2025-09-26,2025-09-26 00:48,383041982,MarketRepay,0x22F34f08406073bd27239cBaCF7942Ba0477704A,0x9e90aec7d768403dacc9dd0d8320307fda3f980eed4df43e3e52168a1c667709,51081041969,51065.97306161914,50922281933561454,,,,,
0xae2e682510c985e395981f58a245996e8001124cf55f4ffd2deabdde1cba3eeb,1758847680,2025-09-26,2025-09-26 00:48,383041982,MarketWithdrawCollateral,0x22F34f08406073bd27239cBaCF7942Ba0477704A,0x9e90aec7d768403dacc9dd0d8320307fda3f980eed4df43e3e52168a1c667709,49745004608,,,,,,,
0x2549e8acb465f5cad199be0100c067ce8d61a5c704f0eb58bb5cc7b5340289b6,1758847806,2025-09-26,2025-09-26 00:50,383042494,MarketSupply,0x22F34f08406073bd27239cBaCF7942Ba0477704A,0x9e90aec7d768403dacc9dd0d8320307fda3f980eed4df43e3e52168a1c667709,8140622370,8138.22088640085,8116426265983727,,,,,
0xb8b9c97e9bb3c21c996e5d3139773955004ad4c52b334c29495bcb2eb55b7463,1758855599,2025-09-26,2025-09-26 02:59,383073786,MarketSupply,0xa60643c90A542A95026C0F1dbdB0615fF42019Cf,0x9e90aec7d768403dacc9dd0d8320307fda3f980eed4df43e3e52168a1c667709,230147827695,230080.6245293131,229448963569114858,,,,,
0x1d462610655206646888f95fabbaef02c6c1e900849198e1ee4a3dd0c4a5b93d,1758855638,2025-09-26,2025-09-26 03:00,383073939,MarketWithdraw,0x4B6F1C9E5d470b97181786b26da0d0945A7cf027,0x9e90aec7d768403dacc9dd0d8320307fda3f980eed4df43e3e52168a1c667709,29469528118,29460.923015789544,29380033472792031,,,,,
0xb77ec110b0a873d3b8b331dba9058c8c9a665fa1c8a47d63a0b6f1793c86c0a6,1758857114,2025-09-26,2025-09-26 03:25,383079871,MarketSupply,0xad6452a9b8F10b0fE084C83c396ABAe96411C761,0x9e90aec7d768403dacc9dd0d8320307fda3f980eed4df43e3e52168a1c667709,100000000000,99970.8,99695280887162115,,,,,
0x782c40cbcf3ade6ebcb3c3f73249a3271e702861c344ab738c6a1b280559e7ae,1758863103,2025-09-26,2025-09-26 05:05,383103897,MarketSupply,0xa60643c90A542A95026C0F1dbdB0615fF42019Cf,0x9e90aec7d768403dacc9dd0d8320307fda3f980eed4df43e3e52168a1c667709,200075962759,199996.93275371016,199458609672179553,,,,,
0x91ce5c6a481f7da46c6a2c2b54ae352fb632ad3c20e2b929e44ea62456d00b3b,1758865198,2025-09-26,2025-09-26 05:39,383112304,MarketWithdraw,0x4B6F1C9E5d470b97181786b26da0d0945A7cf027,0x9e90aec7d768403dacc9dd0d8320307fda3f980eed4df43e3e52168a1c667709,30075971636,30064.091627203776,29982838343191152,,,,,
0x55343cbd1a7da8575848e0b32601ec5678874b6ef71962499f52b6c8c9c471e6,1758870948,2025-09-26,2025-09-26 07:15,383135396,MarketWithdraw,0x4B6F1C9E5d470b97181786b26da0d0945A7cf027,0x9e90aec7d768403dacc9dd0d8320307fda3f980eed4df43e3e52168a1c667709,54999978705,54983.643711324614,54827943774915634,,,,,
0x927ea2a2cdd3c9bb4d2ef331d20a1fbb6cfb08cf019ca14ad97644412aa59595,1758874397,2025-09-26,2025-09-26 08:13,383149246,MarketSupply,0xa60643c90A542A95026C0F1dbdB0615fF42019Cf,0x9e90aec7d768403dacc9dd0d8320307fda3f980eed4df43e3e52168a1c667709,499863921985,499714.9625362485,498290411682326052,,,,,
0x1f845d089437864af62e63f020fe0b7495b1a2401255698a50ac2eb198417e7b,1758876278,2025-09-26,2025-09-26 08:44,383156787,MarketSupply,0xa60643c90A542A95026C0F1dbdB0615fF42019Cf,0x9e90aec7d768403dacc9dd0d8320307fda3f980eed4df43e3e52168a1c667709,70069916194,70049.03535897419,69848940245231302,,,,,
0xaa63b044979b3151bf0f24a2a37ff7853800602ac5d560fae20e6061b6e5d873,1758877913,2025-09-26,2025-09-26 09:11,383163342,MarketWithdraw,0x4B6F1C9E5d470b97181786b26da0d0945A7cf027,0x9e90aec7d768403dacc9dd0d8320307fda3f980eed4df43e3e52168a1c667709,198308352297,198249.85133307238,197682074716209359,,,,,
0x02056efa9c2427ff7ce3947c660f69afadae71284e03b2db75ee38ad017290e5,1758878576,2025-09-26,2025-09-26 09:22,383165997,MarketWithdraw,0x4B6F1C9E5d470b97181786b26da0d0945A7cf027,0x9e90aec7d768403dacc9dd0d8320307fda3f980eed4df43e3e52168a1c667709,15364608116,15360.029462781431,15316047163095870,,,,,
0x680a02030fce49ee3c9ab17670a5a035e807fb4b15fb279152ce626b63712c31,1758883572,2025-09-26,2025-09-26 10:46,383186041,MarketSupply,0xa60643c90A542A95026C0F1dbdB0615fF42019Cf,0x9e90aec7d768403dacc9dd0d8320307fda3f980eed4df43e3e52168a1c667709,400017932104,399899.9268140293,398746023248093795,,,,,
0x351b92c10266b037d2fd1847bbb5ae5398b230f1bb1e91027f29ef02f8b444a8,1758885065,2025-09-26,2025-09-26 11:11,383192000,MarketWithdraw,0x4B6F1C9E5d470b97181786b26da0d0945A7cf027,0x9e90aec7d768403dacc9dd0d8320307fda3f980eed4df43e3e52168a1c667709,361278779086,361136.4352470401,360128972774532647,,,,,
0x9035c6fe893e628b5a5da10b2eb7633d89214f8da493507884dd4c75fa78e8cf,1758894116,2025-09-26,2025-09-26 13:41,383228286,MarketWithdraw,0x4B6F1C9E5d470b97181786b26da0d0945A7cf027,0x9e90aec7d768403dacc9dd0d8320307fda3f980eed4df43e3e52168a1c667709,27088432317,27080.19743357563,27001332593405451,,,,,
0x8bb3b1245c22b44a8e4d7945f7a10c70f0d0fe30c72195c9686a4cf6beedde90,1758896966,2025-09-26,2025-09-26 14:29,383239733,MarketSupply,0x4B6F1C9E5d470b97181786b26da0d0945A7cf027,0x9e90aec7d768403dacc9dd0d8320307fda3f980eed4df43e3e52168a1c667709,122088420919,122052.89318851256,121694546738884840,,,,,
0x26cb0d206e5c91a8e470ddb9793bdad701bad8625d89fb0a32a787cff4b28467,1758898421,2025-09-26,2025-09-26 14:53,383245558,MarketWithdraw,0x4B6F1C9E5d470b97181786b26da0d0945A7cf027,0x9e90aec7d768403dacc9dd0d8320307fda3f980eed4df43e3e52168a1c667709,74999996192,74978.17119310814,74757692722705879,,,,,
0xe0082b6f21767eec1e44c36b728cbe7c4f73d542838a740109aa2ef7f3c430f7,1758903442,2025-09-26,2025-09-26 16:17,383265699,MarketWithdraw,0xad6452a9b8F10b0fE084C83c396ABAe96411C761,0x9e90aec7d768403dacc9dd0d8320307fda3f980eed4df43e3e52168a1c667709,120000000000,119964.72,119610185399499499,,,,,
0xcc4829846addb8171131311d705f5551f85e87c230f8e401f8d40b651463a82b,1758915683,2025-09-26,2025-09-26 19:41,383314758,MarketWithdraw,0x4B6F1C9E5d470b97181786b26da0d0945A7cf027,0x9e90aec7d768403dacc9dd0d8320307fda3f980eed4df43e3e52168a1c667709,40000007304,39988.28730185993,39868017969095770,,,,,
0xc7133afa46b9338b9e1fd6cb74f6213f986fefb17cfaac3b0523dc9f25d8a25d,1758916711,2025-09-26,2025-09-26 19:58,383318876,MarketSupply,0x4B6F1C9E5d470b97181786b26da0d0945A7cf027,0x9e90aec7d768403dacc9dd0d8320307fda3f980eed4df43e3e52168a1c667709,364999998718,364893.0537183756,363793936275928903,,,,,
0xeeb6d86f9831dfc70e75351d75f73c45a42c4009e76004d2c2cad0b5fa7c89d9,1758917313,2025-09-26,2025-09-26 20:08,383321289,MarketWithdraw,0x4B6F1C9E5d470b97181786b26da0d0945A7cf027,0x9e90aec7d768403dacc9dd0d8320307fda3f980eed4df43e3e52168a1c667709,99999988009,99970.68801251336,99669408208578521,,,,,
0xbcdfd3c85266ffcb14ad06bd4b43b6ed5e69d3fcbe887e6f5683c21976188677,1758927256,2025-09-26,2025-09-26 22:54,383361077,MarketWithdraw,0x4B6F1C9E5d470b97181786b26da0d0945A7cf027,0x9e90aec7d768403dacc9dd0d8320307fda3f980eed4df43e3e52168a1c667709,190886253519,190813.1440839022,190249482754005780,,,,,
0x9e92520c3a6c15fad67a7196baf89bf3b3a7ab518dae3b1be527dc36e7a72a5b,1758936503,2025-09-27,2025-09-27 01:28,383398116,MarketWithdraw,0xa60643c90A542A95026C0F1dbdB0615fF42019Cf,0x9e90aec7d768403dacc9dd0d8320307fda3f980eed4df43e3e52168a1c667709,159404884659,159357.70081314095,158867178212780487,,,,,
0xc4c97b52b45c0421ebe23a7b9126c1a268001ba28b60a98440ce836dc7b1edc5,1758937195,2025-09-27,2025-09-27 01:39,383400891,MarketSupply,0x4B6F1C9E5d470b97181786b26da0d0945A7cf027,0x9e90aec7d768403dacc9dd0d8320307fda3f980eed4df43e3e52168a1c667709,275291140021,275209.6538435538,274361583544090137,,,,,
0x52902ba816f930f4499f59c8260201408d56916bf80aac481b1b166b6865a60d,1758940709,2025-09-27,2025-09-27 02:38,383414972,MarketSupply,0x4B6F1C9E5d470b97181786b26da0d0945A7cf027,0x9e90aec7d768403dacc9dd0d8320307fda3f980eed4df43e3e52168a1c667709,271486932892,271406.572759864,270566946794294556,,,,,
0x9c9ef6405b5e9d8ef5ea5a81c47c410b01f75f9f82ff1889cf9f397e3f044244,1758941311,2025-09-27,2025-09-27 02:48,383417384,MarketSupply,0x4B6F1C9E5d470b97181786b26da0d0945A7cf027,0x9e90aec7d768403dacc9dd0d8320307fda3f980eed4df43e3e52168a1c667709,8513067783,8510.547914936233,8484208977965926,,,,,
0x07d08d5171f1af2d0a1d92c34109c07a6e74d7b5f8ad2b956f3eabeddb84ea6a,1758942114,2025-09-27,2025-09-27 03:01,383420606,MarketWithdraw,0xad6452a9b8F10b0fE084C83c396ABAe96411C761,0x9e90aec7d768403dacc9dd0d8320307fda3f980eed4df43e3e52168a1c667709,108334597182,108302.53014123414,107967171255860882,,,,,
0x57408583595020e9555d7199c6599f5b804ecb62a111c78ea8b55faab9cacf75,1758944900,2025-09-27,2025-09-27 03:48,383431766,MarketSupplyCollateral,0x1597E4B7cF6D2877A1d690b6088668afDb045763,0x9e90aec7d768403dacc9dd0d8320307fda3f980eed4df43e3e52168a1c667709,500000000000,,,,,,,
0x871366f0adb670b817eda43ab739b1610f320d6a8bc3b404052386cb1a621c82,1758967989,2025-09-27,2025-09-27 10:13,383524353,MarketSupply,0x4B6F1C9E5d470b97181786b26da0d0945A7cf027,0x9e90aec7d768403dacc9dd0d8320307fda3f980eed4df43e3e52168a1c667709,23334581964,23325.738157435644,23253892723085375,,,,,
0x328071336036b7328a08a76794a0d02e11a6d6cf0038f01be0fb32a72dcd0781,1758981341,2025-09-27,2025-09-27 13:55,383577923,MarketWithdraw,0x4B6F1C9E5d470b97181786b26da0d0945A7cf027,0x9e90aec7d768403dacc9dd0d8320307fda3f980eed4df43e3e52168a1c667709,34669178859,34655.3111874564,34548159261142135,,,,,
0xf8265639804078990ccdcd15df77f8e8d34913c492115df2225201e31e52d6aa,1758990050,2025-09-27,2025-09-27 16:20,383612878,MarketBorrow,0x1597E4B7cF6D2877A1d690b6088668afDb045763,0x9e90aec7d768403dacc9dd0d8320307fda3f980eed4df43e3e52168a1c667709,200000000000,199916.6,199262566982102395,,,,,
0xf96dc0e9ddc68d0ca7a084ed7763943e307a5e66259aefe292ebd1512b53cdb6,1758990080,2025-09-27,2025-09-27 16:21,383612997,MarketWithdrawCollateral,0x1597E4B7cF6D2877A1d690b6088668afDb045763,0x9e90aec7d768403dacc9dd0d8320307fda3f980eed4df43e3e52168a1c667709,500000000000,,,,,,,
0x5948ab343db32f515e3155481e12cef1f78e7fb38047732b9760ea9850eaa0f3,1758994214,2025-09-27,2025-09-27 17:30,383629565,MarketSupply,0x4B6F1C9E5d470b97181786b26da0d0945A7cf027,0x9e90aec7d768403dacc9dd0d8320307fda3f980eed4df43e3e52168a1c667709,184669179740,184592.17269204842,184017438281492884,,,,,
0xf99d3e2ad273fe4fe1a222e6add1ebdf0c498a6227bc0a86db2117654b2a70b0,1758995912,2025-09-27,2025-09-27 17:58,383636379,MarketWithdraw,0x4B6F1C9E5d470b97181786b26da0d0945A7cf027,0x9e90aec7d768403dacc9dd0d8320307fda3f980eed4df43e3e52168a1c667709,13432838629,13427.237135291707,13385366813861273,,,,,
0xa1405bfc5b5ed8a03389941c5fa154b1e9a7e4d68c2a6f1124e25c42f8271544,1758996514,2025-09-27,2025-09-27 18:08,383638801,MarketSupply,0x4B6F1C9E5d470b97181786b26da0d0945A7cf027,0x9e90aec7d768403dacc9dd0d8320307fda3f980eed4df43e3e52168a1c667709,3432845119,3431.413622585377,3420707452176995,,,,,
0x015456ece73a37de607f41c158608f4ecab87a0804891e73730c08c529bdbe9e,1759002780,2025-09-27,2025-09-27 19:53,383663904,MarketWithdraw,0x4B6F1C9E5d470b97181786b26da0d0945A7cf027,0x9e90aec7d768403dacc9dd0d8320307fda3f980eed4df43e3e52168a1c667709,515641981662,515465.11646228994,513809548831427428,,,,,
0x72f318e2c58d094e4e36076cdf05c6d26613ffb760c1386a4f54def86ff17d8d,1759003563,2025-09-27,2025-09-27 20:06,383667036,MarketWithdraw,0x4B6F1C9E5d470b97181786b26da0d0945A7cf027,0x9e90aec7d768403dacc9dd0d8320307fda3f980eed4df43e3e52168a1c667709,1315425416,1314.9742250823122,1310744952707749,,,,,
0x4a33723402a7dab21c63e8b5bdc4054b8decd16fa0d7528ea1285222ae39c719,1759004165,2025-09-27,2025-09-27 20:16,383669448,MarketSupply,0x4B6F1C9E5d470b97181786b26da0d0945A7cf027,0x9e90aec7d768403dacc9dd0d8320307fda3f980eed4df43e3e52168a1c667709,76957410319,76928.55129013037,76683321856767530,,,,,
0x2bfc6989b9d83e582c5498a2dd0764ac87c3d31443b494280697d86496126680,1759009367,2025-09-27,2025-09-27 21:42,383690271,MarketWithdraw,0x4B6F1C9E5d470b97181786b26da0d0945A7cf027,0x9e90aec7d768403dacc9dd0d8320307fda3f980eed4df43e3e52168a1c667709,9999998722,9996.118722495863,9964110115889742,,,,,
0x43d5ef98639a6bc9857794cb2b8b7efaed92248789fb3f83ea9abe9498f6b299,1759010574,2025-09-27,2025-09-27 22:02,383695108,MarketWithdraw,0x4B6F1C9E5d470b97181786b26da0d0945A7cf027,0x9e90aec7d768403dacc9dd0d8320307fda3f980eed4df43e3e52168a1c667709,50000021378,49980.62136970533,49820257253951358,,,,,
0x216eae0b43b594d1c26e1dcc2d1f2a66ad79504c1ea7af374f1b6791833c8d17,1759011175,2025-09-27,2025-09-27 22:12,383697517,MarketWithdraw,0x4B6F1C9E5d470b97181786b26da0d0945A7cf027,0x9e90aec7d768403dacc9dd0d8320307fda3f980eed4df43e3e52168a1c667709,12577927491,12573.047255133491,12532663850297848,,,,,
0xc045ac7f2dd2e8e1ecb150957bf3c6e9acba5f3e31e56fa10b8d8cde114ad36e,1759011777,2025-09-27,2025-09-27 22:22,383699941,MarketWithdraw,0x4B6F1C9E5d470b97181786b26da0d0945A7cf027,0x9e90aec7d768403dacc9dd0d8320307fda3f980eed4df43e3e52168a1c667709,32620528820,32607.87205481784,32503026922233051,,,,,
0x409149a8144081a7c322d9a244aaf38031c9a7dcbcf541d8bc103f7a820e661c,1759012378,2025-09-27,2025-09-27 22:32,383702349,MarketWithdraw,0x4B6F1C9E5d470b97181786b26da0d0945A7cf027,0x9e90aec7d768403dacc9dd0d8320307fda3f980eed4df43e3e52168a1c667709,9801524227,9797.721235599924,9766183598218965,,,,,
0x12a13ec4a6aaf21b135f61b50bf7afc4ab55b8bf429a9bb5ed2533246479e1e9,1759014129,2025-09-27,2025-09-27 23:02,383709367,MarketWithdraw,0x4B6F1C9E5d470b97181786b26da0d0945A7cf027,0x9e90aec7d768403dacc9dd0d8320307fda3f980eed4df43e3e52168a1c667709,10000000208,9996.140207919712,9963839626121116,,,,,
0x442e2c96d01ef9db60484a0d05e65239cd22653820560b6a1dcd42ebbfdf2d7c,1759015517,2025-09-27,2025-09-27 23:25,383714927,MarketSupply,0x4B6F1C9E5d470b97181786b26da0d0945A7cf027,0x9e90aec7d768403dacc9dd0d8320307fda3f980eed4df43e3e52168a1c667709,54999976488,54978.746497075634,54800633275645588,,,,,
0x87aeb447ccfe46da0dbe1e42e210d220d34ad36c461d9bdb939bbbff35a7949d,1759016966,2025-09-27,2025-09-27 23:49,383720742,MarketSupply,0x4B6F1C9E5d470b97181786b26da0d0945A7cf027,0x9e90aec7d768403dacc9dd0d8320307fda3f980eed4df43e3e52168a1c667709,76600532003,76570.96419764684,76322266259424675,,,,,
0xa911aa34fc2ecbf191009500d89712606cfa88963d7a123952645e019a742e98,1759020170,2025-09-28,2025-09-28 00:42,383733589,MarketWithdraw,0x4B6F1C9E5d470b97181786b26da0d0945A7cf027,0x9e90aec7d768403dacc9dd0d8320307fda3f980eed4df43e3e52168a1c667709,36089550273,36075.619706594625,35957840012715236,,,,,
0x07c6091a861353961ee7726ce872fbf63c5b25935ef057bc5980eab9408b9c3c,1759022889,2025-09-28,2025-09-28 01:28,383744485,MarketSupply,0x4B6F1C9E5d470b97181786b26da0d0945A7cf027,0x9e90aec7d768403dacc9dd0d8320307fda3f980eed4df43e3e52168a1c667709,1424489021393,1423940.5931197638,1419269050212505250,,,,,
0x1a52ee93f1ed35087d060b4ad7f6d5e00ab313de3b7cb86d47fa997508df80bc,1759023491,2025-09-28,2025-09-28 01:38,383746893,MarketWithdraw,0x4B6F1C9E5d470b97181786b26da0d0945A7cf027,0x9e90aec7d768403dacc9dd0d8320307fda3f980eed4df43e3e52168a1c667709,334999976779,334871.0017879401,333772006359061134,,,,,
0xa75e4e7ce1dbc9f86927f0d4f0d06b672f5d8d3e14b9afabe362aedf581b7630,1759024094,2025-09-28,2025-09-28 01:48,383749305,MarketWithdraw,0x4B6F1C9E5d470b97181786b26da0d0945A7cf027,0x9e90aec7d768403dacc9dd0d8320307fda3f980eed4df43e3e52168a1c667709,464999999619,464820.9746191467,463294951520372132,,,,,
0x40eddf7b95402c268c59a205362cb32f32edf3a8ec8c726c8b6c90e9c1856b24,1759024756,2025-09-28,2025-09-28 01:59,383751959,MarketWithdraw,0x4B6F1C9E5d470b97181786b26da0d0945A7cf027,0x9e90aec7d768403dacc9dd0d8320307fda3f980eed4df43e3e52168a1c667709,49999999786,49980.74978608239,49816590301541982,,,,,
0xf012c4597f211d571be68f3acfddab08f1bc891a2d30cdffe5d93f05e9abdf9b,1759025419,2025-09-28,2025-09-28 02:10,383754607,MarketWithdraw,0x4B6F1C9E5d470b97181786b26da0d0945A7cf027,0x9e90aec7d768403dacc9dd0d8320307fda3f980eed4df43e3e52168a1c667709,64561776640,64536.9203559936,64324849579734654,,,,,
0x3f4973e633bbdf52b271636f3040616186cba24b7ae0840a51c4e2c820804085,1759025795,2025-09-28,2025-09-28 02:16,383756112,MarketWithdraw,0xa60643c90A542A95026C0F1dbdB0615fF42019Cf,0x9e90aec7d768403dacc9dd0d8320307fda3f980eed4df43e3e52168a1c667709,153657801487,153598.6432334275,153093755767316776,,,,,
0x2331a8c283edb9d65a9039ff60cce4145be643a4b17500c7de6918b2d0b04211,1759026022,2025-09-28,2025-09-28 02:20,383757022,MarketSupply,0x4B6F1C9E5d470b97181786b26da0d0945A7cf027,0x9e90aec7d768403dacc9dd0d8320307fda3f980eed4df43e3e52168a1c667709,103219550856,103179.81132892045,102840571454570214,,,,,
0x62bbcb5c1a2570f689fd3cc0f6fb97a99e4bead219bf26e9cc58670823fffbd6,1759026369,2025-09-28,2025-09-28 02:26,383758416,MarketWithdraw,0xa60643c90A542A95026C0F1dbdB0615fF42019Cf,0x9e90aec7d768403dacc9dd0d8320307fda3f980eed4df43e3e52168a1c667709,123125687344,123078.28395437257,122673494235684650,,,,,
0x9675904febf5f10bfe5c019c883ac8e361a086b16e30130838318b4fa82a94a7,1759028087,2025-09-28,2025-09-28 02:54,383765290,MarketWithdraw,0x4B6F1C9E5d470b97181786b26da0d0945A7cf027,0x9e90aec7d768403dacc9dd0d8320307fda3f980eed4df43e3e52168a1c667709,81874298717,81842.77711199396,81573098915426367,,,,,
0xdf2cbcfd86d15fbd28745509074181edeff43aa6d9de0e56c8f771fa90a072e8,1759029901,2025-09-28,2025-09-28 03:25,383772550,MarketWithdraw,0x4B6F1C9E5d470b97181786b26da0d0945A7cf027,0x9e90aec7d768403dacc9dd0d8320307fda3f980eed4df43e3e52168a1c667709,50000003398,49980.153396650996,49815695795974301,,,,,
0x4b878988718fd7cf2f88851403c8550314af318cfc627ddfb6f4e0709da3d7b5,1759034740,2025-09-28,2025-09-28 04:45,383791916,MarketSupply,0xa60643c90A542A95026C0F1dbdB0615fF42019Cf,0x9e90aec7d768403dacc9dd0d8320307fda3f980eed4df43e3e52168a1c667709,119845789277,119798.21049865703,119401507940663437,,,,,
0x2949b94cb593821e3484db5ca83f631880aa9aaeeec68a4c4d54694b616280a2,1759034745,2025-09-28,2025-09-28 04:45,383791934,MarketWithdraw,0x4B6F1C9E5d470b97181786b26da0d0945A7cf027,0x9e90aec7d768403dacc9dd0d8320307fda3f980eed4df43e3e52168a1c667709,99042468213,99003.14835311944,98675305219919726,,,,,
0x27b0d23c647d7fb1f7cbe83bb3fc61251fe1bbc8846f5041e4373a671e58b845,1759035750,2025-09-28,2025-09-28 05:02,383795955,MarketRepay,0x1597E4B7cF6D2877A1d690b6088668afDb045763,0x9e90aec7d768403dacc9dd0d8320307fda3f980eed4df43e3e52168a1c667709,100000000000,99967.2,99610182826347482,,,,,
0x2fdefb2841263728dcdd8f3e0dfea2790189192893d54b5d873eb97113f1ae50,1759041233,2025-09-28,2025-09-28 06:33,383817896,MarketSupply,0x4B6F1C9E5d470b97181786b26da0d0945A7cf027,0x9e90aec7d768403dacc9dd0d8320307fda3f980eed4df43e3e52168a1c667709,255953159547,255869.20691066858,254998116706655766,,,,,
0xd7122ac59654de7902695b13d36f2182be5bfa27cf1cee4850f94a24b92d550f,1759044168,2025-09-28,2025-09-28 07:22,383829648,MarketSupply,0x4B6F1C9E5d470b97181786b26da0d0945A7cf027,0x9e90aec7d768403dacc9dd0d8320307fda3f980eed4df43e3e52168a1c667709,273243523787,273162.3704604352,272222105957573521,,,,,
0x9b98254cd3fb9fc6197d84ad436b68667d1c27ed1bcd05033b709558adbb05a8,1759046546,2025-09-28,2025-09-28 08:02,383839164,MarketWithdraw,0x4B6F1C9E5d470b97181786b26da0d0945A7cf027,0x9e90aec7d768403dacc9dd0d8320307fda3f980eed4df43e3e52168a1c667709,282724832981,282640.8637056047,281666599274673991,,,,,
0xcf1fa64ae68bacfe98949be295e886fee5b114ddc29e797ca578f297ef6e233b,1759051914,2025-09-28,2025-09-28 09:31,383860654,MarketWithdraw,0x4B6F1C9E5d470b97181786b26da0d0945A7cf027,0x9e90aec7d768403dacc9dd0d8320307fda3f980eed4df43e3e52168a1c667709,62275156744,62255.10414352843,62041271162327180,,,,,
0x333bdb178ee41f3ff1e9523c32bc49477f3f0a741e8bbe75949b0c10ef3eec17,1759063261,2025-09-28,2025-09-28 12:41,383906083,MarketSupply,0x4B6F1C9E5d470b97181786b26da0d0945A7cf027,0x9e90aec7d768403dacc9dd0d8320307fda3f980eed4df43e3e52168a1c667709,29999997420,29991.32742074562,29886414288460352,,,,,
0xfdd7af98cf315c99dacc43f5e72c0c3edebca27835fc791ecd1708c639d97111,1759065934,2025-09-28,2025-09-28 13:25,383916794,MarketWithdraw,0x4B6F1C9E5d470b97181786b26da0d0945A7cf027,0x9e90aec7d768403dacc9dd0d8320307fda3f980eed4df43e3e52168a1c667709,34999998785,34989.883785351136,34867248246337414,,,,,
0xd6ff14b4dfa346464f80444f19470477017caa4ed7d40c3b932e5993ef093e74,1759068972,2025-09-28,2025-09-28 14:16,383928953,MarketWithdraw,0x4B6F1C9E5d470b97181786b26da0d0945A7cf027,0x9e90aec7d768403dacc9dd0d8320307fda3f980eed4df43e3e52168a1c667709,8090570475,8087.3666090919005,8059817355974373,,,,,
0xfdc4a3768a5c58197bb4dbd4d23b0fe47a40774beb5f77f58c8505cd812d1716,1759078841,2025-09-28,2025-09-28 17:00,383968509,MarketWithdraw,0x4B6F1C9E5d470b97181786b26da0d0945A7cf027,0x9e90aec7d768403dacc9dd0d8320307fda3f980eed4df43e3e52168a1c667709,2096495729,2095.709543101625,2088469740818636,,,,,
0x697f436faffef08086ed08fcaa22c447b49787c960eb4611366f1eee0bb5fa7a,1759079626,2025-09-28,2025-09-28 17:13,383971651,MarketWithdraw,0x4B6F1C9E5d470b97181786b26da0d0945A7cf027,0x9e90aec7d768403dacc9dd0d8320307fda3f980eed4df43e3e52168a1c667709,14812935691,14808.63993964961,14756195337793091,,,,,
0x69a2d0e8d2b5f2251f0fac697cbddef796b63e2a8d3d2ddee630e8d1b5881a6e,1759080228,2025-09-28,2025-09-28 17:23,383974066,MarketWithdraw,0x4B6F1C9E5d470b97181786b26da0d0945A7cf027,0x9e90aec7d768403dacc9dd0d8320307fda3f980eed4df43e3e52168a1c667709,14878523496,14872.944049689,14821506441135679,,,,,
0xe86e3b8b39dc142a330910533072d05fa1c1c6c1496b5fc4ab927c0d84ba98b7,1759080891,2025-09-28,2025-09-28 17:34,383976723,MarketSupply,0x4B6F1C9E5d470b97181786b26da0d0945A7cf027,0x9e90aec7d768403dacc9dd0d8320307fda3f980eed4df43e3e52168a1c667709,10737266008,10733.239533247,10696098169985499,,,,,
0x78b47beaad6e3af38b4c394ef384243b4e7a202fd606583446b88ebad401f3e3,1759088650,2025-09-28,2025-09-28 19:44,384007787,MarketWithdraw,0x4B6F1C9E5d470b97181786b26da0d0945A7cf027,0x9e90aec7d768403dacc9dd0d8320307fda3f980eed4df43e3e52168a1c667709,160604905405,160543.07251641908,159985555627320317,,,,,
0xc6e55c3da98e85c41a6fb2d32d538e7cbaa3fdc531ae7b9ae9aa9d4c2a453612,1759089252,2025-09-28,2025-09-28 19:54,384010197,MarketWithdraw,0x4B6F1C9E5d470b97181786b26da0d0945A7cf027,0x9e90aec7d768403dacc9dd0d8320307fda3f980eed4df43e3e52168a1c667709,110253844386,110211.39665591139,109828419259580103,,,,,
0xf075f2b0b0f279f41e98a780f8815a24e51c000837f617e9185c751c8fc6969d,1759090519,2025-09-28,2025-09-28 20:15,384015262,MarketWithdraw,0x4B6F1C9E5d470b97181786b26da0d0945A7cf027,0x9e90aec7d768403dacc9dd0d8320307fda3f980eed4df43e3e52168a1c667709,84711664985,84679.05099398077,84384331627238053,,,,,
0x2efaf932adc15a7e61f9e7aed06209ea1bbd5338529cefa6d502fe2d0c5e2f40,1759091120,2025-09-28,2025-09-28 20:25,384017666,MarketWithdraw,0x4B6F1C9E5d470b97181786b26da0d0945A7cf027,0x9e90aec7d768403dacc9dd0d8320307fda3f980eed4df43e3e52168a1c667709,310288322709,310168.86170475703,309088441998330909,,,,,
0x788ef3afaa04b2c3d7d68d420f37e4a4731542f13357382e28966e96f34d9f29,1759093833,2025-09-28,2025-09-28 21:10,384028516,MarketSupply,0x4B6F1C9E5d470b97181786b26da0d0945A7cf027,0x9e90aec7d768403dacc9dd0d8320307fda3f980eed4df43e3e52168a1c667709,24999968338,24990.34335018987,24902837153533117,,,,,
0x671e0a6d2fd3da95c53d53a22269a4b96d4a7209256c4de01b3e1a947c41500c,1759098058,2025-09-28,2025-09-28 22:20,384045416,MarketSupply,0x4B6F1C9E5d470b97181786b26da0d0945A7cf027,0x9e90aec7d768403dacc9dd0d8320307fda3f980eed4df43e3e52168a1c667709,75000000688,74966.47568769247,74706517003605240,,,,,
0xc0c2295edd9b3225e1c0c95dae7d15357b463521ff881d5616373b50b0d3a141,1759103799,2025-09-28,2025-09-28 23:56,384068413,MarketSupply,0x4B6F1C9E5d470b97181786b26da0d0945A7cf027,0x9e90aec7d768403dacc9dd0d8320307fda3f980eed4df43e3e52168a1c667709,55000026721,54975.44170905572,54782864149969203,,,,,
0x64ff4e930a1cf058628bb92189a62b9293b5388b40da4523349fa65c9e7dce8b,1759106457,2025-09-29,2025-09-29 00:40,384079066,MarketRepay,0x1597E4B7cF6D2877A1d690b6088668afDb045763,0x9e90aec7d768403dacc9dd0d8320307fda3f980eed4df43e3e52168a1c667709,100000000000,99965,99583003556781231,,,,,
0xd10b5991b16e467bd25cdc1a93c0acc139ab2b6abb18d98b7b4f175b41e6bdf3,1759110087,2025-09-29,2025-09-29 01:41,384093610,MarketWithdraw,0x4B6F1C9E5d470b97181786b26da0d0945A7cf027,0x9e90aec7d768403dacc9dd0d8320307fda3f980eed4df43e3e52168a1c667709,24999996495,24990.34649635293,24900428040760947,,,,,
0x9f6a06cd137a6e6487819bb6cae7624a576fdd4cee364957fe0fe4d3bf93a409,1759110931,2025-09-29,2025-09-29 01:55,384096986,MarketSupply,0x4B6F1C9E5d470b97181786b26da0d0945A7cf027,0x9e90aec7d768403dacc9dd0d8320307fda3f980eed4df43e3e52168a1c667709,217377358408,217293.4507476545,216510619283650709,,,,,
0x93a913a17e6adb6a7314034edc03f6b02e9eec2da65734c6fc89c103d03e2ba7,1759111533,2025-09-29,2025-09-29 02:05,384099395,MarketWithdraw,0x4B6F1C9E5d470b97181786b26da0d0945A7cf027,0x9e90aec7d768403dacc9dd0d8320307fda3f980eed4df43e3e52168a1c667709,128081280416,128031.84104175941,127570273658645409,,,,,
0xfa3b316931e15cc2e4924111f28ececec26a974f52e9a7daa580372ce4ad41f7,1759112135,2025-09-29,2025-09-29 02:15,384101800,MarketSupply,0x4B6F1C9E5d470b97181786b26da0d0945A7cf027,0x9e90aec7d768403dacc9dd0d8320307fda3f980eed4df43e3e52168a1c667709,26535805461,26525.562640092056,26429858420017262,,,,,
0x00845c2a8980c304aebc85f5d3b1b838e4f934bcfad62347127c28b358a00acf,1759113125,2025-09-29,2025-09-29 02:32,384105764,MarketSupply,0xa60643c90A542A95026C0F1dbdB0615fF42019Cf,0x9e90aec7d768403dacc9dd0d8320307fda3f980eed4df43e3e52168a1c667709,169965456355,169899.84968884697,169286066520650815,,,,,
0x5b16824c74bb9322bbaa7e74b711999a6e1db4623bdf01c6f4dd290a11461476,1759113258,2025-09-29,2025-09-29 02:34,384106297,MarketSupply,0x4B6F1C9E5d470b97181786b26da0d0945A7cf027,0x9e90aec7d768403dacc9dd0d8320307fda3f980eed4df43e3e52168a1c667709,89202650816,89168.21859278502,88846044140835930,,,,,
0xc840a3255e5627b3322c632ce24e45b3c93f17bf29e3b9b586ce7a0ee3a5a73d,1759115449,2025-09-29,2025-09-29 03:10,384115070,MarketSupply,0x4B6F1C9E5d470b97181786b26da0d0945A7cf027,0x9e90aec7d768403dacc9dd0d8320307fda3f980eed4df43e3e52168a1c667709,70000003401,69971.23339960218,69719672277037377,,,,,
0xf65def0822c807f87b615e7d01cf96b95c9eff8b1c4f59dd5c17a7f6b0e40cc4,1759118250,2025-09-29,2025-09-29 03:57,384126282,MarketWithdraw,0x4B6F1C9E5d470b97181786b26da0d0945A7cf027,0x9e90aec7d768403dacc9dd0d8320307fda3f980eed4df43e3e52168a1c667709,2806304221,2805.1508299651687,2795043487726989,,,,,
0x42c1101ac6d7155d8a7dc8b021d79f184b006026a9383c675c388529929a0055,1759118852,2025-09-29,2025-09-29 04:07,384128690,MarketWithdraw,0x4B6F1C9E5d470b97181786b26da0d0945A7cf027,0x9e90aec7d768403dacc9dd0d8320307fda3f980eed4df43e3e52168a1c667709,7193681136,7190.724533053104,7164803047121229,,,,,
0x702d960e91857f7a38d8f0021fe738fa35c2a2fadb7ab90609a2307826a1c6a4,1759120182,2025-09-29,2025-09-29 04:29,384134010,MarketSupply,0x4B6F1C9E5d470b97181786b26da0d0945A7cf027,0x9e90aec7d768403dacc9dd0d8320307fda3f980eed4df43e3e52168a1c667709,29999987668,29987.657673068454,29879441590462961,,,,,
0x2d52d1aba8d4ba7b01c70db0b63e3da165bb20595575897ee216b31449727a25,1759122970,2025-09-29,2025-09-29 05:16,384145165,MarketWithdraw,0x4B6F1C9E5d470b97181786b26da0d0945A7cf027,0x9e90aec7d768403dacc9dd0d8320307fda3f980eed4df43e3e52168a1c667709,239999998835,239929.91883534018,239033805621398339,,,,,
0xa3feb02b495645076dc7199829e54401bc127d865a1af35b8a7ea7545eef0eb0,1759124361,2025-09-29,2025-09-29 05:39,384150740,MarketSupply,0x4B6F1C9E5d470b97181786b26da0d0945A7cf027,0x9e90aec7d768403dacc9dd0d8320307fda3f980eed4df43e3e52168a1c667709,284999974522,284916.7545294396,283851018390475273,,,,,
0xcde8d783b3228d7817bc3453a8c6b91a624763f60f0911afd34cf73bac6ae99e,1759125522,2025-09-29,2025-09-29 05:58,384155393,MarketSupply,0x4B6F1C9E5d470b97181786b26da0d0945A7cf027,0x9e90aec7d768403dacc9dd0d8320307fda3f980eed4df43e3e52168a1c667709,715000277825,714791.4977438751,712115737497825638,,,,,
0xe51888fda15746c622523b27053f2f9dfcee7a669882f38bb83fcf2a6613804a,1759126126,2025-09-29,2025-09-29 06:08,384157808,MarketWithdraw,0x4B6F1C9E5d470b97181786b26da0d0945A7cf027,0x9e90aec7d768403dacc9dd0d8320307fda3f980eed4df43e3e52168a1c667709,29735416333,29726.733591430766,29615418583187008,,,,,
0x2f3b2661034d9ce60fff5856e8b4c48f5e0796e44e54e39ed85b9c0031302a57,1759129952,2025-09-29,2025-09-29 07:12,384173125,MarketSupply,0x4B6F1C9E5d470b97181786b26da0d0945A7cf027,0x9e90aec7d768403dacc9dd0d8320307fda3f980eed4df43e3e52168a1c667709,119735167373,119687.2733060508,119251063901633621,,,,,
0x857df4cb596b1dc08813c6c9305e630e266c263ae2a43d0cb378d2eef714a94e,1759130554,2025-09-29,2025-09-29 07:22,384175530,MarketWithdraw,0x4B6F1C9E5d470b97181786b26da0d0945A7cf027,0x9e90aec7d768403dacc9dd0d8320307fda3f980eed4df43e3e52168a1c667709,740000000146,739704.0001459416,737007221855810493,,,,,
0x222c441daaf52f4cd48410f545f348ff72f98d53b2f6323ee0ea8eb288729265,1759131158,2025-09-29,2025-09-29 07:32,384177949,MarketSupply,0x4B6F1C9E5d470b97181786b26da0d0945A7cf027,0x9e90aec7d768403dacc9dd0d8320307fda3f980eed4df43e3e52168a1c667709,1609999982072,1609355.982079171,1603486557442753781,,,,,
0xbd115c6d12658d0f8af40ba6d4008ebc3ca243a56a2cdbf2316c5b4d07952d26,1759131760,2025-09-29,2025-09-29 07:42,384180357,MarketSupply,0x4B6F1C9E5d470b97181786b26da0d0945A7cf027,0x9e90aec7d768403dacc9dd0d8320307fda3f980eed4df43e3e52168a1c667709,500000017048,499800.0170411808,497976689765862664,,,,,
0xcc1c200abb212f6976bb120a6248444763ad99ea221aaaccba641e3aa90e592b,1759132362,2025-09-29,2025-09-29 07:52,384182772,MarketWithdraw,0x4B6F1C9E5d470b97181786b26da0d0945A7cf027,0x9e90aec7d768403dacc9dd0d8320307fda3f980eed4df43e3e52168a1c667709,1030000000384,1029588.0003838465,1025830931130858445,,,,,
0xe7619af25138375f03447b347b7a17024a4507b8a3cad9cb91853eddaff5bf23,1759135721,2025-09-29,2025-09-29 08:48,384196217,MarketWithdraw,0x4B6F1C9E5d470b97181786b26da0d0945A7cf027,0x9e90aec7d768403dacc9dd0d8320307fda3f980eed4df43e3e52168a1c667709,499999999103,499799.99910335883,497973045361514201,,,,,
0x993ca41cd8c55e31a24024b6dbad8de013788a717b90d4fa34cdfc71a510f907,1759137420,2025-09-29,2025-09-29 09:17,384203022,MarketSupplyCollateral,0x1597E4B7cF6D2877A1d690b6088668afDb045763,0x9e90aec7d768403dacc9dd0d8320307fda3f980eed4df43e3e52168a1c667709,2000000000000,,,,,,,
0x993ca41cd8c55e31a24024b6dbad8de013788a717b90d4fa34cdfc71a510f907,1759137420,2025-09-29,2025-09-29 09:17,384203022,MarketBorrow,0x1597E4B7cF6D2877A1d690b6088668afDb045763,0x9e90aec7d768403dacc9dd0d8320307fda3f980eed4df43e3e52168a1c667709,500000000000,499808,497863351525255735,,,,,
0x5ba0f5679652bf04a3dae045ec7795f148c8ae485c8a213b948f40778ab4e414,1759138033,2025-09-29,2025-09-29 09:27,384205475,MarketSupply,0x4B6F1C9E5d470b97181786b26da0d0945A7cf027,0x9e90aec7d768403dacc9dd0d8320307fda3f980eed4df43e3e52168a1c667709,159999998953,159938.55895340204,159350619218205871,,,,,
0x6f346ae9bb5cb95eb55adff499db22a80b0c0bd45aaf2cc3dbd9e086cc25abff,1759139431,2025-09-29,2025-09-29 09:50,384211068,MarketWithdraw,0xa60643c90A542A95026C0F1dbdB0615fF42019Cf,0x9e90aec7d768403dacc9dd0d8320307fda3f980eed4df43e3e52168a1c667709,584206238002,583981.9028066072,581833439109215041,,,,,
0x92a8c2e4af2411c0105a2da1c978ddeb541b71b307fbc826afd0d59dd9b6f0cc,1759139490,2025-09-29,2025-09-29 09:51,384211302,MarketSupply,0x4B6F1C9E5d470b97181786b26da0d0945A7cf027,0x9e90aec7d768403dacc9dd0d8320307fda3f980eed4df43e3e52168a1c667709,399204287134,399050.9926877405,397582788584672274,,,,,
0xae05b639781ffacaae5f8b3a61e8dbff86f122e8e66babd91e108116be725ad2,1759140520,2025-09-29,2025-09-29 10:08,384215428,MarketSupply,0x4B6F1C9E5d470b97181786b26da0d0945A7cf027,0x9e90aec7d768403dacc9dd0d8320307fda3f980eed4df43e3e52168a1c667709,585001936411,584777.2956674182,582624453754046723,,,,,
0x99752850e92e874c5991349fb21f4d1421811552e0f2131582944b29ce2e03ef,1759143453,2025-09-29,2025-09-29 10:57,384227195,MarketWithdraw,0x4B6F1C9E5d470b97181786b26da0d0945A7cf027,0x9e90aec7d768403dacc9dd0d8320307fda3f980eed4df43e3e52168a1c667709,420000000778,419838.72077770124,418290629845499535,,,,,
0x069763b770682f49ffc58739c0e6a9a141c4a1927f0432c7ab5242bbaf7e7b57,1759144391,2025-09-29,2025-09-29 11:13,384230964,MarketWithdraw,0xa60643c90A542A95026C0F1dbdB0615fF42019Cf,0x9e90aec7d768403dacc9dd0d8320307fda3f980eed4df43e3e52168a1c667709,457980872178,457846.68378245184,456116011670594171,,,,,
0x9468e07c6773ff04507c7ac6b6996a2c13e50fc04adc6a30e452f1519c480336,1759144422,2025-09-29,2025-09-29 11:13,384231087,MarketSupply,0x4B6F1C9E5d470b97181786b26da0d0945A7cf027,0x9e90aec7d768403dacc9dd0d8320307fda3f980eed4df43e3e52168a1c667709,293965962934,293879.83090686036,292768924441188278,,,,,
0xe7a449fc907f37ec24daf977ba16778e41b7bbd758711924a6bcc1991b278ee1,1759144904,2025-09-29,2025-09-29 11:21,384233016,MarketWithdraw,0xa60643c90A542A95026C0F1dbdB0615fF42019Cf,0x9e90aec7d768403dacc9dd0d8320307fda3f980eed4df43e3e52168a1c667709,306074584500,305984.9046467415,304827919610550025,,,,,
0x7127987709c51877eb0c7977084510dccbfec677926a838e3e902dc82c1da499,1759145025,2025-09-29,2025-09-29 11:23,384233508,MarketSupply,0x4B6F1C9E5d470b97181786b26da0d0945A7cf027,0x9e90aec7d768403dacc9dd0d8320307fda3f980eed4df43e3e52168a1c667709,256977877218,256902.58269997514,255931071537772919,,,,,
0xcb79ee2a0c777e8e2dccc8d89239587d70417abec80dc9069543d6a79d8eb14b,1759145627,2025-09-29,2025-09-29 11:33,384235919,MarketWithdraw,0x4B6F1C9E5d470b97181786b26da0d0945A7cf027,0x9e90aec7d768403dacc9dd0d8320307fda3f980eed4df43e3e52168a1c667709,126888376704,126851.19840962572,126371310797739803,,,,,
0x4f499e53e3ba995d9efefe6557fecdc02d4460b83f63be584aec5a7ad9fb03b9,1759146474,2025-09-29,2025-09-29 11:47,384239311,MarketSupply,0x4B6F1C9E5d470b97181786b26da0d0945A7cf027,0x9e90aec7d768403dacc9dd0d8320307fda3f980eed4df43e3e52168a1c667709,114999974333,114966.27934052044,114531057930520195,,,,,
0x16f10d6ffe68f69aff53dc32af03d0f67967d2d42b85a3ca2d215b24e1baf24c,1759147140,2025-09-29,2025-09-29 11:59,384241978,MarketSupply,0x4B6F1C9E5d470b97181786b26da0d0945A7cf027,0x9e90aec7d768403dacc9dd0d8320307fda3f980eed4df43e3e52168a1c667709,59999979196,59982.39920209557,59755229101068635,,,,,
0x013951a2e2c9e8a5511ddf0ff429a8b2c1c6cc3176d7635a62d723b35d53441c,1759181659,2025-09-29,2025-09-29 21:34,384380253,MarketWithdraw,0x4B6F1C9E5d470b97181786b26da0d0945A7cf027,0x9e90aec7d768403dacc9dd0d8320307fda3f980eed4df43e3e52168a1c667709,14999950904,14994.655921330886,14937641013597660,,,,,
0x7ece934653264636108ef17329644446e5da9daf5c7b79d9e1655ff0acaf2e24,1759182260,2025-09-29,2025-09-29 21:44,384382660,MarketWithdraw,0x4B6F1C9E5d470b97181786b26da0d0945A7cf027,0x9e90aec7d768403dacc9dd0d8320307fda3f980eed4df43e3e52168a1c667709,14999986772,14994.691776669484,14937656587424128,,,,,
0x567d6d5cddb4896e8c1b869112999116c6bdbdeac86fd760b6ce0636599a4061,1759182862,2025-09-29,2025-09-29 21:54,384385066,MarketWithdraw,0x4B6F1C9E5d470b97181786b26da0d0945A7cf027,0x9e90aec7d768403dacc9dd0d8320307fda3f980eed4df43e3e52168a1c667709,125000014847,124955.889841759,124480422460718153,,,,,
0xb4086d5ad1a307100eb4d761169485f643026657e1c8915f5ddac5f6a4a17722,1759191428,2025-09-30,2025-09-30 00:17,384419328,MarketSupply,0x4B6F1C9E5d470b97181786b26da0d0945A7cf027,0x9e90aec7d768403dacc9dd0d8320307fda3f980eed4df43e3e52168a1c667709,25000010870,24992.635866793345,24895464254576154,,,,,
0x2d67a2119cc5a12ddcf5998ea5a596dcee2432f6ccc4452497c51bb730f71625,1759193674,2025-09-30,2025-09-30 00:54,384428310,MarketSupply,0x4B6F1C9E5d470b97181786b26da0d0945A7cf027,0x9e90aec7d768403dacc9dd0d8320307fda3f980eed4df43e3e52168a1c667709,129999983422,129961.6334268905,129455521138952767,,,,,
0x545103718af3c4ba85a39c1d636d9f7d9f5ac40374e3545ac44abcddb14f7218,1759197009,2025-09-30,2025-09-30 01:50,384441681,MarketWithdraw,0x4B6F1C9E5d470b97181786b26da0d0945A7cf027,0x9e90aec7d768403dacc9dd0d8320307fda3f980eed4df43e3e52168a1c667709,74999992727,74975.542729371,74685336608878590,,,,,
0xbd9a4421728d1a22315a5806c7906404f8aed21d94963a7fdff36e2b6b8ec86e,1759197672,2025-09-30,2025-09-30 02:01,384444343,MarketWithdraw,0x4B6F1C9E5d470b97181786b26da0d0945A7cf027,0x9e90aec7d768403dacc9dd0d8320307fda3f980eed4df43e3e52168a1c667709,42576818010,42562.93796732874,42398119039432270,,,,,
0x0792fff5a3a443111474df2221c2025ecdbb0e55f66bfd44cd8763110b1cc41a,1759198335,2025-09-30,2025-09-30 02:12,384447000,MarketWithdraw,0x4B6F1C9E5d470b97181786b26da0d0945A7cf027,0x9e90aec7d768403dacc9dd0d8320307fda3f980eed4df43e3e52168a1c667709,40641981699,40628.73241296613,40471329395568808,,,,,
0x42915a05f8d47cf5c7d983b9cb679cdb6b6b80075546ea07ac6bc2699f52f94d,1759199241,2025-09-30,2025-09-30 02:27,384450629,MarketSupply,0x4B6F1C9E5d470b97181786b26da0d0945A7cf027,0x9e90aec7d768403dacc9dd0d8320307fda3f980eed4df43e3e52168a1c667709,248218790829,248137.87150318973,247175876566120584,,,,,
0x42a19d9d8f0c29181252e9477a87a9258ca95ce35eb33733289d79344f763bfe,1759199968,2025-09-30,2025-09-30 02:39,384453538,MarketSupply,0x4B6F1C9E5d470b97181786b26da0d0945A7cf027,0x9e90aec7d768403dacc9dd0d8320307fda3f980eed4df43e3e52168a1c667709,919999981488,919700.0614940348,916133081236141732,,,,,
0x4f32cf2f0bc56f87b0b6991d9fa903c11517022898e446be512e79d73452b999,1759201881,2025-09-30,2025-09-30 03:11,384461207,MarketWithdraw,0x4B6F1C9E5d470b97181786b26da0d0945A7cf027,0x9e90aec7d768403dacc9dd0d8320307fda3f980eed4df43e3e52168a1c667709,120000000701,119940.9607006551,119495186695400183,,,,,
0xa2592d734a7cf9698f9f448e6f3f3700a80e9ef58739bd9dfd9d9c4e8fc27a77,1759202761,2025-09-30,2025-09-30 03:26,384464743,MarketBorrow,0x1597E4B7cF6D2877A1d690b6088668afDb045763,0x9e90aec7d768403dacc9dd0d8320307fda3f980eed4df43e3e52168a1c667709,900000000000,899557.2,896002612159907529,,,,,
0xf31057bdb140b38ba7fe23c99d1d904f4ddcf17a7470ff8ccb18c1f64bbf7d62,1759202858,2025-09-30,2025-09-30 03:27,384465129,MarketSupply,0x4B6F1C9E5d470b97181786b26da0d0945A7cf027,0x9e90aec7d768403dacc9dd0d8320307fda3f980eed4df43e3e52168a1c667709,743780835838,743414.8956667677,740650457059427354,,,,,
0x19a84d288f07a954427ce9c93b2d3b7ae1ba3cab8171afdeb6fb503017cce3df,1759203052,2025-09-30,2025-09-30 03:30,384465910,MarketBorrow,0x1597E4B7cF6D2877A1d690b6088668afDb045763,0x9e90aec7d768403dacc9dd0d8320307fda3f980eed4df43e3e52168a1c667709,700000000000,699655.6,696890404222709369,,,,,
0x530f5aaa25bdb8e79b5cf1c806b589919edde1fc0294c5974a712a98ff153ae5,1759203461,2025-09-30,2025-09-30 03:37,384467549,MarketSupply,0x4B6F1C9E5d470b97181786b26da0d0945A7cf027,0x9e90aec7d768403dacc9dd0d8320307fda3f980eed4df43e3e52168a1c667709,459336546401,459110.5528201707,457402616162251858,,,,,
0x7384846095faf2e1cc58a21bc68e13ca188a588abcd85ee0c8d0722a75a2d4ef,1759206178,2025-09-30,2025-09-30 04:22,384478448,MarketWithdraw,0x4B6F1C9E5d470b97181786b26da0d0945A7cf027,0x9e90aec7d768403dacc9dd0d8320307fda3f980eed4df43e3e52168a1c667709,370456340220,370274.07570061175,368894515112006408,,,,,
0x5f3852d64a87b2845efcc3d428285c66917e75927afa5df0862a361a517a6976,1759210111,2025-09-30,2025-09-30 05:28,384494208,MarketSupply,0x4B6F1C9E5d470b97181786b26da0d0945A7cf027,0x9e90aec7d768403dacc9dd0d8320307fda3f980eed4df43e3e52168a1c667709,42338955602,42326.380932186206,42160056580641509,,,,,
0x957c277e0350f943d6544e8aa0aecb5f9f7e57cc38a393eeb2b44f3a4682ec60,1759215079,2025-09-30,2025-09-30 06:51,384514105,MarketSupply,0x4B6F1C9E5d470b97181786b26da0d0945A7cf027,0x9e90aec7d768403dacc9dd0d8320307fda3f980eed4df43e3e52168a1c667709,15000021967,14994.111958345002,14936475309111902,,,,,
0x31990ec77e973f175aede5019e69fc781a9f8e9452423250c5cd6a55c8d868e4,1759216837,2025-09-30,2025-09-30 07:20,384521146,MarketWithdraw,0x4B6F1C9E5d470b97181786b26da0d0945A7cf027,0x9e90aec7d768403dacc9dd0d8320307fda3f980eed4df43e3e52168a1c667709,30000016781,29988.196774388285,29872809041350842,,,,,
0x56868c788dae7e4e99bf5dbec7cd99623e8cde4064e47ebe49d988349576d579,1759217439,2025-09-30,2025-09-30 07:30,384523555,MarketWithdraw,0x4B6F1C9E5d470b97181786b26da0d0945A7cf027,0x9e90aec7d768403dacc9dd0d8320307fda3f980eed4df43e3e52168a1c667709,153167360390,153107.01245000632,152517680845914070,,,,,
0x76912efe1abf3d23c81678cb8acaa1ee75804a2889f6e7babe4392074fd00cd6,1759234674,2025-09-30,2025-09-30 12:17,384592576,MarketSupply,0x4B6F1C9E5d470b97181786b26da0d0945A7cf027,0x9e90aec7d768403dacc9dd0d8320307fda3f980eed4df43e3e52168a1c667709,58167342822,58144.19221955684,57917650672327874,,,,,
0x4da5ba3ee85432168b0510524222d5e82c8a33ccd9337a6db4a9c890401088a0,1759235460,2025-09-30,2025-09-30 12:31,384595727,MarketWithdraw,0x4B6F1C9E5d470b97181786b26da0d0945A7cf027,0x9e90aec7d768403dacc9dd0d8320307fda3f980eed4df43e3e52168a1c667709,97712928446,97683.8099933231,97293272977264607,,,,,
0x15ceb26097c04be84aa866f8a39ab893abbcbaa3db5d5d0da25961de580ca63d,1759250928,2025-09-30,2025-09-30 16:48,384657748,MarketSupply,0x4B6F1C9E5d470b97181786b26da0d0945A7cf027,0x9e90aec7d768403dacc9dd0d8320307fda3f980eed4df43e3e52168a1c667709,72712949083,72684.88188465397,72397121421235730,,,,,
0x24b16e645a8c3bb06ad8e1e53449fa7b5b23041ab37955a4cc01a8e1b29a4dcf,1759256467,2025-09-30,2025-09-30 18:21,384679944,MarketWithdraw,0x4B6F1C9E5d470b97181786b26da0d0945A7cf027,0x9e90aec7d768403dacc9dd0d8320307fda3f980eed4df43e3e52168a1c667709,104999972911,104959.12792153763,104542261964472917,,,,,
0x49e26f3ab59476e6970b0e7f05a7db23a1186c9a713ceef3e7c24311a3947ffb,1759262862,2025-09-30,2025-09-30 20:07,384705547,MarketWithdraw,0x4B6F1C9E5d470b97181786b26da0d0945A7cf027,0x9e90aec7d768403dacc9dd0d8320307fda3f980eed4df43e3e52168a1c667709,235000029322,234930.23431329135,233970658030236748,,,,,
0x5fd0337fa32c8dc2cb7c8197cce0419f9303b2fe11d42592e77c552f9029c027,1759268437,2025-09-30,2025-09-30 21:40,384727857,MarketWithdraw,0x4B6F1C9E5d470b97181786b26da0d0945A7cf027,0x9e90aec7d768403dacc9dd0d8320307fda3f980eed4df43e3e52168a1c667709,125000015543,124962.89053838373,124449388957036970,,,,,
0xa4c0918c377e3f68a6c4f3cbbe3b3b49ab081be5fc391317ac009f23c96ba8ac,1759272313,2025-09-30,2025-09-30 22:45,384743368,MarketSupply,0x4B6F1C9E5d470b97181786b26da0d0945A7cf027,0x9e90aec7d768403dacc9dd0d8320307fda3f980eed4df43e3e52168a1c667709,19999991594,19993.25159683282,19911498322686074,,,,,
0x541b819c767006ccb26ee5f61404d72942c1b1e77c79d7e57dc02367b06caa59,1759275219,2025-09-30,2025-09-30 23:33,384755004,MarketSupply,0x4B6F1C9E5d470b97181786b26da0d0945A7cf027,0x9e90aec7d768403dacc9dd0d8320307fda3f980eed4df43e3e52168a1c667709,45000038431,44984.87341804875,44800277166299503,,,,,
0x6889aae160b1de6737766d72379c5100ad88b8a780dd7497c028afb9187ec004,1759275821,2025-09-30,2025-09-30 23:43,384757411,MarketSupply,0x4B6F1C9E5d470b97181786b26da0d0945A7cf027,0x9e90aec7d768403dacc9dd0d8320307fda3f980eed4df43e3e52168a1c667709,29999965699,29989.855710559437,29866705875067034,,,,,
0x83293ef8bb819c4f607cd8467b7974b82189e07458ec2f2805c626c685d14e14,1759286926,2025-10-01,2025-10-01 02:48,384801866,MarketSupply,0x4B6F1C9E5d470b97181786b26da0d0945A7cf027,0x9e90aec7d768403dacc9dd0d8320307fda3f980eed4df43e3e52168a1c667709,42221499870,42205.0334850507,42031785172363146,,,,,
0x8225cbb6cc26c62fc6444ff47524b24f9f5bbdde35b810f2ff10cf215cd1160a,1759288258,2025-10-01,2025-10-01 03:10,384807199,MarketSupply,0x4B6F1C9E5d470b97181786b26da0d0945A7cf027,0x9e90aec7d768403dacc9dd0d8320307fda3f980eed4df43e3e52168a1c667709,62778504445,62754.020828266446,62496050425511928,,,,,
0xf1a07fbcf02034de2d6991c0feedf80c96cc8b02db98a7f5dff99b9d3e9c845d,1759288366,2025-10-01,2025-10-01 03:12,384807632,MarketSupply,0xad6452a9b8F10b0fE084C83c396ABAe96411C761,0x9e90aec7d768403dacc9dd0d8320307fda3f980eed4df43e3e52168a1c667709,100000000000,99961,99550033962625076,,,,,
0x8686321fd589ed483596233695637dd56ae54c46d616b0acb58d9171b521d60f,1759291991,2025-10-01,2025-10-01 04:13,384822141,MarketSupply,0xa60643c90A542A95026C0F1dbdB0615fF42019Cf,0x9e90aec7d768403dacc9dd0d8320307fda3f980eed4df43e3e52168a1c667709,99916756075,99882.68446117842,99465845814902514,,,,,
0x73f423dad1e3e1596b90ae3d978385ae5597ee56a7c40698e3b75fa49308b0be,1759292022,2025-10-01,2025-10-01 04:13,384822270,MarketSupply,0x4B6F1C9E5d470b97181786b26da0d0945A7cf027,0x9e90aec7d768403dacc9dd0d8320307fda3f980eed4df43e3e52168a1c667709,30083262533,30073.00414047625,29947498040709537,,,,,
0x682fcc7140e80e3e1f09909fdf47568e7632d233e4636745d877736c7f72a699,1759300250,2025-10-01,2025-10-01 06:30,384855217,MarketSupply,0x4B6F1C9E5d470b97181786b26da0d0945A7cf027,0x9e90aec7d768403dacc9dd0d8320307fda3f980eed4df43e3e52168a1c667709,509999978477,509850.54848330625,507685613838240724,,,,,
0x8c9cc24c33d5a9c7a4d0f81e6a48bf68abf2fce53df1e91f8895785c3e9dffb6,1759306317,2025-10-01,2025-10-01 08:11,384879533,MarketWithdraw,0xad6452a9b8F10b0fE084C83c396ABAe96411C761,0x9e90aec7d768403dacc9dd0d8320307fda3f980eed4df43e3e52168a1c667709,50000000000,49982.2,49772451687345232,,,,,
0x6495dc01871ddc618c30f6d329f8ff46142604fdaa0b84f98264109aa2aafb31,1759310828,2025-10-01,2025-10-01 09:27,384897606,MarketWithdraw,0x4B6F1C9E5d470b97181786b26da0d0945A7cf027,0x9e90aec7d768403dacc9dd0d8320307fda3f980eed4df43e3e52168a1c667709,304999982843,304910.31284804415,303608973879898803,,,,,
0x8ef635e8debe5e1d311a798cc8802bba62270040271f279f0d0e92929e238796,1759312603,2025-10-01,2025-10-01 09:56,384904727,MarketWithdraw,0x4B6F1C9E5d470b97181786b26da0d0945A7cf027,0x9e90aec7d768403dacc9dd0d8320307fda3f980eed4df43e3e52168a1c667709,25000002567,24992.652566245302,24885881298683954,,,,,
0x24d35cb7713787e4b11772c3d03320e249d3c953c6c4401104990a5563be5da9,1759316161,2025-10-01,2025-10-01 10:56,384918979,MarketWithdraw,0x4B6F1C9E5d470b97181786b26da0d0945A7cf027,0x9e90aec7d768403dacc9dd0d8320307fda3f980eed4df43e3e52168a1c667709,235000002434,234930.9124332844,233925208398021207,,,,,
0x3b50f98596e2c71185a55e1d5bdb201fc3d5fa1a5e5f170f8311e00fd6defe78,1759317285,2025-10-01,2025-10-01 11:14,384923481,MarketSupply,0xa60643c90A542A95026C0F1dbdB0615fF42019Cf,0x9e90aec7d768403dacc9dd0d8320307fda3f980eed4df43e3e52168a1c667709,25165892131,25154.944967923017,25050693746553482,,,,,
0x001aa2e6d0c92df0f57f0db1501908a7573fb31ba867c64521b54edb1713ca12,1759318859,2025-10-01,2025-10-01 11:40,384929793,MarketWithdraw,0x4B6F1C9E5d470b97181786b26da0d0945A7cf027,0x9e90aec7d768403dacc9dd0d8320307fda3f980eed4df43e3e52168a1c667709,30165886254,30152.764093479513,30027638008965683,,,,,
0x140ddcd7534b33391df95209e1659ed25a10750e9f75e9557ac6700932310425,1759324321,2025-10-01,2025-10-01 13:12,384951731,MarketWithdraw,0x4B6F1C9E5d470b97181786b26da0d0945A7cf027,0x9e90aec7d768403dacc9dd0d8320307fda3f980eed4df43e3e52168a1c667709,25000029120,24991.47911004096,24884969633330267,,,,,
0xc2bb08181ab57ef6f098ee35d0712157cd2eb30750cc1517bce6d0ffbd1608b1,1759325168,2025-10-01,2025-10-01 13:26,384955135,MarketWithdraw,0x4B6F1C9E5d470b97181786b26da0d0945A7cf027,0x9e90aec7d768403dacc9dd0d8320307fda3f980eed4df43e3e52168a1c667709,9999974558,9996.554566701165,9953919751806069,,,,,
0xcfff30db12a615bf7e1e60ce070a60cd0b5f619263a992e23b6cff125d36ca71,1759333421,2025-10-01,2025-10-01 15:43,384988224,MarketSupply,0x4B6F1C9E5d470b97181786b26da0d0945A7cf027,0x9e90aec7d768403dacc9dd0d8320307fda3f980eed4df43e3e52168a1c667709,4999970892,4998.505900528644,4976789446748395,,,,,
0x2637aee2e0f99d5f828361e3610b0296c6de83f8f7e489f3f122c3ba911b4de8,1759335737,2025-10-01,2025-10-01 16:22,384997519,MarketWithdraw,0x4B6F1C9E5d470b97181786b26da0d0945A7cf027,0x9e90aec7d768403dacc9dd0d8320307fda3f980eed4df43e3e52168a1c667709,34999999581,34989.744581122766,34837427176810014,,,,,
0x7ba5892aa3de17aa40478c09a54b9bdbe39fccc5a44ca545bfc60e43266506d3,1759337931,2025-10-01,2025-10-01 16:58,385006326,MarketWithdraw,0x4B6F1C9E5d470b97181786b26da0d0945A7cf027,0x9e90aec7d768403dacc9dd0d8320307fda3f980eed4df43e3e52168a1c667709,74999974165,74977.99917256966,74650964901026199,,,,,
0x38cf06741c4155c865693c814924d58449de2ff289246a552012196a09b629a9,1759338533,2025-10-01,2025-10-01 17:08,385008748,MarketWithdraw,0x4B6F1C9E5d470b97181786b26da0d0945A7cf027,0x9e90aec7d768403dacc9dd0d8320307fda3f980eed4df43e3e52168a1c667709,10000004908,9996.724906390176,9953444666547757,,,,,
0xeb819d5c042b344608d1aa11d72caddc14e08c8d2d45ae5de5f04eb596eece70,1759339622,2025-10-01,2025-10-01 17:27,385013123,MarketWithdraw,0x4B6F1C9E5d470b97181786b26da0d0945A7cf027,0x9e90aec7d768403dacc9dd0d8320307fda3f980eed4df43e3e52168a1c667709,35000000685,34988.52068477532,34836875667640109,,,,,
0x9936674e98ccc3453acd7f82bacb7cd41ddaa50f7dd1b4255fd3713ab790784d,1759340285,2025-10-01,2025-10-01 17:38,385015779,MarketWithdraw,0x4B6F1C9E5d470b97181786b26da0d0945A7cf027,0x9e90aec7d768403dacc9dd0d8320307fda3f980eed4df43e3e52168a1c667709,44999969033,44985.20904315718,44790103188082530,,,,,
0x826f654aace21912ea5660a3cd009fe5a2b072a0f903b32cf5d413d47bc76deb,1759343873,2025-10-01,2025-10-01 18:37,385030171,MarketSupply,0x4B6F1C9E5d470b97181786b26da0d0945A7cf027,0x9e90aec7d768403dacc9dd0d8320307fda3f980eed4df43e3e52168a1c667709,54999963649,54981.92366092312,54742529923882007,,,,,
0xf6987b616a4616953dbf1651a6e7fcff797e233da1e12142f304640e71f20e03,1759350100,2025-10-01,2025-10-01 20:21,385055101,MarketRepay,0x12889C77A17c47480599a6F7366008307770729C,0x9e90aec7d768403dacc9dd0d8320307fda3f980eed4df43e3e52168a1c667709,200000995665,199946.79539517476,199003866342858479,,,,,
0x13e815e610788788018aa4a7dd9fea36820dd32339f509ac018ba2fd452a13f2,1759350140,2025-10-01,2025-10-01 20:22,385055261,MarketWithdraw,0x4B6F1C9E5d470b97181786b26da0d0945A7cf027,0x9e90aec7d768403dacc9dd0d8320307fda3f980eed4df43e3e52168a1c667709,175000976463,174953.55119837853,174176989313191365,,,,,
0x030165c587e5cdd269ad79b75a03c27051ae01cf166706448c9717a97e636063,1759350169,2025-10-01,2025-10-01 20:22,385055378,MarketWithdrawCollateral,0x12889C77A17c47480599a6F7366008307770729C,0x9e90aec7d768403dacc9dd0d8320307fda3f980eed4df43e3e52168a1c667709,200000000000,,,,,,,
0xa68cc9b7d9ed159e9c83a2f49034e42e16f9ba8e721945b0ed25fb3239f1f454,1759350742,2025-10-01,2025-10-01 20:32,385057666,MarketWithdraw,0x4B6F1C9E5d470b97181786b26da0d0945A7cf027,0x9e90aec7d768403dacc9dd0d8320307fda3f980eed4df43e3e52168a1c667709,15000011313,14995.946309934177,14929345751042828,,,,,
0x00c1ea8cb347f3382e36d3158431973415a5d563d79f50a10310a49d3d880599,1759355045,2025-10-01,2025-10-01 21:44,385074869,MarketRepay,0x1597E4B7cF6D2877A1d690b6088668afDb045763,0x9e90aec7d768403dacc9dd0d8320307fda3f980eed4df43e3e52168a1c667709,399999600000,399884.40011519997,397996153896967217,,,,,
0x2db7d845aa6e994175d4347c14c5f001d5a216d8b625427e8fa00636b94c627f,1759355059,2025-10-01,2025-10-01 21:44,385074927,MarketWithdraw,0x4B6F1C9E5d470b97181786b26da0d0945A7cf027,0x9e90aec7d768403dacc9dd0d8320307fda3f980eed4df43e3e52168a1c667709,379999570969,379890.13109256094,378202276933441400,,,,,
0x73eeb158a798da6de12a0e3ce8a20287f3a8878249249c82c21c4fca8e08a188,1759360192,2025-10-01,2025-10-01 23:09,385095465,MarketRepay,0x1597E4B7cF6D2877A1d690b6088668afDb045763,0x9e90aec7d768403dacc9dd0d8320307fda3f980eed4df43e3e52168a1c667709,200000000000,199944.4,198993741248705055,,,,,
0x0f90afcc24b6980636db66cfb92554c57c10b57d2a5519004a35648f03ad0654,1759368773,2025-10-02,2025-10-02 01:32,385129871,MarketWithdraw,0x4B6F1C9E5d470b97181786b26da0d0945A7cf027,0x9e90aec7d768403dacc9dd0d8320307fda3f980eed4df43e3e52168a1c667709,335000008262,334907.8832597279,333399948830158270,,,,,
0x0191f0ec059f7273a25ecc689c363beae0d5238ad92ef809e2c189748c30647f,1759370349,2025-10-02,2025-10-02 01:59,385136197,MarketWithdraw,0x4B6F1C9E5d470b97181786b26da0d0945A7cf027,0x9e90aec7d768403dacc9dd0d8320307fda3f980eed4df43e3e52168a1c667709,170000020732,169953.2707262987,169186782917944330,,,,,
0x4c876f0b7dfa2979221fa68189b26d85538db6e91556b59e866ff92e4d30c3fb,1759370952,2025-10-02,2025-10-02 02:09,385138611,MarketWithdraw,0x4B6F1C9E5d470b97181786b26da0d0945A7cf027,0x9e90aec7d768403dacc9dd0d8320307fda3f980eed4df43e3e52168a1c667709,70000010509,69979.71050595239,69664907872886918,,,,,
0x293f1013ca6322ec3c63a7c5cc3c1532d2d62f1a9b62971c6f43812b2c234989,1759373143,2025-10-02,2025-10-02 02:45,385147402,MarketSupply,0x4B6F1C9E5d470b97181786b26da0d0945A7cf027,0x9e90aec7d768403dacc9dd0d8320307fda3f980eed4df43e3e52168a1c667709,149999957228,149956.4572404039,149279875971090211,,,,,
0x960c58782883b494fcae79622a9b7cf1532439ffb45bf05e056779aa368a1803,1759378995,2025-10-02,2025-10-02 04:23,385170838,MarketWithdraw,0x4B6F1C9E5d470b97181786b26da0d0945A7cf027,0x9e90aec7d768403dacc9dd0d8320307fda3f980eed4df43e3e52168a1c667709,139999986502,139958.54650599541,139323608020626603,,,,,
0x3fa01403498190d51ba2e605b47ad64fda4be97fa02fe5e70ee042240446bda3,1759379397,2025-10-02,2025-10-02 04:29,385172446,MarketSupply,0xa60643c90A542A95026C0F1dbdB0615fF42019Cf,0x9e90aec7d768403dacc9dd0d8320307fda3f980eed4df43e3e52168a1c667709,999984295173,999688.2998216288,995150655881709337,,,,,
0xecbfe06fd94c1f04075df724082e81e3becb9416de66ed81d048fd35042a7f76,1759379597,2025-10-02,2025-10-02 04:33,385173251,MarketWithdraw,0x4B6F1C9E5d470b97181786b26da0d0945A7cf027,0x9e90aec7d768403dacc9dd0d8320307fda3f980eed4df43e3e52168a1c667709,289984221402,289898.386072465,288582392482128195,,,,,
0x18711de4197a3a38c3f17744478abca51622b41250e10066ec4405587ea93ffb,1759381573,2025-10-02,2025-10-02 05:06,385181162,MarketRepay,0x304856144A8CC390cd59c76F7Df2dcD8174bA549,0x9e90aec7d768403dacc9dd0d8320307fda3f980eed4df43e3e52168a1c667709,57581750175,57565.16663094961,57286592505331841,,,,,
0x18711de4197a3a38c3f17744478abca51622b41250e10066ec4405587ea93ffb,1759381573,2025-10-02,2025-10-02 05:06,385181162,MarketWithdrawCollateral,0x304856144A8CC390cd59c76F7Df2dcD8174bA549,0x9e90aec7d768403dacc9dd0d8320307fda3f980eed4df43e3e52168a1c667709,53051569770,,,,,,,
0x9c2032b7e4158b67ba116382c72e607046404b02958428cf77e6f4cfe5dec221,1759382645,2025-10-02,2025-10-02 05:24,385185453,MarketWithdraw,0x4B6F1C9E5d470b97181786b26da0d0945A7cf027,0x9e90aec7d768403dacc9dd0d8320307fda3f980eed4df43e3e52168a1c667709,57581763271,57565.17972317796,57303002005483341,,,,,
0xc3bfc140a45f706b921ade04bfc91d6f63fa179ec8bc23ee44ecd11376a6be44,1759426102,2025-10-02,2025-10-02 17:28,385359485,MarketWithdraw,0xad6452a9b8F10b0fE084C83c396ABAe96411C761,0x9e90aec7d768403dacc9dd0d8320307fda3f980eed4df43e3e52168a1c667709,50024726276,50015.25289269603,49777582275279844,,,,,
0x0f9142b3305ebb3464d554659f93a992e1ab411f2dfc5bcc846ebd60bf9d4aa0,1759427241,2025-10-02,2025-10-02 17:47,385364049,MarketSupply,0x4B6F1C9E5d470b97181786b26da0d0945A7cf027,0x9e90aec7d768403dacc9dd0d8320307fda3f980eed4df43e3e52168a1c667709,50024722274,50015.248891453906,49777435045350598,,,,,
0x238eb3cecc2e53347d73007458da6298bd39e7c646a2a28c94c6e52cce66e5a7,1759436630,2025-10-02,2025-10-02 20:23,385401637,MarketSupplyCollateral,0x3d7f861e7faBe268C074DE3Ff1dd0b3A2EB3D70e,0x9e90aec7d768403dacc9dd0d8320307fda3f980eed4df43e3e52168a1c667709,159732547643,,,,,,,
0x238eb3cecc2e53347d73007458da6298bd39e7c646a2a28c94c6e52cce66e5a7,1759436630,2025-10-02,2025-10-02 20:23,385401637,MarketBorrow,0x3d7f861e7faBe268C074DE3Ff1dd0b3A2EB3D70e,0x9e90aec7d768403dacc9dd0d8320307fda3f980eed4df43e3e52168a1c667709,160000000000,159954.57815005945,159157451439879010,,,,,
0x7e504ee87c39453307b03e3f511564053b742cd831054193c98ce310208a4179,1759436680,2025-10-02,2025-10-02 20:24,385401839,MarketSupply,0x4B6F1C9E5d470b97181786b26da0d0945A7cf027,0x9e90aec7d768403dacc9dd0d8320307fda3f980eed4df43e3e52168a1c667709,179999988470,179948.8888920901,179106304565587844,,,,,
0x06a21c7071ed535c773085d7410883e7c46947eb2af0591689022616aaa08d5f,1759436988,2025-10-02,2025-10-02 20:29,385403070,MarketBorrow,0x3d7f861e7faBe268C074DE3Ff1dd0b3A2EB3D70e,0x9e90aec7d768403dacc9dd0d8320307fda3f980eed4df43e3e52168a1c667709,3000000000,2999.1483403136144,2984199353609545,,,,,
0xce2f5e341a392731b7f04ca1230580bcea36cee65d69b2cc24ab0008a60ccd2e,1759449787,2025-10-03,2025-10-03 00:03,385454251,MarketSupplyCollateral,0xb943e779C11321230Ab0DF59Dea32B9E2e2A5da3,0x9e90aec7d768403dacc9dd0d8320307fda3f980eed4df43e3e52168a1c667709,15922207362,,,,,,,
0xce2f5e341a392731b7f04ca1230580bcea36cee65d69b2cc24ab0008a60ccd2e,1759449787,2025-10-03,2025-10-03 00:03,385454251,MarketBorrow,0xb943e779C11321230Ab0DF59Dea32B9E2e2A5da3,0x9e90aec7d768403dacc9dd0d8320307fda3f980eed4df43e3e52168a1c667709,16500000000,16495.401735355223,16412560308719172,,,,,
0x338fe7167bbfdfefb7e2a52c6f691e20e72726e053a32c978d43fb2a3f778354,1759459012,2025-10-03,2025-10-03 02:36,385491168,MarketWithdraw,0xa60643c90A542A95026C0F1dbdB0615fF42019Cf,0x9e90aec7d768403dacc9dd0d8320307fda3f980eed4df43e3e52168a1c667709,235906686169,235836.79456674488,234723216132021509,,,,,
0x6389742cd92bdea121938ff1e935292c1decb4a2e749c2ff8b5e83ec0deaa8a3,1759462491,2025-10-03,2025-10-03 03:34,385505095,MarketRepay,0x304856144A8CC390cd59c76F7Df2dcD8174bA549,0x9e90aec7d768403dacc9dd0d8320307fda3f980eed4df43e3e52168a1c667709,50234000000,50219.117273254524,49965903526916893,,,,,
0x1d8080f243f7f35b6c38883d7f5e5ac8f1c49597062f277e1b51d1c2e11b25f1,1759462526,2025-10-03,2025-10-03 03:35,385505241,MarketRepay,0x304856144A8CC390cd59c76F7Df2dcD8174bA549,0x9e90aec7d768403dacc9dd0d8320307fda3f980eed4df43e3e52168a1c667709,840563,0.8403139680805558,836076691490,,,,,
0x1d8080f243f7f35b6c38883d7f5e5ac8f1c49597062f277e1b51d1c2e11b25f1,1759462526,2025-10-03,2025-10-03 03:35,385505241,MarketWithdrawCollateral,0x304856144A8CC390cd59c76F7Df2dcD8174bA549,0x9e90aec7d768403dacc9dd0d8320307fda3f980eed4df43e3e52168a1c667709,46206051477,,,,,,,
0x5bf4c0dbaa28f76031d2dcc6b2ccccea62221a9b1aa65e32d4c10de7fa5fa35c,1759462946,2025-10-03,2025-10-03 03:42,385506922,MarketSupply,0xad6452a9b8F10b0fE084C83c396ABAe96411C761,0x9e90aec7d768403dacc9dd0d8320307fda3f980eed4df43e3e52168a1c667709,50030904725,50016.082168885594,49779227861407711,,,,,
0xe369d68117de4ede0181d5486ca80b3c80c17498cc321e558b922ae70560361d,1759484487,2025-10-03,2025-10-03 09:41,385593170,MarketSupply,0x4B6F1C9E5d470b97181786b26da0d0945A7cf027,0x9e90aec7d768403dacc9dd0d8320307fda3f980eed4df43e3e52168a1c667709,57395533863,57378.487389442686,57103094278993789,,,,,
0x9bfb4f8fd894d4b77db28e7dd8e6ccc4a327ad38ecac03a32b99fc629a6b3db8,1759485599,2025-10-03,2025-10-03 09:59,385597622,MarketSupply,0x4B6F1C9E5d470b97181786b26da0d0945A7cf027,0x9e90aec7d768403dacc9dd0d8320307fda3f980eed4df43e3e52168a1c667709,27745412350,27737.171962532047,27603960785950495,,,,,
0xd3f5d05e40b210f30bf46dee45ff0ec4868c48bb947e92c5c1f3c470d7e65c5f,1759492529,2025-10-03,2025-10-03 11:55,385625351,MarketRepay,0xb943e779C11321230Ab0DF59Dea32B9E2e2A5da3,0x9e90aec7d768403dacc9dd0d8320307fda3f980eed4df43e3e52168a1c667709,16502215486,16498.95428218575,16412560308719172,,,,,
0xd3f5d05e40b210f30bf46dee45ff0ec4868c48bb947e92c5c1f3c470d7e65c5f,1759492529,2025-10-03,2025-10-03 11:55,385625351,MarketWithdrawCollateral,0xb943e779C11321230Ab0DF59Dea32B9E2e2A5da3,0x9e90aec7d768403dacc9dd0d8320307fda3f980eed4df43e3e52168a1c667709,15922207362,,,,,,,
0x38f296d6b385a629140aec90a1e234267ef04267dbf37f15ccf138c42f6a5a70,1759504416,2025-10-03,2025-10-03 15:13,385672953,MarketWithdraw,0x4B6F1C9E5d470b97181786b26da0d0945A7cf027,0x9e90aec7d768403dacc9dd0d8320307fda3f980eed4df43e3e52168a1c667709,96502211575,96483.16259610276,96005613572272758,,,,,
0x2cb46b139be11e95bfb05ec2d283541f908840d87a9dbbc132b7257f37f2c20f,1759507922,2025-10-03,2025-10-03 16:12,385687008,MarketSupply,0x4B6F1C9E5d470b97181786b26da0d0945A7cf027,0x9e90aec7d768403dacc9dd0d8320307fda3f980eed4df43e3e52168a1c667709,56463409981,56446.95414234874,56172260501740063,,,,,
0x4e90b8f0751fc58f57ef2ee993cdaf173792fe56d02308b710f4580fd1e38c48,1759508525,2025-10-03,2025-10-03 16:22,385689419,MarketWithdraw,0x4B6F1C9E5d470b97181786b26da0d0945A7cf027,0x9e90aec7d768403dacc9dd0d8320307fda3f980eed4df43e3e52168a1c667709,86463413342,86446.34596386169,86017430045578475,,,,,
0xc8c1a71dd0e76c2f03feb08cc04090adc74a9b668d403ed4114cd34c6ba17ae7,1759509128,2025-10-03,2025-10-03 16:32,385691841,MarketWithdraw,0x4B6F1C9E5d470b97181786b26da0d0945A7cf027,0x9e90aec7d768403dacc9dd0d8320307fda3f980eed4df43e3e52168a1c667709,79999987964,79984.19642868041,79587192298532238,,,,,
0x48b28fef3ea1792983d9c85d35c0c5e883f5644097ce79ce0f8e931610ae5a8b,1759510285,2025-10-03,2025-10-03 16:51,385696472,MarketSupply,0x4B6F1C9E5d470b97181786b26da0d0945A7cf027,0x9e90aec7d768403dacc9dd0d8320307fda3f980eed4df43e3e52168a1c667709,119999974157,119976.28685555812,119380289406215004,,,,,
0x0f4b8695441413bfdc69e09d15ab4e22e65aec119e272e3fd439f9f919983ea8,1759513869,2025-10-03,2025-10-03 17:51,385710820,MarketWithdraw,0x4B6F1C9E5d470b97181786b26da0d0945A7cf027,0x9e90aec7d768403dacc9dd0d8320307fda3f980eed4df43e3e52168a1c667709,69999990100,69979.27585602892,69637771074805814,,,,,
0x8885100377e82621f68e19c20037be64f8efaf44368918ef31e02617b5aff348,1759534281,2025-10-03,2025-10-03 23:31,385792395,MarketSupply,0x4B6F1C9E5d470b97181786b26da0d0945A7cf027,0x9e90aec7d768403dacc9dd0d8320307fda3f980eed4df43e3e52168a1c667709,9999993930,9998.023102034065,9947576187022847,,,,,
0x021580d3d746573869a14e4da955be5808d3333d6150f4dc59d5b16eca91a5a5,1759539173,2025-10-04,2025-10-04 00:52,385811967,MarketWithdraw,0x4B6F1C9E5d470b97181786b26da0d0945A7cf027,0x9e90aec7d768403dacc9dd0d8320307fda3f980eed4df43e3e52168a1c667709,8135389716,8134.589287789447,8092616408892518,,,,,
0x50ef1aea0ee7704a9e706c200cea3bda362c8d78bb2611cc8c7b8f533e8b8998,1759546110,2025-10-04,2025-10-04 02:48,385839699,MarketWithdraw,0x4B6F1C9E5d470b97181786b26da0d0945A7cf027,0x9e90aec7d768403dacc9dd0d8320307fda3f980eed4df43e3e52168a1c667709,1864610291,1864.0615436041778,1854764114598278,,,,,
0xf573fe78ec884d1895b056454205cb1433928c7770070e6e1d479cb099720f0e,1759546712,2025-10-04,2025-10-04 02:58,385842109,MarketWithdraw,0x4B6F1C9E5d470b97181786b26da0d0945A7cf027,0x9e90aec7d768403dacc9dd0d8320307fda3f980eed4df43e3e52168a1c667709,39999979963,39988.208127918115,39788678201105557,,,,,
0xc562a74547be086bb913e5121ca6387ab0ffdea135009208f3c24e00a2bd629e,1759552463,2025-10-04,2025-10-04 04:34,385865098,MarketSupply,0x4B6F1C9E5d470b97181786b26da0d0945A7cf027,0x9e90aec7d768403dacc9dd0d8320307fda3f980eed4df43e3e52168a1c667709,7428304591,7426.079310270712,7388913978804462,,,,,
0xcc4e340a0c4ef3f826507e7c5b2384b04a4b32ea367b8347bce67f02382c8f46,1759556638,2025-10-04,2025-10-04 05:43,385881831,MarketWithdraw,0x4B6F1C9E5d470b97181786b26da0d0945A7cf027,0x9e90aec7d768403dacc9dd0d8320307fda3f980eed4df43e3e52168a1c667709,7428327671,7426.102383356687,7388828911641782,,,,,
0x02cd5bc61b0b1a449de602055968a3c4384cc11f402a2aa94dd8ab93e836b691,1759558536,2025-10-04,2025-10-04 06:15,385889431,MarketSupply,0x4B6F1C9E5d470b97181786b26da0d0945A7cf027,0x9e90aec7d768403dacc9dd0d8320307fda3f980eed4df43e3e52168a1c667709,14790113467,14787.15542060344,14711370840398733,,,,,
0x1a77820e4f312073bf1bec2183fcc549a193e4daad3ce320fec8e09215873529,1759564940,2025-10-04,2025-10-04 08:02,385915065,MarketSupply,0x4B6F1C9E5d470b97181786b26da0d0945A7cf027,0x9e90aec7d768403dacc9dd0d8320307fda3f980eed4df43e3e52168a1c667709,17041413719,17038.005408945028,16950308487228450,,,,,
0xfdb346c982816ac5fb5effc23a6aaba7e0a8335058f48cc672b500e2d24bf319,1759571206,2025-10-04,2025-10-04 09:46,385940142,MarketWithdraw,0x4B6F1C9E5d470b97181786b26da0d0945A7cf027,0x9e90aec7d768403dacc9dd0d8320307fda3f980eed4df43e3e52168a1c667709,1831525369,1831.1670794502206,1821695173939715,,,,,
0xfde178aa38c8ff125b54b2a4ce43a169e49c80c303fc46184fe2cb75cac74e24,1759576317,2025-10-04,2025-10-04 11:11,385960593,MarketWithdraw,0x4B6F1C9E5d470b97181786b26da0d0945A7cf027,0x9e90aec7d768403dacc9dd0d8320307fda3f980eed4df43e3e52168a1c667709,9999979596,9997.080055929906,9946134637768802,,,,,
0x975fe3e16ccc5087e3bbc20ff722034b54e88254f061db6bf7aea4719115e122,1759578031,2025-10-04,2025-10-04 11:40,385967451,MarketWithdraw,0x4B6F1C9E5d470b97181786b26da0d0945A7cf027,0x9e90aec7d768403dacc9dd0d8320307fda3f980eed4df43e3e52168a1c667709,9495742553,9492.989218779325,9444556722708812,,,,,
0x19d13994f74fb3f132246bb9af8013e6a0ba0aec2b72defaaa98e731365b52d5,1759597982,2025-10-04,2025-10-04 17:13,386047324,MarketRepay,0x3d7f861e7faBe268C074DE3Ff1dd0b3A2EB3D70e,0x9e90aec7d768403dacc9dd0d8320307fda3f980eed4df43e3e52168a1c667709,163089106022,163041.5588322378,162141650793488555,,,,,
0x19d13994f74fb3f132246bb9af8013e6a0ba0aec2b72defaaa98e731365b52d5,1759597982,2025-10-04,2025-10-04 17:13,386047324,MarketWithdrawCollateral,0x3d7f861e7faBe268C074DE3Ff1dd0b3A2EB3D70e,0x9e90aec7d768403dacc9dd0d8320307fda3f980eed4df43e3e52168a1c667709,159732547643,,,,,,,
0x5f2772a40905ba139b4c97db550908cb806ebd8b5c60014ae99fa90ad1b9cf0b,1759599849,2025-10-04,2025-10-04 17:44,386054813,MarketWithdraw,0x4B6F1C9E5d470b97181786b26da0d0945A7cf027,0x9e90aec7d768403dacc9dd0d8320307fda3f980eed4df43e3e52168a1c667709,193593369419,193536.92898041406,192535387838017616,,,,,
0xba0a6fa1254a3600c7ab230b2f5412ffdf0ff95b1e1cf1797283d641c8c2c2a9,1759601506,2025-10-04,2025-10-04 18:11,386061459,MarketWithdraw,0x4B6F1C9E5d470b97181786b26da0d0945A7cf027,0x9e90aec7d768403dacc9dd0d8320307fda3f980eed4df43e3e52168a1c667709,19771565067,19765.80084166903,19663396573514191,,,,,
0x6136f2ad31c60e829010f36e875e0c4977c73928c978d7da3bf2e4a01dbc82c1,1759603593,2025-10-04,2025-10-04 18:46,386069833,MarketWithdraw,0x4B6F1C9E5d470b97181786b26da0d0945A7cf027,0x9e90aec7d768403dacc9dd0d8320307fda3f980eed4df43e3e52168a1c667709,17503920397,17498.817283462875,17408023036220943,,,,,
0xa99ff6cdfec75f28ca441717139d25f512c143bee37c0da27eeb5b7cd2687f70,1759605674,2025-10-04,2025-10-04 19:21,386078161,MarketSupply,0x4B6F1C9E5d470b97181786b26da0d0945A7cf027,0x9e90aec7d768403dacc9dd0d8320307fda3f980eed4df43e3e52168a1c667709,7275466193,7273.223512086964,7235549280983965,,,,,
0xaaef7684bfa9181cb99881a8b804ee35ef4e8dd6d23f84b66d068256833fc4a9,1759620258,2025-10-04,2025-10-04 23:24,386136630,MarketSupply,0x4B6F1C9E5d470b97181786b26da0d0945A7cf027,0x9e90aec7d768403dacc9dd0d8320307fda3f980eed4df43e3e52168a1c667709,30000022369,29990.960851477972,29833781687585615,,,,,
0x7b5f610c528d63b88c610434a0cf0ca57dc03f146cdfdc46116fb02344370433,1759622372,2025-10-04,2025-10-04 23:59,386145114,MarketSupply,0x2385233abb910357e2b97A16D40e0443e53d0769,0x9e90aec7d768403dacc9dd0d8320307fda3f980eed4df43e3e52168a1c667709,100000000,99.96979496411512,99445101807452,,,,,
0x3fceb650cd43342909d9439ba56c0388b8e5559fd0e4f04818f565d8ec9e41eb,1759622530,2025-10-05,2025-10-05 00:02,386145742,MarketSupply,0x2385233abb910357e2b97A16D40e0443e53d0769,0x9e90aec7d768403dacc9dd0d8320307fda3f980eed4df43e3e52168a1c667709,12878291537,12874.40164441989,12806822784793663,,,,,
0xcf5ea9be93d1612f082a1d2238d60b4de218c140baeb2cf2b724b68961eecd24,1759622795,2025-10-05,2025-10-05 00:06,386146806,MarketSupply,0xd8E208BDC85A89615883634810FA87A14928F365,0x9e90aec7d768403dacc9dd0d8320307fda3f980eed4df43e3e52168a1c667709,23783104001,23775.92030590196,23651096101408391,,,,,
0xa427aa26dfc4a8f37120b2e5eaa5485c874182ba885d3aaac01bc4b682616d23,1759639990,2025-10-05,2025-10-05 04:53,386215738,MarketWithdraw,0x4B6F1C9E5d470b97181786b26da0d0945A7cf027,0x9e90aec7d768403dacc9dd0d8320307fda3f980eed4df43e3e52168a1c667709,146761391773,146732.61021056632,145938157801144478,,,,,
0x8a59e9aa7da5fc2152a6bd3fb47733afae259d011a62679cff59416da40fb5b3,1759641325,2025-10-05,2025-10-05 05:15,386221091,MarketSupply,0x4B6F1C9E5d470b97181786b26da0d0945A7cf027,0x9e90aec7d768403dacc9dd0d8320307fda3f980eed4df43e3e52168a1c667709,39999991869,39992.154136100835,39775392884165900,,,,,
0x7bd5301487e7df9bcf8be4b3d0f2bcde812dda4d3692a6b9aa1d471d719a1976,1759649438,2025-10-05,2025-10-05 07:30,386253650,MarketSupply,0x4B6F1C9E5d470b97181786b26da0d0945A7cf027,0x9e90aec7d768403dacc9dd0d8320307fda3f980eed4df43e3e52168a1c667709,20000002071,19994.193614452684,19887051711417104,,,,,
0xe013417d3a70be07e8b3f2fb461ff24ed91441c27007fd3edb630f3db90936ac,1759653832,2025-10-05,2025-10-05 08:43,386271293,MarketSupply,0x4B6F1C9E5d470b97181786b26da0d0945A7cf027,0x9e90aec7d768403dacc9dd0d8320307fda3f980eed4df43e3e52168a1c667709,40000001041,39987.758464035316,39773413093867838,,,,,
0x0af97f4b79b8185d757e1b47bd39c99138440106811f56b33033f8b372b897d1,1759657490,2025-10-05,2025-10-05 09:44,386285960,MarketWithdraw,0x4B6F1C9E5d470b97181786b26da0d0945A7cf027,0x9e90aec7d768403dacc9dd0d8320307fda3f980eed4df43e3e52168a1c667709,136065528908,136023.8840913364,135292918226151509,,,,,
0x6e5d9b10a8466226c23334115533fb21e31d00731831550ce9926857fd5ddd50,1759658704,2025-10-05,2025-10-05 10:05,386290822,MarketSupply,0x4B6F1C9E5d470b97181786b26da0d0945A7cf027,0x9e90aec7d768403dacc9dd0d8320307fda3f980eed4df43e3e52168a1c667709,6065523518,6063.839848193748,6031049338986209,,,,,
0x1c535ca362c6458ea7dcd436c5aba7c6d47f9601f92b7bc1e7e56c75743b4b39,1759664310,2025-10-05,2025-10-05 11:38,386313305,MarketSupply,0x4B6F1C9E5d470b97181786b26da0d0945A7cf027,0x9e90aec7d768403dacc9dd0d8320307fda3f980eed4df43e3e52168a1c667709,89999974940,89974.99272042404,89486217068861299,,,,,
0xe58b694ceff065ec84d1d0c839b78145ef7785339746492566c5171eed7ef5ea,1759665034,2025-10-05,2025-10-05 11:50,386316215,MarketWithdraw,0x4B6F1C9E5d470b97181786b26da0d0945A7cf027,0x9e90aec7d768403dacc9dd0d8320307fda3f980eed4df43e3e52168a1c667709,9999969745,9997.193950450179,9942857249607098,,,,,
0xbfaba7e61ac3b4fce24d8a9274569e1dd096b249b57d4936dc055a3f98bb62da,1759676636,2025-10-05,2025-10-05 15:03,386362741,MarketSupply,0x4B6F1C9E5d470b97181786b26da0d0945A7cf027,0x9e90aec7d768403dacc9dd0d8320307fda3f980eed4df43e3e52168a1c667709,43285529950,43272.54417024105,43036310096297110,,,,,
0x96b97789aca2a14e4ef899c58bd5756ce61ec8108eb38bcc5d0f15515c206c69,1759678890,2025-10-05,2025-10-05 15:41,386371767,MarketWithdraw,0x4B6F1C9E5d470b97181786b26da0d0945A7cf027,0x9e90aec7d768403dacc9dd0d8320307fda3f980eed4df43e3e52168a1c667709,113285528298,113251.54232342483,112632316939272462,,,,,
0xaee7449036010dc22944cd4ed7142e0e0ba56d8d4da3c8c6d86ff28efec849eb,1759681032,2025-10-05,2025-10-05 16:17,386380351,MarketSupply,0xad6452a9b8F10b0fE084C83c396ABAe96411C761,0x9e90aec7d768403dacc9dd0d8320307fda3f980eed4df43e3e52168a1c667709,50069656745,50059.64290369013,49780480687509020,,,,,
0x84c415c4fef46da8e520ea4487e891b5501f8be011bee7b2cd47425de3c6ae2b,1759685355,2025-10-05,2025-10-05 17:29,386397645,MarketWithdraw,0x4B6F1C9E5d470b97181786b26da0d0945A7cf027,0x9e90aec7d768403dacc9dd0d8320307fda3f980eed4df43e3e52168a1c667709,10069659981,10066.693716039754,10011323592148203,,,,,
0xb28da509915736dbd799a44809fcfb63e24fdcd89b95143be22677e92194f42a,1759685957,2025-10-05,2025-10-05 17:39,386400054,MarketSupply,0x4B6F1C9E5d470b97181786b26da0d0945A7cf027,0x9e90aec7d768403dacc9dd0d8320307fda3f980eed4df43e3e52168a1c667709,39999999430,39988.21645054062,39768167484403337,,,,,
0x85b1cedc9a4fed19cd4c6f35aabb5e4659afa791c5ee22044daa4c0f50a45338,1759705287,2025-10-05,2025-10-05 23:01,386477282,MarketSupply,0x4B6F1C9E5d470b97181786b26da0d0945A7cf027,0x9e90aec7d768403dacc9dd0d8320307fda3f980eed4df43e3e52168a1c667709,80000001930,79975.88117517691,79530199313358429,,,,,
0xc296b92c62443722a3858a19558d7149ab5755edd43de17f251a8acaaca98c4a,1759713248,2025-10-06,2025-10-06 01:14,386509120,MarketSupply,0x4B6F1C9E5d470b97181786b26da0d0945A7cf027,0x9e90aec7d768403dacc9dd0d8320307fda3f980eed4df43e3e52168a1c667709,20000004395,19995.003692081777,19881989028870506,,,,,
0xe096fbabdd61827c51e65a663ecee69f0731da17d9af66a17b539841b0c0ce9d,1759715995,2025-10-06,2025-10-06 01:59,386520117,MarketWithdraw,0x4B6F1C9E5d470b97181786b26da0d0945A7cf027,0x9e90aec7d768403dacc9dd0d8320307fda3f980eed4df43e3e52168a1c667709,30000019050,29992.517992507852,29822712216397287,,,,,
0x78f04e10fa72fc8c8a0067ac5407dc57d7727d414e47fc444c77a6b059de4567,1759720803,2025-10-06,2025-10-06 03:20,386539345,MarketSupply,0x2385233abb910357e2b97A16D40e0443e53d0769,0x9e90aec7d768403dacc9dd0d8320307fda3f980eed4df43e3e52168a1c667709,46300472,46.291307713461045,46026022521274,,,,,
0x57b7ebfd24e86e136ee9cdeee954aa8e56f2545ed47a9197131fae7675c11873,1759758705,2025-10-06,2025-10-06 13:51,386691173,MarketRepay,0xd7Fc4Ab828AFc1bb4b217f337f1777Ca856Efd12,0x9e90aec7d768403dacc9dd0d8320307fda3f980eed4df43e3e52168a1c667709,79236659731,79220.73395158269,78724155914809572,,,,,
0x57b7ebfd24e86e136ee9cdeee954aa8e56f2545ed47a9197131fae7675c11873,1759758705,2025-10-06,2025-10-06 13:51,386691173,MarketWithdrawCollateral,0xd7Fc4Ab828AFc1bb4b217f337f1777Ca856Efd12,0x9e90aec7d768403dacc9dd0d8320307fda3f980eed4df43e3e52168a1c667709,70000000000,,,,,,,
0x2d601bb3fc169e8e502c0f710b8499152f1b14dbf08e3c4c70e93c79fe69c279,1759763138,2025-10-06,2025-10-06 15:05,386708944,MarketRepay,0xd7Fc4Ab828AFc1bb4b217f337f1777Ca856Efd12,0x9e90aec7d768403dacc9dd0d8320307fda3f980eed4df43e3e52168a1c667709,80695908955,80674.0292737837,80172719414603514,,,,,
0x2d601bb3fc169e8e502c0f710b8499152f1b14dbf08e3c4c70e93c79fe69c279,1759763138,2025-10-06,2025-10-06 15:05,386708944,MarketWithdrawCollateral,0xd7Fc4Ab828AFc1bb4b217f337f1777Ca856Efd12,0x9e90aec7d768403dacc9dd0d8320307fda3f980eed4df43e3e52168a1c667709,80000000000,,,,,,,
0x44046e94a3af975ba76654bbc45a28de22d1024eac4e96ae5cb46f9962536aaa,1759764714,2025-10-06,2025-10-06 15:31,386715269,MarketRepay,0xd7Fc4Ab828AFc1bb4b217f337f1777Ca856Efd12,0x9e90aec7d768403dacc9dd0d8320307fda3f980eed4df43e3e52168a1c667709,92221413677,92196.40900007525,91623065113871858,,,,,
0x44046e94a3af975ba76654bbc45a28de22d1024eac4e96ae5cb46f9962536aaa,1759764714,2025-10-06,2025-10-06 15:31,386715269,MarketWithdrawCollateral,0xd7Fc4Ab828AFc1bb4b217f337f1777Ca856Efd12,0x9e90aec7d768403dacc9dd0d8320307fda3f980eed4df43e3e52168a1c667709,81000000000,,,,,,,
0x1226229878cc747b36e3902761ddc9503cce57db92213f7a5d0b1c680fa41575,1759764770,2025-10-06,2025-10-06 15:32,386715491,MarketWithdraw,0x4B6F1C9E5d470b97181786b26da0d0945A7cf027,0x9e90aec7d768403dacc9dd0d8320307fda3f980eed4df43e3e52168a1c667709,222200264968,222140.0181596223,220848511922641743,,,,,
0x64e7d4b258c6ca74ba763ee5b0a31e3d639066db635d69dc2bacca7e74874152,1759765743,2025-10-06,2025-10-06 15:49,386719384,MarketWithdraw,0x2385233abb910357e2b97A16D40e0443e53d0769,0x9e90aec7d768403dacc9dd0d8320307fda3f980eed4df43e3e52168a1c667709,13031614076,13028.080717674788,12952293909122389,,,,,
0x81bf236ff8015179517a29b78398c455957cf58cbbd12221c97a4c266d9f82ec,1759770381,2025-10-06,2025-10-06 17:06,386737965,MarketRepay,0xd7Fc4Ab828AFc1bb4b217f337f1777Ca856Efd12,0x9e90aec7d768403dacc9dd0d8320307fda3f980eed4df43e3e52168a1c667709,96150156431,96122.10520486243,95524286453526238,,,,,
0x81bf236ff8015179517a29b78398c455957cf58cbbd12221c97a4c266d9f82ec,1759770381,2025-10-06,2025-10-06 17:06,386737965,MarketWithdrawCollateral,0xd7Fc4Ab828AFc1bb4b217f337f1777Ca856Efd12,0x9e90aec7d768403dacc9dd0d8320307fda3f980eed4df43e3e52168a1c667709,85000000000,,,,,,,
0x0529e56919960c7fcbaa6cfe568d662d785b8a50dc85da978c37efabba1951a3,1759774168,2025-10-06,2025-10-06 18:09,386753159,MarketWithdraw,0x4B6F1C9E5d470b97181786b26da0d0945A7cf027,0x9e90aec7d768403dacc9dd0d8320307fda3f980eed4df43e3e52168a1c667709,43118547562,43105.96798674727,42854946569228741,,,,,
0x970a5644f47f4f54322df37868b2c4ee9ad5e70f5dcd0740b50e53580dae14ee,1759774771,2025-10-06,2025-10-06 18:19,386755578,MarketSupply,0x4B6F1C9E5d470b97181786b26da0d0945A7cf027,0x9e90aec7d768403dacc9dd0d8320307fda3f980eed4df43e3e52168a1c667709,29999996432,29991.244114632278,29816538677643771,,,,,
0x03487ca8e5f19be31f0d82b105a199cfefec14696b749cb3be79db290cd0bf99,1759774956,2025-10-06,2025-10-06 18:22,386756315,MarketRepay,0xd7Fc4Ab828AFc1bb4b217f337f1777Ca856Efd12,0x9e90aec7d768403dacc9dd0d8320307fda3f980eed4df43e3e52168a1c667709,97984167666,97955.58137818596,97344935143306880,,,,,
0x03487ca8e5f19be31f0d82b105a199cfefec14696b749cb3be79db290cd0bf99,1759774956,2025-10-06,2025-10-06 18:22,386756315,MarketWithdrawCollateral,0xd7Fc4Ab828AFc1bb4b217f337f1777Ca856Efd12,0x9e90aec7d768403dacc9dd0d8320307fda3f980eed4df43e3e52168a1c667709,86000000000,,,,,,,
0x7af6672659acc8eda241bfb1c7ee7d0dd3e56270c116953950c9d2b1ca8ef48a,1759806752,2025-10-07,2025-10-07 03:12,386883819,MarketWithdraw,0x4B6F1C9E5d470b97181786b26da0d0945A7cf027,0x9e90aec7d768403dacc9dd0d8320307fda3f980eed4df43e3e52168a1c667709,227984157398,227917.51448094033,226572082216066972,,,,,
0x527f95e5340c5caf79387c65fac682775903b04b38127e71b42ec8bf6da300c0,1759807599,2025-10-07,2025-10-07 03:26,386887214,MarketSupply,0x4B6F1C9E5d470b97181786b26da0d0945A7cf027,0x9e90aec7d768403dacc9dd0d8320307fda3f980eed4df43e3e52168a1c667709,99999983399,99970.75202311981,99380305290203882,,,,,
0x33eb38651647b3b91457abc23e103d435334834e5d254def52fd667b2ba5b7f9,1759808273,2025-10-07,2025-10-07 03:37,386889914,MarketSupply,0x4B6F1C9E5d470b97181786b26da0d0945A7cf027,0x9e90aec7d768403dacc9dd0d8320307fda3f980eed4df43e3e52168a1c667709,80000008121,79976.62301403981,79504102300733750,,,,,
0xedc053a805e4a368f786565bcd9fd39e3fac4eebbb4436ca82d953a038823701,1759812186,2025-10-07,2025-10-07 04:43,386905595,MarketSupply,0x2385233abb910357e2b97A16D40e0443e53d0769,0x9e90aec7d768403dacc9dd0d8320307fda3f980eed4df43e3e52168a1c667709,3035672439,3034.796488733983,3016824087918676,,,,,
0x49b3f34df7a2e2f4fd7ef8c9660aca4f5c101a84e54dc38236cc96bdac44019e,1759812224,2025-10-07,2025-10-07 04:43,386905747,MarketWithdraw,0x4B6F1C9E5d470b97181786b26da0d0945A7cf027,0x9e90aec7d768403dacc9dd0d8320307fda3f980eed4df43e3e52168a1c667709,63035665632,63017.47654566461,62644273908773034,,,,,
0x94f3324b2b46b12d897f3160c2fa95510a0c214f3d569e672512ed0459a29c65,1759816852,2025-10-07,2025-10-07 06:00,386924310,MarketWithdraw,0x4B6F1C9E5d470b97181786b26da0d0945A7cf027,0x9e90aec7d768403dacc9dd0d8320307fda3f980eed4df43e3e52168a1c667709,20000005177,19995.688236542013,19875554071192664,,,,,
0x3d57d6dd4ff50d28531024f6e00bd641a26f931f2e19e2df8331d8a1e6de14f0,1759820469,2025-10-07,2025-10-07 07:01,386938827,MarketWithdraw,0x4B6F1C9E5d470b97181786b26da0d0945A7cf027,0x9e90aec7d768403dacc9dd0d8320307fda3f980eed4df43e3e52168a1c667709,10000001655,9997.8431849725,9937666541421574,,,,,
0x634d7931433f55369407488f4704a3584e15dc166dd9f9593ee3a69983b613d7,1759821197,2025-10-07,2025-10-07 07:13,386941751,MarketSupply,0x4B6F1C9E5d470b97181786b26da0d0945A7cf027,0x9e90aec7d768403dacc9dd0d8320307fda3f980eed4df43e3e52168a1c667709,82723758797,82706.43072586368,82207913570759994,,,,,
0xd611cd243dd51a3f9fbdedd368f37484a3713c2315d9e71424650110136d1de5,1759824905,2025-10-07,2025-10-07 08:15,386956613,MarketWithdraw,0x2385233abb910357e2b97A16D40e0443e53d0769,0x9e90aec7d768403dacc9dd0d8320307fda3f980eed4df43e3e52168a1c667709,3035784122,3034.88275355958,3016824087918676,,,,,
0xcb03cff3414b20541852a93160283f54f60bb0a34617c176202dfff7d4ecd72c,1759824910,2025-10-07,2025-10-07 08:15,386956632,MarketWithdraw,0xad6452a9b8F10b0fE084C83c396ABAe96411C761,0x9e90aec7d768403dacc9dd0d8320307fda3f980eed4df43e3e52168a1c667709,100185419406,100155.67289847057,99559708548916731,,,,,
0x77756b90b60c90ac81ce5b4c25f105e8b2693d69ba57af91a807acdd7d75133e,1759824940,2025-10-07,2025-10-07 08:15,386956751,MarketSupply,0x4B6F1C9E5d470b97181786b26da0d0945A7cf027,0x9e90aec7d768403dacc9dd0d8320307fda3f980eed4df43e3e52168a1c667709,110965147377,110932.20021151898,110272100770931379,,,,,
0x8c4408cfd2629cb63eac5379574dfe1acb55086530d65606b64aba07601c03df,1759827185,2025-10-07,2025-10-07 08:53,386965767,MarketSupply,0x2385233abb910357e2b97A16D40e0443e53d0769,0x9e90aec7d768403dacc9dd0d8320307fda3f980eed4df43e3e52168a1c667709,5844150023,5842.414809895209,5807615676455818,,,,,
0xa4fdcaeeef1801aee227ffc4186bd8cb7d71f2e88f1a4d998ef76734e18bb277,1759829175,2025-10-07,2025-10-07 09:26,386973747,MarketSupply,0x2385233abb910357e2b97A16D40e0443e53d0769,0x9e90aec7d768403dacc9dd0d8320307fda3f980eed4df43e3e52168a1c667709,40054918,40.04302511252254,39804313182105,,,,,
0x47506a78ef0eab6323c981da6dee469ca0ebef5761c5b1ae043b6e2637b28eb5,1759829940,2025-10-07,2025-10-07 09:39,386976822,MarketSupply,0x4B6F1C9E5d470b97181786b26da0d0945A7cf027,0x9e90aec7d768403dacc9dd0d8320307fda3f980eed4df43e3e52168a1c667709,23648069841,23641.048385265698,23500068684151224,,,,,
0x5b8e8e435af33bc079b235dd90906f2bd29efce1184655c29e5600bb4e8964e5,1759838895,2025-10-07,2025-10-07 12:08,387012740,MarketWithdraw,0x22F34f08406073bd27239cBaCF7942Ba0477704A,0x9e90aec7d768403dacc9dd0d8320307fda3f980eed4df43e3e52168a1c667709,8167723862,8164.8530327962,8116426265983727,,,,,
0x5ef93c2a79b259f31421021191d20e3916f76522bf74fdc7bc53e1544a235ed6,1759853057,2025-10-07,2025-10-07 16:04,387069553,MarketSupply,0x4B6F1C9E5d470b97181786b26da0d0945A7cf027,0x9e90aec7d768403dacc9dd0d8320307fda3f980eed4df43e3e52168a1c667709,108167725909,108139.20693905893,107484583985777142,,,,,
0x973fbee7cba6e95b487229f598ed69b650e8b6af25338507ac2e5c67f8c6b20e,1759862708,2025-10-07,2025-10-07 18:45,387108270,MarketSupply,0x2385233abb910357e2b97A16D40e0443e53d0769,0x9e90aec7d768403dacc9dd0d8320307fda3f980eed4df43e3e52168a1c667709,2452148318,2451.489206831047,2436604128933962,,,,,
0x0a771900d7bfb9b86d3e4123b3f3e5c2f3dee1530894d60bd0253af0731a5981,1759863908,2025-10-07,2025-10-07 19:05,387113074,MarketSupply,0x2385233abb910357e2b97A16D40e0443e53d0769,0x9e90aec7d768403dacc9dd0d8320307fda3f980eed4df43e3e52168a1c667709,1752156517,1751.515137279382,1741044479825059,,,,,
0xf147f692b3f78fa1275fd10ec7a72c0f8e4332ae97fcc7088a3a9d27cac5014f,1759865587,2025-10-07,2025-10-07 19:33,387119805,MarketSupply,0x2385233abb910357e2b97A16D40e0443e53d0769,0x9e90aec7d768403dacc9dd0d8320307fda3f980eed4df43e3e52168a1c667709,5574711839,5572.671206735055,5539334753450414,,,,,
0x2b327daa6c81390146e62ace5e8a08f6bdd2d97b29eb41ea5e81d911bb08579c,1759890892,2025-10-08,2025-10-08 02:34,387221308,MarketWithdraw,0x4B6F1C9E5d470b97181786b26da0d0945A7cf027,0x9e90aec7d768403dacc9dd0d8320307fda3f980eed4df43e3e52168a1c667709,109779002535,109746.35570183232,109075613039824288,,,,,
0xa99c3b889109d592df8e0735dc3e451378ca33aeceda61938e77da020800f65e,1759896763,2025-10-08,2025-10-08 04:12,387244852,MarketWithdraw,0xa60643c90A542A95026C0F1dbdB0615fF42019Cf,0x9e90aec7d768403dacc9dd0d8320307fda3f980eed4df43e3e52168a1c667709,181104360127,181068.46383179878,179941351039526475,,,,,
0xe6bd64a03cc82a1fdee13889c2dbeaf97b27a7dca8e899ccad0e77d18fb29594,1759896773,2025-10-08,2025-10-08 04:12,387244891,MarketSupply,0x4B6F1C9E5d470b97181786b26da0d0945A7cf027,0x9e90aec7d768403dacc9dd0d8320307fda3f980eed4df43e3e52168a1c667709,181104338414,181068.44212310246,179941323256756875,,,,,
0x5055e11538c632178ee61a3f5c79ea6b6f96ebf3cace034ce810516c64953d98,1759903043,2025-10-08,2025-10-08 05:57,387270076,MarketWithdraw,0x4B6F1C9E5d470b97181786b26da0d0945A7cf027,0x9e90aec7d768403dacc9dd0d8320307fda3f980eed4df43e3e52168a1c667709,59999979834,59988.08737052381,59613746970634135,,,,,
0xb7ded16279a7efa2007b6603ecf535b55f537093a4279cc8295c1dd196158274,1759903271,2025-10-08,2025-10-08 06:01,387270987,MarketWithdraw,0x2385233abb910357e2b97A16D40e0443e53d0769,0x9e90aec7d768403dacc9dd0d8320307fda3f980eed4df43e3e52168a1c667709,3942000000,3940.858405779116,3916622015830678,,,,,
0xb4990f5bb9d80f36cb2bbbdc1b2cbb5ea9671da5eda192e9adfccb5290d14010,1759906152,2025-10-08,2025-10-08 06:49,387282534,MarketSupply,0x2385233abb910357e2b97A16D40e0443e53d0769,0x9e90aec7d768403dacc9dd0d8320307fda3f980eed4df43e3e52168a1c667709,522556978,522.4056466894552,519188656203205,,,,,
0x316c05eb08c39891c8be367d9b79b5fc21778f27801d9d46cc14ad23e7f282ba,1759907831,2025-10-08,2025-10-08 07:17,387289253,MarketSupply,0x2385233abb910357e2b97A16D40e0443e53d0769,0x9e90aec7d768403dacc9dd0d8320307fda3f980eed4df43e3e52168a1c667709,517566793,517.4169068356645,514228225859928,,,,,
0x15569766fc8c5116b55eb04c3caebaa29482a1719b9e12e0b6f4639f6eb88718,1759909849,2025-10-08,2025-10-08 07:50,387297331,MarketWithdraw,0x4B6F1C9E5d470b97181786b26da0d0945A7cf027,0x9e90aec7d768403dacc9dd0d8320307fda3f980eed4df43e3e52168a1c667709,15091455902,15087.085450746206,14994023961003826,,,,,
0x20b8d143c18c3da3ee6a0b30f79b6c3863887c8f0ddf407e1c2504f537d2bdce,1759911977,2025-10-08,2025-10-08 08:26,387305853,MarketWithdraw,0x2385233abb910357e2b97A16D40e0443e53d0769,0x9e90aec7d768403dacc9dd0d8320307fda3f980eed4df43e3e52168a1c667709,1000000000,999.7077348899428,993537824139959,,,,,
0x18b2fe7d82a9c4eb0ec6d713c7dcfd747ebdf8205821392fe6984f69a9ee0f78,1759912261,2025-10-08,2025-10-08 08:31,387306993,MarketSupply,0x4B6F1C9E5d470b97181786b26da0d0945A7cf027,0x9e90aec7d768403dacc9dd0d8320307fda3f980eed4df43e3e52168a1c667709,78993340108,78970.25311075956,78482807063249596,,,,,
0x3d4e655081e2a88c9f539ef0ac5d0d62f2069b08c348c12d1c840a0eab68353a,1759917112,2025-10-08,2025-10-08 09:51,387326399,MarketSupply,0x2385233abb910357e2b97A16D40e0443e53d0769,0x9e90aec7d768403dacc9dd0d8320307fda3f980eed4df43e3e52168a1c667709,49970510,49.95590536339523,49646954642921,,,,,
0xbc552c5c67fae5b16a4d977c2284cd3f4a4758ab937ba00ef0f364f2367c6fca,1759917860,2025-10-08,2025-10-08 10:04,387329396,MarketWithdraw,0x2385233abb910357e2b97A16D40e0443e53d0769,0x9e90aec7d768403dacc9dd0d8320307fda3f980eed4df43e3e52168a1c667709,11813822722,11810.193114472344,11737307348582775,,,,,
0x0feeed2eb0d98e6932aca7dbec63de678852aee7c2e9ab5c1f07f167c098c03d,1759918223,2025-10-08,2025-10-08 10:10,387330851,MarketWithdraw,0xd8E208BDC85A89615883634810FA87A14928F365,0x9e90aec7d768403dacc9dd0d8320307fda3f980eed4df43e3e52168a1c667709,23805299039,23797.98524272734,23651096101408391,,,,,
0x9e3d68b4944510c6875ea3b36cc6677f5846569319998a66b3d8b52a2d083f0b,1759935965,2025-10-08,2025-10-08 15:06,387401911,MarketWithdraw,0x4B6F1C9E5d470b97181786b26da0d0945A7cf027,0x9e90aec7d768403dacc9dd0d8320307fda3f980eed4df43e3e52168a1c667709,14430829939,14426.56540405171,14336679608302727,,,,,
0xf37118b63e60a8068b502fdfdfc7fc99a4cee346ae74ed197ccc35134d3cf0ef,1759939165,2025-10-08,2025-10-08 15:59,387414738,MarketWithdraw,0x4B6F1C9E5d470b97181786b26da0d0945A7cf027,0x9e90aec7d768403dacc9dd0d8320307fda3f980eed4df43e3e52168a1c667709,30000000848,29991.135380621767,29804013698400492,,,,,
0xb25cee59f6b0a339e5478ca95160f49f229754ac9e35a9a68ee9d59a98d97bb3,1759955350,2025-10-08,2025-10-08 20:29,387479662,MarketWithdraw,0x4B6F1C9E5d470b97181786b26da0d0945A7cf027,0x9e90aec7d768403dacc9dd0d8320307fda3f980eed4df43e3e52168a1c667709,10000018477,9997.058955621631,9934224613290322,,,,,
0x1b9d9987ec16a3c0bf690f222fe514c215c4d81e24a212f9e1fd80cf28984339,1759975981,2025-10-09,2025-10-09 02:13,387562372,MarketSupply,0x4B6F1C9E5d470b97181786b26da0d0945A7cf027,0x9e90aec7d768403dacc9dd0d8320307fda3f980eed4df43e3e52168a1c667709,19999999019,19994.073483308606,19867202053517539,,,,,
0x309b3b70424b7886c04fd06017f46d6e984c2342c2c949ec7945401cba1d7b7c,1759979678,2025-10-09,2025-10-09 03:14,387577186,MarketSupply,0x4B6F1C9E5d470b97181786b26da0d0945A7cf027,0x9e90aec7d768403dacc9dd0d8320307fda3f980eed4df43e3e52168a1c667709,20000001727,19994.132993651292,19866995896591195,,,,,
0x507b74d11b3a7a92d03cfb9fbf0d335fd63f838114113274733c452b9bfb3751,1759994712,2025-10-09,2025-10-09 07:25,387637409,MarketWithdraw,0x4B6F1C9E5d470b97181786b26da0d0945A7cf027,0x9e90aec7d768403dacc9dd0d8320307fda3f980eed4df43e3e52168a1c667709,32211388780,32201.855508058026,31995858244474796,,,,,
0x4741a66ebfa861603763473cb0aafd6702a587bd33555784be80e0dd9528339f,1759995498,2025-10-09,2025-10-09 07:38,387640556,MarketWithdraw,0x4B6F1C9E5d470b97181786b26da0d0945A7cf027,0x9e90aec7d768403dacc9dd0d8320307fda3f980eed4df43e3e52168a1c667709,67788595527,67768.53283674664,67334859101665669,,,,,
0xacd6abb5d7be65b3a2a899de03c3449ccd0757bf00859efc18a21c4f09b5feb9,1759996774,2025-10-09,2025-10-09 07:59,387645670,MarketSupply,0x4B6F1C9E5d470b97181786b26da0d0945A7cf027,0x9e90aec7d768403dacc9dd0d8320307fda3f980eed4df43e3e52168a1c667709,19999977256,19994.058069363342,19866025800001727,,,,,
0x4d6ea7b871f0754b59660073db71ad2a93a8f2a47cb35ba0954670af1f5cfc5d,1759996860,2025-10-09,2025-10-09 08:01,387646012,MarketSupply,0xa60643c90A542A95026C0F1dbdB0615fF42019Cf,0x9e90aec7d768403dacc9dd0d8320307fda3f980eed4df43e3e52168a1c667709,3980268889,3979.107362900178,3953609635898713,,,,,
0x36d3d46c7548cc1a914f5315e51b6e2990633a83ced4e8dd73f6dcf8c229dea6,1759997376,2025-10-09,2025-10-09 08:09,387648078,MarketSupply,0x4B6F1C9E5d470b97181786b26da0d0945A7cf027,0x9e90aec7d768403dacc9dd0d8320307fda3f980eed4df43e3e52168a1c667709,42588067630,42575.639536955845,42302750058819767,,,,,
0x0a93e86bef17cdf612e87128fd38e651af7752e10f285bc2ad6426d53c4a05fb,1760002387,2025-10-09,2025-10-09 09:33,387668146,MarketWithdraw,0x4B6F1C9E5d470b97181786b26da0d0945A7cf027,0x9e90aec7d768403dacc9dd0d8320307fda3f980eed4df43e3e52168a1c667709,26568313849,26560.56065673473,26389933680754700,,,,,
0x764d7bbb16d6458600bdd55aa112535421406cc21765d214e44575aab50f6f09,1760005100,2025-10-09,2025-10-09 10:18,387678999,MarketSupply,0x4B6F1C9E5d470b97181786b26da0d0945A7cf027,0x9e90aec7d768403dacc9dd0d8320307fda3f980eed4df43e3e52168a1c667709,289544320245,289474.3408762263,287597916920989118,,,,,
0x138bf6853886e5a9db42fa3551c4f0abc861cb4024cbaa40b1bd2675a899b532,1760010756,2025-10-09,2025-10-09 11:52,387701684,MarketWithdraw,0x4B6F1C9E5d470b97181786b26da0d0945A7cf027,0x9e90aec7d768403dacc9dd0d8320307fda3f980eed4df43e3e52168a1c667709,179544330525,179500.93682656236,178334926400615663,,,,,
0xe2fd2a17e99e8cea5ddef4b4e391970f6bde605dcc1f052f450f796402539aba,1760020926,2025-10-09,2025-10-09 14:42,387742464,MarketSupply,0x4B6F1C9E5d470b97181786b26da0d0945A7cf027,0x9e90aec7d768403dacc9dd0d8320307fda3f980eed4df43e3e52168a1c667709,89999985691,89973.50854562048,89391483470153509,,,,,
0x1105384f161157fb4d2cae76cb437a3439287c8763f472c9d84cfd16f62aced4,1760031421,2025-10-09,2025-10-09 17:37,387784499,MarketWithdraw,0x4B6F1C9E5d470b97181786b26da0d0945A7cf027,0x9e90aec7d768403dacc9dd0d8320307fda3f980eed4df43e3e52168a1c667709,10000000173,9997.030369381215,9932132202119339,,,,,
0xdb7177d727478eb8fdd07702d4ac02710ed853942f44795a067bb34bc6b2e569,1760037693,2025-10-09,2025-10-09 19:21,387809599,MarketSupply,0x64A651D825FC70Ebba88f2E1BAD90be9A496C4b9,0x9e90aec7d768403dacc9dd0d8320307fda3f980eed4df43e3e52168a1c667709,131911126,131.8761763956789,131013846607016,,,,,
0xb6b29ef85e2f6f248da2142ec141d4b747eea962c6ad745ca4189cb6bb6b4b0a,1760052993,2025-10-09,2025-10-09 23:36,387870813,MarketWithdraw,0x4B6F1C9E5d470b97181786b26da0d0945A7cf027,0x9e90aec7d768403dacc9dd0d8320307fda3f980eed4df43e3e52168a1c667709,30131925704,30123.1531731832,29925835385311343,,,,,
0x9b073670ef5f0e4d919e10028af7f1016be283cf1648a5cf4b100d087170f317,1760056599,2025-10-10,2025-10-10 00:36,387885242,MarketWithdraw,0x4B6F1C9E5d470b97181786b26da0d0945A7cf027,0x9e90aec7d768403dacc9dd0d8320307fda3f980eed4df43e3e52168a1c667709,49999985332,49985.42846575542,49657562366634915,,,,,
0xc89bff38c88f9595c53b0621b18cdfb5257644d707f085229a2dd71d46b3bb6f,1760070630,2025-10-10,2025-10-10 04:30,387941482,MarketSupply,0x46cE9AA8167Fa3E154395c25d19dB25DdFCfeab4,0x9e90aec7d768403dacc9dd0d8320307fda3f980eed4df43e3e52168a1c667709,100030855,100.00644833797348,99342325156145,,,,,
0xca057c1fa2cd22bedcb9f5a81c0abff078fcb4b972442af6154aa3d48f0204bb,1760095059,2025-10-10,2025-10-10 11:17,388039409,MarketWithdraw,0x4B6F1C9E5d470b97181786b26da0d0945A7cf027,0x9e90aec7d768403dacc9dd0d8320307fda3f980eed4df43e3e52168a1c667709,4982628383,4981.449092336731,4948030959103715,,,,,
0x6bea97b715e79339cbebb031a11a01ea67bc728c07d6a57dafc4a571295390b4,1760097680,2025-10-10,2025-10-10 12:01,388049917,MarketSupply,0x4B6F1C9E5d470b97181786b26da0d0945A7cf027,0x9e90aec7d768403dacc9dd0d8320307fda3f980eed4df43e3e52168a1c667709,4882612198,4881.154656636872,4848677567856032,,,,,
0xad1b86606d5d9202c59880268638652317927dbf33ae535341402c29b974bdbc,1760102856,2025-10-10,2025-10-10 13:27,388070668,MarketSupply,0x4B6F1C9E5d470b97181786b26da0d0945A7cf027,0x9e90aec7d768403dacc9dd0d8320307fda3f980eed4df43e3e52168a1c667709,119999999993,119964.17798697691,119164451775598759,,,,,
0xb4a06de51a6984c3234c049c5fae01095027c32f2b7807c01de80ecec6648012,1760103227,2025-10-10,2025-10-10 13:33,388072158,MarketSupply,0x4B6F1C9E5d470b97181786b26da0d0945A7cf027,0x9e90aec7d768403dacc9dd0d8320307fda3f980eed4df43e3e52168a1c667709,899200189405,898931.763116644,892938334814937493,,,,,
0xf467ff362ae19b012e36c89ad19589f405bebf5a7c18c159f9a096189346efc8,1760106004,2025-10-10,2025-10-10 14:20,388083303,MarketWithdraw,0x4B6F1C9E5d470b97181786b26da0d0945A7cf027,0x9e90aec7d768403dacc9dd0d8320307fda3f980eed4df43e3e52168a1c667709,49200205591,49186.32500531675,48857289099556153,,,,,
0xae07757372d4766a12ceadebaf527185009ab5973c45712bd8dbde2fb5df36bd,1760106252,2025-10-10,2025-10-10 14:24,388084298,MarketSupply,0x4B6F1C9E5d470b97181786b26da0d0945A7cf027,0x9e90aec7d768403dacc9dd0d8320307fda3f980eed4df43e3e52168a1c667709,108675561180,108644.90113660153,107918053556188507,,,,,
0x7b1b5cf299e667d3ad0d91539b4c4a9025d6b97eedb19d6cbde1de14e94c7526,1760108861,2025-10-10,2025-10-10 15:07,388094768,MarketWithdraw,0x46cE9AA8167Fa3E154395c25d19dB25DdFCfeab4,0x9e90aec7d768403dacc9dd0d8320307fda3f980eed4df43e3e52168a1c667709,100040202,100.01197820339284,99342325156145,,,,,
0xa41027acd4c3f969a29c6d41bac082621dc72dc19e5401f25b86b46bc79533a1,1760109094,2025-10-10,2025-10-10 15:11,388095696,MarketSupply,0x4B6F1C9E5d470b97181786b26da0d0945A7cf027,0x9e90aec7d768403dacc9dd0d8320307fda3f980eed4df43e3e52168a1c667709,460775505608,460668.9050070111,457560921424090558,,,,,
0xd57b193db311d158543b9b8418e0bf0b81c2971b3d25d4e1c24db4674f953f66,1760109961,2025-10-10,2025-10-10 15:26,388099175,MarketWithdraw,0x4B6F1C9E5d470b97181786b26da0d0945A7cf027,0x9e90aec7d768403dacc9dd0d8320307fda3f980eed4df43e3e52168a1c667709,1279351012010,1278990.0756860997,1270423412245123925,,,,,
0x685e6f477371c97037bd95161508951959295758a51d99822938b6e1bdff91fa,1760111579,2025-10-10,2025-10-10 15:52,388105651,MarketWithdraw,0xa60643c90A542A95026C0F1dbdB0615fF42019Cf,0x9e90aec7d768403dacc9dd0d8320307fda3f980eed4df43e3e52168a1c667709,504364142595,504221.8490900694,500842628318163932,,,,,
0xf18b741fdb96441e9074e019ca59a63f39f58288aaace423a240312cca37d22e,1760111620,2025-10-10,2025-10-10 15:53,388105814,MarketSupply,0x4B6F1C9E5d470b97181786b26da0d0945A7cf027,0x9e90aec7d768403dacc9dd0d8320307fda3f980eed4df43e3e52168a1c667709,244364117558,244295.17644218696,242657907856359949,,,,,
0x09d64155e57cd50cb5c0decda5f03a7b495242b4e3cb61923979923c3835795c,1760112352,2025-10-10,2025-10-10 16:05,388108754,MarketSupply,0x4B6F1C9E5d470b97181786b26da0d0945A7cf027,0x9e90aec7d768403dacc9dd0d8320307fda3f980eed4df43e3e52168a1c667709,379051379989,378944.44029037294,376404065296222854,,,,,
0x34ebc5588d457e02273960e09fcf38b870c28010d366511e64669ca537adaa1e,1760112537,2025-10-10,2025-10-10 16:08,388109491,MarketWithdraw,0x4B6F1C9E5d470b97181786b26da0d0945A7cf027,0x9e90aec7d768403dacc9dd0d8320307fda3f980eed4df43e3e52168a1c667709,72914494502,72897.8422368165,72405224164555636,,,,,
0x85aeef39a92813856518fb381bd02199eb995ffbe4e77793b525f2f486498906,1760114678,2025-10-10,2025-10-10 16:44,388118090,MarketWithdraw,0x4B6F1C9E5d470b97181786b26da0d0945A7cf027,0x9e90aec7d768403dacc9dd0d8320307fda3f980eed4df43e3e52168a1c667709,306136846944,306066.9311886681,303997083535551125,,,,,
0x30015946b9180dafdff63c435efaf58b1d56661e9bfa6664edbc2b85fc50e05a,1760125350,2025-10-10,2025-10-10 19:42,388160856,MarketWithdraw,0x4B6F1C9E5d470b97181786b26da0d0945A7cf027,0x9e90aec7d768403dacc9dd0d8320307fda3f980eed4df43e3e52168a1c667709,89999984002,89982.47867432717,89368549654264946,,,,,
0x0458a20223bdb8632f6cef8b602b7f5efc7843dbcf6565dcdf167c1ce43dbf8c,1760126202,2025-10-10,2025-10-10 19:56,388164259,MarketWithdraw,0x4B6F1C9E5d470b97181786b26da0d0945A7cf027,0x9e90aec7d768403dacc9dd0d8320307fda3f980eed4df43e3e52168a1c667709,160000021252,159968.90065980508,158877070439944395,,,,,
0xc3903a224fc4116e2c99e8e8b69fed445a0ec4e30297b50a777c1be29887f09f,1760126688,2025-10-10,2025-10-10 20:04,388166204,MarketSupply,0x4B6F1C9E5d470b97181786b26da0d0945A7cf027,0x9e90aec7d768403dacc9dd0d8320307fda3f980eed4df43e3e52168a1c667709,79999989792,79984.42949995481,79438365023204443,,,,,
0x87aff402fb5b0e561ca69e919806a7abcbdd4257d9c8148928a5b7795ac86853,1760128872,2025-10-10,2025-10-10 20:41,388174971,MarketSupply,0x4B6F1C9E5d470b97181786b26da0d0945A7cf027,0x9e90aec7d768403dacc9dd0d8320307fda3f980eed4df43e3e52168a1c667709,170000005080,169966.93945419675,168805294656655825,,,,,
0xfaa89626f840bbff775510f249fd31c96756afed72bc5d3833f61f4c89e5de55,1760132645,2025-10-10,2025-10-10 21:44,388190044,MarketSupply,0x4B6F1C9E5d470b97181786b26da0d0945A7cf027,0x9e90aec7d768403dacc9dd0d8320307fda3f980eed4df43e3e52168a1c667709,107407497522,107394.75372981907,106651666901513122,,,,,
0xe2e44411553ff29e29eaa5d85fbd573c027d1ba764438d5357967289f2421008,1760135022,2025-10-10,2025-10-10 22:23,388199586,MarketWithdraw,0x4B6F1C9E5d470b97181786b26da0d0945A7cf027,0x9e90aec7d768403dacc9dd0d8320307fda3f980eed4df43e3e52168a1c667709,107407487042,107394.74325106251,106651034320995734,,,,,
0xbce52bf5a767fe0aa9df0b40fd6c61a170e93ed24749497c82a9963c9b3e2636,1760135083,2025-10-10,2025-10-10 22:24,388199830,MarketWithdraw,0x4B6F1C9E5d470b97181786b26da0d0945A7cf027,0x9e90aec7d768403dacc9dd0d8320307fda3f980eed4df43e3e52168a1c667709,469999984110,469944.21908185276,466689783016915854,,,,,
0x6ec07cbe2192b12ca859cb108e47c6506393560b5a7076e1bc95c632231da9a1,1760135628,2025-10-10,2025-10-10 22:33,388202010,MarketSupply,0x4B6F1C9E5d470b97181786b26da0d0945A7cf027,0x9e90aec7d768403dacc9dd0d8320307fda3f980eed4df43e3e52168a1c667709,139999954535,139983.34368038469,139013542912031376,,,,,
0xb33adbf4052685d6368d38ece6a07839796ae246c8a8a19bd148b864d590bb51,1760136173,2025-10-10,2025-10-10 22:42,388204197,MarketSupply,0x4B6F1C9E5d470b97181786b26da0d0945A7cf027,0x9e90aec7d768403dacc9dd0d8320307fda3f980eed4df43e3e52168a1c667709,122375599962,122361.08021943162,121513077912623618,,,,,
0x6b753f34ad2d3d420039488d8c5b8c3bf24c275be4c4bddeab043e2f4a4d78b0,1760136599,2025-10-10,2025-10-10 22:49,388205902,MarketSupply,0x4B6F1C9E5d470b97181786b26da0d0945A7cf027,0x9e90aec7d768403dacc9dd0d8320307fda3f980eed4df43e3e52168a1c667709,28545140437,28541.75358463031,28343906066348942,,,,,
0x471714242d538ddad9aabffb64419320abb51e1f260cb0b366774800985dbf48,1760136843,2025-10-10,2025-10-10 22:54,388206882,MarketWithdraw,0x4B6F1C9E5d470b97181786b26da0d0945A7cf027,0x9e90aec7d768403dacc9dd0d8320307fda3f980eed4df43e3e52168a1c667709,370920721913,370876.71254024,368305534596821050,,,,,
0x843ef621ccb8f1ef8ed6aa743883a4de7bbc1b817896343b4ae5d791d7995341,1760137448,2025-10-10,2025-10-10 23:04,388209306,MarketWithdraw,0x4B6F1C9E5d470b97181786b26da0d0945A7cf027,0x9e90aec7d768403dacc9dd0d8320307fda3f980eed4df43e3e52168a1c667709,98436262222,98431.98530591068,97741896274042274,,,,,
0xa7cbefbc6296c4ac4f0901a04e88e994cabf1e1667715f2155548d0d62745fc2,1760139592,2025-10-10,2025-10-10 23:39,388217893,MarketWithdraw,0xa60643c90A542A95026C0F1dbdB0615fF42019Cf,0x9e90aec7d768403dacc9dd0d8320307fda3f980eed4df43e3e52168a1c667709,96420452420,96416.26308798976,95738998596351139,,,,,
0x29f381a9969b58083d49a8fe3494c1bd994c190d9b73d264360e0687ea8bb3a0,1760139663,2025-10-10,2025-10-10 23:41,388218176,MarketWithdraw,0x4B6F1C9E5d470b97181786b26da0d0945A7cf027,0x9e90aec7d768403dacc9dd0d8320307fda3f980eed4df43e3e52168a1c667709,99491124981,99486.80223261876,98787919834104240,,,,,
0x2a16fc1a74c6fb1ed1ad620424b2b563dfe7184f74bc59efd847ee06656a6c21,1760140071,2025-10-10,2025-10-10 23:47,388219808,MarketRepay,0x1597E4B7cF6D2877A1d690b6088668afDb045763,0x9e90aec7d768403dacc9dd0d8320307fda3f980eed4df43e3e52168a1c667709,500000000000,499978.2757086018,496207445744322775,,,,,
0x5099c31433c39e2374fb92851babf88732ef4512e3e214f8ec58f3cae237b262,1760140239,2025-10-10,2025-10-10 23:50,388220476,MarketWithdraw,0x4B6F1C9E5d470b97181786b26da0d0945A7cf027,0x9e90aec7d768403dacc9dd0d8320307fda3f980eed4df43e3e52168a1c667709,945003947808,944962.8887257308,938321026044576808,,,,,
0x2b57a51d4192fe340c868794d9a0def786b3ca4480e7e22096a100bef81f80ea,1760159176,2025-10-11,2025-10-11 05:06,388296468,MarketSupply,0x5bCFe63A297c1F48B414FA56579ec58bd1480869,0x9e90aec7d768403dacc9dd0d8320307fda3f980eed4df43e3e52168a1c667709,8630820505,8629.47372747508,8567955486008300,,,,,
0x97a811ea100e89da9d75a81692a73df47622112751b506601b2acddda0baaa54,1760160939,2025-10-11,2025-10-11 05:35,388303536,MarketSupply,0xad6452a9b8F10b0fE084C83c396ABAe96411C761,0x9e90aec7d768403dacc9dd0d8320307fda3f980eed4df43e3e52168a1c667709,103738614378,103722.42671261758,102980938328404342,,,,,
0x04bf6862d56a45ff6aba6d13063b5797b74bdf0947e9ac57f43ff41d2ad11c4d,1760160982,2025-10-11,2025-10-11 05:36,388303708,MarketWithdraw,0x4B6F1C9E5d470b97181786b26da0d0945A7cf027,0x9e90aec7d768403dacc9dd0d8320307fda3f980eed4df43e3e52168a1c667709,112917751526,112900.13152222033,112092983159649208,,,,,
0x75b661056fc9d55f91dd95aa05736e0f52209765756bed8312ca8320a9bd96c6,1760161791,2025-10-11,2025-10-11 05:49,388306956,MarketSupply,0x4B6F1C9E5d470b97181786b26da0d0945A7cf027,0x9e90aec7d768403dacc9dd0d8320307fda3f980eed4df43e3e52168a1c667709,4658846783313,4658119.803747595,4624774882371729421,,,,,
0x6623e16e6ff15fcd8fd93d8e40ee477cb8d4ae227b5b1153c115e66ffa14069e,1760162042,2025-10-11,2025-10-11 05:54,388307956,MarketSupply,0x4B6F1C9E5d470b97181786b26da0d0945A7cf027,0x9e90aec7d768403dacc9dd0d8320307fda3f980eed4df43e3e52168a1c667709,791701846082,791578.3066975204,785911498608061311,,,,,
0x5d26dbba3ddd6e1b82c5d396f6a5d87498f1b7e9ef8a4c80f5bc4bf1bb4be293,1760162390,2025-10-11,2025-10-11 05:59,388309352,MarketWithdraw,0xad6452a9b8F10b0fE084C83c396ABAe96411C761,0x9e90aec7d768403dacc9dd0d8320307fda3f980eed4df43e3e52168a1c667709,103739725517,103723.53767823233,102980938328404342,,,,,
0x00f6952ce377b0529a93b48e9ced7dd67e030d43cbdcc64a6d2cef910d27c9e8,1760162477,2025-10-11,2025-10-11 06:01,388309696,MarketSupply,0x4B6F1C9E5d470b97181786b26da0d0945A7cf027,0x9e90aec7d768403dacc9dd0d8320307fda3f980eed4df43e3e52168a1c667709,1046485967,1046.3226703841474,1038831475056465,,,,,
0x5769c8e3ef25a3c2486b509b5a9062e95032067bc98ceab4151b1617ce91e375,1760168279,2025-10-11,2025-10-11 07:37,388332946,MarketWithdraw,0x5bCFe63A297c1F48B414FA56579ec58bd1480869,0x9e90aec7d768403dacc9dd0d8320307fda3f980eed4df43e3e52168a1c667709,8631166001,8628.649846360766,8567955486008300,,,,,
0xe391318485f34e3c27fe1fee8e628bde17fa7b208116f53cd28f07a4a0ca38d9,1760169048,2025-10-11,2025-10-11 07:50,388336026,MarketWithdraw,0x4B6F1C9E5d470b97181786b26da0d0945A7cf027,0x9e90aec7d768403dacc9dd0d8320307fda3f980eed4df43e3e52168a1c667709,59324124075,59306.82992609909,58889591562832351,,,,,
0x54a3f1cfcb8539a8e1f65394115f6224c8a92419db38d07113170b71f2fd8661,1760172876,2025-10-11,2025-10-11 08:54,388351365,MarketSupplyCollateral,0x1597E4B7cF6D2877A1d690b6088668afDb045763,0x9e90aec7d768403dacc9dd0d8320307fda3f980eed4df43e3e52168a1c667709,6000000000000,,,,,,,
0x54a3f1cfcb8539a8e1f65394115f6224c8a92419db38d07113170b71f2fd8661,1760172876,2025-10-11,2025-10-11 08:54,388351365,MarketBorrow,0x1597E4B7cF6D2877A1d690b6088668afDb045763,0x9e90aec7d768403dacc9dd0d8320307fda3f980eed4df43e3e52168a1c667709,3500000000000,3499341.318879869,3472514667363443318,,,,,
0xc3ec0208cd49a67f1e69a64e43d9152d1dca90d4411defc850d35ee830d00142,1760173558,2025-10-11,2025-10-11 09:05,388354098,MarketWithdraw,0x4B6F1C9E5d470b97181786b26da0d0945A7cf027,0x9e90aec7d768403dacc9dd0d8320307fda3f980eed4df43e3e52168a1c667709,710000028374,709866.4101985764,704794002531131035,,,,,
0x3b9c81fd49d4bb40e02ba49113d184ee1301299d67a17d3daa125d5fae5460d5,1760173621,2025-10-11,2025-10-11 09:07,388354348,MarketSupply,0x4B6F1C9E5d470b97181786b26da0d0945A7cf027,0x9e90aec7d768403dacc9dd0d8320307fda3f980eed4df43e3e52168a1c667709,69999931711,69986.758101449,69486639352174073,,,,,
0xd9f657c456fd49eac2fe389c25761fccafe520fb7e5f8a067cd61d43d8830cb1,1760173808,2025-10-11,2025-10-11 09:10,388355101,MarketSupply,0x4B6F1C9E5d470b97181786b26da0d0945A7cf027,0x9e90aec7d768403dacc9dd0d8320307fda3f980eed4df43e3e52168a1c667709,260000008764,259951.0781648552,258093258856631989,,,,,
0xb8d2aabe686f77605a4081e093588bdae8b7bc8b2cae5d026e8bd76987e0aaea,1760173880,2025-10-11,2025-10-11 09:11,388355389,MarketBorrow,0x1597E4B7cF6D2877A1d690b6088668afDb045763,0x9e90aec7d768403dacc9dd0d8320307fda3f980eed4df43e3e52168a1c667709,1000000,0.9998118053942482,992143529813,,,,,
0x8a37944e83092e38ca0b773af7123c0f91a95596b0167211b63bc162e2824b16,1760174361,2025-10-11,2025-10-11 09:19,388357313,MarketRepay,0x1597E4B7cF6D2877A1d690b6088668afDb045763,0x9e90aec7d768403dacc9dd0d8320307fda3f980eed4df43e3e52168a1c667709,200000000000,199962.36107884964,198428331723810930,,,,,
0xe2086464689508d84775839706577df7b09f4e2fa755ec841d63c333bb17a5a4,1760177772,2025-10-11,2025-10-11 10:16,388370981,MarketSupply,0xB34e17733245c7371E87E9DF64E705000B91D169,0x9e90aec7d768403dacc9dd0d8320307fda3f980eed4df43e3e52168a1c667709,25991355,25.983866831613977,25800465782397,,,,,
0x05c3a5af73fd99b66493b2ecfa7432448092f56fce9cc99529a6381c2454cee1,1760180209,2025-10-11,2025-10-11 10:56,388380751,MarketWithdraw,0x4B6F1C9E5d470b97181786b26da0d0945A7cf027,0x9e90aec7d768403dacc9dd0d8320307fda3f980eed4df43e3e52168a1c667709,490024954821,489883.77751896816,486422995261617240,,,,,
0x39194df2a386dad3823d6ff92b3d4176aca71d561dddc0ec98dffa73c685688a,1760180287,2025-10-11,2025-10-11 10:58,388381062,MarketSupply,0x46cE9AA8167Fa3E154395c25d19dB25DdFCfeab4,0x9e90aec7d768403dacc9dd0d8320307fda3f980eed4df43e3e52168a1c667709,200565301,200.50751768142038,199090956733416,,,,,
0x757087fee8513c9496dbad2376685acdd87f437cc258ff12d1630b753b798811,1760181934,2025-10-11,2025-10-11 11:25,388387666,MarketSupply,0x46cE9AA8167Fa3E154395c25d19dB25DdFCfeab4,0x9e90aec7d768403dacc9dd0d8320307fda3f980eed4df43e3e52168a1c667709,200006758,199.94913559892677,198534913061063,,,,,
0x5b19f0567ff98baaed0119c7a7197df10d95efede3d30ab96e2bbf63b1a0193e,1760183834,2025-10-11,2025-10-11 11:57,388395281,MarketWithdraw,0x46cE9AA8167Fa3E154395c25d19dB25DdFCfeab4,0x9e90aec7d768403dacc9dd0d8320307fda3f980eed4df43e3e52168a1c667709,577423,0.5772566431227244,573168404412,,,,,
0x7c7c64e21c5acf524e29011ab35ca6848720f39ba888a2921e7fba774dd3c1aa,1760188834,2025-10-11,2025-10-11 13:20,388415348,MarketSupply,0x4B6F1C9E5d470b97181786b26da0d0945A7cf027,0x9e90aec7d768403dacc9dd0d8320307fda3f980eed4df43e3e52168a1c667709,149599969691,149571.02121465266,148494024413166508,,,,,
0x4a0dabe63c87e83149f71567424b1bf89318d48f4fa910ccc41e1b64c6a3e79c,1760202351,2025-10-11,2025-10-11 17:05,388469565,MarketSupply,0x4B6F1C9E5d470b97181786b26da0d0945A7cf027,0x9e90aec7d768403dacc9dd0d8320307fda3f980eed4df43e3e52168a1c667709,39999979385,39992.410984041344,39702025253140352,,,,,
0x804f0dda811267b546b4312d80be7c1ffa5ed6579c05a8a8b18dd6f80a02cd38,1760213103,2025-10-11,2025-10-11 20:05,388512635,MarketWithdraw,0x4B6F1C9E5d470b97181786b26da0d0945A7cf027,0x9e90aec7d768403dacc9dd0d8320307fda3f980eed4df43e3e52168a1c667709,9999993826,9998.557854535515,9925077924014867,,,,,
0x0c7ca8b94c3ca5330f41aaa21af0f6bf353758d41b48adce33db9fdf4ae14c33,1760230644,2025-10-12,2025-10-12 00:57,388582895,MarketSupply,0x4B6F1C9E5d470b97181786b26da0d0945A7cf027,0x9e90aec7d768403dacc9dd0d8320307fda3f980eed4df43e3e52168a1c667709,10000035330,9998.880355033216,9924410556207058,,,,,
0x22ec37db92534456375ee0815f8f67654581e45db1fb421f3a726163a1c81f1d,1760237140,2025-10-12,2025-10-12 02:45,388608935,MarketWithdraw,0x4B6F1C9E5d470b97181786b26da0d0945A7cf027,0x9e90aec7d768403dacc9dd0d8320307fda3f980eed4df43e3e52168a1c667709,79999961557,79984.83632105694,79392884945138004,,,,,
0x1c0485c13504020fb91595b662ba0b3b36302270b78390878b5dd55e3185e134,1760238752,2025-10-12,2025-10-12 03:12,388615395,MarketWithdraw,0x4B6F1C9E5d470b97181786b26da0d0945A7cf027,0x9e90aec7d768403dacc9dd0d8320307fda3f980eed4df43e3e52168a1c667709,10000047520,9999.080224298514,9924091528516295,,,,,
0xf0e8b82db6a87fe651fae533f445d584b5e60825515e24be804899c1de7e1371,1760244137,2025-10-12,2025-10-12 04:42,388636977,MarketWithdraw,0x4B6F1C9E5d470b97181786b26da0d0945A7cf027,0x9e90aec7d768403dacc9dd0d8320307fda3f980eed4df43e3e52168a1c667709,19999960222,19998.02564363785,19847568794641706,,,,,
0x70aad66b8d28c132a4b803b17c0d2d33505526b4e624477a2cd6a9247cdee774,1760253606,2025-10-12,2025-10-12 07:20,388674936,MarketSupply,0x4B6F1C9E5d470b97181786b26da0d0945A7cf027,0x9e90aec7d768403dacc9dd0d8320307fda3f980eed4df43e3e52168a1c667709,19999955745,19997.979106791954,19846698050252912,,,,,
0xac8bcb0aa07d60bed10f876f01ed66ced5a24ca6a1f9eb49d0ecfa2d81204fad,1760254039,2025-10-12,2025-10-12 07:27,388676667,MarketSupply,0x4B6F1C9E5d470b97181786b26da0d0945A7cf027,0x9e90aec7d768403dacc9dd0d8320307fda3f980eed4df43e3e52168a1c667709,20000002503,19998.02586017076,19846705637643560,,,,,
0x30edd5aed7d98df0cb8845c5fef9dbec0e37daa46f104e1a931455c6bc27518b,1760254719,2025-10-12,2025-10-12 07:38,388679394,MarketWithdraw,0x4B6F1C9E5d470b97181786b26da0d0945A7cf027,0x9e90aec7d768403dacc9dd0d8320307fda3f980eed4df43e3e52168a1c667709,9999956898,9998.968580968933,9923279008558505,,,,,
0x235ddbec7209b95ec2092e4547336907bfc9e0156efed8f8a97f4d411bdaef7b,1760256884,2025-10-12,2025-10-12 08:14,388688064,MarketSupply,0x4B6F1C9E5d470b97181786b26da0d0945A7cf027,0x9e90aec7d768403dacc9dd0d8320307fda3f980eed4df43e3e52168a1c667709,19999916986,19997.94035162259,19846369175555779,,,,,
0x5d1e18ad5f0a44283629e495ec7b16f1a65ca90181d8f10c014921451e8419a6,1760257445,2025-10-12,2025-10-12 08:24,388690319,MarketSupply,0x4B6F1C9E5d470b97181786b26da0d0945A7cf027,0x9e90aec7d768403dacc9dd0d8320307fda3f980eed4df43e3e52168a1c667709,10000043561,9999.055235403845,9923244678381992,,,,,
0xde252caaa1b5c003e1f352c09404612317a548aadf2c7684cdffc6a95d1627a9,1760257759,2025-10-12,2025-10-12 08:29,388691571,MarketSupply,0x4B6F1C9E5d470b97181786b26da0d0945A7cf027,0x9e90aec7d768403dacc9dd0d8320307fda3f980eed4df43e3e52168a1c667709,129999921651,129987.0734819613,129001366158468489,,,,,
0x85139456979bb5aeca92b7168dfdd216c8c7b46d0258286f9c651a2b95d2c6ef,1760257899,2025-10-12,2025-10-12 08:31,388692141,MarketWithdraw,0xa60643c90A542A95026C0F1dbdB0615fF42019Cf,0x9e90aec7d768403dacc9dd0d8320307fda3f980eed4df43e3e52168a1c667709,11994941,11.993755514442626,11902799327352,,,,,
0xbbc44173d71e603d8877d606e4d7a2ffd19bf65347c8e0b48b731671621c6599,1760257938,2025-10-12,2025-10-12 08:32,388692296,MarketSupply,0xa60643c90A542A95026C0F1dbdB0615fF42019Cf,0x9e90aec7d768403dacc9dd0d8320307fda3f980eed4df43e3e52168a1c667709,500000744213,499951.32807490136,496159811790501837,,,,,
0xd91433796bbc703bcd8834ca6881e9a62ce50be4a1172549c0f631c08fa55065,1760257952,2025-10-12,2025-10-12 08:32,388692352,MarketWithdraw,0x4B6F1C9E5d470b97181786b26da0d0945A7cf027,0x9e90aec7d768403dacc9dd0d8320307fda3f980eed4df43e3e52168a1c667709,519988669924,519937.27833664714,515994174684198658,,,,,
0x3e860324f8550314f20f4b57deb41d0160f175360a9f4d76d7bac204de5fe65d,1760258280,2025-10-12,2025-10-12 08:38,388693665,MarketSupply,0xa60643c90A542A95026C0F1dbdB0615fF42019Cf,0x9e90aec7d768403dacc9dd0d8320307fda3f980eed4df43e3e52168a1c667709,300004637743,299974.9876459141,297699667037509575,,,,,
0xc6b8a55f2fb165f04d6abb4984bae40e654a95fba7f14a8fb915796184b944f1,1760258334,2025-10-12,2025-10-12 08:38,388693883,MarketWithdraw,0x4B6F1C9E5d470b97181786b26da0d0945A7cf027,0x9e90aec7d768403dacc9dd0d8320307fda3f980eed4df43e3e52168a1c667709,330004633816,329972.0187554294,327469123247657913,,,,,
0xdb276b4679ef23dfe74dd6819cf8272f73742ab2cf79886b15928ec26a184485,1760273475,2025-10-12,2025-10-12 12:51,388754574,MarketSupply,0xad6452a9b8F10b0fE084C83c396ABAe96411C761,0x9e90aec7d768403dacc9dd0d8320307fda3f980eed4df43e3e52168a1c667709,127390641513,127374.1031627652,126404348758754745,,,,,
0x14705a83d38c26dce09ac6df59c5ba6b11c5dfe1f0e46a97e5f8e1ebf7ef88e6,1760298696,2025-10-12,2025-10-12 19:51,388855608,MarketWithdraw,0x4B6F1C9E5d470b97181786b26da0d0945A7cf027,0x9e90aec7d768403dacc9dd0d8320307fda3f980eed4df43e3e52168a1c667709,77390666952,77381.96538225007,76785061038417566,,,,,
0xb73d3901d1a4a076eb24faeb1fd35154bc9b4be34c64720c8847290d3e938925,1760304396,2025-10-12,2025-10-12 21:26,388878450,MarketWithdraw,0x4B6F1C9E5d470b97181786b26da0d0945A7cf027,0x9e90aec7d768403dacc9dd0d8320307fda3f980eed4df43e3e52168a1c667709,39999983595,39992.2019360049,39686133615008884,,,,,
0xdb3b3d4cb028d818a3f49d13fd5bc2e1bb9eefefb71b93eccd57216a6e81b61a,1760321504,2025-10-13,2025-10-13 02:11,388946966,MarketSupply,0x4B6F1C9E5d470b97181786b26da0d0945A7cf027,0x9e90aec7d768403dacc9dd0d8320307fda3f980eed4df43e3e52168a1c667709,29999993422,29997.13491915399,29762614289632899,,,,,
0x420f64dc0282f8b23935ecf44bcdcfd65222998944059204a1091fcee3078895,1760321608,2025-10-13,2025-10-13 02:13,388947384,MarketSupply,0xB34e17733245c7371E87E9DF64E705000B91D169,0x9e90aec7d768403dacc9dd0d8320307fda3f980eed4df43e3e52168a1c667709,39021755,39.018036872593946,38712974740573,,,,,
0xaf47814c3ff825b451801b139f7c71b57010e06ff2a067512f96c8bd9ee9eb84,1760331007,2025-10-13,2025-10-13 04:50,388985010,MarketWithdraw,0x46cE9AA8167Fa3E154395c25d19dB25DdFCfeab4,0x9e90aec7d768403dacc9dd0d8320307fda3f980eed4df43e3e52168a1c667709,200233847,200.21528658131734,198642344682377,,,,,
0xa6a6c7f60b8d97e9de7abde89c7042acbd1f2403ec3927abcbbaadb223eee637,1760334813,2025-10-13,2025-10-13 05:53,389000246,MarketSupply,0x46cE9AA8167Fa3E154395c25d19dB25DdFCfeab4,0x9e90aec7d768403dacc9dd0d8320307fda3f980eed4df43e3e52168a1c667709,100000405,100.0003485454825,99204152606669,,,,,
0xd0250552c33813706e520f72ebe5fdbc19225ade2ebec257d1e1c984b7e93ca1,1760336295,2025-10-13,2025-10-13 06:18,389006186,MarketWithdraw,0x4B6F1C9E5d470b97181786b26da0d0945A7cf027,0x9e90aec7d768403dacc9dd0d8320307fda3f980eed4df43e3e52168a1c667709,69938784198,69938.74471455673,69381508332001574,,,,,
0x1dcc77e38ee4bdcdc26a89c02a1cad7f915e3abe4722fc21ec066d5b845392cd,1760338754,2025-10-13,2025-10-13 06:59,389016029,MarketSupply,0xa60643c90A542A95026C0F1dbdB0615fF42019Cf,0x9e90aec7d768403dacc9dd0d8320307fda3f980eed4df43e3e52168a1c667709,399531585801,399531.3602482845,396344067686968619,,,,,
0x24f63fd291842deafdce31acf6eb3f2d1122089342026c04bb16a594fb41e517,1760338797,2025-10-13,2025-10-13 06:59,389016200,MarketWithdraw,0x4B6F1C9E5d470b97181786b26da0d0945A7cf027,0x9e90aec7d768403dacc9dd0d8320307fda3f980eed4df43e3e52168a1c667709,369531547079,369531.3384625929,366583331587797061,,,,,
0x9035eaf092741f8a77caacba3fd18528d3e13774134f095a32e15e56f627206e,1760339214,2025-10-13,2025-10-13 07:06,389017874,MarketSupply,0xa60643c90A542A95026C0F1dbdB0615fF42019Cf,0x9e90aec7d768403dacc9dd0d8320307fda3f980eed4df43e3e52168a1c667709,179122832633,179120.0836804972,177693450403149562,,,,,
0xb5ae0ba7bb9f7bbcfcdc49a01ac790eb95bfd0d804007f7ba12421b2a0e420cb,1760339236,2025-10-13,2025-10-13 07:07,389017962,MarketWithdraw,0x4B6F1C9E5d470b97181786b26da0d0945A7cf027,0x9e90aec7d768403dacc9dd0d8320307fda3f980eed4df43e3e52168a1c667709,159122843111,159120.40109324383,157853048007365288,,,,,
0x820c23725deb9e41f23d534c2007f4b87521939dfde90cd993226c85d78a68b3,1760339772,2025-10-13,2025-10-13 07:16,389020107,MarketSupply,0xa60643c90A542A95026C0F1dbdB0615fF42019Cf,0x9e90aec7d768403dacc9dd0d8320307fda3f980eed4df43e3e52168a1c667709,199983771841,199980.70274097493,198387494714250213,,,,,
0x2db2ceb54dfdd0139dfc7828fe2150424eaa47fdacf93dc9cb6c061d3306199e,1760339800,2025-10-13,2025-10-13 07:16,389020218,MarketWithdraw,0x4B6F1C9E5d470b97181786b26da0d0945A7cf027,0x9e90aec7d768403dacc9dd0d8320307fda3f980eed4df43e3e52168a1c667709,229983763773,229980.23427073756,228148007121640179,,,,,
0x337d00735ab3cd277388b6cb7bf24f9c359e8b996723beb7a25d91ae517cfb51,1760339856,2025-10-13,2025-10-13 07:17,389020440,MarketBorrow,0x1597E4B7cF6D2877A1d690b6088668afDb045763,0x9e90aec7d768403dacc9dd0d8320307fda3f980eed4df43e3e52168a1c667709,900000000000,899986.1879291647,892292650813800810,,,,,
0x5988eaed51a668ef44505fbbd51409599c6830757924c0faef00202a196782c8,1760339863,2025-10-13,2025-10-13 07:17,389020471,MarketSupply,0x4B6F1C9E5d470b97181786b26da0d0945A7cf027,0x9e90aec7d768403dacc9dd0d8320307fda3f980eed4df43e3e52168a1c667709,729694562411,729683.363974351,723869846502496967,,,,,
0x898b4e30e0bf774b247e7cbb24a8ec8a0d275c0d46b099fe792b3986b53a163b,1760339907,2025-10-13,2025-10-13 07:18,389020644,MarketBorrow,0x1597E4B7cF6D2877A1d690b6088668afDb045763,0x9e90aec7d768403dacc9dd0d8320307fda3f980eed4df43e3e52168a1c667709,800000000000,799987.722603702,793148772209483468,,,,,
0x422b854d933b00cda053d80e86ba6acbd70c330f3416a4dccf6f6841cac7f5c8,1760339928,2025-10-13,2025-10-13 07:18,389020728,MarketSupply,0x4B6F1C9E5d470b97181786b26da0d0945A7cf027,0x9e90aec7d768403dacc9dd0d8320307fda3f980eed4df43e3e52168a1c667709,789998690855,789986.5669462469,783692259881723818,,,,,
0x9a44bfd5b6ed3a193b4c1e5c1179cd686592b01583958c240804131cb34a44fb,1760339964,2025-10-13,2025-10-13 07:19,389020876,MarketBorrow,0x1597E4B7cF6D2877A1d690b6088668afDb045763,0x9e90aec7d768403dacc9dd0d8320307fda3f980eed4df43e3e52168a1c667709,800000000000,799987.722603702,793148433725311604,,,,,
0x51396e05b51cea9f9db810d9a4865b74b411efa65624334d612f390ee8ff9bc1,1760339991,2025-10-13,2025-10-13 07:19,389020986,MarketSupply,0x4B6F1C9E5d470b97181786b26da0d0945A7cf027,0x9e90aec7d768403dacc9dd0d8320307fda3f980eed4df43e3e52168a1c667709,819998626368,819986.0420578754,813452327695737596,,,,,
0x1c1b76c253e55118a6f52abae0d2e5f7d5a4fbeeabff285a29e024f461d856ed,1760340032,2025-10-13,2025-10-13 07:20,389021148,MarketBorrow,0x1597E4B7cF6D2877A1d690b6088668afDb045763,0x9e90aec7d768403dacc9dd0d8320307fda3f980eed4df43e3e52168a1c667709,800000000000,799987.722603702,793148015184698942,,,,,
0x1492f605540433b8e3c366b7e3e35f0f16ed53d4834bfffdf5a639733875868b,1760340054,2025-10-13,2025-10-13 07:20,389021237,MarketSupply,0x4B6F1C9E5d470b97181786b26da0d0945A7cf027,0x9e90aec7d768403dacc9dd0d8320307fda3f980eed4df43e3e52168a1c667709,80024133041,80022.90493100656,79385239845483343,,,,,
0xdcae4191a05637dea68eceac6fec407010f22b060a1acbb6c82b111116b60b58,1760340176,2025-10-13,2025-10-13 07:22,389021722,MarketBorrow,0x1597E4B7cF6D2877A1d690b6088668afDb045763,0x9e90aec7d768403dacc9dd0d8320307fda3f980eed4df43e3e52168a1c667709,400000000000,399993.861301851,396573446933520496,,,,,
0x4d177b15b35df418a8db30eb3387a17036b18c353a4a754cae67e98489c94fe7,1760340241,2025-10-13,2025-10-13 07:24,389021979,MarketSupply,0xa60643c90A542A95026C0F1dbdB0615fF42019Cf,0x9e90aec7d768403dacc9dd0d8320307fda3f980eed4df43e3e52168a1c667709,1200000637439,1199982.2213347703,1190417835570226505,,,,,
0x07e995b2d00ac4bec9c4724cfa89a54e3faf9d2471cfe55967577636fd6e62c0,1760340288,2025-10-13,2025-10-13 07:24,389022170,MarketBorrow,0x1597E4B7cF6D2877A1d690b6088668afDb045763,0x9e90aec7d768403dacc9dd0d8320307fda3f980eed4df43e3e52168a1c667709,800000000000,799987.722603702,793146058114140824,,,,,
0xb8b8ff856f31d1cc91aa9e9df854a23d86dcb9fb10e5012de5b78635d2429175,1760340335,2025-10-13,2025-10-13 07:25,389022358,MarketBorrow,0x1597E4B7cF6D2877A1d690b6088668afDb045763,0x9e90aec7d768403dacc9dd0d8320307fda3f980eed4df43e3e52168a1c667709,250000000000,249996.16331365687,247858027880614690,,,,,
0xdabe8d2e8f710f7996d6e2cb8a68c6912280dfbea3e3baa5a077a29c8056e106,1760340357,2025-10-13,2025-10-13 07:25,389022446,MarketSupply,0xa60643c90A542A95026C0F1dbdB0615fF42019Cf,0x9e90aec7d768403dacc9dd0d8320307fda3f980eed4df43e3e52168a1c667709,500000660929,499992.98754617065,496007343730045300,,,,,
0xd171297a948b5e1c5c87781b89bf354bf1f4af21a65b871ebe9e191ccd027add,1760340437,2025-10-13,2025-10-13 07:27,389022767,MarketSupply,0xa60643c90A542A95026C0F1dbdB0615fF42019Cf,0x9e90aec7d768403dacc9dd0d8320307fda3f980eed4df43e3e52168a1c667709,270000390853,269996.2472257511,267843816894406641,,,,,
0xd1d9dfefc61c3637b71556e557bf6bb506136c30f6430843307e3cf2061dc213,1760340524,2025-10-13,2025-10-13 07:28,389023115,MarketSupplyCollateral,0x1597E4B7cF6D2877A1d690b6088668afDb045763,0x9e90aec7d768403dacc9dd0d8320307fda3f980eed4df43e3e52168a1c667709,1000000000000,,,,,,,
0xd1d9dfefc61c3637b71556e557bf6bb506136c30f6430843307e3cf2061dc213,1760340524,2025-10-13,2025-10-13 07:28,389023115,MarketBorrow,0x1597E4B7cF6D2877A1d690b6088668afDb045763,0x9e90aec7d768403dacc9dd0d8320307fda3f980eed4df43e3e52168a1c667709,900000000000,899986.1879291647,892287459265485065,,,,,
0xc94967cf5b3f5a20df7654e8b6f8c58d05c1f39f84c83fe9944fc5b808b7b123,1760340822,2025-10-13,2025-10-13 07:33,389024308,MarketRepay,0x1597E4B7cF6D2877A1d690b6088668afDb045763,0x9e90aec7d768403dacc9dd0d8320307fda3f980eed4df43e3e52168a1c667709,1650000000000,1649974.6778701353,1635854652136476786,,,,,
0xfea585dc3e752b77de569000a987293efb1cd0cbc6fc16ffb9c5dacea09ad057,1760340862,2025-10-13,2025-10-13 07:34,389024468,MarketWithdraw,0x4B6F1C9E5d470b97181786b26da0d0945A7cf027,0x9e90aec7d768403dacc9dd0d8320307fda3f980eed4df43e3e52168a1c667709,139717729543,139715.58533058068,138601171702776598,,,,,
0x8d7994c8384c9d4d55a8ec659b185ab06604e1456cd94f8b779af7a3a2433755,1760341256,2025-10-13,2025-10-13 07:40,389026046,MarketRepay,0x1597E4B7cF6D2877A1d690b6088668afDb045763,0x9e90aec7d768403dacc9dd0d8320307fda3f980eed4df43e3e52168a1c667709,200000000000,199996.9306509255,198284995801515732,,,,,
0x710da33e550ac9d6b966d8345f0bcb3d4bf0a1fa115f97d6dace418549c68143,1760342414,2025-10-13,2025-10-13 08:00,389030689,MarketWithdraw,0x4B6F1C9E5d470b97181786b26da0d0945A7cf027,0x9e90aec7d768403dacc9dd0d8320307fda3f980eed4df43e3e52168a1c667709,149999953271,149997.65125991128,148800332884274102,,,,,
0x27bfd362478435740a97c8aa85bad6d38c51f6b781423091dd74212ce291280c,1760342421,2025-10-13,2025-10-13 08:00,389030718,MarketSupply,0xa60643c90A542A95026C0F1dbdB0615fF42019Cf,0x9e90aec7d768403dacc9dd0d8320307fda3f980eed4df43e3e52168a1c667709,160761548492,160759.0813254496,159475857820794882,,,,,
0xa004e7af603660a5e70f23393a4adf96c7b889652a7a46a9ba3e61839d8d0c97,1760342476,2025-10-13,2025-10-13 08:01,389030936,MarketWithdraw,0x4B6F1C9E5d470b97181786b26da0d0945A7cf027,0x9e90aec7d768403dacc9dd0d8320307fda3f980eed4df43e3e52168a1c667709,200761546584,200758.46554766397,199155916444178177,,,,,
0x0db4f2763dff26eb39a7eab8a3c7c11aab6599dadaf4318269e202c749628111,1760342660,2025-10-13,2025-10-13 08:04,389031682,MarketWithdraw,0x4B6F1C9E5d470b97181786b26da0d0945A7cf027,0x9e90aec7d768403dacc9dd0d8320307fda3f980eed4df43e3e52168a1c667709,30000013760,29999.553357427656,29760058629126645,,,,,
0xbdb94d18614e8df08ecf6662b977b8f53dae56d0ba1ce29d372511343b54355f,1760343765,2025-10-13,2025-10-13 08:22,389036104,MarketWithdraw,0x4B6F1C9E5d470b97181786b26da0d0945A7cf027,0x9e90aec7d768403dacc9dd0d8320307fda3f980eed4df43e3e52168a1c667709,40000002085,39999.3882151531,39679863724607171,,,,,
0xe166bb375908059a2424d66686a9659b2f0a8ec4fb4fe148ddf162611e82799d,1760344379,2025-10-13,2025-10-13 08:32,389038561,MarketSupply,0x4B6F1C9E5d470b97181786b26da0d0945A7cf027,0x9e90aec7d768403dacc9dd0d8320307fda3f980eed4df43e3e52168a1c667709,29999952980,29999.492578360427,29759763928249390,,,,,
0x86c75b57135a69a8fdc0880d98bf19d962aa1ef90078d25663781aaa493e1235,1760345374,2025-10-13,2025-10-13 08:49,389042548,MarketWithdraw,0x4B6F1C9E5d470b97181786b26da0d0945A7cf027,0x9e90aec7d768403dacc9dd0d8320307fda3f980eed4df43e3e52168a1c667709,19999953716,19999.646781802858,19839737653659435,,,,,
0x97795f7d1b4cdab8e8f61a176416e275db6e3c910896d3ae34faf7e4402a208b,1760345483,2025-10-13,2025-10-13 08:51,389042981,MarketSupply,0x4B6F1C9E5d470b97181786b26da0d0945A7cf027,0x9e90aec7d768403dacc9dd0d8320307fda3f980eed4df43e3e52168a1c667709,49999954689,49999.18735242675,49599388831873088,,,,,
0xab19c2086a99df73a15ed7634496d7502eca1500df5c5b99ccca57a15f2cb538,1760346628,2025-10-13,2025-10-13 09:10,389047568,MarketSupply,0x46cE9AA8167Fa3E154395c25d19dB25DdFCfeab4,0x9e90aec7d768403dacc9dd0d8320307fda3f980eed4df43e3e52168a1c667709,299980422,299.9217362497499,297575666694985,,,,,
0xd9600438881603dc50c6aabf80021656ed05823379bc5812c0f4464cedf58994,1760347321,2025-10-13,2025-10-13 09:22,389050346,MarketSupply,0x4B6F1C9E5d470b97181786b26da0d0945A7cf027,0x9e90aec7d768403dacc9dd0d8320307fda3f980eed4df43e3e52168a1c667709,79700066911,79684.4750327352,79060917758041113,,,,,
0x374e39aef95812206d08788360ae61aeb5a4f810ac72c4880259f71aecd632f4,1760347719,2025-10-13,2025-10-13 09:28,389051941,MarketSupply,0x4B6F1C9E5d470b97181786b26da0d0945A7cf027,0x9e90aec7d768403dacc9dd0d8320307fda3f980eed4df43e3e52168a1c667709,9999926428,9997.970123048632,9919716428295538,,,,,
0x428221b1915c275397cc73c7742c8f149bcc833e9a74b137fb4688b639b29589,1760347909,2025-10-13,2025-10-13 09:31,389052698,MarketSupply,0x4B6F1C9E5d470b97181786b26da0d0945A7cf027,0x9e90aec7d768403dacc9dd0d8320307fda3f980eed4df43e3e52168a1c667709,60000001364,59988.26344766675,59518691620599662,,,,,
0x4ca64e28a5e8b88503f34b4c62bc03224545ceaa2aad21a950db210bb337cf3c,1760348162,2025-10-13,2025-10-13 09:36,389053719,MarketSupply,0x4B6F1C9E5d470b97181786b26da0d0945A7cf027,0x9e90aec7d768403dacc9dd0d8320307fda3f980eed4df43e3e52168a1c667709,9999971115,9998.014801306426,9919743405151294,,,,,
0x58140a5569a303779d592f4183077f2e5bd54da6ebaad6d0fda839556caf5437,1760348385,2025-10-13,2025-10-13 09:39,389054606,MarketSupply,0x46cE9AA8167Fa3E154395c25d19dB25DdFCfeab4,0x9e90aec7d768403dacc9dd0d8320307fda3f980eed4df43e3e52168a1c667709,99995607,99.97604466596708,99193278619768,,,,,
0x46fcb827367a4ca45236cb12be7bb7e548f3897b8c8abb4715ff9ad9a7570cd8,1760353744,2025-10-13,2025-10-13 11:09,389076091,MarketWithdraw,0x46cE9AA8167Fa3E154395c25d19dB25DdFCfeab4,0x9e90aec7d768403dacc9dd0d8320307fda3f980eed4df43e3e52168a1c667709,50014287,50.00472926974731,49611977920782,,,,,
0x2c7b8ad20f66349ae0624c362bb17a29810e274872b035a43aee12ade6a7fd41,1760355380,2025-10-13,2025-10-13 11:36,389082661,MarketSupply,0xa60643c90A542A95026C0F1dbdB0615fF42019Cf,0x9e90aec7d768403dacc9dd0d8320307fda3f980eed4df43e3e52168a1c667709,351843453768,351776.2164839357,349011089660914157,,,,,
0xa66beff232c648d71c472d384f66b16de1c0f69553b0b98ce2c25b8ee56838a1,1760355442,2025-10-13,2025-10-13 11:37,389082906,MarketWithdraw,0x4B6F1C9E5d470b97181786b26da0d0945A7cf027,0x9e90aec7d768403dacc9dd0d8320307fda3f980eed4df43e3e52168a1c667709,411893379067,411814.6662422027,408577540965213667,,,,,
0x2821feef560437ce5c04337ce015d0cd7a50e00837a53d6ee9e060951b5c155f,1760355559,2025-10-13,2025-10-13 11:39,389083374,MarketSupply,0x46cE9AA8167Fa3E154395c25d19dB25DdFCfeab4,0x9e90aec7d768403dacc9dd0d8320307fda3f980eed4df43e3e52168a1c667709,51448853,51.4390211241845,51034653500462,,,,,
0x651dfcbd1ec82afc37c35f8604dd179c447fc60cee48811c827bd2c89a73e101,1760356823,2025-10-13,2025-10-13 12:00,389088439,MarketSupply,0xa60643c90A542A95026C0F1dbdB0615fF42019Cf,0x9e90aec7d768403dacc9dd0d8320307fda3f980eed4df43e3e52168a1c667709,1881171211028,1880984.7240758643,1866016900713772823,,,,,
0xd8cc187e60adf8f1b13e6b3601e7cfda577e278edc3ba056fe08e95ee0563593,1760356847,2025-10-13,2025-10-13 12:00,389088545,MarketWithdraw,0x4B6F1C9E5d470b97181786b26da0d0945A7cf027,0x9e90aec7d768403dacc9dd0d8320307fda3f980eed4df43e3e52168a1c667709,1767701323758,1767526.0854648442,1753461002477996532,,,,,
0xdd9e8c2e570aa1e0fc6e2fa796cea9ecef5672982801978dbe80f55d5b66a052,1760357261,2025-10-13,2025-10-13 12:07,389090199,MarketWithdraw,0x46cE9AA8167Fa3E154395c25d19dB25DdFCfeab4,0x9e90aec7d768403dacc9dd0d8320307fda3f980eed4df43e3e52168a1c667709,401458002,401.4182040917795,398223325964251,,,,,
0x593f2f3f32380b66a056e1bb70b4249eac521f433c6c2b6c04ca25523ad189c7,1760359129,2025-10-13,2025-10-13 12:38,389097681,MarketSupply,0x46cE9AA8167Fa3E154395c25d19dB25DdFCfeab4,0x9e90aec7d768403dacc9dd0d8320307fda3f980eed4df43e3e52168a1c667709,1482328,1.4821810517428904,1470374503339,,,,,
0x34856c3467b80ea87e094b5c28f5c950c7000a1a259659d8a01201b77255e238,1760362769,2025-10-13,2025-10-13 13:39,389112278,MarketWithdraw,0x46cE9AA8167Fa3E154395c25d19dB25DdFCfeab4,0x9e90aec7d768403dacc9dd0d8320307fda3f980eed4df43e3e52168a1c667709,201488308,201.4683337731834,199860881305106,,,,,
0x77e5e6db356555588edef129253b35f26e2e4b66505ec5c2a5529b64acc25496,1760366124,2025-10-13,2025-10-13 14:35,389125724,MarketSupply,0x4B6F1C9E5d470b97181786b26da0d0945A7cf027,0x9e90aec7d768403dacc9dd0d8320307fda3f980eed4df43e3e52168a1c667709,47080122330,47072.29909837767,46699289172292432,,,,,
0xefb3423ec00b0e0b30f0f99bc82894a0047b07caae66c08f234d59735d4bea71,1760367792,2025-10-13,2025-10-13 15:03,389132414,MarketSupply,0x46cE9AA8167Fa3E154395c25d19dB25DdFCfeab4,0x9e90aec7d768403dacc9dd0d8320307fda3f980eed4df43e3e52168a1c667709,199998217,199.96498360343668,198379288312793,,,,,
0xd6ad078d278aab18735f12a0c30a9f368fda2c76a92c28533a0cf75f7f0daeb0,1760369677,2025-10-13,2025-10-13 15:34,389139966,MarketSupply,0x46cE9AA8167Fa3E154395c25d19dB25DdFCfeab4,0x9e90aec7d768403dacc9dd0d8320307fda3f980eed4df43e3e52168a1c667709,399998061,399.93159393651723,396757626408385,,,,,
0x6d8d1055ae8010960b1de5ca5ed6ede938d7d7ca0bd3140fdb0773696806129c,1760370705,2025-10-13,2025-10-13 15:51,389144090,MarketSupply,0x4B6F1C9E5d470b97181786b26da0d0945A7cf027,0x9e90aec7d768403dacc9dd0d8320307fda3f980eed4df43e3e52168a1c667709,31856781624,31851.48803152291,31598594491784559,,,,,
0x29d3f3428feddb6a5cf2ee4d5d7dee97821b664d1b71cfe8eb274432b2307034,1760371221,2025-10-13,2025-10-13 16:00,389146136,MarketSupply,0xa60643c90A542A95026C0F1dbdB0615fF42019Cf,0x9e90aec7d768403dacc9dd0d8320307fda3f980eed4df43e3e52168a1c667709,113238359001,113216.63841847178,112320413534889612,,,,,
0xa1b2a8a16e88818b4c717459782e3bdc63fc39e47e56efb2eafaa88336605b48,1760372061,2025-10-13,2025-10-13 16:14,389149507,MarketWithdraw,0x4B6F1C9E5d470b97181786b26da0d0945A7cf027,0x9e90aec7d768403dacc9dd0d8320307fda3f980eed4df43e3e52168a1c667709,85695110370,85678.67293896092,85000234021806647,,,,,
0xcc85b706e2fa504b128c495e3a5661104beb6d4eb485ba7250f2b65fbcc11129,1760373120,2025-10-13,2025-10-13 16:32,389153755,MarketWithdraw,0x46cE9AA8167Fa3E154395c25d19dB25DdFCfeab4,0x9e90aec7d768403dacc9dd0d8320307fda3f980eed4df43e3e52168a1c667709,50007720,49.99812787221847,49602054142210,,,,,
0x47bc6a924506655379714b85a8c8c198aa1d8780a566e66d24973b221d05865f,1760374433,2025-10-13,2025-10-13 16:53,389159009,MarketSupply,0x4B6F1C9E5d470b97181786b26da0d0945A7cf027,0x9e90aec7d768403dacc9dd0d8320307fda3f980eed4df43e3e52168a1c667709,20049996708,20046.150859190206,19887266300003906,,,,,
0xd313bca4a1787af1067ff3e26cc8d3822ad09640e0615287243d2fb879952153,1760374572,2025-10-13,2025-10-13 16:56,389159569,MarketSupply,0xad6452a9b8F10b0fE084C83c396ABAe96411C761,0x9e90aec7d768403dacc9dd0d8320307fda3f980eed4df43e3e52168a1c667709,100000000020,99980.8187260249,99188333852934512,,,,,
0xe5fd19c23e0d9fdd294d888ddbecc26c1ddc8610fd3101060ecb622858c24fe3,1760377196,2025-10-13,2025-10-13 17:39,389170091,MarketWithdraw,0x4B6F1C9E5d470b97181786b26da0d0945A7cf027,0x9e90aec7d768403dacc9dd0d8320307fda3f980eed4df43e3e52168a1c667709,69999983254,69986.55635143221,69431317263337371,,,,,
0x6e19caf264128913461d233099b0f2da6135bc762b73983b3ba7b9dc8de16022,1760378556,2025-10-13,2025-10-13 18:02,389175544,MarketSupply,0x46cE9AA8167Fa3E154395c25d19dB25DdFCfeab4,0x9e90aec7d768403dacc9dd0d8320307fda3f980eed4df43e3e52168a1c667709,51533588,51.527914150764566,51114730222034,,,,,
0xc4904bfa76dbc01eac81b66c0489f97063dbb8929c9825f8084dabe6a2583b11,1760379063,2025-10-13,2025-10-13 18:11,389177572,MarketSupply,0x4B6F1C9E5d470b97181786b26da0d0945A7cf027,0x9e90aec7d768403dacc9dd0d8320307fda3f980eed4df43e3e52168a1c667709,9948457538,9947.362212594058,9867582820065078,,,,,
0x1944917942f6307e60d7c63b55ed77fd53a5b41b85d162658f21a06a2628be84,1760382158,2025-10-13,2025-10-13 19:02,389189976,MarketSupply,0x46cE9AA8167Fa3E154395c25d19dB25DdFCfeab4,0x9e90aec7d768403dacc9dd0d8320307fda3f980eed4df43e3e52168a1c667709,4001565,4.0011244276005815,3968998294827,,,,,
0xc8657f42aab67aaad5edd9cc48894da4f806ae7d8e241b6e52dd578619f23838,1760385623,2025-10-13,2025-10-13 20:00,389203861,MarketSupply,0xa60643c90A542A95026C0F1dbdB0615fF42019Cf,0x9e90aec7d768403dacc9dd0d8320307fda3f980eed4df43e3e52168a1c667709,50584676757,50579.79552041809,50172477217752861,,,,,
0xfbc1d6bf0ca5c2ba172bfe39a7b1624ccc449e4c7afee3c7bef4186a95b124f1,1760387578,2025-10-13,2025-10-13 20:32,389211694,MarketWithdraw,0x46cE9AA8167Fa3E154395c25d19dB25DdFCfeab4,0x9e90aec7d768403dacc9dd0d8320307fda3f980eed4df43e3e52168a1c667709,355564123,355.5298123605797,352664819440294,,,,,
0x040adee15892c281bb61becf984cfe376adfb377db41ed08a838cd94be17d2d5,1760389369,2025-10-13,2025-10-13 21:02,389218854,MarketWithdraw,0x46cE9AA8167Fa3E154395c25d19dB25DdFCfeab4,0x9e90aec7d768403dacc9dd0d8320307fda3f980eed4df43e3e52168a1c667709,350001744,349.96797010984045,347146067098309,,,,,
0xccd2508bcfa84dc67556d25db65de56f0b56f3ab79c9546a07cdf2179a5a1293,1760391111,2025-10-13,2025-10-13 21:31,389225851,MarketSupply,0x46cE9AA8167Fa3E154395c25d19dB25DdFCfeab4,0x9e90aec7d768403dacc9dd0d8320307fda3f980eed4df43e3e52168a1c667709,200000000,199.98070073036007,198367231008130,,,,,
0x99cf94bd6a5a50c12951048197edafda015f8b2f422b5a40ac03efa90d36751f,1760392919,2025-10-13,2025-10-13 22:01,389233090,MarketWithdraw,0x46cE9AA8167Fa3E154395c25d19dB25DdFCfeab4,0x9e90aec7d768403dacc9dd0d8320307fda3f980eed4df43e3e52168a1c667709,1006,0.0010058976926536917,997782153,,,,,
0x22392315a07ca5f255bdf70aad7b6333ca28ada702ac201d338ad109b9300b40,1760395670,2025-10-13,2025-10-13 22:47,389244121,MarketWithdraw,0x4B6F1C9E5d470b97181786b26da0d0945A7cf027,0x9e90aec7d768403dacc9dd0d8320307fda3f980eed4df43e3e52168a1c667709,70083103218,70075.97596520549,69510073823750212,,,,,
0x1b6bac0cbbe863be214cd969a0e31b54c6aae164c55d1acfb4843f544ff613c4,1760400028,2025-10-14,2025-10-14 00:00,389261585,MarketSupply,0xa60643c90A542A95026C0F1dbdB0615fF42019Cf,0x9e90aec7d768403dacc9dd0d8320307fda3f980eed4df43e3e52168a1c667709,56445122813,56439.3825041262,55982859525224601,,,,,
0x8f2ee2d7044c01e605722101fe4667cc13b8d84c345700d7f482429cbd62f0f4,1760402985,2025-10-14,2025-10-14 00:49,389273443,MarketSupplyCollateral,0x1597E4B7cF6D2877A1d690b6088668afDb045763,0x9e90aec7d768403dacc9dd0d8320307fda3f980eed4df43e3e52168a1c667709,3000000000000,,,,,,,
0x8f2ee2d7044c01e605722101fe4667cc13b8d84c345700d7f482429cbd62f0f4,1760402985,2025-10-14,2025-10-14 00:49,389273443,MarketBorrow,0x1597E4B7cF6D2877A1d690b6088668afDb045763,0x9e90aec7d768403dacc9dd0d8320307fda3f980eed4df43e3e52168a1c667709,1900000000000,1899809.2203983,1883279726674308693,,,,,
0xe46d068cdc14d1688100d988b2f736bb1862a6d831a9922c260c7113a88bed4d,1760403047,2025-10-14,2025-10-14 00:50,389273693,MarketSupply,0x4B6F1C9E5d470b97181786b26da0d0945A7cf027,0x9e90aec7d768403dacc9dd0d8320307fda3f980eed4df43e3e52168a1c667709,1837864732348,1837680.1917682022,1822796753036902946,,,,,
0xf6bf64e260cb2e473f53243a496e341c73cb2f27160007d0fcd53b6361ddb7ce,1760403083,2025-10-14,2025-10-14 00:51,389273834,MarketBorrow,0x1597E4B7cF6D2877A1d690b6088668afDb045763,0x9e90aec7d768403dacc9dd0d8320307fda3f980eed4df43e3e52168a1c667709,1800000000000,1799819.2614299685,1784158186897416484,,,,,
0xe6cb0983278216b1fdcdb2ff7652f7f82c64882f6613099351c0ffac68f77792,1760403112,2025-10-14,2025-10-14 00:51,389273953,MarketSupply,0x4B6F1C9E5d470b97181786b26da0d0945A7cf027,0x9e90aec7d768403dacc9dd0d8320307fda3f980eed4df43e3e52168a1c667709,796155028480,796075.0863014606,789627275392558293,,,,,
0xfdea25beb1699c56b794f8969c386a793a028df33951ecd44beddf635825b0c8,1760403166,2025-10-14,2025-10-14 00:52,389274166,MarketBorrow,0x1597E4B7cF6D2877A1d690b6088668afDb045763,0x9e90aec7d768403dacc9dd0d8320307fda3f980eed4df43e3e52168a1c667709,900000000000,899909.6307149843,892078391171612071,,,,,
0xf6a0d676cc1e220ebcba9f2458d9c262e5db38537d1b58616ae5898757154748,1760403426,2025-10-14,2025-10-14 00:57,389275210,MarketRepay,0x1597E4B7cF6D2877A1d690b6088668afDb045763,0x9e90aec7d768403dacc9dd0d8320307fda3f980eed4df43e3e52168a1c667709,1800000000000,1799819.2614299685,1784151236833535709,,,,,
0x94fe426cc13793dfdd34f519e77784c808c2fdd0a0e58726d3184b372cb2a4c0,1760403639,2025-10-14,2025-10-14 01:00,389276060,MarketWithdrawCollateral,0x1597E4B7cF6D2877A1d690b6088668afDb045763,0x9e90aec7d768403dacc9dd0d8320307fda3f980eed4df43e3e52168a1c667709,1000000000000,,,,,,,
0xb0b167d6370bec0eb497a934904cb299d1662807114dec51f8e65f4b8f0aa4dc,1760408923,2025-10-14,2025-10-14 02:28,389297252,MarketSupply,0xad6452a9b8F10b0fE084C83c396ABAe96411C761,0x9e90aec7d768403dacc9dd0d8320307fda3f980eed4df43e3e52168a1c667709,178739236696,178721.13542448136,177268772917037022,,,,,
0x6c3bfb52557ee9bc6b8c85d51bdeec57795713dd607c832860bb53d8e13502a8,1760408972,2025-10-14,2025-10-14 02:29,389297445,MarketWithdraw,0x4B6F1C9E5d470b97181786b26da0d0945A7cf027,0x9e90aec7d768403dacc9dd0d8320307fda3f980eed4df43e3e52168a1c667709,79204208271,79196.18710616884,78552591115900969,,,,,
0x871d03c0a2e9f5c11bf9787936db2a0a041c26da28e6def365a069965c1e9e8e,1760409862,2025-10-14,2025-10-14 02:44,389301020,MarketSupply,0x46cE9AA8167Fa3E154395c25d19dB25DdFCfeab4,0x9e90aec7d768403dacc9dd0d8320307fda3f980eed4df43e3e52168a1c667709,499987530,499.9368952865271,495872295632285,,,,,
0xa0ac2b14176fcc312ce95f0b8e050f99af302a64a53fded5a8e0262a61573fc6,1760413504,2025-10-14,2025-10-14 03:45,389315579,MarketWithdraw,0x4B6F1C9E5d470b97181786b26da0d0945A7cf027,0x9e90aec7d768403dacc9dd0d8320307fda3f980eed4df43e3e52168a1c667709,40499999800,40495.907482498165,40166057163375901,,,,,
0xc8406b435e255d5b614afb6af970f04cbb3902b23046b2700597589e58cfb478,1760414421,2025-10-14,2025-10-14 04:00,389319255,MarketSupply,0xa60643c90A542A95026C0F1dbdB0615fF42019Cf,0x9e90aec7d768403dacc9dd0d8320307fda3f980eed4df43e3e52168a1c667709,252247405528,252221.91721991278,250166525602588933,,,,,
0x4cfadebd71850f3926bb92c41ddd3229945bb0634e14bdeb75634282c968a7be,1760417645,2025-10-14,2025-10-14 04:54,389332188,MarketWithdraw,0x4B6F1C9E5d470b97181786b26da0d0945A7cf027,0x9e90aec7d768403dacc9dd0d8320307fda3f980eed4df43e3e52168a1c667709,162247368887,162230.97462155303,160907178261175718,,,,,
0x4626c756cd46d7a5ae664a4aa9cc738f836078d63ab775e4b83bddb4510df262,1760419339,2025-10-14,2025-10-14 05:22,389338974,MarketSupply,0x46cE9AA8167Fa3E154395c25d19dB25DdFCfeab4,0x9e90aec7d768403dacc9dd0d8320307fda3f980eed4df43e3e52168a1c667709,974513,0.9744146161600625,966456912755,,,,,
0x72501ad2ffe971357b87a6232cc3e1d8cbe37cb78e8a0c8f3750c49a20e3c8b1,1760421166,2025-10-14,2025-10-14 05:52,389346291,MarketWithdraw,0x46cE9AA8167Fa3E154395c25d19dB25DdFCfeab4,0x9e90aec7d768403dacc9dd0d8320307fda3f980eed4df43e3e52168a1c667709,10005044,10.004033921481332,9922263076369,,,,,
0xaeae3f9a3ce240f0cb2140967b585f66959a4680906e026ee1d3ceca9e190791,1760421343,2025-10-14,2025-10-14 05:55,389346995,MarketWithdraw,0x4B6F1C9E5d470b97181786b26da0d0945A7cf027,0x9e90aec7d768403dacc9dd0d8320307fda3f980eed4df43e3e52168a1c667709,139990993880,139976.86081914336,138832622928093347,,,,,
0x92bb212610969cb503e74c7568019e0774251b10cfea7117a68a1314fa8e883f,1760421680,2025-10-14,2025-10-14 06:01,389348353,MarketSupply,0xa60643c90A542A95026C0F1dbdB0615fF42019Cf,0x9e90aec7d768403dacc9dd0d8320307fda3f980eed4df43e3e52168a1c667709,399980834183,399940.45334624534,396670556114807389,,,,,
0xaeb91825f3380e27aff399f1385519fd25c588925dcf23dc7159939357ee5d96,1760421723,2025-10-14,2025-10-14 06:02,389348523,MarketWithdraw,0x4B6F1C9E5d470b97181786b26da0d0945A7cf027,0x9e90aec7d768403dacc9dd0d8320307fda3f980eed4df43e3e52168a1c667709,259980789143,259954.54228087928,257829130399758684,,,,,
0x7cf61724caf1bc54ac8711c8cd560f772ed8ae2a72c9719db7bcc9cc800b3397,1760423037,2025-10-14,2025-10-14 06:23,389353798,MarketSupply,0x46cE9AA8167Fa3E154395c25d19dB25DdFCfeab4,0x9e90aec7d768403dacc9dd0d8320307fda3f980eed4df43e3e52168a1c667709,9994817,9.993807953967845,9912046350520,,,,,
0x7bb3866f3faa46ce5f0510eab7f1d65cdf332df265c2007ce0a0996c2e4787d5,1760423055,2025-10-14,2025-10-14 06:24,389353870,MarketWithdraw,0x4B6F1C9E5d470b97181786b26da0d0945A7cf027,0x9e90aec7d768403dacc9dd0d8320307fda3f980eed4df43e3e52168a1c667709,40009995332,40005.9560457343,39678655455189826,,,,,
0x12fd50b3457f1191cd2396546f92a474f9b91a0d2c67d39f89e384523677fb9d,1760423627,2025-10-14,2025-10-14 06:33,389356160,MarketSupply,0x4B6F1C9E5d470b97181786b26da0d0945A7cf027,0x9e90aec7d768403dacc9dd0d8320307fda3f980eed4df43e3e52168a1c667709,94603625227,94594.07433550667,93819953153393785,,,,,
0x701760b7ac7f3f937270575ce64216fc964006347cf68f7a0f527ffaa3df43ec,1760424839,2025-10-14,2025-10-14 06:53,389361024,MarketWithdraw,0x46cE9AA8167Fa3E154395c25d19dB25DdFCfeab4,0x9e90aec7d768403dacc9dd0d8320307fda3f980eed4df43e3e52168a1c667709,4875,0.00487450783497019,4834594762,,,,,
0x26d840182dfcaf816a2bba85a125fddc4f4e1c86f03d88e770c16f48c3620b47,1760425085,2025-10-14,2025-10-14 06:58,389362007,MarketSupply,0x4B6F1C9E5d470b97181786b26da0d0945A7cf027,0x9e90aec7d768403dacc9dd0d8320307fda3f980eed4df43e3e52168a1c667709,5396385803,5395.841000460595,5351654244814593,,,,,
0x88260c5a0c4c1c5f2d58c3b790e5c5e42e1f1deaa671cd6a54454176f1e79861,1760426598,2025-10-14,2025-10-14 07:23,389368073,MarketWithdraw,0x46cE9AA8167Fa3E154395c25d19dB25DdFCfeab4,0x9e90aec7d768403dacc9dd0d8320307fda3f980eed4df43e3e52168a1c667709,4610,0.004609561991615611,4571761085,,,,,
0x0e894a5b1be50a6de630101f5fc3c42f28aba0a9cabcb7c5007d9780cb8e902b,1760426663,2025-10-14,2025-10-14 07:24,389368332,MarketWithdraw,0x4B6F1C9E5d470b97181786b26da0d0945A7cf027,0x9e90aec7d768403dacc9dd0d8320307fda3f980eed4df43e3e52168a1c667709,9999994818,9999.044691845089,9917044697168890,,,,,
0x83edaf8eb590bdd18101d3dfa149bff1750eec62768ac1fbff460da8505a8ab9,1760428490,2025-10-14,2025-10-14 07:54,389375657,MarketWithdraw,0x4B6F1C9E5d470b97181786b26da0d0945A7cf027,0x9e90aec7d768403dacc9dd0d8320307fda3f980eed4df43e3e52168a1c667709,10000001193,9999.051066239384,9916982681258075,,,,,
0xf41ab465df1f063dad43790e1f966ad580a0d6efb78193fbee880d47c5997bc5,1760428823,2025-10-14,2025-10-14 08:00,389376997,MarketSupply,0xa60643c90A542A95026C0F1dbdB0615fF42019Cf,0x9e90aec7d768403dacc9dd0d8320307fda3f980eed4df43e3e52168a1c667709,116303828227,116292.77789036225,115338145047200299,,,,,
0xf46a3e46e4b43cd008f7ce087e1b2813f29f9a5be4f7b4dd8977b2471c99ae7c,1760429772,2025-10-14,2025-10-14 08:16,389380797,MarketSupply,0xB34e17733245c7371E87E9DF64E705000B91D169,0x9e90aec7d768403dacc9dd0d8320307fda3f980eed4df43e3e52168a1c667709,52048071,52.043125774080416,51615743261698,,,,,
0xa7098c2438b0983c39e2b28561acc450d40b362b9ae699ff534b737ff3f4d2a9,1760430176,2025-10-14,2025-10-14 08:22,389382415,MarketWithdraw,0x46cE9AA8167Fa3E154395c25d19dB25DdFCfeab4,0x9e90aec7d768403dacc9dd0d8320307fda3f980eed4df43e3e52168a1c667709,350009123,349.97586770054517,347101358387732,,,,,
0x64b6a66cbe07c4625ca220b2fc328e40e876c28f37b0ea58b8b9532f2fd58a46,1760437334,2025-10-14,2025-10-14 10:22,389411131,MarketSupply,0x46cE9AA8167Fa3E154395c25d19dB25DdFCfeab4,0x9e90aec7d768403dacc9dd0d8320307fda3f980eed4df43e3e52168a1c667709,249991426,249.9667347938421,247908520855632,,,,,
0xf65a36e3d7094afdcadf2fa7ccb06e280dfed3ebd95cc199b93f0b793069a22b,1760440959,2025-10-14,2025-10-14 11:22,389425661,MarketSupply,0x46cE9AA8167Fa3E154395c25d19dB25DdFCfeab4,0x9e90aec7d768403dacc9dd0d8320307fda3f980eed4df43e3e52168a1c667709,99992561,99.98268223324595,99158205090610,,,,,
0xb23a479e81dd612c12698c7d623561fab8c8dccf97fdfe82f8c28f6220efd72f,1760442929,2025-10-14,2025-10-14 11:55,389433564,MarketWithdraw,0x46cE9AA8167Fa3E154395c25d19dB25DdFCfeab4,0x9e90aec7d768403dacc9dd0d8320307fda3f980eed4df43e3e52168a1c667709,4716,0.0047155340827002915,4676617384,,,,,
0x0236939a747c2c45a8c2519ab05826450b038febb9a2327ea5812d790e578abf,1760443220,2025-10-14,2025-10-14 12:00,389434725,MarketSupply,0xa60643c90A542A95026C0F1dbdB0615fF42019Cf,0x9e90aec7d768403dacc9dd0d8320307fda3f980eed4df43e3e52168a1c667709,61424950453,61418.88197398181,60911939257799844,,,,,
0x72284f248d850cd086ac7716d210a8e060e8b6655b8505063aa800b5b60a74ef,1760446525,2025-10-14,2025-10-14 12:55,389447978,MarketWithdraw,0x46cE9AA8167Fa3E154395c25d19dB25DdFCfeab4,0x9e90aec7d768403dacc9dd0d8320307fda3f980eed4df43e3e52168a1c667709,8132,0.008131196598922556,8063997335,,,,,
0x928c25543ba96d1f441f7450e0323f815262e57696b78c6a496e10c8202a1fd0,1760448198,2025-10-14,2025-10-14 13:23,389454678,MarketWithdraw,0x46cE9AA8167Fa3E154395c25d19dB25DdFCfeab4,0x9e90aec7d768403dacc9dd0d8320307fda3f980eed4df43e3e52168a1c667709,51003764,51.0021325726583,50576980858147,,,,,
0x66fa96e263b55cd0b77674f4e0ee6bcdb93b13d1f4260397dc563fa9db8ae2ee,1760449674,2025-10-14,2025-10-14 13:47,389460597,MarketWithdraw,0x4B6F1C9E5d470b97181786b26da0d0945A7cf027,0x9e90aec7d768403dacc9dd0d8320307fda3f980eed4df43e3e52168a1c667709,87729793879,87726.98771778382,86995286860933411,,,,,
0x127746dd0277ed02c5ed5af96d6a29b841edb4fed96e16ac3faaa1d4a9761b8b,1760449949,2025-10-14,2025-10-14 13:52,389461701,MarketSupply,0x46cE9AA8167Fa3E154395c25d19dB25DdFCfeab4,0x9e90aec7d768403dacc9dd0d8320307fda3f980eed4df43e3e52168a1c667709,50996293,50.994661811628774,50569283965368,,,,,
0x1f6c1e6d960b86ffca4b1115d120a5e40a80197f7b41cb4053ea082ecdb2e972,1760451798,2025-10-14,2025-10-14 14:23,389469114,MarketWithdraw,0x46cE9AA8167Fa3E154395c25d19dB25DdFCfeab4,0x9e90aec7d768403dacc9dd0d8320307fda3f980eed4df43e3e52168a1c667709,4547,0.004546551621339715,4508897200,,,,,
0x2489d99ffdcd625c7c4744107539a3ebbcede0f399dfeb264361acaad15071d4,1760454431,2025-10-14,2025-10-14 15:07,389479668,MarketWithdraw,0x4B6F1C9E5d470b97181786b26da0d0945A7cf027,0x9e90aec7d768403dacc9dd0d8320307fda3f980eed4df43e3e52168a1c667709,28443668025,28443.62084548275,28205056103275057,,,,,
0xe44888fd23f96f513003b99694251b31530216d389d833d5e9213f5bc5a95bf8,1760457108,2025-10-14,2025-10-14 15:51,389490399,MarketWithdraw,0x46cE9AA8167Fa3E154395c25d19dB25DdFCfeab4,0x9e90aec7d768403dacc9dd0d8320307fda3f980eed4df43e3e52168a1c667709,13248,0.013247978025540025,13136736578,,,,,
0xd602cdcef962a9852fb41c55e261ba6b8c9666347b689cd0d0155317676f00dc,1760457621,2025-10-14,2025-10-14 16:00,389492458,MarketSupply,0xa60643c90A542A95026C0F1dbdB0615fF42019Cf,0x9e90aec7d768403dacc9dd0d8320307fda3f980eed4df43e3e52168a1c667709,95400447506,95390.77165823417,94599051020385340,,,,,
0x81b022986744aff1e33f18a3f328c1dcda3596e3cb2b65cf75f451fe3f157859,1760458919,2025-10-14,2025-10-14 16:21,389497658,MarketWithdraw,0x46cE9AA8167Fa3E154395c25d19dB25DdFCfeab4,0x9e90aec7d768403dacc9dd0d8320307fda3f980eed4df43e3e52168a1c667709,1004287,1.0041851416924212,995846398726,,,,,
0x894c6a74a0117cc5018b95ebd4606615d19a34b997ead75e3858a2bf77f7a440,1760460774,2025-10-14,2025-10-14 16:52,389505093,MarketWithdraw,0x46cE9AA8167Fa3E154395c25d19dB25DdFCfeab4,0x9e90aec7d768403dacc9dd0d8320307fda3f980eed4df43e3e52168a1c667709,49004266,48.99929581558171,48592110035411,,,,,
0x176dbfe1bd15b82b8ab713f677d5b880f4bcf1ed3383018feba91a4b6507a0d1,1760462597,2025-10-14,2025-10-14 17:23,389512404,MarketSupply,0x46cE9AA8167Fa3E154395c25d19dB25DdFCfeab4,0x9e90aec7d768403dacc9dd0d8320307fda3f980eed4df43e3e52168a1c667709,49996100,49.98788445025265,49575305109884,,,,,
0xc8975aa341554e44cc517998a9346a59eacb6fde6220a3f4900bcd9588ce057b,1760464328,2025-10-14,2025-10-14 17:52,389519343,MarketWithdraw,0x46cE9AA8167Fa3E154395c25d19dB25DdFCfeab4,0x9e90aec7d768403dacc9dd0d8320307fda3f980eed4df43e3e52168a1c667709,100003988,99.9875549634562,99161734851813,,,,,
0x104a5f44cc9b8454faf1d9be97f9e05f64d69cd6bc5f38b9073673ccd810189b,1760467990,2025-10-14,2025-10-14 18:53,389534032,MarketWithdraw,0x46cE9AA8167Fa3E154395c25d19dB25DdFCfeab4,0x9e90aec7d768403dacc9dd0d8320307fda3f980eed4df43e3e52168a1c667709,80007236,79.99491590007564,79332444202950,,,,,
0x1c2b77534ac6d93a3b86975254d00a2340a42604331de66f74eca2d5802a1410,1760468567,2025-10-14,2025-10-14 19:02,389536340,MarketWithdrawCollateral,0x1597E4B7cF6D2877A1d690b6088668afDb045763,0x9e90aec7d768403dacc9dd0d8320307fda3f980eed4df43e3e52168a1c667709,700000000000,,,,,,,
0x153bf4bec193e52808f25bee33cfbce7c00033915e8f476ba8201db131255c1e,1760468578,2025-10-14,2025-10-14 19:02,389536390,MarketWithdraw,0x4B6F1C9E5d470b97181786b26da0d0945A7cf027,0x9e90aec7d768403dacc9dd0d8320307fda3f980eed4df43e3e52168a1c667709,26827705674,26823.488562236493,26601385747703692,,,,,
0x8783a19bac5aeacee836af3de7922357ae099dc185c9491857d8245d78daebc2,1760471836,2025-10-14,2025-10-14 19:57,389549440,MarketSupply,0x4B6F1C9E5d470b97181786b26da0d0945A7cf027,0x9e90aec7d768403dacc9dd0d8320307fda3f980eed4df43e3e52168a1c667709,86397520704,86383.9396693291,85667723137571178,,,,,
0x8b7ed3355f4c554c58b0c69c833777883ded68e47b82203e99719302e2fefb4c,1760472027,2025-10-14,2025-10-14 20:00,389550200,MarketSupply,0xa60643c90A542A95026C0F1dbdB0615fF42019Cf,0x9e90aec7d768403dacc9dd0d8320307fda3f980eed4df43e3e52168a1c667709,50644712182,50636.14878482126,50216888002393012,,,,,
0x49cf4ff8b12da865c80be89914a7fea3ae8e94b857d3783194b4c831f7f37e8d,1760486422,2025-10-15,2025-10-15 00:00,389607827,MarketSupply,0xa60643c90A542A95026C0F1dbdB0615fF42019Cf,0x9e90aec7d768403dacc9dd0d8320307fda3f980eed4df43e3e52168a1c667709,37041296654,37034.16869055669,36726843241463049,,,,,
0x7295b95bd0662b0361db894bee22f4f8e58220641522379675efe3cc42a0c73e,1760490324,2025-10-15,2025-10-15 01:05,389623457,MarketWithdraw,0x4B6F1C9E5d470b97181786b26da0d0945A7cf027,0x9e90aec7d768403dacc9dd0d8320307fda3f980eed4df43e3e52168a1c667709,54083590318,54074.8605773648,53623874343776057,,,,,
0x54387be317111dc522f627e63b0698d49c2499fa3df1fb00605a850a25034e15,1760496630,2025-10-15,2025-10-15 02:50,389648712,MarketWithdraw,0x4B6F1C9E5d470b97181786b26da0d0945A7cf027,0x9e90aec7d768403dacc9dd0d8320307fda3f980eed4df43e3e52168a1c667709,39999955469,39992.19580497519,39659206422948922,,,,,
0xeaa6aea543f6ceb035c969cf3fa4a8e4ef3bd369282dadb175754d44d142cf27,1760497685,2025-10-15,2025-10-15 03:08,389652934,MarketSupply,0x46cE9AA8167Fa3E154395c25d19dB25DdFCfeab4,0x9e90aec7d768403dacc9dd0d8320307fda3f980eed4df43e3e52168a1c667709,79953832,79.94525913701689,79272465942497,,,,,
0xb624eeb09810e7fb16cb33207f2d34d47d0eec67b448b96c1bc85dbdd8a0524b,1760498323,2025-10-15,2025-10-15 03:18,389655492,MarketSupplyCollateral,0x2D9C7Df48725B94A9DE6b2F3174fA4337Fd5551c,0x9e90aec7d768403dacc9dd0d8320307fda3f980eed4df43e3e52168a1c667709,644312000000,,,,,,,
0xb624eeb09810e7fb16cb33207f2d34d47d0eec67b448b96c1bc85dbdd8a0524b,1760498323,2025-10-15,2025-10-15 03:18,389655492,MarketBorrow,0x2D9C7Df48725B94A9DE6b2F3174fA4337Fd5551c,0x9e90aec7d768403dacc9dd0d8320307fda3f980eed4df43e3e52168a1c667709,700000000000,699924.9441341575,693589173163198057,,,,,
0x65d0451ece0d0724bf1e102edc8c26b7dff814baf935fab0e3d2aaf8b951739b,1760498361,2025-10-15,2025-10-15 03:19,389655646,MarketSupply,0x4B6F1C9E5d470b97181786b26da0d0945A7cf027,0x9e90aec7d768403dacc9dd0d8320307fda3f980eed4df43e3e52168a1c667709,676222119622,676149.6132838713,670457878982155805,,,,,
0x8a7247ba85b67f189eccf1ddfc166046524a496fd710488937ffc96420cf50f6,1760499398,2025-10-15,2025-10-15 03:36,389659812,MarketSupply,0x2385233abb910357e2b97A16D40e0443e53d0769,0x9e90aec7d768403dacc9dd0d8320307fda3f980eed4df43e3e52168a1c667709,27951855820,27948.85874751361,27713490383077573,,,,,
0xd0be1c36e92966d4adc4162db93d14d1a1f700263299bbe764d5449cd1528bf8,1760499445,2025-10-15,2025-10-15 03:37,389660000,MarketSupply,0x46cE9AA8167Fa3E154395c25d19dB25DdFCfeab4,0x9e90aec7d768403dacc9dd0d8320307fda3f980eed4df43e3e52168a1c667709,99996438,99.98571611537821,99143681379426,,,,,
0x3443692d683141df61ed27aa57bbcd1ae992ef9f882acfa149f9e1dd775eb7cc,1760499504,2025-10-15,2025-10-15 03:38,389660233,MarketWithdraw,0x2385233abb910357e2b97A16D40e0443e53d0769,0x9e90aec7d768403dacc9dd0d8320307fda3f980eed4df43e3e52168a1c667709,27951865725,27948.86865145157,27713490383077573,,,,,
0xdfa637701e933b7a06de4629fb71a7e4c954dd6617ec2f82088c4e212493319d,1760499606,2025-10-15,2025-10-15 03:40,389660642,MarketSupply,0xd8E208BDC85A89615883634810FA87A14928F365,0x9e90aec7d768403dacc9dd0d8320307fda3f980eed4df43e3e52168a1c667709,23915691091,23913.126786854205,23711728202073721,,,,,
0x97913a4da895fb5a486872d4a2fc298f8b4ef3b9e7f8b4c2fc768f67eb009d42,1760500820,2025-10-15,2025-10-15 04:00,389665505,MarketSupply,0xa60643c90A542A95026C0F1dbdB0615fF42019Cf,0x9e90aec7d768403dacc9dd0d8320307fda3f980eed4df43e3e52168a1c667709,61307144526,61294.88754767125,60784044189593447,,,,,
0xfdf9dc2b92d04c31fd3c6fbe1aa0dc6ebb179484b5b3d44aa5c46acc1299147e,1760501290,2025-10-15,2025-10-15 04:08,389667408,MarketWithdraw,0x46cE9AA8167Fa3E154395c25d19dB25DdFCfeab4,0x9e90aec7d768403dacc9dd0d8320307fda3f980eed4df43e3e52168a1c667709,61004281,60.992084572390155,60483675101063,,,,,
0x8e0a743d7a9af39c1bdb46caacddc34d68a6cb411888bc8e39f999374973107b,1760503047,2025-10-15,2025-10-15 04:37,389674446,MarketSupply,0x46cE9AA8167Fa3E154395c25d19dB25DdFCfeab4,0x9e90aec7d768403dacc9dd0d8320307fda3f980eed4df43e3e52168a1c667709,59996450,59.98445506542693,59484114904311,,,,,
0x82bb58788957ccab8c11fb2c26a5c095ccf79c0db6e7e18e942841efa43ecdb6,1760504836,2025-10-15,2025-10-15 05:07,389681614,MarketSupply,0x46cE9AA8167Fa3E154395c25d19dB25DdFCfeab4,0x9e90aec7d768403dacc9dd0d8320307fda3f980eed4df43e3e52168a1c667709,996046,0.9959680193183885,987534763396,,,,,
0x4d994d9c347ff9363fc83e0bc45d161039ca77c8da99dacd6424f5bbf1b92a5c,1760506733,2025-10-15,2025-10-15 05:38,389689213,MarketWithdraw,0x46cE9AA8167Fa3E154395c25d19dB25DdFCfeab4,0x9e90aec7d768403dacc9dd0d8320307fda3f980eed4df43e3e52168a1c667709,1004199,1.004120381018052,995612131807,,,,,
0x9aa5428107278f5490f59672ab48b7584d6a9b5b86a3baf1ec67cd0a2bd55091,1760508468,2025-10-15,2025-10-15 06:07,389696158,MarketSupply,0x46cE9AA8167Fa3E154395c25d19dB25DdFCfeab4,0x9e90aec7d768403dacc9dd0d8320307fda3f980eed4df43e3e52168a1c667709,1890043,1.8896854931583753,1873871044758,,,,,
0xf913e310361a81afd688c2f481dc36af26b455200d4b777a62549a07c7fdf303,1760510378,2025-10-15,2025-10-15 06:39,389703806,MarketWithdraw,0x46cE9AA8167Fa3E154395c25d19dB25DdFCfeab4,0x9e90aec7d768403dacc9dd0d8320307fda3f980eed4df43e3e52168a1c667709,898113,0.8979431194512231,890423017949,,,,,
0xfaa76cdccad0ba629661a0901701c855a4929219160026fa823f542dfa258336,1760511931,2025-10-15,2025-10-15 07:05,389710027,MarketSupply,0xa60643c90A542A95026C0F1dbdB0615fF42019Cf,0x9e90aec7d768403dacc9dd0d8320307fda3f980eed4df43e3e52168a1c667709,250002540292,249955.0495774494,247860708233532078,,,,,
0x29e10f03c20f7416b2b5aabd898cb88dc81c2aaa2513938b78b5e0eff66e788b,1760512301,2025-10-15,2025-10-15 07:11,389711508,MarketWithdraw,0x46cE9AA8167Fa3E154395c25d19dB25DdFCfeab4,0x9e90aec7d768403dacc9dd0d8320307fda3f980eed4df43e3e52168a1c667709,4145,0.004144212611953533,4109484649,,,,,
0x22ed9d8bcae3958d521413955f836706aed192a3e045fd82d86ab63d5c559856,1760513896,2025-10-15,2025-10-15 07:38,389717895,MarketWithdraw,0x46cE9AA8167Fa3E154395c25d19dB25DdFCfeab4,0x9e90aec7d768403dacc9dd0d8320307fda3f980eed4df43e3e52168a1c667709,3042,0.0030414221388570923,3015922330,,,,,
0x515236e2ebf0a23d73b82f25d01a05b439aab45c79f8fb75351efc9c52e1a9cf,1760515225,2025-10-15,2025-10-15 08:00,389723220,MarketWithdraw,0xa60643c90A542A95026C0F1dbdB0615fF42019Cf,0x9e90aec7d768403dacc9dd0d8320307fda3f980eed4df43e3e52168a1c667709,137645406909,137619.10887286067,136464942610946037,,,,,
0x11ecf1e1155bc74a87ffcaa8aa90fe39b3fc5cd125109a3ca62378565c1f583a,1760515703,2025-10-15,2025-10-15 08:08,389725132,MarketWithdraw,0x46cE9AA8167Fa3E154395c25d19dB25DdFCfeab4,0x9e90aec7d768403dacc9dd0d8320307fda3f980eed4df43e3e52168a1c667709,1003472,1.0032802802505842,994864768004,,,,,
0xe466a4418feaff523b7b279caccc4eea8f709c45da13cb4da685771379476ec7,1760515976,2025-10-15,2025-10-15 08:12,389726230,MarketSupplyCollateral,0x12889C77A17c47480599a6F7366008307770729C,0x9e90aec7d768403dacc9dd0d8320307fda3f980eed4df43e3e52168a1c667709,114508096279,,,,,,,
0xe466a4418feaff523b7b279caccc4eea8f709c45da13cb4da685771379476ec7,1760515976,2025-10-15,2025-10-15 08:12,389726230,MarketBorrow,0x12889C77A17c47480599a6F7366008307770729C,0x9e90aec7d768403dacc9dd0d8320307fda3f980eed4df43e3e52168a1c667709,128500000000,128475.44925239576,127315446828318901,,,,,
0x6a387cde3986216f33f6fdfa663154193be0ae85b1b4322d1a5ce8a57f95c144,1760517617,2025-10-15,2025-10-15 08:40,389732799,MarketSupply,0x46cE9AA8167Fa3E154395c25d19dB25DdFCfeab4,0x9e90aec7d768403dacc9dd0d8320307fda3f980eed4df43e3e52168a1c667709,995726,0.9955357601734709,987179180630,,,,,
0x3c8aeadb64bec63e0dc62d04fb016a69d1a4f159e43547c7dfd9834f53922fb7,1760519364,2025-10-15,2025-10-15 09:09,389739808,MarketSupply,0x2385233abb910357e2b97A16D40e0443e53d0769,0x9e90aec7d768403dacc9dd0d8320307fda3f980eed4df43e3e52168a1c667709,1000000000,999.902002741772,991410854465171,,,,,
0xc63736b23311d3975e4e67c497303c88bd1f13b1838d190211160caca07a6afc,1760519426,2025-10-15,2025-10-15 09:10,389740055,MarketWithdraw,0x2385233abb910357e2b97A16D40e0443e53d0769,0x9e90aec7d768403dacc9dd0d8320307fda3f980eed4df43e3e52168a1c667709,1000000201,999.9022037220744,991410854465171,,,,,
0x96e4c6ae6493100b01532159dbeed5639a529400f7c058f6d7e5e946bda9b0a6,1760520687,2025-10-15,2025-10-15 09:31,389745105,MarketSupply,0x4B6F1C9E5d470b97181786b26da0d0945A7cf027,0x9e90aec7d768403dacc9dd0d8320307fda3f980eed4df43e3e52168a1c667709,41242105258,41238.06364476117,40887694634881055,,,,,
0x44db94412a4dd403ab6943705e2d427149c7ea99282c50d752d7eb041934d28f,1760523026,2025-10-15,2025-10-15 10:10,389754473,MarketWithdraw,0x46cE9AA8167Fa3E154395c25d19dB25DdFCfeab4,0x9e90aec7d768403dacc9dd0d8320307fda3f980eed4df43e3e52168a1c667709,12131,0.012129970871013245,12026665381,,,,,
0x08f1960ebed06e9debc6bc0e89c22337878bc57bafc03ffdacbeb0214f0343b1,1760524789,2025-10-15,2025-10-15 10:39,389761542,MarketWithdraw,0x46cE9AA8167Fa3E154395c25d19dB25DdFCfeab4,0x9e90aec7d768403dacc9dd0d8320307fda3f980eed4df43e3e52168a1c667709,1003861,1.003775837816027,995221649973,,,,,
0x91ea1f4fca079a0d3b6d1f64c795732c65b33c7c6528891727e9bcc5cc249fa5,1760526096,2025-10-15,2025-10-15 11:01,389766769,MarketWithdraw,0x4B6F1C9E5d470b97181786b26da0d0945A7cf027,0x9e90aec7d768403dacc9dd0d8320307fda3f980eed4df43e3e52168a1c667709,6723096320,6721.81760674199,6665209313862038,,,,,
0xd5d183d38b5287f8d539dc0dd2a7329f2a92a5bea30d53121be9cc38fd5e267c,1760526413,2025-10-15,2025-10-15 11:06,389768041,MarketWithdraw,0x4B6F1C9E5d470b97181786b26da0d0945A7cf027,0x9e90aec7d768403dacc9dd0d8320307fda3f980eed4df43e3e52168a1c667709,102772681528,102753.13446453758,101887689577953771,,,,,
0x0a8dc4622930367597c3f04f83f35a284fb370e9bd3437f4df2acb4f87d2b5bb,1760526555,2025-10-15,2025-10-15 11:09,389768607,MarketWithdraw,0x46cE9AA8167Fa3E154395c25d19dB25DdFCfeab4,0x9e90aec7d768403dacc9dd0d8320307fda3f980eed4df43e3e52168a1c667709,3903,0.003902257660814532,3869388732,,,,,
0x7b17836b667980342ca0c7df0b717e86ea7beee5a90871ce05a5aa6ebef4155b,1760528413,2025-10-15,2025-10-15 11:40,389776056,MarketWithdraw,0x46cE9AA8167Fa3E154395c25d19dB25DdFCfeab4,0x9e90aec7d768403dacc9dd0d8320307fda3f980eed4df43e3e52168a1c667709,50004530,49.99501928463492,49573587728328,,,,,
0x2d6129d4a2a3cbc0144a4aa29568c4ccf35cbf283c942bbb81f9c7458a0a1405,1760529623,2025-10-15,2025-10-15 12:00,389780904,MarketSupply,0xa60643c90A542A95026C0F1dbdB0615fF42019Cf,0x9e90aec7d768403dacc9dd0d8320307fda3f980eed4df43e3e52168a1c667709,74652996608,74645.73772153586,74009320300420313,,,,,
0xe42fd3267e166e1d6c3273058311930c5fbd287ab77ac5e8a31849fd81e78db7,1760531570,2025-10-15,2025-10-15 12:32,389788702,MarketWithdraw,0x4B6F1C9E5d470b97181786b26da0d0945A7cf027,0x9e90aec7d768403dacc9dd0d8320307fda3f980eed4df43e3e52168a1c667709,141830278789,141816.48791739825,140606496658306797,,,,,
0x9e5e727515e176e269f2d9e01cb7fa9c4b265e8fd4440da8816803f516c07fc9,1760533750,2025-10-15,2025-10-15 13:09,389797436,MarketSupply,0x46cE9AA8167Fa3E154395c25d19dB25DdFCfeab4,0x9e90aec7d768403dacc9dd0d8320307fda3f980eed4df43e3e52168a1c667709,50987906,50.973554546393714,50547548441769,,,,,
0xaad5db4526aecab6d95e55524a42ed7746514920fec114177e666c4d9253b17a,1760534746,2025-10-15,2025-10-15 13:25,389801419,MarketSupply,0x4B6F1C9E5d470b97181786b26da0d0945A7cf027,0x9e90aec7d768403dacc9dd0d8320307fda3f980eed4df43e3e52168a1c667709,279949031674,279870.23503661325,277530223933683196,,,,,
0x18f4dbda5cf4a7509de2fe99db382c79e09612a8b33914eba15675caf73d1885,1760535567,2025-10-15,2025-10-15 13:39,389804705,MarketWithdraw,0x46cE9AA8167Fa3E154395c25d19dB25DdFCfeab4,0x9e90aec7d768403dacc9dd0d8320307fda3f980eed4df43e3e52168a1c667709,4199,0.004197818116717858,4162710359,,,,,
0x3a4424b48dbd49452489542003f7f2e0aa3574e97fdc8eee5cb0810e2b7c7a10,1760536484,2025-10-15,2025-10-15 13:54,389808375,MarketWithdraw,0x4B6F1C9E5d470b97181786b26da0d0945A7cf027,0x9e90aec7d768403dacc9dd0d8320307fda3f980eed4df43e3e52168a1c667709,109384456429,109353.66822695675,108438828720086550,,,,,
0x8b8a33b087bba09c3b5f81b2dc6a020bd6d052fd17e30448b0ab238ba7969e17,1760537400,2025-10-15,2025-10-15 14:10,389812053,MarketWithdraw,0x46cE9AA8167Fa3E154395c25d19dB25DdFCfeab4,0x9e90aec7d768403dacc9dd0d8320307fda3f980eed4df43e3e52168a1c667709,1003820,1.0037232096171576,995139114236,,,,,
0x4520eebdb51c9ffbbc5ad9c99d6b791c9acd53d31ae9445cfe7d3614f4a5b636,1760540665,2025-10-15,2025-10-15 15:04,389825129,MarketSupply,0x4B6F1C9E5d470b97181786b26da0d0945A7cf027,0x9e90aec7d768403dacc9dd0d8320307fda3f980eed4df43e3e52168a1c667709,152911469627,152896.48327917373,151587555320733402,,,,,
0xf8843222887321889893cc5e66dbdef00a21fa789743875eb33dc46354c69412,1760540978,2025-10-15,2025-10-15 15:09,389826385,MarketSupply,0x46cE9AA8167Fa3E154395c25d19dB25DdFCfeab4,0x9e90aec7d768403dacc9dd0d8320307fda3f980eed4df43e3e52168a1c667709,992201,0.9921037576588214,983609634443,,,,,
0x5cc5b6129d96a36cd538e3d2f152983f3b31b4c6dfa04dbb9dccfd98127451c0,1760541831,2025-10-15,2025-10-15 15:23,389829800,MarketWithdraw,0x4B6F1C9E5d470b97181786b26da0d0945A7cf027,0x9e90aec7d768403dacc9dd0d8320307fda3f980eed4df43e3e52168a1c667709,90855877323,90846.97283870626,90068954794603962,,,,,
0x15f96e4072a243740e7dd296dcee4d1967ad8f6cfaade10f1a18a38a45f54f0d,1760541894,2025-10-15,2025-10-15 15:24,389830049,MarketSupply,0x4B6F1C9E5d470b97181786b26da0d0945A7cf027,0x9e90aec7d768403dacc9dd0d8320307fda3f980eed4df43e3e52168a1c667709,90822027005,90813.12583826408,90035380930351693,,,,,
0x16ff176e47f754da0b85f494db4c4b073998d25d8ae2234b7ce129e483becff9,1760542715,2025-10-15,2025-10-15 15:38,389833352,MarketWithdraw,0x46cE9AA8167Fa3E154395c25d19dB25DdFCfeab4,0x9e90aec7d768403dacc9dd0d8320307fda3f980eed4df43e3e52168a1c667709,3352,0.0033516714815570326,3322959492,,,,,
0xb3ac63af642fefbeafbb54c29bd6a7476489b0e273763be83b089ba86dac9948,1760544022,2025-10-15,2025-10-15 16:00,389838582,MarketSupply,0xa60643c90A542A95026C0F1dbdB0615fF42019Cf,0x9e90aec7d768403dacc9dd0d8320307fda3f980eed4df43e3e52168a1c667709,356465465392,356430.221536261,353375910397168373,,,,,
0xc10c33acf724fac3ca754fadf616109f6ee6bbf0c40584a3e65195045afab939,1760544036,2025-10-15,2025-10-15 16:00,389838640,MarketWithdraw,0x4B6F1C9E5d470b97181786b26da0d0945A7cf027,0x9e90aec7d768403dacc9dd0d8320307fda3f980eed4df43e3e52168a1c667709,240592283374,240568.49593720626,238507014678196484,,,,,
0xd0f3b28a1c9a1f9469d12a9fe8df0a679e048615c9d20b45e763b2221917f04e,1760544532,2025-10-15,2025-10-15 16:08,389840625,MarketWithdraw,0x46cE9AA8167Fa3E154395c25d19dB25DdFCfeab4,0x9e90aec7d768403dacc9dd0d8320307fda3f980eed4df43e3e52168a1c667709,3488,0.0034876551403130104,3457764033,,,,,
0x6da12e227099d22914e6993915f20af9496c6e78f4676146d315e77126983521,1760545874,2025-10-15,2025-10-15 16:31,389846000,MarketSupply,0x4B6F1C9E5d470b97181786b26da0d0945A7cf027,0x9e90aec7d768403dacc9dd0d8320307fda3f980eed4df43e3e52168a1c667709,240484656718,240460.87992228856,238399127952074104,,,,,
0x5390bfc27c37b465168648ec0146488500638e6be745f453f5e116a610a63c68,1760546376,2025-10-15,2025-10-15 16:39,389848010,MarketWithdraw,0x46cE9AA8167Fa3E154395c25d19dB25DdFCfeab4,0x9e90aec7d768403dacc9dd0d8320307fda3f980eed4df43e3e52168a1c667709,3503,0.003502653657258164,3472616652,,,,,
0x18035a968375744239446565aae3d6732afb572ce31326f1a9eff5f2d399b6d7,1760548104,2025-10-15,2025-10-15 17:08,389854937,MarketWithdraw,0x46cE9AA8167Fa3E154395c25d19dB25DdFCfeab4,0x9e90aec7d768403dacc9dd0d8320307fda3f980eed4df43e3e52168a1c667709,3241,0.0032403773177576336,3212874258,,,,,
0x86f8338621711990a978c045ed1b7b7c98c9feb71ab882fa45511940bc5bef30,1760549937,2025-10-15,2025-10-15 17:38,389862276,MarketWithdraw,0x46cE9AA8167Fa3E154395c25d19dB25DdFCfeab4,0x9e90aec7d768403dacc9dd0d8320307fda3f980eed4df43e3e52168a1c667709,3438,0.003437339468821581,3408147954,,,,,
0xb6056da7ddb0f8b329e177398a16092f274567bf01c46e79d76349d3d24f80f6,1760551766,2025-10-15,2025-10-15 18:09,389869605,MarketWithdraw,0x46cE9AA8167Fa3E154395c25d19dB25DdFCfeab4,0x9e90aec7d768403dacc9dd0d8320307fda3f980eed4df43e3e52168a1c667709,3431,0.003430343797470119,3401192090,,,,,
0xd8c32f168bfdb6e5a5ab017c1ddf306e7149e3b8ebda4f40a0ee274dda624585,1760553474,2025-10-15,2025-10-15 18:37,389876450,MarketWithdraw,0x46cE9AA8167Fa3E154395c25d19dB25DdFCfeab4,0x9e90aec7d768403dacc9dd0d8320307fda3f980eed4df43e3e52168a1c667709,3204,0.0032033872127934307,3176149710,,,,,
0xf6d3dcb4b58b9779e63f53e62c711e330ca54a5792e06e8d9f087e011c728f17,1760555031,2025-10-15,2025-10-15 19:03,389882686,MarketWithdraw,0xd8E208BDC85A89615883634810FA87A14928F365,0x9e90aec7d768403dacc9dd0d8320307fda3f980eed4df43e3e52168a1c667709,23919745792,23916.166940859057,23711728202073721,,,,,
0x5bbc678986af86ddc9dc96c2e1e3d3467b8eba8242ade54783635ba342374350,1760555332,2025-10-15,2025-10-15 19:08,389883890,MarketWithdraw,0x46cE9AA8167Fa3E154395c25d19dB25DdFCfeab4,0x9e90aec7d768403dacc9dd0d8320307fda3f980eed4df43e3e52168a1c667709,3485,0.0034844785773923076,3454689981,,,,,
0x1be1c5cba8a8941b227f531695626adaca23c47d0f2facc7e1f67eb10e09dd80,1760555706,2025-10-15,2025-10-15 19:15,389885388,MarketWithdraw,0x4B6F1C9E5d470b97181786b26da0d0945A7cf027,0x9e90aec7d768403dacc9dd0d8320307fda3f980eed4df43e3e52168a1c667709,82913437573,82901.03213804103,82192233835636437,,,,,
0xad370315cd8cc179012899cc05bae8e1722d53d93e8ebac7c77a137801fac062,1760557109,2025-10-15,2025-10-15 19:38,389891005,MarketWithdraw,0x46cE9AA8167Fa3E154395c25d19dB25DdFCfeab4,0x9e90aec7d768403dacc9dd0d8320307fda3f980eed4df43e3e52168a1c667709,3354,0.0033534981774960694,3324813417,,,,,
0x341a2850cd5518ac7e74f19d863f0d9aff84aba195e8883c0cbd01d00aae5904,1760558031,2025-10-15,2025-10-15 19:53,389894693,MarketWithdraw,0x4B6F1C9E5d470b97181786b26da0d0945A7cf027,0x9e90aec7d768403dacc9dd0d8320307fda3f980eed4df43e3e52168a1c667709,693017717739,692914.029043,686985354402355196,,,,,
0xda84c16ecf05d351242f5247d9f7f178bdd876a0ac3cea956ec05776b3995b89,1760558093,2025-10-15,2025-10-15 19:54,389894949,MarketWithdraw,0x4B6F1C9E5d470b97181786b26da0d0945A7cf027,0x9e90aec7d768403dacc9dd0d8320307fda3f980eed4df43e3e52168a1c667709,90000022420,89986.55669650428,89216595690796331,,,,,
0xcfbae1e4c1e09be84be6ba2993240a804a64f26dafc1df9bbb5928d3e24d7445,1760558398,2025-10-15,2025-10-15 19:59,389896165,MarketWithdraw,0x4B6F1C9E5d470b97181786b26da0d0945A7cf027,0x9e90aec7d768403dacc9dd0d8320307fda3f980eed4df43e3e52168a1c667709,70000004894,69989.53155538012,69390579521672504,,,,,
0x714be3d6f2fd594e2230cda84ed2231fd35a7116aad4bbbf79a148ed744fa192,1760558421,2025-10-15,2025-10-15 20:00,389896255,MarketSupply,0xa60643c90A542A95026C0F1dbdB0615fF42019Cf,0x9e90aec7d768403dacc9dd0d8320307fda3f980eed4df43e3e52168a1c667709,19324520617,19322.611496163267,19156277813940616,,,,,
0x224ba0628a0da7a1ee5f3556207afc387fcb09ae1b6528b6af8a717f33c11769,1760558460,2025-10-15,2025-10-15 20:01,389896417,MarketSupply,0x4B6F1C9E5d470b97181786b26da0d0945A7cf027,0x9e90aec7d768403dacc9dd0d8320307fda3f980eed4df43e3e52168a1c667709,100675476820,100665.53082163066,99798959852490055,,,,,
0x596582469d531de203ff5fdb9234eaa548d4bff2e1f567cc0da314c6ec4cb5f4,1760560722,2025-10-15,2025-10-15 20:38,389905468,MarketSupply,0x46cE9AA8167Fa3E154395c25d19dB25DdFCfeab4,0x9e90aec7d768403dacc9dd0d8320307fda3f980eed4df43e3e52168a1c667709,1034093,1.0339908391996082,1025079955450,,,,,
0xe4a39704e666a6492e8b93aa7cf2cfd106ca7b3940dfe7d58ed6157e524d658c,1760561814,2025-10-15,2025-10-15 20:56,389909846,MarketSupply,0x4B6F1C9E5d470b97181786b26da0d0945A7cf027,0x9e90aec7d768403dacc9dd0d8320307fda3f980eed4df43e3e52168a1c667709,833847973008,833765.5949469092,826576403388904277,,,,,
0xc27afafefc62af104791a611b6b2e4efe63132aa11b6d6445350243b9738a283,1760562452,2025-10-15,2025-10-15 21:07,389912404,MarketWithdraw,0x46cE9AA8167Fa3E154395c25d19dB25DdFCfeab4,0x9e90aec7d768403dacc9dd0d8320307fda3f980eed4df43e3e52168a1c667709,1048364,1.0482604293295268,1039219967369,,,,,
0xea3548f27ed5b31d45bd817c8137a6ee2c1612665b938f37cff4435896386b0f,1760565420,2025-10-15,2025-10-15 21:57,389924307,MarketWithdraw,0x46cE9AA8167Fa3E154395c25d19dB25DdFCfeab4,0x9e90aec7d768403dacc9dd0d8320307fda3f980eed4df43e3e52168a1c667709,41005574,41.00152295018112,40647592269225,,,,,
0xef41c4a8135647d23b837dfca25f1d2af059df103f1193a237245b88356dab25,1760567261,2025-10-15,2025-10-15 22:27,389931677,MarketWithdraw,0x46cE9AA8167Fa3E154395c25d19dB25DdFCfeab4,0x9e90aec7d768403dacc9dd0d8320307fda3f980eed4df43e3e52168a1c667709,260003255,259.9536596630233,257732135965954,,,,,
0xcce2919775c3c2a1aa97acc3259f02de936580bbde0c371c2f813aabceb96095,1760569053,2025-10-15,2025-10-15 22:57,389938851,MarketSupply,0x46cE9AA8167Fa3E154395c25d19dB25DdFCfeab4,0x9e90aec7d768403dacc9dd0d8320307fda3f980eed4df43e3e52168a1c667709,998080,0.9978896173298688,989357057689,,,,,
0xf92efec1287f0073e3b623f7cff47d1c31ae1c4a3b16a25e6cd032e009cf00b8,1760570849,2025-10-15,2025-10-15 23:27,389946052,MarketSupply,0x46cE9AA8167Fa3E154395c25d19dB25DdFCfeab4,0x9e90aec7d768403dacc9dd0d8320307fda3f980eed4df43e3e52168a1c667709,199998071,199.95992158634772,198249189528473,,,,,
0x9def29256d38548682a365cb73c9328ecc5d731d64def586d6a35a2a6db34b00,1760572590,2025-10-15,2025-10-15 23:56,389953029,MarketSupply,0x46cE9AA8167Fa3E154395c25d19dB25DdFCfeab4,0x9e90aec7d768403dacc9dd0d8320307fda3f980eed4df43e3e52168a1c667709,78997197,78.98212837093446,78306041479106,,,,,
0xcbd0ce68cc812445ee51ad386e72513b11b8743c6dc0d6c0326066b7e55f8025,1760572825,2025-10-16,2025-10-16 00:00,389953970,MarketWithdraw,0xa60643c90A542A95026C0F1dbdB0615fF42019Cf,0x9e90aec7d768403dacc9dd0d8320307fda3f980eed4df43e3e52168a1c667709,380282700878,380207.30753648933,376955326706903303,,,,,
0xae23357ba0184c9dfac81acf5395dadd5696ef7e93d135f77aa3e622f1f73460,1760574449,2025-10-16,2025-10-16 00:27,389960508,MarketSupply,0x46cE9AA8167Fa3E154395c25d19dB25DdFCfeab4,0x9e90aec7d768403dacc9dd0d8320307fda3f980eed4df43e3e52168a1c667709,1996527,1.996131176467668,1979049048721,,,,,
0xbd57f3d85dab6bdd1e12b4d37b0a757a610de85abb648eb1f3449cd05ad6db62,1760576235,2025-10-16,2025-10-16 00:57,389967667,MarketSupply,0x46cE9AA8167Fa3E154395c25d19dB25DdFCfeab4,0x9e90aec7d768403dacc9dd0d8320307fda3f980eed4df43e3e52168a1c667709,18996641,18.992874801224296,18830248302334,,,,,
0x8ebf7ed6c06c34133741b98d1df573b204c5c5805b0b3e2fc42c34f14346f954,1760581463,2025-10-16,2025-10-16 02:24,389988602,MarketWithdraw,0x46cE9AA8167Fa3E154395c25d19dB25DdFCfeab4,0x9e90aec7d768403dacc9dd0d8320307fda3f980eed4df43e3e52168a1c667709,20010106,20.00741347818686,19834550369667,,,,,
0x925040fd6ea8c348ab7ebf2749f8ece87ee4583cf20f32137f50daea3200eaf6,1760583267,2025-10-16,2025-10-16 02:54,389995830,MarketSupply,0x46cE9AA8167Fa3E154395c25d19dB25DdFCfeab4,0x9e90aec7d768403dacc9dd0d8320307fda3f980eed4df43e3e52168a1c667709,19996613,19.99392229377928,19821077143478,,,,,
0xe17cc5c8c59da96c8aa3ff9796879bc1a77d6d905f2e47ef8fd4619262679db4,1760584989,2025-10-16,2025-10-16 03:23,390002732,MarketWithdraw,0x46cE9AA8167Fa3E154395c25d19dB25DdFCfeab4,0x9e90aec7d768403dacc9dd0d8320307fda3f980eed4df43e3e52168a1c667709,3329,0.0033285520560902603,3299761439,,,,,
0x26e21afd8deece5e5f96534449369f7196bec961a9e3ae65d642c62dd611c69a,1760586916,2025-10-16,2025-10-16 03:55,390010443,MarketWithdraw,0x46cE9AA8167Fa3E154395c25d19dB25DdFCfeab4,0x9e90aec7d768403dacc9dd0d8320307fda3f980eed4df43e3e52168a1c667709,3725,0.003724498771083274,3692263756,,,,,
0x9ad76253db2e49ad77cd2a4c0a0c39141de0583657a9657d7bc696b368699074,1760587234,2025-10-16,2025-10-16 04:00,390011709,MarketSupply,0xa60643c90A542A95026C0F1dbdB0615fF42019Cf,0x9e90aec7d768403dacc9dd0d8320307fda3f980eed4df43e3e52168a1c667709,814804224227,814694.5857199791,807642809793808522,,,,,
0xf5750011c7c4ce207884c708b6e5cbf0f1487892bc9d03a6f4bac49f0ed194ed,1760588713,2025-10-16,2025-10-16 04:25,390017643,MarketWithdraw,0x46cE9AA8167Fa3E154395c25d19dB25DdFCfeab4,0x9e90aec7d768403dacc9dd0d8320307fda3f980eed4df43e3e52168a1c667709,420003309,419.9209027136757,416310248645373,,,,,
0x954051a617b2dbb611af8fdb86419ae4972d05261185a2062a37c72c493e7dcb,1760589060,2025-10-16,2025-10-16 04:31,390019030,MarketSupply,0x2385233abb910357e2b97A16D40e0443e53d0769,0x9e90aec7d768403dacc9dd0d8320307fda3f980eed4df43e3e52168a1c667709,789627051,789.4721230947674,782683208785327,,,,,
0x513876e64356df9adfc315cf675d2f835595d6935515676ac822a3ee43018db8,1760589181,2025-10-16,2025-10-16 04:33,390019515,MarketSupply,0x2385233abb910357e2b97A16D40e0443e53d0769,0x9e90aec7d768403dacc9dd0d8320307fda3f980eed4df43e3e52168a1c667709,800687720,800.5306219483971,793646362724929,,,,,
0xe93e33275b90b375d7e5764ec2531ed858bb4dfd7fb50eea0534ee28dd261949,1760589420,2025-10-16,2025-10-16 04:37,390020469,MarketSupply,0x2385233abb910357e2b97A16D40e0443e53d0769,0x9e90aec7d768403dacc9dd0d8320307fda3f980eed4df43e3e52168a1c667709,825713799,825.55179073415,818451850839233,,,,,
0x69388ecbecd8125dabf9a542c7d3ecbeadfa1c85d2b5995244f27e880015ef3e,1760589540,2025-10-16,2025-10-16 04:39,390020950,MarketSupply,0x2385233abb910357e2b97A16D40e0443e53d0769,0x9e90aec7d768403dacc9dd0d8320307fda3f980eed4df43e3e52168a1c667709,828718582,828.5559841840133,821429951480618,,,,,
0x09fd3e0d6aa19ce4ef5c14fca0d69f3faec4856379e8416bdc7e4844232c5876,1760589780,2025-10-16,2025-10-16 04:43,390021911,MarketSupply,0x2385233abb910357e2b97A16D40e0443e53d0769,0x9e90aec7d768403dacc9dd0d8320307fda3f980eed4df43e3e52168a1c667709,835729318,835.5653446502836,828378511258159,,,,,
0xe1808ab71a5cbf80e3f4f7b94cfc3d17d4967a2c4b595cf8f3ff218431ee4204,1760589900,2025-10-16,2025-10-16 04:45,390022390,MarketSupply,0x2385233abb910357e2b97A16D40e0443e53d0769,0x9e90aec7d768403dacc9dd0d8320307fda3f980eed4df43e3e52168a1c667709,847742040,847.5757097074036,840285311333474,,,,,
0x7803194a07bc40d19dd463fd3b24c4bd5f2bb3265ca0b06b3bdda729503cf11b,1760590501,2025-10-16,2025-10-16 04:55,390024795,MarketSupply,0x2385233abb910357e2b97A16D40e0443e53d0769,0x9e90aec7d768403dacc9dd0d8320307fda3f980eed4df43e3e52168a1c667709,3330961453,3330.3079053794236,3301657203530200,,,,,
0xfc14d35099f68627ef69d8d4d0a56cca064771f128aa4bfdb8c3245241e8005d,1760590506,2025-10-16,2025-10-16 04:55,390024816,MarketSupply,0x46cE9AA8167Fa3E154395c25d19dB25DdFCfeab4,0x9e90aec7d768403dacc9dd0d8320307fda3f980eed4df43e3e52168a1c667709,169998692,169.9653375940048,168503120395117,,,,,
0x0b23010b50570c39fae1051c342f7d9662cc070a42ea5009625bf3197fe438bf,1760592312,2025-10-16,2025-10-16 05:25,390032043,MarketSupply,0x46cE9AA8167Fa3E154395c25d19dB25DdFCfeab4,0x9e90aec7d768403dacc9dd0d8320307fda3f980eed4df43e3e52168a1c667709,149997885,149.9684548302978,148677574356220,,,,,
0x0a3a66b8d1e91b88bff846c5113379e6339009a6cd0d0aebf6f6c35f6922c5a7,1760593994,2025-10-16,2025-10-16 05:53,390038779,MarketSupply,0x46cE9AA8167Fa3E154395c25d19dB25DdFCfeab4,0x9e90aec7d768403dacc9dd0d8320307fda3f980eed4df43e3e52168a1c667709,99124583,99.10513437044533,98251640091629,,,,,
0x52bac4832ba5b896250bbb02ed50fb65b5b27b9ba99bda0993855d40cc8b0b0f,1760594701,2025-10-16,2025-10-16 06:05,390041611,MarketSupply,0x2385233abb910357e2b97A16D40e0443e53d0769,0x9e90aec7d768403dacc9dd0d8320307fda3f980eed4df43e3e52168a1c667709,2346313442,2345.8530861571653,2325646311056858,,,,,
0x3b855871c763daf92cba2118260c9b4441c224214cecbae9396950e18c72a5a1,1760595753,2025-10-16,2025-10-16 06:22,390045824,MarketWithdraw,0x46cE9AA8167Fa3E154395c25d19dB25DdFCfeab4,0x9e90aec7d768403dacc9dd0d8320307fda3f980eed4df43e3e52168a1c667709,48130403,48.121244028518056,47706323712506,,,,,
0x960fbaef7748322797a0658982f945fd94943831729ad3948ebff73f83692e1d,1760597547,2025-10-16,2025-10-16 06:52,390053001,MarketSupply,0x46cE9AA8167Fa3E154395c25d19dB25DdFCfeab4,0x9e90aec7d768403dacc9dd0d8320307fda3f980eed4df43e3e52168a1c667709,48996964,48.9876401263566,48565023312832,,,,,
0x0e60ac94f5d797ab30956361d80af93a3d0388b90db9eeca0b6386b73770ae4b,1760598901,2025-10-16,2025-10-16 07:15,390058428,MarketSupply,0x2385233abb910357e2b97A16D40e0443e53d0769,0x9e90aec7d768403dacc9dd0d8320307fda3f980eed4df43e3e52168a1c667709,1364477380,1364.314044308606,1352443856690417,,,,,
0xf190789489669171a992c1f383a411af1e88605e67ee3154b69057f39911ea5a,1760599024,2025-10-16,2025-10-16 07:17,390058915,MarketWithdraw,0x2385233abb910357e2b97A16D40e0443e53d0769,0x9e90aec7d768403dacc9dd0d8320307fda3f980eed4df43e3e52168a1c667709,11970193218,11968.760317891842,11864622567699215,,,,,
0x409f5e66849af359381a385398dba9ee1d4426a6ba32b2bc7756e62f6b1dd509,1760599401,2025-10-16,2025-10-16 07:23,390060428,MarketWithdraw,0x46cE9AA8167Fa3E154395c25d19dB25DdFCfeab4,0x9e90aec7d768403dacc9dd0d8320307fda3f980eed4df43e3e52168a1c667709,250003372,249.97344517657663,247798234469320,,,,,
0x728935b7af04e90fa5f3bfd8c9cc640cd3fd551eb6728237b1e2e5b68030041a,1760601265,2025-10-16,2025-10-16 07:54,390067882,MarketSupply,0x46cE9AA8167Fa3E154395c25d19dB25DdFCfeab4,0x9e90aec7d768403dacc9dd0d8320307fda3f980eed4df43e3e52168a1c667709,198997817,198.97399583117593,197241615852616,,,,,
0x6ed0035256d0b78e373d870886083628205c4ed1e3ac61214ac6600ec1915b96,1760601442,2025-10-16,2025-10-16 07:57,390068586,MarketSupplyCollateral,0xE05c75c79464a10D6497548902492e64ec8a6A73,0x9e90aec7d768403dacc9dd0d8320307fda3f980eed4df43e3e52168a1c667709,119231102466,,,,,,,
0x6ed0035256d0b78e373d870886083628205c4ed1e3ac61214ac6600ec1915b96,1760601442,2025-10-16,2025-10-16 07:57,390068586,MarketBorrow,0xE05c75c79464a10D6497548902492e64ec8a6A73,0x9e90aec7d768403dacc9dd0d8320307fda3f980eed4df43e3e52168a1c667709,126000000000,125984.91708443298,124803677802344155,,,,,
0x73a5e85d68d2663f928e8e6f1053d90b4813e932ac62ae408ffba62a8693834d,1760601627,2025-10-16,2025-10-16 08:00,390069332,MarketWithdraw,0xa60643c90A542A95026C0F1dbdB0615fF42019Cf,0x9e90aec7d768403dacc9dd0d8320307fda3f980eed4df43e3e52168a1c667709,39102036618,39097.35588215232,38756915608266587,,,,,
0x222a523b30475f7efcd62a5c733da782aac5cddc0099f8783a4bda54d687e6d3,1760603152,2025-10-16,2025-10-16 08:25,390075441,MarketWithdraw,0x46cE9AA8167Fa3E154395c25d19dB25DdFCfeab4,0x9e90aec7d768403dacc9dd0d8320307fda3f980eed4df43e3e52168a1c667709,3221,0.003220614428007608,3192558122,,,,,
0x1889f58bc47d211ca2e6105a2c240952f51d67dd4e4a5935d5a66c0fe27da9e1,1760603783,2025-10-16,2025-10-16 08:36,390077974,MarketSupply,0x64A651D825FC70Ebba88f2E1BAD90be9A496C4b9,0x9e90aec7d768403dacc9dd0d8320307fda3f980eed4df43e3e52168a1c667709,298025400,297.98972466710296,295393304147089,,,,,
0x45c7d2023c2cbc0afba4ac7322d2518dbd0e9e96a0356198ed65bed30adf52c7,1760604889,2025-10-16,2025-10-16 08:54,390082407,MarketSupply,0x46cE9AA8167Fa3E154395c25d19dB25DdFCfeab4,0x9e90aec7d768403dacc9dd0d8320307fda3f980eed4df43e3e52168a1c667709,50997032,50.99092736565218,50546490260248,,,,,
0x97f5b766a3fef3440713b7dec252dcabe9e48efcdac71227ada01c739e73ecf5,1760606630,2025-10-16,2025-10-16 09:23,390089389,MarketWithdraw,0x46cE9AA8167Fa3E154395c25d19dB25DdFCfeab4,0x9e90aec7d768403dacc9dd0d8320307fda3f980eed4df43e3e52168a1c667709,3209,0.003208379756721009,3180634999,,,,,
0x3765b72e6060c3c337b005a6f19ad239f55db1f54e7bf3f223690a10937a2455,1760607794,2025-10-16,2025-10-16 09:43,390094052,MarketSupplyCollateral,0x12889C77A17c47480599a6F7366008307770729C,0x9e90aec7d768403dacc9dd0d8320307fda3f980eed4df43e3e52168a1c667709,102141311112,,,,,,,
0x3765b72e6060c3c337b005a6f19ad239f55db1f54e7bf3f223690a10937a2455,1760607794,2025-10-16,2025-10-16 09:43,390094052,MarketBorrow,0x12889C77A17c47480599a6F7366008307770729C,0x9e90aec7d768403dacc9dd0d8320307fda3f980eed4df43e3e52168a1c667709,110000000000,109978.73893403272,108953517436368933,,,,,
0x552ae3d9bbc280ee2e6f8971b3fddf5b9ad16029ab6175e288ef49200c81b72c,1760608463,2025-10-16,2025-10-16 09:54,390096726,MarketWithdraw,0x46cE9AA8167Fa3E154395c25d19dB25DdFCfeab4,0x9e90aec7d768403dacc9dd0d8320307fda3f980eed4df43e3e52168a1c667709,3389,0.0033883449658857904,3359027704,,,,,
0xeae0bb44cb7a87254bb6c57b69d046aa5159b68ca41fc21500bf5db4e186a3fc,1760610279,2025-10-16,2025-10-16 10:24,390103996,MarketWithdraw,0x46cE9AA8167Fa3E154395c25d19dB25DdFCfeab4,0x9e90aec7d768403dacc9dd0d8320307fda3f980eed4df43e3e52168a1c667709,100003375,99.98404610588342,99118468417349,,,,,
0x652940bfe1ae750dba000614cf17d8b43abeb64968886ffd8efd37cf555a5543,1760612031,2025-10-16,2025-10-16 10:53,390111021,MarketSupply,0x46cE9AA8167Fa3E154395c25d19dB25DdFCfeab4,0x9e90aec7d768403dacc9dd0d8320307fda3f980eed4df43e3e52168a1c667709,80997208,80.98155266379588,80280109607042,,,,,
0x3e837319e9b13ab60a08d96857599a0db16b54e327c217b84be9695db015332e,1760613834,2025-10-16,2025-10-16 11:23,390118246,MarketSupply,0x46cE9AA8167Fa3E154395c25d19dB25DdFCfeab4,0x9e90aec7d768403dacc9dd0d8320307fda3f980eed4df43e3e52168a1c667709,18996739,18.994849134684546,18828463795630,,,,,
0x35758c316976b629006e82701a78196ff2476a9d064457e90f211683b4b2ca78,1760615590,2025-10-16,2025-10-16 11:53,390125277,MarketWithdraw,0x4B6F1C9E5d470b97181786b26da0d0945A7cf027,0x9e90aec7d768403dacc9dd0d8320307fda3f980eed4df43e3e52168a1c667709,533565158413,533512.0773928092,528836317401989636,,,,,
0xc3c2682d8b02d94ff88099b6e65b2d01c9cf16ac30dc2f96c959ee18ca52f92c,1760615779,2025-10-16,2025-10-16 11:56,390126038,MarketWithdraw,0x46cE9AA8167Fa3E154395c25d19dB25DdFCfeab4,0x9e90aec7d768403dacc9dd0d8320307fda3f980eed4df43e3e52168a1c667709,50003637,49.99866245467341,49560442152823,,,,,
0xf98052bbd0c7e049cc192d4f4a1dd3ebc168733b5f5c62b23363f61b82bbcf8f,1760616028,2025-10-16,2025-10-16 12:00,390127030,MarketSupply,0xa60643c90A542A95026C0F1dbdB0615fF42019Cf,0x9e90aec7d768403dacc9dd0d8320307fda3f980eed4df43e3e52168a1c667709,379056433943,379018.7240177803,375696497607875368,,,,,
0xb300931b47c067fc46bf1849e9da256d6084beddc52857378d8a2be443097f6c,1760617146,2025-10-16,2025-10-16 12:19,390131505,MarketWithdraw,0x4B6F1C9E5d470b97181786b26da0d0945A7cf027,0x9e90aec7d768403dacc9dd0d8320307fda3f980eed4df43e3e52168a1c667709,402442811340,402402.7748521267,398874384222795025,,,,,
0xfe30abcc34a8d5127f297409ca3ecb10d7e07920fff87889ad49f63a818f3901,1760617402,2025-10-16,2025-10-16 12:23,390132532,MarketSupply,0x46cE9AA8167Fa3E154395c25d19dB25DdFCfeab4,0x9e90aec7d768403dacc9dd0d8320307fda3f980eed4df43e3e52168a1c667709,28997111,28.994226260975726,28739974744716,,,,,
0xd7c8b7236d9957b6aab1fed3b1b52d068ff32c4c9d443d5f9bd8bac5e4be9d0e,1760619300,2025-10-16,2025-10-16 12:55,390140141,MarketWithdraw,0x46cE9AA8167Fa3E154395c25d19dB25DdFCfeab4,0x9e90aec7d768403dacc9dd0d8320307fda3f980eed4df43e3e52168a1c667709,379003731,378.9660263178625,375640797023937,,,,,
0x401a86075824b23d1ed06f862b895e1ebdd13935062422008cf3656a8531c179,1760620995,2025-10-16,2025-10-16 13:23,390146924,MarketSupply,0x46cE9AA8167Fa3E154395c25d19dB25DdFCfeab4,0x9e90aec7d768403dacc9dd0d8320307fda3f980eed4df43e3e52168a1c667709,298998524,298.94710189789333,296344030493300,,,,,
0x286d7b74996984b7631260c8cbe5786ca3d8aad066ff986e2d16d34cc3bc4c1d,1760622858,2025-10-16,2025-10-16 13:54,390154384,MarketSupply,0x46cE9AA8167Fa3E154395c25d19dB25DdFCfeab4,0x9e90aec7d768403dacc9dd0d8320307fda3f980eed4df43e3e52168a1c667709,51996768,51.987825537416775,51534865741913,,,,,
0xc739b69cd2b5198b4fc256d36c6fc91e9e8b56419a2947c196e58c45d451980f,1760624618,2025-10-16,2025-10-16 14:23,390161433,MarketSupply,0x46cE9AA8167Fa3E154395c25d19dB25DdFCfeab4,0x9e90aec7d768403dacc9dd0d8320307fda3f980eed4df43e3e52168a1c667709,48996681,48.98825449574987,48561182232078,,,,,
0x7eb1841f456cd8fdc797aef196735660f1ac34304da1eb56f624ea023991b00c,1760626050,2025-10-16,2025-10-16 14:47,390167175,MarketWithdraw,0xad6452a9b8F10b0fE084C83c396ABAe96411C761,0x9e90aec7d768403dacc9dd0d8320307fda3f980eed4df43e3e52168a1c667709,106475000000,106456.68830986669,105528177866378513,,,,,
0x3473e07a8785635d2bc3c709aba98b95debb9239a8279e0c2a275b9c8f21fe80,1760626692,2025-10-16,2025-10-16 14:58,390169740,MarketWithdraw,0x46cE9AA8167Fa3E154395c25d19dB25DdFCfeab4,0x9e90aec7d768403dacc9dd0d8320307fda3f980eed4df43e3e52168a1c667709,250004357,249.96136096978296,247780695177083,,,,,
0x3e44368cb3244ce92d3cbfb8519867f83eef0c867d2d1c2cc316ad88fbfc776b,1760628169,2025-10-16,2025-10-16 15:22,390175660,MarketSupply,0x46cE9AA8167Fa3E154395c25d19dB25DdFCfeab4,0x9e90aec7d768403dacc9dd0d8320307fda3f980eed4df43e3e52168a1c667709,249997847,249.95485208938007,247773060058690,,,,,
0xc29072d7caafb2b479b1c200adcac0f152c77daab81cb0271a576ac8cbe990c2,1760630134,2025-10-16,2025-10-16 15:55,390183529,MarketSupply,0x4B6F1C9E5d470b97181786b26da0d0945A7cf027,0x9e90aec7d768403dacc9dd0d8320307fda3f980eed4df43e3e52168a1c667709,850759637388,850613.3227896645,843183180879516723,,,,,
0xf78bf647a4b48b99ab955809659713f9245ec491bc5a9237ae7e467c784143cc,1760630423,2025-10-16,2025-10-16 16:00,390184687,MarketWithdraw,0xa60643c90A542A95026C0F1dbdB0615fF42019Cf,0x9e90aec7d768403dacc9dd0d8320307fda3f980eed4df43e3e52168a1c667709,640534095,640.4239352266499,634829325746140,,,,,
0xf7d0035b5e07ce0ecffaab1ae39ad746d573b491a5490b2807de2a6ad9c9ee1a,1760630451,2025-10-16,2025-10-16 16:00,390184796,MarketSupply,0x4B6F1C9E5d470b97181786b26da0d0945A7cf027,0x9e90aec7d768403dacc9dd0d8320307fda3f980eed4df43e3e52168a1c667709,84346624931,84332.11890367408,83595405031332913,,,,,
0x4dabbf55ea30b77e4236316a43f89e153cd79d86d1cabd657563a5610fe98c72,1760630622,2025-10-16,2025-10-16 16:03,390185479,MarketWithdraw,0xad6452a9b8F10b0fE084C83c396ABAe96411C761,0x9e90aec7d768403dacc9dd0d8320307fda3f980eed4df43e3e52168a1c667709,200000000000,199965.60377528376,198218643330360917,,,,,
0xe8de42a288e2ac47bd399253431612ba14ac762157cffa1f7b92ec0bc328cd37,1760630765,2025-10-16,2025-10-16 16:06,390186063,MarketSupply,0xad6452a9b8F10b0fE084C83c396ABAe96411C761,0x9e90aec7d768403dacc9dd0d8320307fda3f980eed4df43e3e52168a1c667709,100000000000,99982.80188764188,99109284254304899,,,,,
0xf76aad4da98935dc13ddb373f5d8b4e45851637f4ea945adf7b36adc9b35a2c4,1760631796,2025-10-16,2025-10-16 16:23,390190201,MarketWithdraw,0x46cE9AA8167Fa3E154395c25d19dB25DdFCfeab4,0x9e90aec7d768403dacc9dd0d8320307fda3f980eed4df43e3e52168a1c667709,7506,0.007504709109686399,7439122772,,,,,
0x61aa7b037428f1922f03f2e9288013a961e46d6c73f730b764fe07674825ae2b,1760633692,2025-10-16,2025-10-16 16:54,390197794,MarketWithdraw,0x46cE9AA8167Fa3E154395c25d19dB25DdFCfeab4,0x9e90aec7d768403dacc9dd0d8320307fda3f980eed4df43e3e52168a1c667709,3483,0.003482400989746567,3451949886,,,,,
0x37e7ff2cb3a4f2644b55a7c62a5e143fa12a8799a19adef59e6c7f28d20929fd,1760633815,2025-10-16,2025-10-16 16:56,390198294,MarketSupply,0xad6452a9b8F10b0fE084C83c396ABAe96411C761,0x9e90aec7d768403dacc9dd0d8320307fda3f980eed4df43e3e52168a1c667709,100000637181,99983.43895905878,99109123404571843,,,,,
0xdf1468a6fa497afd232c1dcfc5aaf09295dda3fb71a4c6a337891994f8c39945,1760635484,2025-10-16,2025-10-16 17:24,390204985,MarketWithdraw,0x46cE9AA8167Fa3E154395c25d19dB25DdFCfeab4,0x9e90aec7d768403dacc9dd0d8320307fda3f980eed4df43e3e52168a1c667709,450003272,449.9258799316662,445989518902054,,,,,
0x5321c2a2a2d1ff01a74c462a4e5e3ce14f6480a3f1dd198d2aba801b817892b9,1760637208,2025-10-16,2025-10-16 17:53,390211892,MarketSupply,0x46cE9AA8167Fa3E154395c25d19dB25DdFCfeab4,0x9e90aec7d768403dacc9dd0d8320307fda3f980eed4df43e3e52168a1c667709,449998874,449.9214826880392,445983158915855,,,,,
0x37536e906716ce5e011a0202d392976a159989a1dd6f00e71645203556ab20a9,1760638991,2025-10-16,2025-10-16 18:23,390219037,MarketWithdraw,0x46cE9AA8167Fa3E154395c25d19dB25DdFCfeab4,0x9e90aec7d768403dacc9dd0d8320307fda3f980eed4df43e3e52168a1c667709,19003253,18.999984799197364,18833583739829,,,,,
0x36cc97c240bed114c469fbe2fd0c207e7976157d1b9804520ba106407ad2f059,1760640802,2025-10-16,2025-10-16 18:53,390226276,MarketSupply,0x46cE9AA8167Fa3E154395c25d19dB25DdFCfeab4,0x9e90aec7d768403dacc9dd0d8320307fda3f980eed4df43e3e52168a1c667709,18996786,18.99351891139929,18827085753810,,,,,
0x1649ea9a997df292720fdf5d89872f25171d8e635c4b438d38b68be3a3f7a336,1760642720,2025-10-16,2025-10-16 19:25,390233946,MarketWithdraw,0x46cE9AA8167Fa3E154395c25d19dB25DdFCfeab4,0x9e90aec7d768403dacc9dd0d8320307fda3f980eed4df43e3e52168a1c667709,11003498,,10905148194861,,,,,
0xbc074fc27410b97d6c575a0ed966a1a77482e92857a83484cbc68ff4a9ac7d5b,1760643602,2025-10-16,2025-10-16 19:40,390237472,MarketWithdraw,0x4B6F1C9E5d470b97181786b26da0d0945A7cf027,0x9e90aec7d768403dacc9dd0d8320307fda3f980eed4df43e3e52168a1c667709,804593962395,,797400632177427120,,,,,
0x676d00889c4957d97962cc4968ff119b15a7df0624dd8757328eb02f16782f16,1760644431,2025-10-16,2025-10-16 19:53,390240784,MarketSupply,0x46cE9AA8167Fa3E154395c25d19dB25DdFCfeab4,0x9e90aec7d768403dacc9dd0d8320307fda3f980eed4df43e3e52168a1c667709,10996805,,10898464550374,,,,,
0xff25799faf72fa9c0ebe62db19adfd19ac510aa95418646c11575dfb9c106659,1760644830,2025-10-16,2025-10-16 20:00,390242383,MarketWithdraw,0xa60643c90A542A95026C0F1dbdB0615fF42019Cf,0x9e90aec7d768403dacc9dd0d8320307fda3f980eed4df43e3e52168a1c667709,567319183,,562245220648255,,,,,
0x2bcca959dc9518b736438dd6fc7d27889d2af3c9a37fd308e9a9b0649f598239,1760647810,2025-10-16,2025-10-16 20:50,390254317,MarketWithdraw,0x4B6F1C9E5d470b97181786b26da0d0945A7cf027,0x9e90aec7d768403dacc9dd0d8320307fda3f980eed4df43e3e52168a1c667709,26983805097,26978.552497153847,26742243932113397,,,,,
0xdaf7d58f39221bb535a7750e3e831226f1cef82c09d9ffb1a265a9c0fff01415,1760647985,2025-10-16,2025-10-16 20:53,390255020,MarketSupply,0x2385233abb910357e2b97A16D40e0443e53d0769,0x9e90aec7d768403dacc9dd0d8320307fda3f980eed4df43e3e52168a1c667709,778158719,778.0072445747658,771192188357425,,,,,
0xda4eecbfc44e207a62109cc6daffc964c74d9b679381b788f72d7d99b1e7e896,1760648155,2025-10-16,2025-10-16 20:55,390255701,MarketWithdraw,0x46cE9AA8167Fa3E154395c25d19dB25DdFCfeab4,0x9e90aec7d768403dacc9dd0d8320307fda3f980eed4df43e3e52168a1c667709,7381,0.007379563233045707,7314917375,,,,,
0x71de82e37b0d852e5fbd772abd60b959c21fb236a148b3d55c7d372707452b35,1760648705,2025-10-16,2025-10-16 21:05,390257906,MarketSupply,0x2385233abb910357e2b97A16D40e0443e53d0769,0x9e90aec7d768403dacc9dd0d8320307fda3f980eed4df43e3e52168a1c667709,3364787757,3364.396422960119,3334657246283011,,,,,
0x96cfde52016cbbd6713dd4a4e98893d4da7c0d2ce87bfc6feced355dab236105,1760648870,2025-10-16,2025-10-16 21:07,390258565,MarketWithdraw,0x2385233abb910357e2b97A16D40e0443e53d0769,0x9e90aec7d768403dacc9dd0d8320307fda3f980eed4df43e3e52168a1c667709,4142950078,4142.468241549044,4105849434640436,,,,,
0x4067692a2ce546447db184e1c95422f8d1207a18ed3adf696d5d868b1e3b2a72,1760648925,2025-10-16,2025-10-16 21:08,390258783,MarketSupply,0x4B6F1C9E5d470b97181786b26da0d0945A7cf027,0x9e90aec7d768403dacc9dd0d8320307fda3f980eed4df43e3e52168a1c667709,27540162628,27536.959631591744,27293532612175625,,,,,
0x06896e58b486643da603a69819bb642ed947b08077dafcc9d2ccea29b9e7ed74,1760649305,2025-10-16,2025-10-16 21:15,390260307,MarketSupply,0x2385233abb910357e2b97A16D40e0443e53d0769,0x9e90aec7d768403dacc9dd0d8320307fda3f980eed4df43e3e52168a1c667709,1026254378,1026.1350218026134,1017062888064734,,,,,
0x26544b6f3dd72abe5eff4f5f0ff7e0d316a76d623e4660b375fea10e3d7792bd,1760649355,2025-10-16,2025-10-16 21:15,390260508,MarketWithdraw,0x2385233abb910357e2b97A16D40e0443e53d0769,0x9e90aec7d768403dacc9dd0d8320307fda3f980eed4df43e3e52168a1c667709,1026254522,1026.1351657858656,1017062888064734,,,,,
0xefa9a8f302d9fd6f71a9564c09fa8c321091fc32e29ee59148a3787541eedbf6,1760649822,2025-10-16,2025-10-16 21:23,390262377,MarketWithdraw,0x46cE9AA8167Fa3E154395c25d19dB25DdFCfeab4,0x9e90aec7d768403dacc9dd0d8320307fda3f980eed4df43e3e52168a1c667709,3337,0.003336611897752431,3307107854,,,,,
0x6cfce85b3aaf17d879ecb7ddd54b5ac7ca18a099c3ab3e5118561d04ceb000fe,1760651713,2025-10-16,2025-10-16 21:55,390269943,MarketWithdraw,0x46cE9AA8167Fa3E154395c25d19dB25DdFCfeab4,0x9e90aec7d768403dacc9dd0d8320307fda3f980eed4df43e3e52168a1c667709,3736,0.0037355654929586706,3702513965,,,,,
0x50e12eff00eccd94bc96c909adbaaf3f704e18230c69e8bfb7f0d1b429a57ade,1760652336,2025-10-16,2025-10-16 22:05,390272436,MarketSupply,0x4B6F1C9E5d470b97181786b26da0d0945A7cf027,0x9e90aec7d768403dacc9dd0d8320307fda3f980eed4df43e3e52168a1c667709,416212266974,416163.8603464069,412481002455139503,,,,,
0xdf0700cebd09e692c9fd9568eb6c8f5fcd383550183f42a8423b467e6e32d162,1760653457,2025-10-16,2025-10-16 22:24,390276924,MarketWithdraw,0x46cE9AA8167Fa3E154395c25d19dB25DdFCfeab4,0x9e90aec7d768403dacc9dd0d8320307fda3f980eed4df43e3e52168a1c667709,3331,0.0033306125955688787,3301128321,,,,,
0x92e5da694e078269120dd0d1c19b0c4ad5c8db0a0b4d097c2915a650ee0896c9,1760655307,2025-10-16,2025-10-16 22:55,390284315,MarketWithdraw,0x46cE9AA8167Fa3E154395c25d19dB25DdFCfeab4,0x9e90aec7d768403dacc9dd0d8320307fda3f980eed4df43e3e52168a1c667709,300003467,299.9685757744018,297311631136370,,,,,
0xedbad647f6308a3ba3dc1580107b325eede69bdde9d2e743223fae9f23476f49,1760657033,2025-10-16,2025-10-16 23:23,390291198,MarketSupply,0x46cE9AA8167Fa3E154395c25d19dB25DdFCfeab4,0x9e90aec7d768403dacc9dd0d8320307fda3f980eed4df43e3e52168a1c667709,49998150,49.98834531508332,49549303858838,,,,,
0x09864bd18b5dd67ad372612d1e9916d9d0b44356923808a873cc948afce255d2,1760658775,2025-10-16,2025-10-16 23:52,390298154,MarketSupply,0x46cE9AA8167Fa3E154395c25d19dB25DdFCfeab4,0x9e90aec7d768403dacc9dd0d8320307fda3f980eed4df43e3e52168a1c667709,199997900,199.9586802209982,198201544942151,,,,,
0xd7db501049676711d713c41be2891b56c245950a60c4c17a1dfb00a6d39a55bc,1760659225,2025-10-17,2025-10-17 00:00,390299944,MarketWithdraw,0xa60643c90A542A95026C0F1dbdB0615fF42019Cf,0x9e90aec7d768403dacc9dd0d8320307fda3f980eed4df43e3e52168a1c667709,594981691,594.8650145227413,589636933811632,,,,,
0x4528e714c7c495e94a3f5be7d93def3a491cf77b72aa68a8efc6ff28d9be4b6a,1760659444,2025-10-17,2025-10-17 00:04,390300821,MarketSupply,0x4B6F1C9E5d470b97181786b26da0d0945A7cf027,0x9e90aec7d768403dacc9dd0d8320307fda3f980eed4df43e3e52168a1c667709,151139843107,151110.2044395689,149782056903245594,,,,,
0x59a18c73a7ead3a7d32f04c88d4c81166bc00caa348e1c58c1e6077ec9a46894,1760660066,2025-10-17,2025-10-17 00:14,390303305,MarketWithdraw,0x4B6F1C9E5d470b97181786b26da0d0945A7cf027,0x9e90aec7d768403dacc9dd0d8320307fda3f980eed4df43e3e52168a1c667709,498904102511,498806.2669405087,494421313403233719,,,,,
0x535dc8bd9b281c83aaede500eb65dad05388ff7fc5a10d6054f4765144700df5,1760660629,2025-10-17,2025-10-17 00:23,390305557,MarketWithdraw,0x46cE9AA8167Fa3E154395c25d19dB25DdFCfeab4,0x9e90aec7d768403dacc9dd0d8320307fda3f980eed4df43e3e52168a1c667709,450003239,449.914992935498,445959149646748,,,,,
0x3e3a087936d9ef0a78573fc376a5dfcf211fbe74d5b490af0dd8ed34c31aeec3,1760660946,2025-10-17,2025-10-17 00:29,390306822,MarketSupply,0x2385233abb910357e2b97A16D40e0443e53d0769,0x9e90aec7d768403dacc9dd0d8320307fda3f980eed4df43e3e52168a1c667709,797412335,797.2559616803201,790245463116849,,,,,
0x5ea5146bcc0ed020c9ff690482a8550f6f228e66d760cca331e791075a73b759,1760661186,2025-10-17,2025-10-17 00:33,390307784,MarketSupply,0x2385233abb910357e2b97A16D40e0443e53d0769,0x9e90aec7d768403dacc9dd0d8320307fda3f980eed4df43e3e52168a1c667709,825428670,825.2668026502971,818009458988268,,,,,
0x8412b3914a7a84b0818cf3e7e4c41ce45932605c00b40af9f42f785e7e6f53f1,1760661306,2025-10-17,2025-10-17 00:35,390308262,MarketSupply,0x2385233abb910357e2b97A16D40e0443e53d0769,0x9e90aec7d768403dacc9dd0d8320307fda3f980eed4df43e3e52168a1c667709,832434562,832.2713207881918,824952108672856,,,,,
0x73b64ab8c67185d6c682c8bdb16b49cc33d6f16e6fa2ce14e225cded2dfbdca9,1760661426,2025-10-17,2025-10-17 00:37,390308744,MarketSupply,0x2385233abb910357e2b97A16D40e0443e53d0769,0x9e90aec7d768403dacc9dd0d8320307fda3f980eed4df43e3e52168a1c667709,837439469,837.2752463211541,829911755591996,,,,,
0x872f7279492b5588d01f15757046d2d37c6f0d51179ee65c15dbc2eae6b549f3,1760662423,2025-10-17,2025-10-17 00:53,390312734,MarketWithdraw,0x4B6F1C9E5d470b97181786b26da0d0945A7cf027,0x9e90aec7d768403dacc9dd0d8320307fda3f980eed4df43e3e52168a1c667709,90645690559,90627.91485259913,89830634392973627,,,,,
0x828f8aaf0fe5ae70041b0aaf36088a3f27d12d6e1d296a1af157651c3bd0d17b,1760662671,2025-10-17,2025-10-17 00:57,390313722,MarketWithdraw,0x4B6F1C9E5d470b97181786b26da0d0945A7cf027,0x9e90aec7d768403dacc9dd0d8320307fda3f980eed4df43e3e52168a1c667709,14302344677,14299.539973563416,14173732582053695,,,,,
0x510cefe6155d3346eeb0c03688c73ce88de96e6e6144932f21fbb73980cafdad,1760662857,2025-10-17,2025-10-17 01:00,390314461,MarketSupply,0x4B6F1C9E5d470b97181786b26da0d0945A7cf027,0x9e90aec7d768403dacc9dd0d8320307fda3f980eed4df43e3e52168a1c667709,8474129903,8472.468118041117,8397922749780682,,,,,
0x40c00e24ae2ac2767646ccd8e6dd5acd3d080c810e6792e29389ae42d0a78533,1760663045,2025-10-17,2025-10-17 01:04,390315211,MarketSupply,0x4B6F1C9E5d470b97181786b26da0d0945A7cf027,0x9e90aec7d768403dacc9dd0d8320307fda3f980eed4df43e3e52168a1c667709,25828185775,25823.120843127654,25595901072711256,,,,,
0xfaa95de86e4b5fbe9e80b0a816262d5677ab248ae28eca83a039fb680fefb1d2,1760663106,2025-10-17,2025-10-17 01:05,390315455,MarketSupply,0x2385233abb910357e2b97A16D40e0443e53d0769,0x9e90aec7d768403dacc9dd0d8320307fda3f980eed4df43e3e52168a1c667709,3176789291,3176.166319589159,3148218428992694,,,,,
0x3fbfdc8b1b0d6b8fd9ecda8b24b322d3e76c19bef58e2e884c9715c473d6756e,1760663667,2025-10-17,2025-10-17 01:14,390317699,MarketWithdraw,0x4B6F1C9E5d470b97181786b26da0d0945A7cf027,0x9e90aec7d768403dacc9dd0d8320307fda3f980eed4df43e3e52168a1c667709,13176786992,13174.216296510982,13058259298038683,,,,,
0xe9be46ea7e00a158fa092dd4e15d1d60017caa533df317817da2b86fb0c129b5,1760663706,2025-10-17,2025-10-17 01:15,390317856,MarketSupply,0x2385233abb910357e2b97A16D40e0443e53d0769,0x9e90aec7d768403dacc9dd0d8320307fda3f980eed4df43e3e52168a1c667709,2819626553,2819.0764643277835,2794263167749129,,,,,
0x91e1b29753d4f66e4489aa3a0f8218e5dd95f4080a22165a557f4ec19b29920c,1760666586,2025-10-17,2025-10-17 02:03,390329401,MarketSupply,0x2385233abb910357e2b97A16D40e0443e53d0769,0x9e90aec7d768403dacc9dd0d8320307fda3f980eed4df43e3e52168a1c667709,781502718,781.3502524928139,774466531062868,,,,,
0x8bbdfa1b6a284c6d5d0ef881acb6e06de8e519b68496f3bc747a237bdfe858ba,1760666706,2025-10-17,2025-10-17 02:05,390329881,MarketSupply,0x2385233abb910357e2b97A16D40e0443e53d0769,0x9e90aec7d768403dacc9dd0d8320307fda3f980eed4df43e3e52168a1c667709,1538993197,1538.6929505991468,1525136495626485,,,,,
0x791b782e3b55b532469f87a7820ff69ee253300c1fb09e24464bd3965845ce25,1760666826,2025-10-17,2025-10-17 02:07,390330366,MarketSupply,0x2385233abb910357e2b97A16D40e0443e53d0769,0x9e90aec7d768403dacc9dd0d8320307fda3f980eed4df43e3e52168a1c667709,779505201,779.3531251938803,772486472757052,,,,,
0xb405cdcf99d916a5f1f041fde9589d81a0b3b728338d88f4691425e1d74fbddb,1760666946,2025-10-17,2025-10-17 02:09,390330845,MarketSupply,0x2385233abb910357e2b97A16D40e0443e53d0769,0x9e90aec7d768403dacc9dd0d8320307fda3f980eed4df43e3e52168a1c667709,780507988,780.3557165574159,773479967813294,,,,,
0x41b9ee94d5da955207574290168a20d1b3f7cfc1f5a51753629b5abc4f8d7b29,1760667306,2025-10-17,2025-10-17 02:15,390332287,MarketSupply,0x2385233abb910357e2b97A16D40e0443e53d0769,0x9e90aec7d768403dacc9dd0d8320307fda3f980eed4df43e3e52168a1c667709,793523016,793.368205419932,786377002304803,,,,,
0x5ee374a90c4c3f67a7734343f77f57d85c3007ca26f2b8bb112b8d614d3a183f,1760669178,2025-10-17,2025-10-17 02:46,390339795,MarketWithdraw,0x4B6F1C9E5d470b97181786b26da0d0945A7cf027,0x9e90aec7d768403dacc9dd0d8320307fda3f980eed4df43e3e52168a1c667709,17493633118,17490.220237168713,17336003763358019,,,,,
0xf10fc8d5734defb14c49c69b6447381416b8ded066ca3aaf4601054261e7ae25,1760669706,2025-10-17,2025-10-17 02:55,390341907,MarketSupply,0x2385233abb910357e2b97A16D40e0443e53d0769,0x9e90aec7d768403dacc9dd0d8320307fda3f980eed4df43e3e52168a1c667709,2239599080,2239.1621504772215,2219415415216959,,,,,
0xab463ace10161845f90836477c1f4507a9c9b96c367871b70b0d19ddf2b22acb,1760671174,2025-10-17,2025-10-17 03:19,390347794,MarketSupply,0x46cE9AA8167Fa3E154395c25d19dB25DdFCfeab4,0x9e90aec7d768403dacc9dd0d8320307fda3f980eed4df43e3e52168a1c667709,449994004,449.90588849076437,445936696386487,,,,,
0x9510797ac006f099966f5d2965b67cfb3c79c84183b4e9040ad1126881bfd83c,1760673223,2025-10-17,2025-10-17 03:53,390356007,MarketSupply,0x46cE9AA8167Fa3E154395c25d19dB25DdFCfeab4,0x9e90aec7d768403dacc9dd0d8320307fda3f980eed4df43e3e52168a1c667709,49996168,49.986378007769005,49545092908664,,,,,
0x756e3fcf4b7cc99357574bf4526fadb6589fdd0bb3ec255347bc40bbcc11d2cb,1760673623,2025-10-17,2025-10-17 04:00,390357609,MarketWithdraw,0xa60643c90A542A95026C0F1dbdB0615fF42019Cf,0x9e90aec7d768403dacc9dd0d8320307fda3f980eed4df43e3e52168a1c667709,609558635,609.4366271289681,604058384958588,,,,,
0xdee5be2e02617ffce3d79e858cd340322b4fb9357ac3b0cbfbd0fed947ff6b2b,1760674924,2025-10-17,2025-10-17 04:22,390362824,MarketWithdraw,0x46cE9AA8167Fa3E154395c25d19dB25DdFCfeab4,0x9e90aec7d768403dacc9dd0d8320307fda3f980eed4df43e3e52168a1c667709,3428,0.0034273138593108486,3397055311,,,,,
0x25321bc87c0b7804ea2b4c81056cce2a83c673c60e2022de6687b68003a64829,1760676275,2025-10-17,2025-10-17 04:44,390368231,MarketWithdraw,0x2385233abb910357e2b97A16D40e0443e53d0769,0x9e90aec7d768403dacc9dd0d8320307fda3f980eed4df43e3e52168a1c667709,16203292392,16200.049177820194,16056962267893253,,,,,
0xda1e111cb6b27ac26c205d9065fbcd88e8879bc332530aac2fdcc7cbfc2c4c7d,1760676603,2025-10-17,2025-10-17 04:50,390369545,MarketWithdraw,0x46cE9AA8167Fa3E154395c25d19dB25DdFCfeab4,0x9e90aec7d768403dacc9dd0d8320307fda3f980eed4df43e3e52168a1c667709,150003396,149.9733716611708,148648589389597,,,,,
0xc99330439a4e2035318480695f737962b8ec311140880b97300b459ae3bd9182,1760677986,2025-10-17,2025-10-17 05:13,390375084,MarketSupply,0x2385233abb910357e2b97A16D40e0443e53d0769,0x9e90aec7d768403dacc9dd0d8320307fda3f980eed4df43e3e52168a1c667709,7962190095,7960.59640112633,7890244929412550,,,,,
0x66f81e102cb7898e75014aa0a7679be7c18fdb01f055eac85eb8616c9ce8e9c3,1760678232,2025-10-17,2025-10-17 05:17,390376064,MarketWithdraw,0x2385233abb910357e2b97A16D40e0443e53d0769,0x9e90aec7d768403dacc9dd0d8320307fda3f980eed4df43e3e52168a1c667709,7962195779,7960.602083988633,7890244929412550,,,,,
0x70d32aaec480009bc0e97473af49d801a005cabcc9740c47d2e8afef7cfac7f2,1760678964,2025-10-17,2025-10-17 05:29,390378994,MarketWithdraw,0x4B6F1C9E5d470b97181786b26da0d0945A7cf027,0x9e90aec7d768403dacc9dd0d8320307fda3f980eed4df43e3e52168a1c667709,25776754301,25771.594884442187,25543766411328529,,,,,
0x679d2b1c2132a5b30c2709cd75621db2275361447129f7cd168104d607318b53,1760680209,2025-10-17,2025-10-17 05:50,390383980,MarketWithdraw,0x46cE9AA8167Fa3E154395c25d19dB25DdFCfeab4,0x9e90aec7d768403dacc9dd0d8320307fda3f980eed4df43e3e52168a1c667709,350005869,349.9358126207227,346840977723260,,,,,
0x1fcae32fad9d3432d7bc128f19c79bf0949755db3e2db486534584fd18044b45,1760680388,2025-10-17,2025-10-17 05:53,390384696,MarketWithdraw,0x4B6F1C9E5d470b97181786b26da0d0945A7cf027,0x9e90aec7d768403dacc9dd0d8320307fda3f980eed4df43e3e52168a1c667709,19649996186,19646.063087422146,19472302667784709,,,,,
0x9606b613dda8c11a21b164ff9af2780231d0100286f148567dbba6ff036d9873,1760680450,2025-10-17,2025-10-17 05:54,390384943,MarketSupply,0x4B6F1C9E5d470b97181786b26da0d0945A7cf027,0x9e90aec7d768403dacc9dd0d8320307fda3f980eed4df43e3e52168a1c667709,30000026488,29994.02175087951,29728732717322692,,,,,
0x44e2dd5da8fc92d6efd30fcfdd544979e668f7337816d31173363b3244354ea5,1760680696,2025-10-17,2025-10-17 05:58,390385932,MarketSupplyCollateral,0x1597E4B7cF6D2877A1d690b6088668afDb045763,0x9e90aec7d768403dacc9dd0d8320307fda3f980eed4df43e3e52168a1c667709,1000000000000,,,,,,,
0xa38ac16296f686e3afc9d93c6a029f870572fcce9e344dfca394a2c33d4602f5,1760681070,2025-10-17,2025-10-17 06:04,390387432,MarketSupply,0x4B6F1C9E5d470b97181786b26da0d0945A7cf027,0x9e90aec7d768403dacc9dd0d8320307fda3f980eed4df43e3e52168a1c667709,25610743095,25607.845481734134,25379095276248085,,,,,
0x4518cbd8c17ee6535e94fa72a63458255b5dca8bbbebefd84db641194d63d939,1760681690,2025-10-17,2025-10-17 06:14,390389914,MarketWithdraw,0x4B6F1C9E5d470b97181786b26da0d0945A7cf027,0x9e90aec7d768403dacc9dd0d8320307fda3f980eed4df43e3e52168a1c667709,5610740197,5610.105394832572,5559981363053024,,,,,
0xc26a40920604161d0ceafddcbd8c482473f1ce5e07123f31dbb6ec4960c12145,1760682191,2025-10-17,2025-10-17 06:23,390391926,MarketWithdraw,0x46cE9AA8167Fa3E154395c25d19dB25DdFCfeab4,0x9e90aec7d768403dacc9dd0d8320307fda3f980eed4df43e3e52168a1c667709,1001172,1.001058726860761,992113221779,,,,,
0x873179648b05a89152746a7cbe3f3627dc379ef3448884b4b55d0d7e1814cde2,1760682309,2025-10-17,2025-10-17 06:25,390392394,MarketWithdraw,0x4B6F1C9E5d470b97181786b26da0d0945A7cf027,0x9e90aec7d768403dacc9dd0d8320307fda3f980eed4df43e3e52168a1c667709,3477282951,3476.8895293343103,3445818705597583,,,,,
0x5a34411886ff190533b92db047f0011baab615366ef15c53d147be25b8464b34,1760682868,2025-10-17,2025-10-17 06:34,390394641,MarketSupply,0x4B6F1C9E5d470b97181786b26da0d0945A7cf027,0x9e90aec7d768403dacc9dd0d8320307fda3f980eed4df43e3e52168a1c667709,3478256831,3477.8632991490026,3446778136683019,,,,,
0x03fe14831d0b98ff913de8677c505470520f19c8cbe76713981fc600947788df,1760684067,2025-10-17,2025-10-17 06:54,390399443,MarketWithdraw,0x46cE9AA8167Fa3E154395c25d19dB25DdFCfeab4,0x9e90aec7d768403dacc9dd0d8320307fda3f980eed4df43e3e52168a1c667709,1095,0.001094876111110312,1085086311,,,,,
0x02e9691aa3d7e793b892fec775a07f05bd1a4a90310a1e79cb88a70e56070bff,1760684708,2025-10-17,2025-10-17 07:05,390402004,MarketSupply,0x2385233abb910357e2b97A16D40e0443e53d0769,0x9e90aec7d768403dacc9dd0d8320307fda3f980eed4df43e3e52168a1c667709,1418029741,1417.8693043514547,1405188844282154,,,,,
0xe541921662eca04de40c76313e1a078daf951fbbcf04d86cda1a23e0261b41c1,1760684712,2025-10-17,2025-10-17 07:05,390402022,MarketWithdraw,0x4B6F1C9E5d470b97181786b26da0d0945A7cf027,0x9e90aec7d768403dacc9dd0d8320307fda3f980eed4df43e3e52168a1c667709,31418054941,31414.500285344475,31133549968473520,,,,,
0x1c8dc993e6700f4754f4ef589e27b1239096a07bd3d19049beeac00abc6c82cf,1760684877,2025-10-17,2025-10-17 07:07,390402684,MarketSupplyCollateral,0x3d7f861e7faBe268C074DE3Ff1dd0b3A2EB3D70e,0x9e90aec7d768403dacc9dd0d8320307fda3f980eed4df43e3e52168a1c667709,166173976907,,,,,,,
0x1c8dc993e6700f4754f4ef589e27b1239096a07bd3d19049beeac00abc6c82cf,1760684877,2025-10-17,2025-10-17 07:07,390402684,MarketBorrow,0x3d7f861e7faBe268C074DE3Ff1dd0b3A2EB3D70e,0x9e90aec7d768403dacc9dd0d8320307fda3f980eed4df43e3e52168a1c667709,181650106941,181629.55495007706,179878549777472287,,,,,
0x6d9765d6cf16dd8db29a9eb2a5370f681a07ff8df396ab8ff2dd5541d0ad64c1,1760684899,2025-10-17,2025-10-17 07:08,390402775,MarketSupply,0x4B6F1C9E5d470b97181786b26da0d0945A7cf027,0x9e90aec7d768403dacc9dd0d8320307fda3f980eed4df43e3e52168a1c667709,181550426260,181529.88554700298,179906299631311146,,,,,
0x62090a09fa5da15cbdcf985418715ac3bf5cde8f2915b958bd813d6c8d4ed88a,1760685086,2025-10-17,2025-10-17 07:11,390403522,MarketWithdraw,0x4B6F1C9E5d470b97181786b26da0d0945A7cf027,0x9e90aec7d768403dacc9dd0d8320307fda3f980eed4df43e3e52168a1c667709,83506823492,83497.37548501937,82750535416019932,,,,,
0xe11716c82f1ab7e172dfcacbecd0e562a98e2dc8347c6ed7658b9e370897a85c,1760685520,2025-10-17,2025-10-17 07:18,390405261,MarketSupply,0x4B6F1C9E5d470b97181786b26da0d0945A7cf027,0x9e90aec7d768403dacc9dd0d8320307fda3f980eed4df43e3e52168a1c667709,23606518416,23603.847561793646,23392689679950044,,,,,
0xa3b44ea8abe3869f8d9b26f47c2354dbeff7de5b3882be2b84a66b2b11f3e9bd,1760685555,2025-10-17,2025-10-17 07:19,390405405,MarketWithdraw,0x46cE9AA8167Fa3E154395c25d19dB25DdFCfeab4,0x9e90aec7d768403dacc9dd0d8320307fda3f980eed4df43e3e52168a1c667709,50000919,49.995261869097455,49548003127718,,,,,
0xc259a38ecd2ac22598d29d4fbefbf3193538e96eab990239f6cc884f5f13de35,1760685830,2025-10-17,2025-10-17 07:23,390406502,MarketSupply,0x4B6F1C9E5d470b97181786b26da0d0945A7cf027,0x9e90aec7d768403dacc9dd0d8320307fda3f980eed4df43e3e52168a1c667709,20050032988,20047.764516470237,19868398934510151,,,,,
0x6169605d3640ae5ebdfac9fd53717867e0e54e6a9a057dfc60980e1fda2b156b,1760685955,2025-10-17,2025-10-17 07:25,390407006,MarketWithdraw,0x4B6F1C9E5d470b97181786b26da0d0945A7cf027,0x9e90aec7d768403dacc9dd0d8320307fda3f980eed4df43e3e52168a1c667709,10000028629,9998.897220375622,9909434005782550,,,,,
0x4c241b9018656d9caef3c3417de68aba0852b838ea1b32894b923336de3d7e64,1760686234,2025-10-17,2025-10-17 07:30,390408119,MarketWithdraw,0x2385233abb910357e2b97A16D40e0443e53d0769,0x9e90aec7d768403dacc9dd0d8320307fda3f980eed4df43e3e52168a1c667709,1418036724,1417.8762865613944,1405188844282154,,,,,
0x83eb1def759a96b96123b36765e77da1ae20e2ddd71c452fc960cbd24adb4a8b,1760686453,2025-10-17,2025-10-17 07:34,390409002,MarketSupply,0x4B6F1C9E5d470b97181786b26da0d0945A7cf027,0x9e90aec7d768403dacc9dd0d8320307fda3f980eed4df43e3e52168a1c667709,51418035803,51412.21833873921,50952135344410377,,,,,
0x2aa4cdb9ee033c864d26c5a0e72475fab90f3641add24d3a088a3383301432cb,1760686495,2025-10-17,2025-10-17 07:34,390409169,MarketWithdraw,0xB34e17733245c7371E87E9DF64E705000B91D169,0x9e90aec7d768403dacc9dd0d8320307fda3f980eed4df43e3e52168a1c667709,117098510,117.08526141151779,116037461702365,,,,,
0xef20fd3928734e5070042a09c0771cdd19913919f6890f203b385372162d7b68,1760687318,2025-10-17,2025-10-17 07:48,390412473,MarketWithdraw,0x4B6F1C9E5d470b97181786b26da0d0945A7cf027,0x9e90aec7d768403dacc9dd0d8320307fda3f980eed4df43e3e52168a1c667709,49882897434,49877.253656120985,49430775536908407,,,,,
0x563629d3a6165ae06e076a2479713dad70ee40cbeae5d519c7a6f1cf4255de69,1760688026,2025-10-17,2025-10-17 08:00,390415315,MarketWithdraw,0xa60643c90A542A95026C0F1dbdB0615fF42019Cf,0x9e90aec7d768403dacc9dd0d8320307fda3f980eed4df43e3e52168a1c667709,644852241,644.7872043831015,639006054062376,,,,,
0x5176f7ab2cf583ca48cdda74d3a754ade290be6b85fcad3a5d2d6e0a44c73a5e,1760688060,2025-10-17,2025-10-17 08:01,390415451,MarketSupply,0x4B6F1C9E5d470b97181786b26da0d0945A7cf027,0x9e90aec7d768403dacc9dd0d8320307fda3f980eed4df43e3e52168a1c667709,90644848227,90635.70623462851,89823058269538941,,,,,
0x8512741705037467698ee58dc0574f7d638da9c685ffae9cf9ca0201873bfe3d,1760688123,2025-10-17,2025-10-17 08:02,390415701,MarketWithdraw,0x4B6F1C9E5d470b97181786b26da0d0945A7cf027,0x9e90aec7d768403dacc9dd0d8320307fda3f980eed4df43e3e52168a1c667709,9999992813,9998.984263040466,9909330623635673,,,,,
0x100134b2b30dc8d59f9ebc22b81701e0e1ee590c8d386fdda5e956d7d6ada386,1760689106,2025-10-17,2025-10-17 08:18,390419651,MarketWithdraw,0x4B6F1C9E5d470b97181786b26da0d0945A7cf027,0x9e90aec7d768403dacc9dd0d8320307fda3f980eed4df43e3e52168a1c667709,77928576851,77920.71735904842,77221832757918134,,,,,
0x8ada4671a89a27970445a4daba34a9c89f7c17d1bb71b6580991af5a5af7e3cf,1760689224,2025-10-17,2025-10-17 08:20,390420121,MarketWithdraw,0x46cE9AA8167Fa3E154395c25d19dB25DdFCfeab4,0x9e90aec7d768403dacc9dd0d8320307fda3f980eed4df43e3e52168a1c667709,150001718,149.98658956646528,148641277521195,,,,,
0x33011431f17fb4d50edfc84e154693b62643db5661c579148899d396b493ae86,1760689230,2025-10-17,2025-10-17 08:20,390420145,MarketWithdraw,0x4B6F1C9E5d470b97181786b26da0d0945A7cf027,0x9e90aec7d768403dacc9dd0d8320307fda3f980eed4df43e3e52168a1c667709,126994695273,126981.88721431697,125842914037009404,,,,,
0x0a77604bab33082b77399340386ff0426a6d0a9d37609e267c632a281b2273da,1760689370,2025-10-17,2025-10-17 08:22,390420704,MarketRepay,0x3d7f861e7faBe268C074DE3Ff1dd0b3A2EB3D70e,0x9e90aec7d768403dacc9dd0d8320307fda3f980eed4df43e3e52168a1c667709,181652958079,181634.63745748097,179878549777472287,,,,,
0x0a77604bab33082b77399340386ff0426a6d0a9d37609e267c632a281b2273da,1760689370,2025-10-17,2025-10-17 08:22,390420704,MarketWithdrawCollateral,0x3d7f861e7faBe268C074DE3Ff1dd0b3A2EB3D70e,0x9e90aec7d768403dacc9dd0d8320307fda3f980eed4df43e3e52168a1c667709,166173976907,,,,,,,
0xd7940094d23593c38b88c5b1cd1e2f07643d4014553c0179f42d86e2bd701814,1760689477,2025-10-17,2025-10-17 08:24,390421135,MarketWithdraw,0x4B6F1C9E5d470b97181786b26da0d0945A7cf027,0x9e90aec7d768403dacc9dd0d8320307fda3f980eed4df43e3e52168a1c667709,316579683543,316547.7548773502,313708196989397136,,,,,
0x65a930fc90402c35b0f34830cb68be78352e29acc13a1a034d099b0638e18764,1760689539,2025-10-17,2025-10-17 08:25,390421384,MarketSupply,0x4B6F1C9E5d470b97181786b26da0d0945A7cf027,0x9e90aec7d768403dacc9dd0d8320307fda3f980eed4df43e3e52168a1c667709,170000011008,169982.8656452553,168458010454753102,,,,,
0xf582a170ab31655811de2eddd2a59a1898127c2b2b1ec1301a82d4392708dd7d,1760689786,2025-10-17,2025-10-17 08:29,390422382,MarketWithdraw,0x4B6F1C9E5d470b97181786b26da0d0945A7cf027,0x9e90aec7d768403dacc9dd0d8320307fda3f980eed4df43e3e52168a1c667709,179999991272,179981.83736056142,178367132469217840,,,,,
0xbe3c92c54ef598ef72cfcc0e3415234099e6309bc104c425d269fc8da088cccf,1760689849,2025-10-17,2025-10-17 08:30,390422631,MarketSupply,0x4B6F1C9E5d470b97181786b26da0d0945A7cf027,0x9e90aec7d768403dacc9dd0d8320307fda3f980eed4df43e3e52168a1c667709,159999990758,159983.85394798202,158548520205762747,,,,,
0xca370d46179d0e23ee233a7a358df3b92cc8a0c204fda0c43465a3cabae1e3bb,1760690095,2025-10-17,2025-10-17 08:34,390423613,MarketWithdraw,0x4B6F1C9E5d470b97181786b26da0d0945A7cf027,0x9e90aec7d768403dacc9dd0d8320307fda3f980eed4df43e3e52168a1c667709,89999991794,89990.91483866819,89183462250119948,,,,,
0x27d7fdfd34e15d7b39733b64d8f04afaa3ae5ef906c5d7b8cd1ae996515a0895,1760690157,2025-10-17,2025-10-17 08:35,390423868,MarketSupply,0x4B6F1C9E5d470b97181786b26da0d0945A7cf027,0x9e90aec7d768403dacc9dd0d8320307fda3f980eed4df43e3e52168a1c667709,189999995370,189980.83290746371,188276166030589731,,,,,
0x095b3ed45c6dfc7f5573f87c3987e7ed0d4525c809e1321f5b62c1f732cd8410,1760690343,2025-10-17,2025-10-17 08:39,390424610,MarketWithdraw,0x4B6F1C9E5d470b97181786b26da0d0945A7cf027,0x9e90aec7d768403dacc9dd0d8320307fda3f980eed4df43e3e52168a1c667709,200000019282,199979.84826636768,198185343776850619,,,,,
0x1e2929443115214314166387702620713cf864961c0014200d4e62ab65fc777d,1760690652,2025-10-17,2025-10-17 08:44,390425851,MarketWithdraw,0x4B6F1C9E5d470b97181786b26da0d0945A7cf027,0x9e90aec7d768403dacc9dd0d8320307fda3f980eed4df43e3e52168a1c667709,199999981236,199979.81022420482,198185069887126361,,,,,
0x9595e8b38ff24f700a6f5c1b815d41817cf44e9cd9ce59031e4e1800045b5626,1760690714,2025-10-17,2025-10-17 08:45,390426100,MarketSupply,0x4B6F1C9E5d470b97181786b26da0d0945A7cf027,0x9e90aec7d768403dacc9dd0d8320307fda3f980eed4df43e3e52168a1c667709,379999989828,379961.66490301944,376551552235585285,,,,,
0xa6ccea16b129e8a2a11ec86ff790c5fb4bcdfeea81154825dfa09f60bc17f00c,1760690899,2025-10-17,2025-10-17 08:48,390426835,MarketSupply,0x4B6F1C9E5d470b97181786b26da0d0945A7cf027,0x9e90aec7d768403dacc9dd0d8320307fda3f980eed4df43e3e52168a1c667709,89035237137,89026.25748206515,88227203617670995,,,,,
0x0784619842731549052d1b3ec07e5c19cd9e3b54c6db6dd2bfa74d6c29bb5666,1760691047,2025-10-17,2025-10-17 08:50,390427433,MarketSupply,0x46cE9AA8167Fa3E154395c25d19dB25DdFCfeab4,0x9e90aec7d768403dacc9dd0d8320307fda3f980eed4df43e3e52168a1c667709,200376306,200.35609703394502,198557716168086,,,,,
0x9fbee027fb6fa631b9da681f5b472c2a2568d5c7fe0ec8f67a59aeac3affd2d7,1760691267,2025-10-17,2025-10-17 08:54,390428312,MarketWithdraw,0x4B6F1C9E5d470b97181786b26da0d0945A7cf027,0x9e90aec7d768403dacc9dd0d8320307fda3f980eed4df43e3e52168a1c667709,39235589346,39231.6322379513,38879466623355507,,,,,
0x3109d4ed961592632072281b22c12a5731186e400abd7e563c7775a083adcf7b,1760691636,2025-10-17,2025-10-17 09:00,390429797,MarketSupply,0x4B6F1C9E5d470b97181786b26da0d0945A7cf027,0x9e90aec7d768403dacc9dd0d8320307fda3f980eed4df43e3e52168a1c667709,35818579201,35814.96671574333,35493430347103877,,,,,
0x43a62c9334cda01aacfd0b5aa742f8c490d582712b0fd5a3ea6b3d0b3a9625bf,1760691822,2025-10-17,2025-10-17 09:03,390430548,MarketSupply,0x4B6F1C9E5d470b97181786b26da0d0945A7cf027,0x9e90aec7d768403dacc9dd0d8320307fda3f980eed4df43e3e52168a1c667709,84181393240,84172.90311982358,83417176797669899,,,,,
0x625407c161dc3e9753aeaa8d69d101b4ba5ce2d2c36b7d3f375d5cbcf81fece9,1760692891,2025-10-17,2025-10-17 09:21,390434834,MarketWithdraw,0x46cE9AA8167Fa3E154395c25d19dB25DdFCfeab4,0x9e90aec7d768403dacc9dd0d8320307fda3f980eed4df43e3e52168a1c667709,50377367,50.372286187203485,49919883875949,,,,,
0x8c5fcc188dfecf4c637e4197f7be2215a418c58cb8cd24e8119be72646fe911f,1760694594,2025-10-17,2025-10-17 09:49,390441651,MarketWithdraw,0x4B6F1C9E5d470b97181786b26da0d0945A7cf027,0x9e90aec7d768403dacc9dd0d8320307fda3f980eed4df43e3e52168a1c667709,22577346105,22575.069065213433,22372213640153218,,,,,
0xf998e14b1842ff7f8061fa9e8b3843741ce08cff0e474b85b2850b0fc988d688,1760694637,2025-10-17,2025-10-17 09:50,390441823,MarketSupply,0x46cE9AA8167Fa3E154395c25d19dB25DdFCfeab4,0x9e90aec7d768403dacc9dd0d8320307fda3f980eed4df43e3e52168a1c667709,50999279,50.99413546422617,50535905445354,,,,,
0xb9545098623e1d5eb4285f8e8797de46248cf2fbbeb80521dffef7de786102c9,1760696431,2025-10-17,2025-10-17 10:20,390449008,MarketSupply,0x46cE9AA8167Fa3E154395c25d19dB25DdFCfeab4,0x9e90aec7d768403dacc9dd0d8320307fda3f980eed4df43e3e52168a1c667709,30394922,30.391864246870497,30118606032849,,,,,
0x8e4dca8a2249db7d7959bb334d80085b6dd626b7846e5eec3a3249f813a0164d,1760697305,2025-10-17,2025-10-17 10:35,390452506,MarketWithdraw,0x4B6F1C9E5d470b97181786b26da0d0945A7cf027,0x9e90aec7d768403dacc9dd0d8320307fda3f980eed4df43e3e52168a1c667709,47453640132,47448.86625837006,47022130738035510,,,,,
0xc6b994efa07d8a18da649fda6102dfe269add75328dbc835611c3517a9410731,1760697753,2025-10-17,2025-10-17 10:42,390454303,MarketWithdraw,0xad6452a9b8F10b0fE084C83c396ABAe96411C761,0x9e90aec7d768403dacc9dd0d8320307fda3f980eed4df43e3e52168a1c667709,300061983399,300031.7969267734,297333041990863591,,,,,
0x72c4e823e33f241862701e4b3a2bd13a87cd290065e151c5540a7118b93b68db,1760697796,2025-10-17,2025-10-17 10:43,390454473,MarketSupply,0x4B6F1C9E5d470b97181786b26da0d0945A7cf027,0x9e90aec7d768403dacc9dd0d8320307fda3f980eed4df43e3e52168a1c667709,291193115776,291163.82151885226,288544784412466698,,,,,
0x9ca71be1f374a7011ec43eedc640c12cbdc06ed78fb9493bd6e6e1c42665e063,1760697837,2025-10-17,2025-10-17 10:43,390454651,MarketSupplyCollateral,0x3d7f861e7faBe268C074DE3Ff1dd0b3A2EB3D70e,0x9e90aec7d768403dacc9dd0d8320307fda3f980eed4df43e3e52168a1c667709,66196470000,,,,,,,
0x9ca71be1f374a7011ec43eedc640c12cbdc06ed78fb9493bd6e6e1c42665e063,1760697837,2025-10-17,2025-10-17 10:43,390454651,MarketBorrow,0x3d7f861e7faBe268C074DE3Ff1dd0b3A2EB3D70e,0x9e90aec7d768403dacc9dd0d8320307fda3f980eed4df43e3e52168a1c667709,72361485705,72354.20608245746,71652659181536917,,,,,
0x1628aee318683a44375c1ad42fd11b598bddbb3ee4302050f37cf8f9e6baef2a,1760697938,2025-10-17,2025-10-17 10:45,390455053,MarketSupplyCollateral,0x93e22ecd5b8a4dA8C0e97D7158C060612E7115A3,0x9e90aec7d768403dacc9dd0d8320307fda3f980eed4df43e3e52168a1c667709,81842523267,,,,,,,
0x1628aee318683a44375c1ad42fd11b598bddbb3ee4302050f37cf8f9e6baef2a,1760697938,2025-10-17,2025-10-17 10:45,390455053,MarketBorrow,0x93e22ecd5b8a4dA8C0e97D7158C060612E7115A3,0x9e90aec7d768403dacc9dd0d8320307fda3f980eed4df43e3e52168a1c667709,82000000000,81991.75073531627,81196728858917644,,,,,
0x90bf9ad9648a74abbb94b483bb8f61b1ab2ae766cf24f231818877d2e2432f1e,1760698056,2025-10-17,2025-10-17 10:47,390455522,MarketBorrow,0x93e22ecd5b8a4dA8C0e97D7158C060612E7115A3,0x9e90aec7d768403dacc9dd0d8320307fda3f980eed4df43e3e52168a1c667709,5000000000,4999.49699605587,4951017787230448,,,,,
0x5a609c5f6f0a275e73af3c67763402300fe67f1b2d87dea3c163d1c84d63619b,1760698105,2025-10-17,2025-10-17 10:48,390455719,MarketSupply,0x4B6F1C9E5d470b97181786b26da0d0945A7cf027,0x9e90aec7d768403dacc9dd0d8320307fda3f980eed4df43e3e52168a1c667709,217296246231,217274.38605722022,215319765635635200,,,,,
0xda19e9578acaca7358e2f4cdafc3fbdcaaa8a84009ad6b7087f226a8c5e0075b,1760698190,2025-10-17,2025-10-17 10:49,390456058,MarketWithdraw,0x46cE9AA8167Fa3E154395c25d19dB25DdFCfeab4,0x9e90aec7d768403dacc9dd0d8320307fda3f980eed4df43e3e52168a1c667709,231397138,231.37385926538514,229292343770340,,,,,
0x5dc02826fb01b77aca7cf5af45cf7716010589a45be98351abf361ebbaab3c6d,1760700027,2025-10-17,2025-10-17 11:20,390463413,MarketSupply,0x46cE9AA8167Fa3E154395c25d19dB25DdFCfeab4,0x9e90aec7d768403dacc9dd0d8320307fda3f980eed4df43e3e52168a1c667709,201000000,200.97977924144598,199170655743354,,,,,
0xe9017959f0b4a4386f2368dd7e5f46c309e35a969933c769b20d090b46033b1b,1760700265,2025-10-17,2025-10-17 11:24,390464371,MarketWithdraw,0x4B6F1C9E5d470b97181786b26da0d0945A7cf027,0x9e90aec7d768403dacc9dd0d8320307fda3f980eed4df43e3e52168a1c667709,29035526870,29032.6058730929,28771248781630150,,,,,
0x6127fa7410bd4b92975d91ad4432c454a8c5defd446a6f7c9a0aa14d83fac583,1760701798,2025-10-17,2025-10-17 11:49,390470514,MarketWithdraw,0x46cE9AA8167Fa3E154395c25d19dB25DdFCfeab4,0x9e90aec7d768403dacc9dd0d8320307fda3f980eed4df43e3e52168a1c667709,151001042,150.98585117606126,149625973082183,,,,,
0xf69c076064d17c1b9e7d3410eb45e2f72549355d476d459da44550779d79f53a,1760702427,2025-10-17,2025-10-17 12:00,390473028,MarketWithdraw,0xa60643c90A542A95026C0F1dbdB0615fF42019Cf,0x9e90aec7d768403dacc9dd0d8320307fda3f980eed4df43e3e52168a1c667709,189335454386,189297.673715973,187610951674013278,,,,,
0x41754093c7f523e139db8bd7436a18263803bef20d8c0e0799a10cf9fc2f99f7,1760702481,2025-10-17,2025-10-17 12:01,390473251,MarketSupply,0x4B6F1C9E5d470b97181786b26da0d0945A7cf027,0x9e90aec7d768403dacc9dd0d8320307fda3f980eed4df43e3e52168a1c667709,139486469693,139458.63606668953,138215974381273632,,,,,
0x60d5f97539b75a78c944ed5c17de60e2147d12126b849324458d2f8d30ed44cd,1760702605,2025-10-17,2025-10-17 12:03,390473746,MarketSupply,0x4B6F1C9E5d470b97181786b26da0d0945A7cf027,0x9e90aec7d768403dacc9dd0d8320307fda3f980eed4df43e3e52168a1c667709,189633359363,189595.51924795425,187906035085736329,,,,,
0x9387e4404dd07f63da3444543627ecce100977cceb33b2a1f596c33ec025c9a0,1760703623,2025-10-17,2025-10-17 12:20,390477827,MarketWithdraw,0x46cE9AA8167Fa3E154395c25d19dB25DdFCfeab4,0x9e90aec7d768403dacc9dd0d8320307fda3f980eed4df43e3e52168a1c667709,50000260,49.990282770270625,49544682661171,,,,,
0x8684852a21815441459953c4a9e44e99b8b8aff44cb44d1355201e66fb57e0c4,1760704510,2025-10-17,2025-10-17 12:35,390481385,MarketWithdraw,0x4B6F1C9E5d470b97181786b26da0d0945A7cf027,0x9e90aec7d768403dacc9dd0d8320307fda3f980eed4df43e3e52168a1c667709,118575237774,118551.57684928708,117494552115317239,,,,,
0x70890eb768bebb73d95d9cefa61bf75910e8c69dfb996418ccd17515c963ddd5,1760705411,2025-10-17,2025-10-17 12:50,390484993,MarketSupply,0x46cE9AA8167Fa3E154395c25d19dB25DdFCfeab4,0x9e90aec7d768403dacc9dd0d8320307fda3f980eed4df43e3e52168a1c667709,101000000,100.97984610074694,100079234499457,,,,,
0x48bca466a34e58c7111b14af4a429eb049f173939241eb4d0aea99760e175cf5,1760707301,2025-10-17,2025-10-17 13:21,390492577,MarketSupply,0x46cE9AA8167Fa3E154395c25d19dB25DdFCfeab4,0x9e90aec7d768403dacc9dd0d8320307fda3f980eed4df43e3e52168a1c667709,98999452,98.97969729721073,98096391535686,,,,,
0x9ecd96781ca61f5dc0ca31c4f4d2d56443b191250ea47cfde19c9be897a817a9,1760708083,2025-10-17,2025-10-17 13:34,390495714,MarketSupply,0xad6452a9b8F10b0fE084C83c396ABAe96411C761,0x9e90aec7d768403dacc9dd0d8320307fda3f980eed4df43e3e52168a1c667709,150004850039,149974.91753766182,148636190700174944,,,,,
0x25e31aecb60e8f6d41512a692650b5b7fabd7af3b083273c2273a89629c8540e,1760708779,2025-10-17,2025-10-17 13:46,390498504,MarketWithdraw,0xad6452a9b8F10b0fE084C83c396ABAe96411C761,0x9e90aec7d768403dacc9dd0d8320307fda3f980eed4df43e3e52168a1c667709,50000000000,49990.02282215195,49543700801781583,,,,,
0xf915b433c7e550971fa0a1e4a92ea40f9ad31b8c45c0c017a430c822038b9972,1760709054,2025-10-17,2025-10-17 13:50,390499615,MarketWithdraw,0x46cE9AA8167Fa3E154395c25d19dB25DdFCfeab4,0x9e90aec7d768403dacc9dd0d8320307fda3f980eed4df43e3e52168a1c667709,120000981,119.97703557741245,118905764357125,,,,,
0x9267403e054a87ca49fa3b3649237ecd4a6d9ad6c38d54f958ee3b9ab6821b88,1760710886,2025-10-17,2025-10-17 14:21,390506951,MarketSupply,0x46cE9AA8167Fa3E154395c25d19dB25DdFCfeab4,0x9e90aec7d768403dacc9dd0d8320307fda3f980eed4df43e3e52168a1c667709,21443324,21.440901202014082,21247509876410,,,,,
0xe06cf91719039845e449e52524f3de66ea595508b485f24f1776d9e99df225bb,1760711142,2025-10-17,2025-10-17 14:25,390507978,MarketSupply,0x4B6F1C9E5d470b97181786b26da0d0945A7cf027,0x9e90aec7d768403dacc9dd0d8320307fda3f980eed4df43e3e52168a1c667709,149449904495,149433.01873010618,148085068058218285,,,,,
0x9793c3acf3cc92141022c62c854ffe303e0471c9d2c875d9ec2bf43d1f290827,1760712671,2025-10-17,2025-10-17 14:51,390514104,MarketSupply,0x46cE9AA8167Fa3E154395c25d19dB25DdFCfeab4,0x9e90aec7d768403dacc9dd0d8320307fda3f980eed4df43e3e52168a1c667709,98555783,98.54464756444193,97655327159527,,,,,
0x3ce91c05de55296e13974f1b84deb273e588b6d79e7a85a631605f44fef7be5a,1760714418,2025-10-17,2025-10-17 15:20,390521109,MarketSupply,0x46cE9AA8167Fa3E154395c25d19dB25DdFCfeab4,0x9e90aec7d768403dacc9dd0d8320307fda3f980eed4df43e3e52168a1c667709,21455497,21.453072826634042,21259367933041,,,,,
0xed96f8357bc3fb975ea8bd1beea56f9277095feccf62add873da9bedaa072aca,1760715716,2025-10-17,2025-10-17 15:41,390526306,MarketWithdraw,0x4B6F1C9E5d470b97181786b26da0d0945A7cf027,0x9e90aec7d768403dacc9dd0d8320307fda3f980eed4df43e3e52168a1c667709,130684314795,130669.54928128225,129489247082292762,,,,,
0x88823894c904d5c9fe99baf9e877cf5d3e16c6a9aa37224cd8885f2194ef3700,1760716166,2025-10-17,2025-10-17 15:49,390528112,MarketWithdraw,0x46cE9AA8167Fa3E154395c25d19dB25DdFCfeab4,0x9e90aec7d768403dacc9dd0d8320307fda3f980eed4df43e3e52168a1c667709,21457497,21.4550726006618,21261248630318,,,,,
0x4f46d799bd9651a82b48e9f46caa466f78a5afce5153c8429dfeb1b148aa1563,1760716272,2025-10-17,2025-10-17 15:51,390528541,MarketWithdraw,0x4B6F1C9E5d470b97181786b26da0d0945A7cf027,0x9e90aec7d768403dacc9dd0d8320307fda3f980eed4df43e3e52168a1c667709,138320121518,138304.49326410497,137055018161513260,,,,,
0xf28296e24be4e0e1ce2521b1b408b6aee67beed7c40f004e7c07279e3e44ed3e,1760716825,2025-10-17,2025-10-17 16:00,390530759,MarketSupply,0xa60643c90A542A95026C0F1dbdB0615fF42019Cf,0x9e90aec7d768403dacc9dd0d8320307fda3f980eed4df43e3e52168a1c667709,18185772614,18183.71787410699,18019412664078951,,,,,
0xaa1315bd81f2108aaeb4ef7f6749e13691adb3fe4916978ae0f029aaffac1a29,1760716889,2025-10-17,2025-10-17 16:01,390531013,MarketSupply,0x4B6F1C9E5d470b97181786b26da0d0945A7cf027,0x9e90aec7d768403dacc9dd0d8320307fda3f980eed4df43e3e52168a1c667709,260155776598,260126.3826061186,257775874101982088,,,,,
0x69a58d9875073acbd38102f6076c8e06d54320f864fa66c07efce68a036ecef7,1760717814,2025-10-17,2025-10-17 16:16,390534717,MarketSupply,0x4B6F1C9E5d470b97181786b26da0d0945A7cf027,0x9e90aec7d768403dacc9dd0d8320307fda3f980eed4df43e3e52168a1c667709,8666966711,8665.280150887633,8587659857526885,,,,,
0x5ffcb73d134f40cfafa58f2d5c3e0a1bbbb97c43d95a49557ce37bfbcc4bb90d,1760717991,2025-10-17,2025-10-17 16:19,390535424,MarketWithdraw,0x46cE9AA8167Fa3E154395c25d19dB25DdFCfeab4,0x9e90aec7d768403dacc9dd0d8320307fda3f980eed4df43e3e52168a1c667709,50001017,49.99128698445224,49543460244773,,,,,
0x9fcaacab8a91042f31a3187d1dfb318c260b058fafb5e0027ee93f53eeb6c9d4,1760719859,2025-10-17,2025-10-17 16:50,390542918,MarketSupply,0x46cE9AA8167Fa3E154395c25d19dB25DdFCfeab4,0x9e90aec7d768403dacc9dd0d8320307fda3f980eed4df43e3e52168a1c667709,69999242,69.98562040280346,69358331619860,,,,,
0x6aa8075d6d0278024dd401d4c7e43c3ad4b888333cd33ad45de958fcdcf9adc8,1760723391,2025-10-17,2025-10-17 17:49,390557067,MarketWithdraw,0x46cE9AA8167Fa3E154395c25d19dB25DdFCfeab4,0x9e90aec7d768403dacc9dd0d8320307fda3f980eed4df43e3e52168a1c667709,120002105,119.97858040934877,118902232990208,,,,,
0x9b1ccdfa2d6e26783b40f4cd95652edcfdab70fed9fa5b890041028fb7a24db7,1760725379,2025-10-17,2025-10-17 18:22,390565037,MarketWithdraw,0x46cE9AA8167Fa3E154395c25d19dB25DdFCfeab4,0x9e90aec7d768403dacc9dd0d8320307fda3f980eed4df43e3e52168a1c667709,538,0.0005379430782568266,533066124,,,,,
0x71ac2c71c37d917f484adc8da6cddd7008d2846eb6dfd23af5488965a2417367,1760727038,2025-10-17,2025-10-17 18:50,390571680,MarketSupply,0x46cE9AA8167Fa3E154395c25d19dB25DdFCfeab4,0x9e90aec7d768403dacc9dd0d8320307fda3f980eed4df43e3e52168a1c667709,101497918,101.48717926687543,100566651767959,,,,,
0xb1881d1c050b628a47e7b88332f79195ece5a844a8b449c1b6ee73ad15172d0d,1760728041,2025-10-17,2025-10-17 19:07,390575693,MarketWithdraw,0x4B6F1C9E5d470b97181786b26da0d0945A7cf027,0x9e90aec7d768403dacc9dd0d8320307fda3f980eed4df43e3e52168a1c667709,308668457413,308635.7995195826,305835524204674369,,,,,
0xf528381707781026a98308765d66b7cdd5b1fd7e782a4f05c9229251d37c146b,1760729108,2025-10-17,2025-10-17 19:25,390579965,MarketSupply,0x46cE9AA8167Fa3E154395c25d19dB25DdFCfeab4,0x9e90aec7d768403dacc9dd0d8320307fda3f980eed4df43e3e52168a1c667709,50006103,50.00081222945713,49546992368222,,,,,
0x7716b2e9599a6d7eff03af509cb7188e53b67b5d437ca3fe5afe7299f380efd9,1760730641,2025-10-17,2025-10-17 19:50,390586099,MarketWithdraw,0x46cE9AA8167Fa3E154395c25d19dB25DdFCfeab4,0x9e90aec7d768403dacc9dd0d8320307fda3f980eed4df43e3e52168a1c667709,10506822,10.505710352001019,10410309958381,,,,,
0xd27073c71d75d7f452ec633c2f12b12ae3893dd896119f81c7ccc804617f7a6e,1760731221,2025-10-17,2025-10-17 20:00,390588419,MarketSupply,0xa60643c90A542A95026C0F1dbdB0615fF42019Cf,0x9e90aec7d768403dacc9dd0d8320307fda3f980eed4df43e3e52168a1c667709,11970863428,11968.543060003354,11860882539422203,,,,,
0x5b1226e44d642ccfa445b6ae5d7d7539580e1b8e75e270faf819c11a2ae76c80,1760732439,2025-10-17,2025-10-17 20:20,390593295,MarketWithdraw,0x46cE9AA8167Fa3E154395c25d19dB25DdFCfeab4,0x9e90aec7d768403dacc9dd0d8320307fda3f980eed4df43e3e52168a1c667709,41001291,40.993343529541434,40624449708301,,,,,
0xf7f2994527b8d6680bac3309199e88a533cf3ce5a9c67ec8c2ac94598c2964b1,1760732696,2025-10-17,2025-10-17 20:24,390594322,MarketSupply,0x4B6F1C9E5d470b97181786b26da0d0945A7cf027,0x9e90aec7d768403dacc9dd0d8320307fda3f980eed4df43e3e52168a1c667709,308256499701,308196.7489135178,305423093162868341,,,,,
0x0e05e51d358e6b1bd6f889c7ad8c078854c6c6a76b5494da06348c2351ffc127,1760736028,2025-10-17,2025-10-17 21:20,390607616,MarketSupply,0x46cE9AA8167Fa3E154395c25d19dB25DdFCfeab4,0x9e90aec7d768403dacc9dd0d8320307fda3f980eed4df43e3e52168a1c667709,71528074,71.51420938156461,70869969131997,,,,,
0x62e97204e5ac4efade9afbef7d0c95a384e68a394fb64e9d76d6f3ef80ec7717,1760739615,2025-10-17,2025-10-17 22:20,390621940,MarketWithdraw,0x46cE9AA8167Fa3E154395c25d19dB25DdFCfeab4,0x9e90aec7d768403dacc9dd0d8320307fda3f980eed4df43e3e52168a1c667709,191532665,191.49927299338773,189768597700892,,,,,
0x835f9f1c93a6addd2662133067a489f87cb84b7d3b3e78a3efda0a680513170d,1760741372,2025-10-17,2025-10-17 22:49,390628972,MarketWithdraw,0x46cE9AA8167Fa3E154395c25d19dB25DdFCfeab4,0x9e90aec7d768403dacc9dd0d8320307fda3f980eed4df43e3e52168a1c667709,80000381,79.98643364928917,79263179236037,,,,,
0x3e88bfa42ec3a354717109696c7989edfba4935f6fcd024de13abc1bcb8e12ac,1760743186,2025-10-17,2025-10-17 23:19,390636205,MarketSupply,0x46cE9AA8167Fa3E154395c25d19dB25DdFCfeab4,0x9e90aec7d768403dacc9dd0d8320307fda3f980eed4df43e3e52168a1c667709,121552952,121.5292782679731,120432252909863,,,,,
0xd5b146938abefbe7b45d5701cbbd24059cb348f09d6de9446549b64efd882942,1760745031,2025-10-17,2025-10-17 23:50,390643565,MarketSupply,0x46cE9AA8167Fa3E154395c25d19dB25DdFCfeab4,0x9e90aec7d768403dacc9dd0d8320307fda3f980eed4df43e3e52168a1c667709,29005405,28.999755888448174,28737836261881,,,,,
0x640611fce9f70708d1450cf88f941063db35b58c8596d89b191b903a902c9abf,1760745623,2025-10-18,2025-10-18 00:00,390645933,MarketWithdraw,0xa60643c90A542A95026C0F1dbdB0615fF42019Cf,0x9e90aec7d768403dacc9dd0d8320307fda3f980eed4df43e3e52168a1c667709,125529988511,125505.54020875433,124371801643125533,,,,,
0x2bc46474457cda38ed4c4276668c0734fc3c714e9565a90e47eba3167759e0fd,1760746754,2025-10-18,2025-10-18 00:19,390650459,MarketSupply,0x46cE9AA8167Fa3E154395c25d19dB25DdFCfeab4,0x9e90aec7d768403dacc9dd0d8320307fda3f980eed4df43e3e52168a1c667709,51004825,50.99489126709379,50534079292188,,,,,
0xfc40e54772387b65f60b01951d8a231fcd8ff9abfbf16eab3d476f4578bf564a,1760753681,2025-10-18,2025-10-18 02:14,390678154,MarketWithdraw,0x4B6F1C9E5d470b97181786b26da0d0945A7cf027,0x9e90aec7d768403dacc9dd0d8320307fda3f980eed4df43e3e52168a1c667709,133727249509,133701.407140687,132490517366831559,,,,,
0x61222d27a26f5f2152e2e2ba8b1ecc543679884a485108d8c558d5361a355761,1760755375,2025-10-18,2025-10-18 02:42,390684924,MarketSupplyCollateral,0x23E69BF1ADA63B7EF0d7F453Fa64c61a257b72F1,0x9e90aec7d768403dacc9dd0d8320307fda3f980eed4df43e3e52168a1c667709,39717611416,,,,,,,
0x61222d27a26f5f2152e2e2ba8b1ecc543679884a485108d8c558d5361a355761,1760755375,2025-10-18,2025-10-18 02:42,390684924,MarketBorrow,0x23E69BF1ADA63B7EF0d7F453Fa64c61a257b72F1,0x9e90aec7d768403dacc9dd0d8320307fda3f980eed4df43e3e52168a1c667709,42000000000,41991.88363274403,41581179421871522,,,,,
0x0872d311d37e430995804354106c24bf3e62218994f852676d6a166cc3f5f6db,1760760023,2025-10-18,2025-10-18 04:00,390703501,MarketSupply,0xa60643c90A542A95026C0F1dbdB0615fF42019Cf,0x9e90aec7d768403dacc9dd0d8320307fda3f980eed4df43e3e52168a1c667709,43793544543,43785.096066486774,43387730940258700,,,,,
0x9af8892a9327b5067b9ef545cca8b4799409e1ae93e6e77d21e932246f3f7cb2,1760761762,2025-10-18,2025-10-18 04:29,390710456,MarketSupply,0x4B6F1C9E5d470b97181786b26da0d0945A7cf027,0x9e90aec7d768403dacc9dd0d8320307fda3f980eed4df43e3e52168a1c667709,132926307984,132900.66436910853,131693897796623055,,,,,
0xa51e1a5b27b6d4ae2372c5ad473cb16eb61932d47467acd19f870c9cc22613b1,1760763035,2025-10-18,2025-10-18 04:50,390715539,MarketWithdraw,0xad6452a9b8F10b0fE084C83c396ABAe96411C761,0x9e90aec7d768403dacc9dd0d8320307fda3f980eed4df43e3e52168a1c667709,100020159203,100000.8637115139,99092489898393361,,,,,
0x004dff430e63e3cde7fba23e306827bf1314bc864104d6f551c5965461b3b29a,1760764372,2025-10-18,2025-10-18 05:12,390720876,MarketWithdraw,0x4B6F1C9E5d470b97181786b26da0d0945A7cf027,0x9e90aec7d768403dacc9dd0d8320307fda3f980eed4df43e3e52168a1c667709,85669875901,85660.22993640213,84874990842714047,,,,,
0x9ba2eaec0bfe13f012994e567a4c2416663dd7b3f09f261c47b51eacf856e276,1760765490,2025-10-18,2025-10-18 05:31,390725348,MarketSupply,0x46cE9AA8167Fa3E154395c25d19dB25DdFCfeab4,0x9e90aec7d768403dacc9dd0d8320307fda3f980eed4df43e3e52168a1c667709,100052563,100.04129762263749,99123897523183,,,,,
0x2c787eb56f24171eb05c8879193677d65dc2b5cd03a9401fd078da80d530300b,1760767318,2025-10-18,2025-10-18 06:01,390732650,MarketWithdraw,0x46cE9AA8167Fa3E154395c25d19dB25DdFCfeab4,0x9e90aec7d768403dacc9dd0d8320307fda3f980eed4df43e3e52168a1c667709,51629354,51.62354081402701,51149862519003,,,,,
0xaa029eff39b1f5bcb77f479cc6f2c9d4a73409bfefd318d074bf0245b455d2b7,1760769120,2025-10-18,2025-10-18 06:32,390739855,MarketSupply,0x46cE9AA8167Fa3E154395c25d19dB25DdFCfeab4,0x9e90aec7d768403dacc9dd0d8320307fda3f980eed4df43e3e52168a1c667709,1639247,1.6390624296552565,1624014260503,,,,,
0x5bcb411daff7da22d43b8b5443063bf371a1f5a7e7948d6bd564c39bf17d87a2,1760770930,2025-10-18,2025-10-18 07:02,390747095,MarketSupply,0x4B6F1C9E5d470b97181786b26da0d0945A7cf027,0x9e90aec7d768403dacc9dd0d8320307fda3f980eed4df43e3e52168a1c667709,85404041224,85387.26007824606,84609964553576726,,,,,
0x50725459ed463d30705826377c4960714594a4b3ed55d70898cd5c42be568df0,1760772812,2025-10-18,2025-10-18 07:33,390754631,MarketWithdraw,0x46cE9AA8167Fa3E154395c25d19dB25DdFCfeab4,0x9e90aec7d768403dacc9dd0d8320307fda3f980eed4df43e3e52168a1c667709,643257,0.6431306056359918,637272772982,,,,,
0x9fb30e5fcd928443aa5cb26e642fc3dc7e5aea96ee18294111b2f17516645fc9,1760774432,2025-10-18,2025-10-18 08:00,390761110,MarketWithdraw,0xa60643c90A542A95026C0F1dbdB0615fF42019Cf,0x9e90aec7d768403dacc9dd0d8320307fda3f980eed4df43e3e52168a1c667709,13927306346,13924.56975234,13797678966765882,,,,,
0xbd30c95ad52dd478d73f7cc85160266f8ecc293aa717c442d0a5b1eeea9e82a1,1760774555,2025-10-18,2025-10-18 08:02,390761601,MarketWithdraw,0x46cE9AA8167Fa3E154395c25d19dB25DdFCfeab4,0x9e90aec7d768403dacc9dd0d8320307fda3f980eed4df43e3e52168a1c667709,51001204,50.99118271030827,50526496862280,,,,,
0x61a5019859dc5123a492283d0212a403febc5cdd544014f767d481f9947c155d,1760776339,2025-10-18,2025-10-18 08:32,390768753,MarketSupply,0x46cE9AA8167Fa3E154395c25d19dB25DdFCfeab4,0x9e90aec7d768403dacc9dd0d8320307fda3f980eed4df43e3e52168a1c667709,999013,0.9988167026992774,989709541195,,,,,
0xf445be646f66e1408d16bb39ee58b705a02376afa1ac70a2981f6524bb6db058,1760777762,2025-10-18,2025-10-18 08:56,390774461,MarketSupplyCollateral,0x93e22ecd5b8a4dA8C0e97D7158C060612E7115A3,0x9e90aec7d768403dacc9dd0d8320307fda3f980eed4df43e3e52168a1c667709,111199284792,,,,,,,
0xf445be646f66e1408d16bb39ee58b705a02376afa1ac70a2981f6524bb6db058,1760777762,2025-10-18,2025-10-18 08:56,390774461,MarketBorrow,0x93e22ecd5b8a4dA8C0e97D7158C060612E7115A3,0x9e90aec7d768403dacc9dd0d8320307fda3f980eed4df43e3e52168a1c667709,118000000000,117976.81403396625,116814983809573373,,,,,
0x9be110dc8d1d25ab8bef405123d8d88a304bf4287e266d2dbd333507678bcd39,1760778164,2025-10-18,2025-10-18 09:02,390776070,MarketSupply,0x46cE9AA8167Fa3E154395c25d19dB25DdFCfeab4,0x9e90aec7d768403dacc9dd0d8320307fda3f980eed4df43e3e52168a1c667709,100669440,100.64945097152795,99731420948068,,,,,
0x9b0a22252a1afd680ad0a601dced76e57ebd61fdbfff47637337b0c002510f49,1760779917,2025-10-18,2025-10-18 09:31,390783096,MarketSupply,0x46cE9AA8167Fa3E154395c25d19dB25DdFCfeab4,0x9e90aec7d768403dacc9dd0d8320307fda3f980eed4df43e3e52168a1c667709,49327833,49.31803841429156,48867933403478,,,,,
0x994fdd7ca70320ad906f793f6ad4bd40f624036261e1e9dc9867731be4726dd8,1760781845,2025-10-18,2025-10-18 10:04,390790817,MarketSupply,0x46cE9AA8167Fa3E154395c25d19dB25DdFCfeab4,0x9e90aec7d768403dacc9dd0d8320307fda3f980eed4df43e3e52168a1c667709,152680184,152.6498676642273,151255770244386,,,,,
0x71606ce381fb2ac34242995b8e5c11c03b2bcffd4a056096ed99c9ebf40397c0,1760785448,2025-10-18,2025-10-18 11:04,390805243,MarketSupply,0x46cE9AA8167Fa3E154395c25d19dB25DdFCfeab4,0x9e90aec7d768403dacc9dd0d8320307fda3f980eed4df43e3e52168a1c667709,198005607,197.96667907957456,196156089547990,,,,,
0x1a1277160a86423b89fc9de28fabc993cdc2e4a802fbd7923b29329c810880e0,1760787059,2025-10-18,2025-10-18 11:30,390811698,MarketWithdraw,0x46cE9AA8167Fa3E154395c25d19dB25DdFCfeab4,0x9e90aec7d768403dacc9dd0d8320307fda3f980eed4df43e3e52168a1c667709,697295,0.6971579117392971,690778218837,,,,,
0x93cb8849af24d7c37b52ed08e335de4ce0a444c2a3c60d8ea2a9f14997584144,1760788826,2025-10-18,2025-10-18 12:00,390818769,MarketSupply,0xa60643c90A542A95026C0F1dbdB0615fF42019Cf,0x9e90aec7d768403dacc9dd0d8320307fda3f980eed4df43e3e52168a1c667709,69600564617,69586.93606024914,68949704443555101,,,,,
0x93efae71056c3459b73c50c86f05c95a49f65f8edc6793bd8ec9c322568a7a1d,1760790723,2025-10-18,2025-10-18 12:32,390826368,MarketWithdraw,0x46cE9AA8167Fa3E154395c25d19dB25DdFCfeab4,0x9e90aec7d768403dacc9dd0d8320307fda3f980eed4df43e3e52168a1c667709,450007869,449.91975250533153,445797180271683,,,,,
0x579d95511e32d1e29365659d0069bbfcfad1592fc3ce2a0134c0419a746d098c,1760792477,2025-10-18,2025-10-18 13:01,390833397,MarketSupply,0x46cE9AA8167Fa3E154395c25d19dB25DdFCfeab4,0x9e90aec7d768403dacc9dd0d8320307fda3f980eed4df43e3e52168a1c667709,80714876,80.6990711387283,79959218062271,,,,,
0x75e6f5f748db22151183cd33d4e65a47d830491c7a8da5a206c4dcdf906ab7e7,1760793300,2025-10-18,2025-10-18 13:15,390836693,MarketSupplyCollateral,0x93e22ecd5b8a4dA8C0e97D7158C060612E7115A3,0x9e90aec7d768403dacc9dd0d8320307fda3f980eed4df43e3e52168a1c667709,93748155071,,,,,,,
0x75e6f5f748db22151183cd33d4e65a47d830491c7a8da5a206c4dcdf906ab7e7,1760793300,2025-10-18,2025-10-18 13:15,390836693,MarketBorrow,0x93e22ecd5b8a4dA8C0e97D7158C060612E7115A3,0x9e90aec7d768403dacc9dd0d8320307fda3f980eed4df43e3e52168a1c667709,100000000000,99980.41889914851,98990452130811746,,,,,
0xae20ebb587859a2eaed59104265fbce5c86781d364827f755ec76cb8b4712bee,1760793406,2025-10-18,2025-10-18 13:16,390837116,MarketSupply,0xad6452a9b8F10b0fE084C83c396ABAe96411C761,0x9e90aec7d768403dacc9dd0d8320307fda3f980eed4df43e3e52168a1c667709,100026321846,100006.73559104132,99089592775560971,,,,,
0x9249d0ff1a30b1bc77db99f5912d97576fe803350b16e599a82e8d88ebcdc78b,1760794268,2025-10-18,2025-10-18 13:31,390840578,MarketWithdraw,0x46cE9AA8167Fa3E154395c25d19dB25DdFCfeab4,0x9e90aec7d768403dacc9dd0d8320307fda3f980eed4df43e3e52168a1c667709,30717960,30.711945085272884,30430213135134,,,,,
0x053d022e2b71eb42202070fbd0bb693ceffc319d0d121960c88cd1806207a87e,1760798020,2025-10-18,2025-10-18 14:33,390855619,MarketWithdraw,0x46cE9AA8167Fa3E154395c25d19dB25DdFCfeab4,0x9e90aec7d768403dacc9dd0d8320307fda3f980eed4df43e3e52168a1c667709,101003381,100.99339156820317,100056119776130,,,,,
0xa367ec90165147d9a06a4dfccccf6275fa70a796799426706c5872066f76eb86,1760799731,2025-10-18,2025-10-18 15:02,390862486,MarketSupply,0x46cE9AA8167Fa3E154395c25d19dB25DdFCfeab4,0x9e90aec7d768403dacc9dd0d8320307fda3f980eed4df43e3e52168a1c667709,69998975,69.99205196455615,69342133600080,,,,,
0x36c708ff40b3a12b179005f985e986bba044fdd570e305d8c8fa996485503fec,1760801526,2025-10-18,2025-10-18 15:32,390869673,MarketSupply,0x46cE9AA8167Fa3E154395c25d19dB25DdFCfeab4,0x9e90aec7d768403dacc9dd0d8320307fda3f980eed4df43e3e52168a1c667709,381998549,381.96076859686946,378411998559527,,,,,
0x507a375bb612e01272c6caab738312a6b845f50473f9dc902912eefb6b224a81,1760803229,2025-10-18,2025-10-18 16:00,390876488,MarketSupply,0xa60643c90A542A95026C0F1dbdB0615fF42019Cf,0x9e90aec7d768403dacc9dd0d8320307fda3f980eed4df43e3e52168a1c667709,180336335398,180301.99792211928,178642262745229993,,,,,
0x0e08ff46357880ffac1596da5ff58d9766226f6746bb81b247763674f60fc908,1760803420,2025-10-18,2025-10-18 16:03,390877252,MarketSupply,0x46cE9AA8167Fa3E154395c25d19dB25DdFCfeab4,0x9e90aec7d768403dacc9dd0d8320307fda3f980eed4df43e3e52168a1c667709,48996335,48.98700570722274,48536039924200,,,,,
0xc649c5b696deb716a9ef0dc8a1add301686f82aba3cef063a7d59869a6e009a8,1760808677,2025-10-18,2025-10-18 17:31,390898268,MarketWithdraw,0x46cE9AA8167Fa3E154395c25d19dB25DdFCfeab4,0x9e90aec7d768403dacc9dd0d8320307fda3f980eed4df43e3e52168a1c667709,350010087,349.94344228919425,346716935389735,,,,,
0xdf4519f700e3754c77e0bb6be602bbfb2c91b99b6928871fb44aa4aa8a464512,1760810425,2025-10-18,2025-10-18 18:00,390905245,MarketWithdraw,0x46cE9AA8167Fa3E154395c25d19dB25DdFCfeab4,0x9e90aec7d768403dacc9dd0d8320307fda3f980eed4df43e3e52168a1c667709,51001679,50.9918802143796,50521576076757,,,,,
0xf256a3c8f571cdd88c77e6eed10a5d61bfb3ac56755a27de8f99e7fc52ad772f,1760814157,2025-10-18,2025-10-18 19:02,390920132,MarketSupply,0x46cE9AA8167Fa3E154395c25d19dB25DdFCfeab4,0x9e90aec7d768403dacc9dd0d8320307fda3f980eed4df43e3e52168a1c667709,101780114,101.76055931989808,100820979783044,,,,,
0x981a20d06208e6de84057d935c2254046b6a540ccc49242f3430dc23e5d13729,1760815856,2025-10-18,2025-10-18 19:30,390926904,MarketWithdraw,0x46cE9AA8167Fa3E154395c25d19dB25DdFCfeab4,0x9e90aec7d768403dacc9dd0d8320307fda3f980eed4df43e3e52168a1c667709,100785047,100.76568349886321,99834825634867,,,,,
0xddc229c272fb03581ba8199614afbb8022d38040048f96fc8b80e6173c4fc236,1760817625,2025-10-18,2025-10-18 20:00,390933956,MarketWithdraw,0xa60643c90A542A95026C0F1dbdB0615fF42019Cf,0x9e90aec7d768403dacc9dd0d8320307fda3f980eed4df43e3e52168a1c667709,591057604,590.9407788874138,585482161178269,,,,,
0x232f7e81740e4184646a4d23bfd6368a34d58180b8e90be028e726be2414c1ed,1760817678,2025-10-18,2025-10-18 20:01,390934169,MarketSupply,0x46cE9AA8167Fa3E154395c25d19dB25DdFCfeab4,0x9e90aec7d768403dacc9dd0d8320307fda3f980eed4df43e3e52168a1c667709,28998499,28.992767320232108,28724952166397,,,,,
0x1a5c95e9949c697f3c2377b66baea247259b6e391d260d373ca6d87f2275c577,1760819511,2025-10-18,2025-10-18 20:31,390941488,MarketWithdraw,0x46cE9AA8167Fa3E154395c25d19dB25DdFCfeab4,0x9e90aec7d768403dacc9dd0d8320307fda3f980eed4df43e3e52168a1c667709,30001656,29.99572604187705,29718497147670,,,,,
0xac096d9c59aea395fd8bcf130f0102f8882e4eab12d83a73f9c34dbcba8f886e,1760821357,2025-10-18,2025-10-18 21:02,390948842,MarketSupply,0x46cE9AA8167Fa3E154395c25d19dB25DdFCfeab4,0x9e90aec7d768403dacc9dd0d8320307fda3f980eed4df43e3e52168a1c667709,399998484,399.9194225555463,396221253375310,,,,,
0xd1976db3fcb1a417e56810acba8924da646c93db7f6b29e5705222644dc7921c,1760823171,2025-10-18,2025-10-18 21:32,390956019,MarketWithdraw,0x46cE9AA8167Fa3E154395c25d19dB25DdFCfeab4,0x9e90aec7d768403dacc9dd0d8320307fda3f980eed4df43e3e52168a1c667709,1003475,1.0032766587908537,993994137795,,,,,
0xc15d83a500ea50739adb879575722611a7294cb4deeccabcf8207405fe44531d,1760824909,2025-10-18,2025-10-18 22:01,390962958,MarketSupply,0x46cE9AA8167Fa3E154395c25d19dB25DdFCfeab4,0x9e90aec7d768403dacc9dd0d8320307fda3f980eed4df43e3e52168a1c667709,1996675,1.9962803484802591,1977800946102,,,,,
0xabf7713088edc9348d79086cf20f36fead12a65dacee696dc7f5ceaf1b3519f0,1760826714,2025-10-18,2025-10-18 22:31,390970122,MarketWithdraw,0x46cE9AA8167Fa3E154395c25d19dB25DdFCfeab4,0x9e90aec7d768403dacc9dd0d8320307fda3f980eed4df43e3e52168a1c667709,3463,0.0034623074010138957,3430248209,,,,,
0x8ab30e830ab0e17846e2d17b9c179d967670ace33ad2acb7de0a35fc188ae7e3,1760828573,2025-10-18,2025-10-18 23:02,390977558,MarketWithdraw,0x46cE9AA8167Fa3E154395c25d19dB25DdFCfeab4,0x9e90aec7d768403dacc9dd0d8320307fda3f980eed4df43e3e52168a1c667709,30003567,29.997566295384434,29719652989379,,,,,
0xbd6dcc8c5eab18e699db4fae95b4c3630f5beb683fe1f93981768e53d2c882cc,1760832024,2025-10-19,2025-10-19 00:00,390991376,MarketWithdraw,0xa60643c90A542A95026C0F1dbdB0615fF42019Cf,0x9e90aec7d768403dacc9dd0d8320307fda3f980eed4df43e3e52168a1c667709,591149191,591.0309613348765,585549807752318,,,,,
0x447f691c5c3fff37635844c18e005f9fd56634864d162faf727b6f2f52bea325,1760832189,2025-10-19,2025-10-19 00:03,390992035,MarketSupply,0x46cE9AA8167Fa3E154395c25d19dB25DdFCfeab4,0x9e90aec7d768403dacc9dd0d8320307fda3f980eed4df43e3e52168a1c667709,29827898,29.821932429133,29545353893901,,,,,
0x6237361022d56c0545945d1bf2ae82976d4af26efd85fdff62e8b025830d8124,1760833944,2025-10-19,2025-10-19 00:32,390999061,MarketWithdraw,0x46cE9AA8167Fa3E154395c25d19dB25DdFCfeab4,0x9e90aec7d768403dacc9dd0d8320307fda3f980eed4df43e3e52168a1c667709,99837905,99.8280242462137,98891717643341,,,,,
0x594605398860cac007d82fc3cde9b6ef691c40175861e224ea22cdf5776bac05,1760846426,2025-10-19,2025-10-19 04:00,391049060,MarketWithdraw,0xa60643c90A542A95026C0F1dbdB0615fF42019Cf,0x9e90aec7d768403dacc9dd0d8320307fda3f980eed4df43e3e52168a1c667709,591244574,591.1576799489314,585621204257645,,,,,
0xfd1d2f1d0e433f682693b7d0c01f329fa1e060b2790f2e36381b8c8627b28653,1760859476,2025-10-19,2025-10-19 07:37,391101374,MarketSupplyCollateral,0x12889C77A17c47480599a6F7366008307770729C,0x9e90aec7d768403dacc9dd0d8320307fda3f980eed4df43e3e52168a1c667709,200000000000,,,,,,,
0xfd1d2f1d0e433f682693b7d0c01f329fa1e060b2790f2e36381b8c8627b28653,1760859476,2025-10-19,2025-10-19 07:37,391101374,MarketBorrow,0x12889C77A17c47480599a6F7366008307770729C,0x9e90aec7d768403dacc9dd0d8320307fda3f980eed4df43e3e52168a1c667709,210000000000,209959.37105365176,207837397177814110,,,,,
0x752d6baf2221fb2de67ce43cb5a59edc541070fae202bbc15021c169619157f0,1760860832,2025-10-19,2025-10-19 08:00,391106811,MarketWithdraw,0xa60643c90A542A95026C0F1dbdB0615fF42019Cf,0x9e90aec7d768403dacc9dd0d8320307fda3f980eed4df43e3e52168a1c667709,600047958,599.9318660176574,594317084054641,,,,,
0x4aa946441eb39b5daf5eb3686e399aa837b5802b4efe1262016bd51a08584162,1760861552,2025-10-19,2025-10-19 08:12,391109696,MarketWithdraw,0x4B6F1C9E5d470b97181786b26da0d0945A7cf027,0x9e90aec7d768403dacc9dd0d8320307fda3f980eed4df43e3e52168a1c667709,2575284959,2574.9544750939576,2550683390498038,,,,,
0x3560219a370f4fb8e4c8e46fb503ec4225778ebc054e51b6df503b92b3767d54,1760862473,2025-10-19,2025-10-19 08:27,391113377,MarketWithdraw,0x46cE9AA8167Fa3E154395c25d19dB25DdFCfeab4,0x9e90aec7d768403dacc9dd0d8320307fda3f980eed4df43e3e52168a1c667709,381047699,380.97397725467243,377406466475406,,,,,
0xf8f28f6f6ea35afacd6fd767d684cde1a226700de025052c9ec68c8f429a9499,1760864302,2025-10-19,2025-10-19 08:58,391120711,MarketWithdraw,0x46cE9AA8167Fa3E154395c25d19dB25DdFCfeab4,0x9e90aec7d768403dacc9dd0d8320307fda3f980eed4df43e3e52168a1c667709,100001278,99.98193063543515,99045106268505,,,,,
0x87aa7f73b1da426300c14e409c5af4c550c28cf984b791effb6fe65561f667b1,1760866115,2025-10-19,2025-10-19 09:28,391127978,MarketSupply,0x46cE9AA8167Fa3E154395c25d19dB25DdFCfeab4,0x9e90aec7d768403dacc9dd0d8320307fda3f980eed4df43e3e52168a1c667709,130999310,130.973110138,129746000703625,,,,,
0x39bb7444e1681a2d63fc9fc54658573af169372e3e70d7211ea0ec55e2c2af1a,1760867525,2025-10-19,2025-10-19 09:52,391133631,MarketSupply,0xad6452a9b8F10b0fE084C83c396ABAe96411C761,0x9e90aec7d768403dacc9dd0d8320307fda3f980eed4df43e3e52168a1c667709,50074692970,50064.678031405994,49595391461767030,,,,,
0x7be94bf649b0a5d78ed785949c4599f3ef0339224102bb789d114f438fefc456,1760867964,2025-10-19,2025-10-19 09:59,391135400,MarketSupply,0x46cE9AA8167Fa3E154395c25d19dB25DdFCfeab4,0x9e90aec7d768403dacc9dd0d8320307fda3f980eed4df43e3e52168a1c667709,49944387,49.9343981226,49466267169946,,,,,
0x71b13b89743ae90f6bbc767a9f0440a9c97194fb9bc518601699cafdf37b097c,1760871539,2025-10-19,2025-10-19 10:58,391149741,MarketWithdraw,0x46cE9AA8167Fa3E154395c25d19dB25DdFCfeab4,0x9e90aec7d768403dacc9dd0d8320307fda3f980eed4df43e3e52168a1c667709,50949093,50.9389031814,50460810293539,,,,,
0xeeca4a3856492d55172b8e2b1100fea0c54dab7757dd8348a22247349bc73a77,1760873330,2025-10-19,2025-10-19 11:28,391156924,MarketSupply,0x46cE9AA8167Fa3E154395c25d19dB25DdFCfeab4,0x9e90aec7d768403dacc9dd0d8320307fda3f980eed4df43e3e52168a1c667709,50970295,50.96018109550836,50481536006049,,,,,
0x2ae2f49c5ea48e0f08f6b71c753f5033addaeb4cca6f9b8b30830ddcb56a18a5,1760875100,2025-10-19,2025-10-19 11:58,391164008,MarketWithdraw,0x46cE9AA8167Fa3E154395c25d19dB25DdFCfeab4,0x9e90aec7d768403dacc9dd0d8320307fda3f980eed4df43e3e52168a1c667709,40973257,40.965126782036585,40580143586374,,,,,
0x514276df0ba2be24d31ed2ab2df6ca5f6df00c58d6f90954ae5fe7a040817d47,1760875230,2025-10-19,2025-10-19 12:00,391164527,MarketWithdraw,0xa60643c90A542A95026C0F1dbdB0615fF42019Cf,0x9e90aec7d768403dacc9dd0d8320307fda3f980eed4df43e3e52168a1c667709,667695279,667.5627899437502,661288890282057,,,,,
0xba7283c9a11a3e0aa013b71d7ad541dadf39fa2c9c6ca7c7f8b8cb2e3a93262d,1760876983,2025-10-19,2025-10-19 12:29,391171533,MarketWithdraw,0x46cE9AA8167Fa3E154395c25d19dB25DdFCfeab4,0x9e90aec7d768403dacc9dd0d8320307fda3f980eed4df43e3e52168a1c667709,79001480,78.9858039395923,78243063587885,,,,,
0xb342cf91b39f0be32aa5a29c30b9569f357baf01c99c79f36a181531890395d1,1760878694,2025-10-19,2025-10-19 12:58,391178376,MarketSupply,0x46cE9AA8167Fa3E154395c25d19dB25DdFCfeab4,0x9e90aec7d768403dacc9dd0d8320307fda3f980eed4df43e3e52168a1c667709,70994322,70.98023477935203,70312410758482,,,,,
0x866ae1cc4f55e107dcf60d0ac2ebf1f8879fd9f110f6a4f974316c702e229eee,1760880466,2025-10-19,2025-10-19 13:27,391185472,MarketSupply,0x46cE9AA8167Fa3E154395c25d19dB25DdFCfeab4,0x9e90aec7d768403dacc9dd0d8320307fda3f980eed4df43e3e52168a1c667709,27003392,26.998182624029653,26743877020794,,,,,
0x8723b57f0b74160f1e4b5ab11d33f74d161a9d5818e8959409652def7d7c52cd,1760882382,2025-10-19,2025-10-19 13:59,391193142,MarketWithdraw,0x46cE9AA8167Fa3E154395c25d19dB25DdFCfeab4,0x9e90aec7d768403dacc9dd0d8320307fda3f980eed4df43e3e52168a1c667709,1617,0.0016166880554508093,1601450610,,,,,
0x91883fc4b0911c00796488c6198a9331453a08d79fb96d4104a1a8c9a060d0c8,1760884255,2025-10-19,2025-10-19 14:30,391200644,MarketSupply,0x46cE9AA8167Fa3E154395c25d19dB25DdFCfeab4,0x9e90aec7d768403dacc9dd0d8320307fda3f980eed4df43e3e52168a1c667709,22013539,22.00927027817478,21801728974926,,,,,
0x7863fa0808047f1d3f04351c4ec513ad10105f00e2ae76367d20972880455d47,1760885924,2025-10-19,2025-10-19 14:58,391207336,MarketWithdraw,0x46cE9AA8167Fa3E154395c25d19dB25DdFCfeab4,0x9e90aec7d768403dacc9dd0d8320307fda3f980eed4df43e3e52168a1c667709,151016639,150.9873548388812,149562831029573,,,,,
0x9f3e3828ddcadedb22a18e6cdf38b0e4cb4a4b88f40af2f2c82cc7f6da10ee36,1760887777,2025-10-19,2025-10-19 15:29,391214742,MarketSupply,0x46cE9AA8167Fa3E154395c25d19dB25DdFCfeab4,0x9e90aec7d768403dacc9dd0d8320307fda3f980eed4df43e3e52168a1c667709,999159,0.9989652496071093,989534742209,,,,,
0x5b3407b4ea809a1b2f1ee39699eff422a88302273d54ae9d0d47a32e355bef33,1760889506,2025-10-19,2025-10-19 15:58,391221664,MarketSupply,0x46cE9AA8167Fa3E154395c25d19dB25DdFCfeab4,0x9e90aec7d768403dacc9dd0d8320307fda3f980eed4df43e3e52168a1c667709,400999210,400.92145085006854,397134564227195,,,,,
0xdb5787aa661db9f2222846cc28f77259085ae70c509efd14a5032cc10c026a38,1760889625,2025-10-19,2025-10-19 16:00,391222140,MarketWithdraw,0xa60643c90A542A95026C0F1dbdB0615fF42019Cf,0x9e90aec7d768403dacc9dd0d8320307fda3f980eed4df43e3e52168a1c667709,653048469,652.9834581515264,646754455721596,,,,,
0x29a889f5cb43f2eca0979391e66490b2883587a1d1c8bdc1274d489030ce7075,1760891351,2025-10-19,2025-10-19 16:29,391229035,MarketSupply,0x46cE9AA8167Fa3E154395c25d19dB25DdFCfeab4,0x9e90aec7d768403dacc9dd0d8320307fda3f980eed4df43e3e52168a1c667709,150032870,150.0179342568804,148586092538807,,,,,
0x1a6b48e10ab20911799ec366ca6abf8120e618da4f33ffb824204b48d9349f94,1760893051,2025-10-19,2025-10-19 16:57,391235839,MarketSupplyCollateral,0x3d7f861e7faBe268C074DE3Ff1dd0b3A2EB3D70e,0x9e90aec7d768403dacc9dd0d8320307fda3f980eed4df43e3e52168a1c667709,120218000000,,,,,,,
0x1a6b48e10ab20911799ec366ca6abf8120e618da4f33ffb824204b48d9349f94,1760893051,2025-10-19,2025-10-19 16:57,391235839,MarketBorrow,0x3d7f861e7faBe268C074DE3Ff1dd0b3A2EB3D70e,0x9e90aec7d768403dacc9dd0d8320307fda3f980eed4df43e3e52168a1c667709,131618479523,131605.37692888215,130248251237572671,,,,,
0xc96ca850c6c74453a6b0ebe687f2afab547d31d15f4f0565e48372b546fbda3e,1760893115,2025-10-19,2025-10-19 16:58,391236094,MarketWithdraw,0x46cE9AA8167Fa3E154395c25d19dB25DdFCfeab4,0x9e90aec7d768403dacc9dd0d8320307fda3f980eed4df43e3e52168a1c667709,39721,0.03971704578215125,39337756449,,,,,
0x8f4aa2778380ec769c75b2705aade59a236f66166882da9124ea3aa67f9a47c9,1760896496,2025-10-19,2025-10-19 17:54,391249591,MarketSupplyCollateral,0x3d7f861e7faBe268C074DE3Ff1dd0b3A2EB3D70e,0x9e90aec7d768403dacc9dd0d8320307fda3f980eed4df43e3e52168a1c667709,117100000000,,,,,,,
0x8f4aa2778380ec769c75b2705aade59a236f66166882da9124ea3aa67f9a47c9,1760896496,2025-10-19,2025-10-19 17:54,391249591,MarketBorrow,0x3d7f861e7faBe268C074DE3Ff1dd0b3A2EB3D70e,0x9e90aec7d768403dacc9dd0d8320307fda3f980eed4df43e3e52168a1c667709,128159701017,128146.94274361183,126823805538684178,,,,,
0x834cfdfda9df8c4d87cad7bbc1723c6014de2c93562db36a2dfa48a3f9337714,1760896504,2025-10-19,2025-10-19 17:55,391249623,MarketWithdraw,0x4B6F1C9E5d470b97181786b26da0d0945A7cf027,0x9e90aec7d768403dacc9dd0d8320307fda3f980eed4df43e3e52168a1c667709,1081734220,1081.6265335681296,1071284582541555,,,,,
0x273f92b2f1d9b66948e4ad6da71bd08d96d867a12a3ae2aed5bab0bb92f3b40d,1760896628,2025-10-19,2025-10-19 17:57,391250107,MarketWithdraw,0x46cE9AA8167Fa3E154395c25d19dB25DdFCfeab4,0x9e90aec7d768403dacc9dd0d8320307fda3f980eed4df43e3e52168a1c667709,652008630,651.9437226672974,645709860387768,,,,,
0x220d98f7e8e023b6f314817cb79711455bc220871c605cc0c93807e5e8c2360b,1760897941,2025-10-19,2025-10-19 18:19,391255357,MarketSupplyCollateral,0x3d7f861e7faBe268C074DE3Ff1dd0b3A2EB3D70e,0x9e90aec7d768403dacc9dd0d8320307fda3f980eed4df43e3e52168a1c667709,71872901183,,,,,,,
0x220d98f7e8e023b6f314817cb79711455bc220871c605cc0c93807e5e8c2360b,1760897941,2025-10-19,2025-10-19 18:19,391255357,MarketBorrow,0x3d7f861e7faBe268C074DE3Ff1dd0b3A2EB3D70e,0x9e90aec7d768403dacc9dd0d8320307fda3f980eed4df43e3e52168a1c667709,78660662520,78645.84161390137,77840244240796238,,,,,
0x39546d4001b37442f44fdb8645af4e3775b4552aa5ba8d4cd4c5e11ef3a441e1,1760898475,2025-10-19,2025-10-19 18:27,391257482,MarketSupply,0x46cE9AA8167Fa3E154395c25d19dB25DdFCfeab4,0x9e90aec7d768403dacc9dd0d8320307fda3f980eed4df43e3e52168a1c667709,651999629,651.8767820143762,645696154068356,,,,,
0x339e007bddbde51a7091987adc957613d00040ba00948db8f72bf5da1edb5b7c,1760900363,2025-10-19,2025-10-19 18:59,391264997,MarketWithdraw,0x46cE9AA8167Fa3E154395c25d19dB25DdFCfeab4,0x9e90aec7d768403dacc9dd0d8320307fda3f980eed4df43e3e52168a1c667709,5588,0.00558694713290448,5533931665,,,,,
0x7dd8ab61e28a725eb4d295ad94daaf542c01965d02a5d7980a18bf510b88096a,1760900702,2025-10-19,2025-10-19 19:05,391266352,MarketSupplyCollateral,0x93e22ecd5b8a4dA8C0e97D7158C060612E7115A3,0x9e90aec7d768403dacc9dd0d8320307fda3f980eed4df43e3e52168a1c667709,79366375131,,,,,,,
0x7dd8ab61e28a725eb4d295ad94daaf542c01965d02a5d7980a18bf510b88096a,1760900702,2025-10-19,2025-10-19 19:05,391266352,MarketBorrow,0x93e22ecd5b8a4dA8C0e97D7158C060612E7115A3,0x9e90aec7d768403dacc9dd0d8320307fda3f980eed4df43e3e52168a1c667709,88000000000,87983.41941581857,87081068042982641,,,,,
0x92a76b28cae385b18493a9a4e1cd15ce4a760a4ccbad220094d8b353f479a6f7,1760902128,2025-10-19,2025-10-19 19:28,391272006,MarketWithdraw,0x46cE9AA8167Fa3E154395c25d19dB25DdFCfeab4,0x9e90aec7d768403dacc9dd0d8320307fda3f980eed4df43e3e52168a1c667709,5539,0.0055379563652752165,5485362497,,,,,
0xa521e69536a6c7dbd634af71fd1af276185f7443bc6a2bf5e1adf009f225d45a,1760903944,2025-10-19,2025-10-19 19:59,391279225,MarketWithdraw,0x46cE9AA8167Fa3E154395c25d19dB25DdFCfeab4,0x9e90aec7d768403dacc9dd0d8320307fda3f980eed4df43e3e52168a1c667709,5779,0.005777911145500177,5722991317,,,,,
0x009ccc84f26d6b3079d190ac6e90f6143fb94f150a4e76624de0e54440bafeed,1760904025,2025-10-19,2025-10-19 20:00,391279535,MarketWithdraw,0xa60643c90A542A95026C0F1dbdB0615fF42019Cf,0x9e90aec7d768403dacc9dd0d8320307fda3f980eed4df43e3e52168a1c667709,821382250,821.3043347011802,813421311245387,,,,,
0xffc41029b6786e56d1d871390b0c4d569598fc4e3bbc4306b654dff147744b76,1760905689,2025-10-19,2025-10-19 20:28,391286040,MarketWithdraw,0x46cE9AA8167Fa3E154395c25d19dB25DdFCfeab4,0x9e90aec7d768403dacc9dd0d8320307fda3f980eed4df43e3e52168a1c667709,5559,0.005558472680172795,5505079906,,,,,
0xd234117ea1e44a30787cc7ee683f9d3364e527faf65404f0558138e99f8cd4df,1760906067,2025-10-19,2025-10-19 20:34,391287552,MarketRepay,0x3d7f861e7faBe268C074DE3Ff1dd0b3A2EB3D70e,0x9e90aec7d768403dacc9dd0d8320307fda3f980eed4df43e3e52168a1c667709,3698957897,3698.6070184536634,3660235081685323,,,,,
0x175c352c699b2d11d0a3b12d5bdbc9283f8ae03af750ab51fbfb9c9f0a119ac8,1760907512,2025-10-19,2025-10-19 20:58,391293305,MarketWithdraw,0x46cE9AA8167Fa3E154395c25d19dB25DdFCfeab4,0x9e90aec7d768403dacc9dd0d8320307fda3f980eed4df43e3e52168a1c667709,5799,0.005798449914071243,5742704569,,,,,
0xbeaf2f1281a7fc1488c268c94b2756704c20b1be6fe9d0f5fcaa5709575cf9f2,1760909302,2025-10-19,2025-10-19 21:28,391300461,MarketSupply,0x46cE9AA8167Fa3E154395c25d19dB25DdFCfeab4,0x9e90aec7d768403dacc9dd0d8320307fda3f980eed4df43e3e52168a1c667709,1095294,1.0951901017731933,1084652327625,,,,,
0x815ad3626598af685089ae4f9849476a8ba632d8bb914db65aa4fd5b84f27af7,1760911307,2025-10-19,2025-10-19 22:01,391308365,MarketWithdraw,0x46cE9AA8167Fa3E154395c25d19dB25DdFCfeab4,0x9e90aec7d768403dacc9dd0d8320307fda3f980eed4df43e3e52168a1c667709,1107378,1.1071602713018163,1096608954096,,,,,
0xdd4a3ecad5eac97d7661308e55b40f86f0785d2d2b3580c4756bf5d5111f6100,1760912916,2025-10-19,2025-10-19 22:28,391314777,MarketWithdraw,0x46cE9AA8167Fa3E154395c25d19dB25DdFCfeab4,0x9e90aec7d768403dacc9dd0d8320307fda3f980eed4df43e3e52168a1c667709,5123,0.005121992734079244,5073142748,,,,,
0xe996267b0ac5d0006884bc2ebf3e9941446ae3bb97bfe888abf8c99ff62df6f0,1760914757,2025-10-19,2025-10-19 22:59,391322104,MarketWithdraw,0x46cE9AA8167Fa3E154395c25d19dB25DdFCfeab4,0x9e90aec7d768403dacc9dd0d8320307fda3f980eed4df43e3e52168a1c667709,5866,0.005864846648079024,5808863304,,,,,
0xb3c9ff6a9ef00da5d2accf8dcbaeb4b83aeda1081344e3de441beba8b8d8abb6,1760916738,2025-10-19,2025-10-19 23:32,391330008,MarketWithdraw,0x46cE9AA8167Fa3E154395c25d19dB25DdFCfeab4,0x9e90aec7d768403dacc9dd0d8320307fda3f980eed4df43e3e52168a1c667709,1006315,1.0061171419470925,996504208326,,,,,
0x1f3de0a8fece25604878a226929b9770400e11666e64656b125a485596294bef,1760918392,2025-10-19,2025-10-19 23:59,391336630,MarketSupply,0x46cE9AA8167Fa3E154395c25d19dB25DdFCfeab4,0x9e90aec7d768403dacc9dd0d8320307fda3f980eed4df43e3e52168a1c667709,994731,0.9945354195517042,985025739957,,,,,
0x5148567a859aab0392c055cfca8173381c8c937ec06127d81e6e699af180309c,1760918430,2025-10-20,2025-10-20 00:00,391336780,MarketWithdraw,0xa60643c90A542A95026C0F1dbdB0615fF42019Cf,0x9e90aec7d768403dacc9dd0d8320307fda3f980eed4df43e3e52168a1c667709,980286465,980.0937245844675,970721967822677,,,,,
0xc793a962b81db95d97b05297380e65ed4171fcc7a8c6d345ef03231466adf490,1760920056,2025-10-20,2025-10-20 00:27,391343284,MarketWithdraw,0x4B6F1C9E5d470b97181786b26da0d0945A7cf027,0x9e90aec7d768403dacc9dd0d8320307fda3f980eed4df43e3e52168a1c667709,1051125667,1050.9376726532207,1040862302857450,,,,,
0x529d3d9b4e0ecb630aba5aa7bb581e8b5d7df322aff5b6020dc1cc8a738a3bf6,1760920144,2025-10-20,2025-10-20 00:29,391343632,MarketWithdraw,0x46cE9AA8167Fa3E154395c25d19dB25DdFCfeab4,0x9e90aec7d768403dacc9dd0d8320307fda3f980eed4df43e3e52168a1c667709,5596,0.005594999152625033,5541357514,,,,,
0xf478c82c492c058feae74e213ce73bb4826b0334beb71b93cadb6a6e4d6cd22c,1760921938,2025-10-20,2025-10-20 00:58,391350810,MarketWithdraw,0x46cE9AA8167Fa3E154395c25d19dB25DdFCfeab4,0x9e90aec7d768403dacc9dd0d8320307fda3f980eed4df43e3e52168a1c667709,100005738,99.98785192416744,99028416418310,,,,,
0x04fa201c28d4edff10f312bbebfa96cef7d408d79d2846b9828a098fa410e094,1760923738,2025-10-20,2025-10-20 01:28,391357996,MarketSupply,0x46cE9AA8167Fa3E154395c25d19dB25DdFCfeab4,0x9e90aec7d768403dacc9dd0d8320307fda3f980eed4df43e3e52168a1c667709,99995060,99.97717583393303,99017030230722,,,,,
0x1c7bed5347734a0b2eca47322ec00619cffebe66024d83d95701b5500209e11c,1760925526,2025-10-20,2025-10-20 01:58,391365137,MarketWithdraw,0x46cE9AA8167Fa3E154395c25d19dB25DdFCfeab4,0x9e90aec7d768403dacc9dd0d8320307fda3f980eed4df43e3e52168a1c667709,5725,0.005723976080911064,5668958797,,,,,
0x6449656a053c55530719532833ef55c6770a23aff0fec4a97c33ce7ac36256c5,1760927369,2025-10-20,2025-10-20 02:29,391372514,MarketWithdraw,0x46cE9AA8167Fa3E154395c25d19dB25DdFCfeab4,0x9e90aec7d768403dacc9dd0d8320307fda3f980eed4df43e3e52168a1c667709,5905,0.005903856638378297,5847147620,,,,,
0xc649f79d579d10bc932224eb4365e4c580e3f9b7375642d1de93bdd7a02a9291,1760927774,2025-10-20,2025-10-20 02:36,391374133,MarketSupply,0xad6452a9b8F10b0fE084C83c396ABAe96411C761,0x9e90aec7d768403dacc9dd0d8320307fda3f980eed4df43e3e52168a1c667709,100000000000,99980.63739844704,99020098355222570,,,,,
0xd8dc56861b1dff808d8df73aa9acc075336b8b9c55577c890a5e7c223d91f164,1760929148,2025-10-20,2025-10-20 02:59,391379613,MarketWithdraw,0x46cE9AA8167Fa3E154395c25d19dB25DdFCfeab4,0x9e90aec7d768403dacc9dd0d8320307fda3f980eed4df43e3e52168a1c667709,5386,0.005384957130280358,5333191441,,,,,
0xc19f54b0b287576fe5de1d95db77f3330ea31bd3b086b11b5a31802ffeade2a9,1760932824,2025-10-20,2025-10-20 04:00,391394312,MarketWithdraw,0xa60643c90A542A95026C0F1dbdB0615fF42019Cf,0x9e90aec7d768403dacc9dd0d8320307fda3f980eed4df43e3e52168a1c667709,960137994,960.0494572306287,950709228072894,,,,,
0xd5300348be7bb26d744af1e19db2f8e11ed9b4dd4e4a38e7dd36065163361fd8,1760934539,2025-10-20,2025-10-20 04:28,391401179,MarketWithdraw,0x46cE9AA8167Fa3E154395c25d19dB25DdFCfeab4,0x9e90aec7d768403dacc9dd0d8320307fda3f980eed4df43e3e52168a1c667709,16057,0.01605551934314163,15899200925,,,,,
0xa589860ef14dd39c3c76653ff1433c3d7124fa881a9da0f4b9d64fc231007fdf,1760936429,2025-10-20,2025-10-20 05:00,391408721,MarketWithdraw,0x46cE9AA8167Fa3E154395c25d19dB25DdFCfeab4,0x9e90aec7d768403dacc9dd0d8320307fda3f980eed4df43e3e52168a1c667709,5638,0.0056368919900734995,5582548104,,,,,
0xae497dd24a2cfe2d899d8fefdbf51dd7496e6d9baf5e6afa3cd24cdf26a1eb2a,1760938155,2025-10-20,2025-10-20 05:29,391415623,MarketWithdraw,0x46cE9AA8167Fa3E154395c25d19dB25DdFCfeab4,0x9e90aec7d768403dacc9dd0d8320307fda3f980eed4df43e3e52168a1c667709,5151,0.005149987697919227,5100300511,,,,,
0x42f1f36ac54bd74200e78fb71b4de14c00f9b76cb1d578d18c7c0b27af8b1420,1760939943,2025-10-20,2025-10-20 05:59,391422775,MarketWithdraw,0x46cE9AA8167Fa3E154395c25d19dB25DdFCfeab4,0x9e90aec7d768403dacc9dd0d8320307fda3f980eed4df43e3e52168a1c667709,5339,0.005337950751153319,5286409890,,,,,
0x409afd8331a51dced54e40713db33a45404b98d3c666e0d6eb3f0b7e6d8230c6,1760941741,2025-10-20,2025-10-20 06:29,391429979,MarketWithdraw,0x46cE9AA8167Fa3E154395c25d19dB25DdFCfeab4,0x9e90aec7d768403dacc9dd0d8320307fda3f980eed4df43e3e52168a1c667709,5371,0.005369944462342102,5318053994,,,,,
0xfa848903c00f9f42bdd9dbfa73447f987d12db28f8613d95aaa13b3363d7ecf0,1760943605,2025-10-20,2025-10-20 07:00,391437445,MarketSupply,0x46cE9AA8167Fa3E154395c25d19dB25DdFCfeab4,0x9e90aec7d768403dacc9dd0d8320307fda3f980eed4df43e3e52168a1c667709,1235118,1.2348709764,1222932803282,,,,,
0x2dd9fbd44ad1be57f1b5bd5c8b3262596cf37bb08839662de8dabdae57830ba2,1760944009,2025-10-20,2025-10-20 07:06,391439060,MarketWithdraw,0x4B6F1C9E5d470b97181786b26da0d0945A7cf027,0x9e90aec7d768403dacc9dd0d8320307fda3f980eed4df43e3e52168a1c667709,1041802689,1041.5943284622003,1031522891618032,,,,,
0xb65d354f82531cf49f43ec3f1ad823759ab61fb0dd81447bcb7393aecada5415,1760945362,2025-10-20,2025-10-20 07:29,391444471,MarketWithdraw,0x46cE9AA8167Fa3E154395c25d19dB25DdFCfeab4,0x9e90aec7d768403dacc9dd0d8320307fda3f980eed4df43e3e52168a1c667709,1245956,1.2457068088000003,1233654641311,,,,,
0x992d930963193eeebab07c612e2a7daa4f9c354e4cdc3bd3e6e38a28693d176a,1760947086,2025-10-20,2025-10-20 07:58,391451372,MarketWithdraw,0x46cE9AA8167Fa3E154395c25d19dB25DdFCfeab4,0x9e90aec7d768403dacc9dd0d8320307fda3f980eed4df43e3e52168a1c667709,5161,0.005159967800000001,5110007729,,,,,
0x6f3a8b3f3acb41f86048ad1d93eba86eac34e31ffe3ccb6ae43ba1200c764ed9,1760947229,2025-10-20,2025-10-20 08:00,391451941,MarketWithdraw,0xa60643c90A542A95026C0F1dbdB0615fF42019Cf,0x9e90aec7d768403dacc9dd0d8320307fda3f980eed4df43e3e52168a1c667709,919476986,919.2930906028001,910391714484409,,,,,
0x0ad1f879985fbe08b76bd98d506fa283dfa555404848567d239c7d6c95f3a692,1760948960,2025-10-20,2025-10-20 08:29,391458874,MarketWithdraw,0x46cE9AA8167Fa3E154395c25d19dB25DdFCfeab4,0x9e90aec7d768403dacc9dd0d8320307fda3f980eed4df43e3e52168a1c667709,5618,0.005616876400000001,5562447919,,,,,
0x2ea0bd9ab973fae8a47b75806c9ffb76a27a38469a7d2fda6fc22d9cb9fb4f84,1760950775,2025-10-20,2025-10-20 08:59,391466144,MarketWithdraw,0x46cE9AA8167Fa3E154395c25d19dB25DdFCfeab4,0x9e90aec7d768403dacc9dd0d8320307fda3f980eed4df43e3e52168a1c667709,5443,0.005441911400000001,5389136572,,,,,
0xcc02926ea98b50366c7142245dacccf57ebba91d9f9e245ca34ee23085bd72e1,1760954458,2025-10-20,2025-10-20 10:00,391480879,MarketWithdraw,0x46cE9AA8167Fa3E154395c25d19dB25DdFCfeab4,0x9e90aec7d768403dacc9dd0d8320307fda3f980eed4df43e3e52168a1c667709,11054,0.0110517892,10944438300,,,,,
0x0bc6829bf884df7c7642cd376716ddc3366b73954a52391f38dd7dd47d56c6c7,1760956121,2025-10-20,2025-10-20 10:28,391487550,MarketWithdraw,0x46cE9AA8167Fa3E154395c25d19dB25DdFCfeab4,0x9e90aec7d768403dacc9dd0d8320307fda3f980eed4df43e3e52168a1c667709,4994,0.0049930012000000005,4944466799,,,,,
0xf9447a38f677efcde0ecc9a5d9cb6b9cf7eefff2b2b1baf78b1273ee5c316cfb,1760956879,2025-10-20,2025-10-20 10:41,391490581,MarketSupply,0x48Cd090C9E8a9954B0955c8b87754031d90c4955,0x9e90aec7d768403dacc9dd0d8320307fda3f980eed4df43e3e52168a1c667709,20000803713,19996.803552257403,19802360649199861,,,,,
0x504f43e8a17bd3cc43db533ae0a3c5bd38820598c12aa7fbffa14885c52f9266,1760957927,2025-10-20,2025-10-20 10:58,391494788,MarketWithdraw,0x46cE9AA8167Fa3E154395c25d19dB25DdFCfeab4,0x9e90aec7d768403dacc9dd0d8320307fda3f980eed4df43e3e52168a1c667709,5379,0.005377924200000001,5325607357,,,,,
0xcb1b7bc154cbf3d015a52b2a86d2dec623b689688b3d75c085d48086af74a158,1760959753,2025-10-20,2025-10-20 11:29,391502096,MarketWithdraw,0x46cE9AA8167Fa3E154395c25d19dB25DdFCfeab4,0x9e90aec7d768403dacc9dd0d8320307fda3f980eed4df43e3e52168a1c667709,5405,0.005403968019630766,5351308074,,,,,
0x6eb449b6bbd55c4f52d52ccaedf89139cddeb58b8f0d2deba4305e943c2cd604,1760960206,2025-10-20,2025-10-20 11:36,391503909,MarketSupply,0xad6452a9b8F10b0fE084C83c396ABAe96411C761,0x9e90aec7d768403dacc9dd0d8320307fda3f980eed4df43e3e52168a1c667709,150000000000,149971.36039678354,148509653508228875,,,,,
0x58f11ec55052c23c00b42c18690d3f9db2c69ec1eb2718c2cd5088ccead1ad77,1760961043,2025-10-20,2025-10-20 11:50,391507261,MarketRepay,0x3d7f861e7faBe268C074DE3Ff1dd0b3A2EB3D70e,0x9e90aec7d768403dacc9dd0d8320307fda3f980eed4df43e3e52168a1c667709,4441182463,4440.334504976318,4393541582178220,,,,,
0xb41e4ce81924c4aa2b5d08c2e4258c45ba005b7fc2d502cd8bc2ae70efbba8d0,1760961623,2025-10-20,2025-10-20 12:00,391509578,MarketWithdraw,0xa60643c90A542A95026C0F1dbdB0615fF42019Cf,0x9e90aec7d768403dacc9dd0d8320307fda3f980eed4df43e3e52168a1c667709,908407414,908.2339711473609,899377053236333,,,,,
0xbc5b47e65c84207c4835e2c483809ff22a6cc8a8a3d4a56a49f882929f40a3c4,1760965132,2025-10-20,2025-10-20 12:58,391523640,MarketWithdraw,0x46cE9AA8167Fa3E154395c25d19dB25DdFCfeab4,0x9e90aec7d768403dacc9dd0d8320307fda3f980eed4df43e3e52168a1c667709,14215,0.01421228592026852,14073506743,,,,,
0xd2e7076717934b95481c7bb31ff5de906e6b2c843b3ad4ffdb30657843b346b4,1760966919,2025-10-20,2025-10-20 13:28,391530789,MarketWithdraw,0x46cE9AA8167Fa3E154395c25d19dB25DdFCfeab4,0x9e90aec7d768403dacc9dd0d8320307fda3f980eed4df43e3e52168a1c667709,4671,0.00467009396117448,4624475036,,,,,
0x305c5436f6a996babc565c2b938c6eab1bec1d4673644ad5d3466f37d9f66a0f,1760968744,2025-10-20,2025-10-20 13:59,391538106,MarketWithdraw,0x46cE9AA8167Fa3E154395c25d19dB25DdFCfeab4,0x9e90aec7d768403dacc9dd0d8320307fda3f980eed4df43e3e52168a1c667709,4771,0.004770074564068388,4723446893,,,,,
0xc8f865e0fed33a6f90fd79e63f81042bd70a6aae25ea142cd39bcca88ddd747f,1760970105,2025-10-20,2025-10-20 14:21,391543568,MarketRepay,0x3d7f861e7faBe268C074DE3Ff1dd0b3A2EB3D70e,0x9e90aec7d768403dacc9dd0d8320307fda3f980eed4df43e3e52168a1c667709,1288269106,1288.019219074769,1274402520264837,,,,,
0x0f13f9a2ec41ce43332c06adf844bf622b4565f74a0a0621e784a29aa1c733c7,1760971087,2025-10-20,2025-10-20 14:38,391547506,MarketWithdrawCollateral,0x3d7f861e7faBe268C074DE3Ff1dd0b3A2EB3D70e,0x9e90aec7d768403dacc9dd0d8320307fda3f980eed4df43e3e52168a1c667709,8628765617,,,,,,,
0xa2a111f76f40b173a07f81f1ce43bff03312274ba1d688e0725001e0f0c41a56,1760972293,2025-10-20,2025-10-20 14:58,391552339,MarketWithdraw,0x46cE9AA8167Fa3E154395c25d19dB25DdFCfeab4,0x9e90aec7d768403dacc9dd0d8320307fda3f980eed4df43e3e52168a1c667709,9276,0.009274200724438979,9183423692,,,,,
0xd2bd7ca5e729900520a6f75f6f26e3e0439a268214dbe5798cf1881bfa64317f,1760974192,2025-10-20,2025-10-20 15:29,391559941,MarketWithdraw,0x46cE9AA8167Fa3E154395c25d19dB25DdFCfeab4,0x9e90aec7d768403dacc9dd0d8320307fda3f980eed4df43e3e52168a1c667709,4963,0.0049619285757986934,4913433543,,,,,
0xe2b4bff99dedab31d5387ebff6b8c6c78735435c19d8b54aa792dd37df4ee6a6,1760975128,2025-10-20,2025-10-20 15:45,391563700,MarketRepay,0x3d7f861e7faBe268C074DE3Ff1dd0b3A2EB3D70e,0x9e90aec7d768403dacc9dd0d8320307fda3f980eed4df43e3e52168a1c667709,4259902110,4258.982472237386,4213963084031484,,,,,
0xe2b4bff99dedab31d5387ebff6b8c6c78735435c19d8b54aa792dd37df4ee6a6,1760975128,2025-10-20,2025-10-20 15:45,391563700,MarketWithdrawCollateral,0x3d7f861e7faBe268C074DE3Ff1dd0b3A2EB3D70e,0x9e90aec7d768403dacc9dd0d8320307fda3f980eed4df43e3e52168a1c667709,3884663853,,,,,,,
0x281b013af4de14fb09b18145056d57b1469ed43b65cee6e7489aeae65c589cbe,1760975693,2025-10-20,2025-10-20 15:54,391565948,MarketWithdraw,0x4B6F1C9E5d470b97181786b26da0d0945A7cf027,0x9e90aec7d768403dacc9dd0d8320307fda3f980eed4df43e3e52168a1c667709,1266713569,1266.4401078728692,1254055651737681,,,,,
0xfa4ebbe228eb49cfc63acd7282de4b4ab2e21dc0ed1a4823f998cf9b1afdd918,1760975896,2025-10-20,2025-10-20 15:58,391566768,MarketWithdraw,0x46cE9AA8167Fa3E154395c25d19dB25DdFCfeab4,0x9e90aec7d768403dacc9dd0d8320307fda3f980eed4df43e3e52168a1c667709,4448,0.004447039755219139,4403549051,,,,,
0x2c9b31ea7899ad9e8132f6a25cef64a71a3fe042928d3e13fd6160449e6e6da2,1760977737,2025-10-20,2025-10-20 16:28,391574126,MarketWithdraw,0x46cE9AA8167Fa3E154395c25d19dB25DdFCfeab4,0x9e90aec7d768403dacc9dd0d8320307fda3f980eed4df43e3e52168a1c667709,4800,0.004799065769687652,4751998854,,,,,
0x667df8dfeaf338da7c61350efcd7636c62697e1ed9c94a719740a6b9fecfd10c,1760981399,2025-10-20,2025-10-20 17:29,391588782,MarketWithdraw,0x46cE9AA8167Fa3E154395c25d19dB25DdFCfeab4,0x9e90aec7d768403dacc9dd0d8320307fda3f980eed4df43e3e52168a1c667709,9554,0.009552140492415798,9458329005,,,,,
0x7644af397d37ba8aa95a2b330579f87cfca8368d7d3c227822d5a7779173bab6,1760981622,2025-10-20,2025-10-20 17:33,391589678,MarketWithdraw,0x48Cd090C9E8a9954B0955c8b87754031d90c4955,0x9e90aec7d768403dacc9dd0d8320307fda3f980eed4df43e3e52168a1c667709,10000000000,9998.053686849275,9899854682190643,,,,,
0x04e682a4270f17c674a0dffe53c785a9f3e6620646e8ec046a4c742d969cb1b0,1760983118,2025-10-20,2025-10-20 17:58,391595640,MarketWithdraw,0x46cE9AA8167Fa3E154395c25d19dB25DdFCfeab4,0x9e90aec7d768403dacc9dd0d8320307fda3f980eed4df43e3e52168a1c667709,4520,0.004519120266455872,4474709213,,,,,
0xf93f443bacc2e6dde66c8cd721533ef659cb8a0bdb5951fcdd47a8969e65dfdb,1760984252,2025-10-20,2025-10-20 18:17,391600144,MarketSupply,0x48Cd090C9E8a9954B0955c8b87754031d90c4955,0x9e90aec7d768403dacc9dd0d8320307fda3f980eed4df43e3e52168a1c667709,34833811329,34826.86166923641,34484626872834163,,,,,
0x55c73107afc12f58266611bcf58ed0994a80652164b39dbf34702274feb72f09,1760984941,2025-10-20,2025-10-20 18:29,391602866,MarketWithdraw,0x46cE9AA8167Fa3E154395c25d19dB25DdFCfeab4,0x9e90aec7d768403dacc9dd0d8320307fda3f980eed4df43e3e52168a1c667709,4746,0.004745053130163494,4698412906,,,,,
0x9a34a97d1457cb0da3e573b034a5632f7a3e435d39c354dad994819e1fe1fd04,1760986837,2025-10-20,2025-10-20 19:00,391610448,MarketWithdraw,0x46cE9AA8167Fa3E154395c25d19dB25DdFCfeab4,0x9e90aec7d768403dacc9dd0d8320307fda3f980eed4df43e3e52168a1c667709,4846,0.004845033179260912,4797377116,,,,,
0xd5459d8469b84bcacf6c3b53cec446f139220a528399f9ae32580f0ace6804e8,1760988568,2025-10-20,2025-10-20 19:29,391617352,MarketWithdraw,0x46cE9AA8167Fa3E154395c25d19dB25DdFCfeab4,0x9e90aec7d768403dacc9dd0d8320307fda3f980eed4df43e3e52168a1c667709,4425,0.00442411717256078,4380573654,,,,,
0x9dadea33bd51e2bdb117e7790991af5189c2bf59824e7fbe778ac3855a662779,1760990284,2025-10-20,2025-10-20 19:58,391624125,MarketWithdraw,0x46cE9AA8167Fa3E154395c25d19dB25DdFCfeab4,0x9e90aec7d768403dacc9dd0d8320307fda3f980eed4df43e3e52168a1c667709,4387,0.0043861247539037605,4342928024,,,,,
0xbed5c7fed317b66aaf5d394634f327f20fe3835828fdde98328dc3497ea4214a,1760990430,2025-10-20,2025-10-20 20:00,391624705,MarketWithdraw,0xa60643c90A542A95026C0F1dbdB0615fF42019Cf,0x9e90aec7d768403dacc9dd0d8320307fda3f980eed4df43e3e52168a1c667709,1601522553,1601.2123974992614,1585432750415423,,,,,
0x71b9e16bd5dc5d4715b6f69b1d159d569adabae404370a5653ddf768eef259f5,1760992125,2025-10-20,2025-10-20 20:28,391631471,MarketWithdraw,0x46cE9AA8167Fa3E154395c25d19dB25DdFCfeab4,0x9e90aec7d768403dacc9dd0d8320307fda3f980eed4df43e3e52168a1c667709,4715,0.0047140868794302996,4667601574,,,,,
0x6bb7b074e4661a5ba47eb5cf8149defad366a3020dd38ad48f7d6cd5b07ae2c9,1760993965,2025-10-20,2025-10-20 20:59,391638826,MarketWithdraw,0x46cE9AA8167Fa3E154395c25d19dB25DdFCfeab4,0x9e90aec7d768403dacc9dd0d8320307fda3f980eed4df43e3e52168a1c667709,4714,0.0047130870730932,4666580290,,,,,
0x75d61936d6b6d64a6b97921d84127c3e9037a65047b8b7c757e2a576a232204f,1760996811,2025-10-20,2025-10-20 21:46,391650165,MarketWithdraw,0x46cE9AA8167Fa3E154395c25d19dB25DdFCfeab4,0x9e90aec7d768403dacc9dd0d8320307fda3f980eed4df43e3e52168a1c667709,7294,0.007292587422813279,7220552178,,,,,
0xff2c2abee120bc99be0c4ffb48c03f6a511a3b934513b9547b7558f478a04910,1760998476,2025-10-20,2025-10-20 22:14,391656750,MarketWithdraw,0x46cE9AA8167Fa3E154395c25d19dB25DdFCfeab4,0x9e90aec7d768403dacc9dd0d8320307fda3f980eed4df43e3e52168a1c667709,4269,0.004268584970440023,4225987086,,,,,
0x760de567bdfee447fab1bca731bf8a72d812422e5f51e8a2f7bc41425e85ed2a,1761000357,2025-10-20,2025-10-20 22:45,391664224,MarketWithdraw,0x46cE9AA8167Fa3E154395c25d19dB25DdFCfeab4,0x9e90aec7d768403dacc9dd0d8320307fda3f980eed4df43e3e52168a1c667709,4824,0.004823531013680644,4775362291,,,,,
0x4748633c8174675e502b10a7524bd5fe26d9ee09b53933f6d170e55409a835ae,1761002120,2025-10-20,2025-10-20 23:15,391671235,MarketWithdraw,0x46cE9AA8167Fa3E154395c25d19dB25DdFCfeab4,0x9e90aec7d768403dacc9dd0d8320307fda3f980eed4df43e3e52168a1c667709,4522,0.004521560373935297,4476378350,,,,,
0x1d8262eb696b06e9ef345e4e544fa9cf4c553137fb7e71da36c776c48283d44c,1761002841,2025-10-20,2025-10-20 23:27,391674119,MarketSupply,0x48Cd090C9E8a9954B0955c8b87754031d90c4955,0x9e90aec7d768403dacc9dd0d8320307fda3f980eed4df43e3e52168a1c667709,5000365903,4999.879770495796,4949905060714923,,,,,
0x149966bec9576d2f5b6cfd0fb090c28991d2fc8120f0ac1371c9975c3a9a6c53,1761004016,2025-10-20,2025-10-20 23:46,391678792,MarketWithdraw,0x46cE9AA8167Fa3E154395c25d19dB25DdFCfeab4,0x9e90aec7d768403dacc9dd0d8320307fda3f980eed4df43e3e52168a1c667709,4852,0.0048515282915378285,4803015843,,,,,
0xb7113068d5c18ac9299f17a01b68ad1aa7da3ae985bfbdadfc0f4fadc2e9bcbf,1761004832,2025-10-21,2025-10-21 00:00,391682041,MarketWithdraw,0xa60643c90A542A95026C0F1dbdB0615fF42019Cf,0x9e90aec7d768403dacc9dd0d8320307fda3f980eed4df43e3e52168a1c667709,788517233,788.4385927288488,780554310268119,,,,,
0xa1e9f4dcafe8f9bd75e012b6dbe20eb62a2c21f433524c8244d0dda02ad33e60,1761005675,2025-10-21,2025-10-21 00:14,391685409,MarketWithdraw,0x46cE9AA8167Fa3E154395c25d19dB25DdFCfeab4,0x9e90aec7d768403dacc9dd0d8320307fda3f980eed4df43e3e52168a1c667709,502004241,501.9541751955012,496933173230031,,,,,
0x732011a9431a47e6e23fb69e52dc60c25b94b7aa7d72a7e29bcec826497f9c22,1761007515,2025-10-21,2025-10-21 00:45,391692742,MarketSupply,0x46cE9AA8167Fa3E154395c25d19dB25DdFCfeab4,0x9e90aec7d768403dacc9dd0d8320307fda3f980eed4df43e3e52168a1c667709,451998658,451.9535793440905,447429727723430,,,,,
0x502a521c88a523df835dca9b3399899ac811a784f956f2837da6d67fe496d7e0,1761009392,2025-10-21,2025-10-21 01:16,391700238,MarketSupply,0x46cE9AA8167Fa3E154395c25d19dB25DdFCfeab4,0x9e90aec7d768403dacc9dd0d8320307fda3f980eed4df43e3e52168a1c667709,49995540,49.9855770702582,49489832359154,,,,,
0x6f04efb880578cde9c34fe0deeddbc41f5e847a10039b83ed109ed9025cccca9,1761011071,2025-10-21,2025-10-21 01:44,391706952,MarketWithdraw,0x46cE9AA8167Fa3E154395c25d19dB25DdFCfeab4,0x9e90aec7d768403dacc9dd0d8320307fda3f980eed4df43e3e52168a1c667709,4297,0.004296571452301871,4253509572,,,,,
0x0b14b8db463935f1c760f9606c682690db9cfccdc784bd974f9bcd4b2a9f5499,1761012534,2025-10-21,2025-10-21 02:08,391712799,MarketWithdraw,0x4B6F1C9E5d470b97181786b26da0d0945A7cf027,0x9e90aec7d768403dacc9dd0d8320307fda3f980eed4df43e3e52168a1c667709,1350401211,1350.1311307578,1336726514638764,,,,,
0xf43389947ac7bfd2e5101eb992dfe1c0cad6fc6a337f992052740428b5ee384f,1761012902,2025-10-21,2025-10-21 02:15,391714276,MarketWithdraw,0x46cE9AA8167Fa3E154395c25d19dB25DdFCfeab4,0x9e90aec7d768403dacc9dd0d8320307fda3f980eed4df43e3e52168a1c667709,4689,0.004688062199999999,4641511096,,,,,
0x10f82d1a72ba04bc16bdeacc38fb85693bda9d32ffc0118211f087bfb6415014,1761014657,2025-10-21,2025-10-21 02:44,391721304,MarketWithdraw,0x46cE9AA8167Fa3E154395c25d19dB25DdFCfeab4,0x9e90aec7d768403dacc9dd0d8320307fda3f980eed4df43e3e52168a1c667709,4499,0.0044981002,4453406821,,,,,
0xf037097a0311025f0707bb2711cf7177750202f62d43836628ccf6031f8427a2,1761016471,2025-10-21,2025-10-21 03:14,391728566,MarketWithdraw,0x46cE9AA8167Fa3E154395c25d19dB25DdFCfeab4,0x9e90aec7d768403dacc9dd0d8320307fda3f980eed4df43e3e52168a1c667709,502004652,501.9042510696,496914009020197,,,,,
0x9d2da53b5e5d5726aef476c538cf465130086d508a942a0471dea2d03fb8ccd9,1761019227,2025-10-21,2025-10-21 04:00,391739599,MarketWithdraw,0xa60643c90A542A95026C0F1dbdB0615fF42019Cf,0x9e90aec7d768403dacc9dd0d8320307fda3f980eed4df43e3e52168a1c667709,787987002,787.8294045995999,779988459142770,,,,,
0x7bd237d5b37442e28a5c49f314c959687e1569f4b1b8caf5c6c74b51ea40a4a2,1761020063,2025-10-21,2025-10-21 04:14,391742946,MarketSupply,0x46cE9AA8167Fa3E154395c25d19dB25DdFCfeab4,0x9e90aec7d768403dacc9dd0d8320307fda3f980eed4df43e3e52168a1c667709,501997373,501.94736539595596,496900277016246,,,,,
0x632757ab320f00c092f7212ad9e5b6bc3294181a9e66fbc48e416ef60c420d79,1761022001,2025-10-21,2025-10-21 04:46,391750710,MarketWithdraw,0x46cE9AA8167Fa3E154395c25d19dB25DdFCfeab4,0x9e90aec7d768403dacc9dd0d8320307fda3f980eed4df43e3e52168a1c667709,4978,0.0049775041052676355,4927420289,,,,,
0xb2ec51a46f01edb8d9694c4da3c33502de93cc5132cc9cdfddb590168a60de42,1761023658,2025-10-21,2025-10-21 05:14,391757348,MarketWithdraw,0x46cE9AA8167Fa3E154395c25d19dB25DdFCfeab4,0x9e90aec7d768403dacc9dd0d8320307fda3f980eed4df43e3e52168a1c667709,552004257,551.9511924316258,546392222052200,,,,,
0x66886ba02a19435c3091ac65f9d12abc13749cab3ea98a95250d3356ccc721ff,1761025481,2025-10-21,2025-10-21 05:44,391764648,MarketSupply,0x46cE9AA8167Fa3E154395c25d19dB25DdFCfeab4,0x9e90aec7d768403dacc9dd0d8320307fda3f980eed4df43e3e52168a1c667709,50998999,50.994096429349256,50480172912302,,,,,
0x3dbaa55c7f55583b241e6eba197cad49d6705b92bdfa9ef1038ee0d53ce800f0,1761027308,2025-10-21,2025-10-21 06:15,391771955,MarketSupply,0x46cE9AA8167Fa3E154395c25d19dB25DdFCfeab4,0x9e90aec7d768403dacc9dd0d8320307fda3f980eed4df43e3e52168a1c667709,18998655,18.99682864555711,18805250879096,,,,,
0x06b9eba095421701c347b8d7585b10f7a5818969f95b59d6b714ff6b6201abc2,1761029082,2025-10-21,2025-10-21 06:44,391779046,MarketSupply,0x46cE9AA8167Fa3E154395c25d19dB25DdFCfeab4,0x9e90aec7d768403dacc9dd0d8320307fda3f980eed4df43e3e52168a1c667709,482532654,482.48626778705636,477617422450834,,,,,
0xc90a7019278f9c8d5a030a85ea4e7d643b88bb5159c0ddb1cc43bd633dad85b3,1761030977,2025-10-21,2025-10-21 07:16,391786621,MarketWithdraw,0x46cE9AA8167Fa3E154395c25d19dB25DdFCfeab4,0x9e90aec7d768403dacc9dd0d8320307fda3f980eed4df43e3e52168a1c667709,538962,0.5388570816966748,533468257405,,,,,
0x1bee42e0dcd57d60a368e3580b7cbd9ac181a8f71e7a351caa9cef10eee7fadd,1761032780,2025-10-21,2025-10-21 07:46,391793831,MarketWithdraw,0x46cE9AA8167Fa3E154395c25d19dB25DdFCfeab4,0x9e90aec7d768403dacc9dd0d8320307fda3f980eed4df43e3e52168a1c667709,4638,0.004637097132839009,4590693647,,,,,
0xe642a4c55c0c7fb99ffbbb5684ee9284d8fe5a10e722952c68431b649ba223e9,1761033634,2025-10-21,2025-10-21 08:00,391797249,MarketWithdraw,0xa60643c90A542A95026C0F1dbdB0615fF42019Cf,0x9e90aec7d768403dacc9dd0d8320307fda3f980eed4df43e3e52168a1c667709,791480556,791.4016632538611,783405214798386,,,,,
0x677ca9fcec85150d74332231baee09e0d26355192c1032d50c6125262c0eb4b8,1761034505,2025-10-21,2025-10-21 08:15,391800730,MarketWithdraw,0x46cE9AA8167Fa3E154395c25d19dB25DdFCfeab4,0x9e90aec7d768403dacc9dd0d8320307fda3f980eed4df43e3e52168a1c667709,4441,0.004440557332542225,4395675189,,,,,
0x158237380c75b190f448f3a5b7a93173b639a44bb79c8075c9ff1f6b1e8031e8,1761036281,2025-10-21,2025-10-21 08:44,391807844,MarketWithdraw,0x46cE9AA8167Fa3E154395c25d19dB25DdFCfeab4,0x9e90aec7d768403dacc9dd0d8320307fda3f980eed4df43e3e52168a1c667709,10004575,10.003577769695708,9902403854504,,,,,
0xbe85aa1a89cbbd808ef6f96657c1effe97f7d76102848f25e6dafc26e1b51b10,1761038151,2025-10-21,2025-10-21 09:15,391815336,MarketSupply,0x46cE9AA8167Fa3E154395c25d19dB25DdFCfeab4,0x9e90aec7d768403dacc9dd0d8320307fda3f980eed4df43e3e52168a1c667709,9995251,9.993266858308559,9893107173276,,,,,
0xf21d90cb7e74db95a50892fea37873fb11ca2ce156f0e7b69a4d148d593ecec4,1761040050,2025-10-21,2025-10-21 09:47,391822937,MarketWithdraw,0x46cE9AA8167Fa3E154395c25d19dB25DdFCfeab4,0x9e90aec7d768403dacc9dd0d8320307fda3f980eed4df43e3e52168a1c667709,4895,0.004894028301182271,4844943062,,,,,
0xd2521f58425d629e6ffb20509233b9a9ea63fab427f94b6ee4dd0ac5773e49b8,1761041780,2025-10-21,2025-10-21 10:16,391829853,MarketWithdraw,0x46cE9AA8167Fa3E154395c25d19dB25DdFCfeab4,0x9e90aec7d768403dacc9dd0d8320307fda3f980eed4df43e3e52168a1c667709,401004460,400.92387125409465,396901212036817,,,,,
0x98b100d500261a73c82fc3db90c4a8dbbebd3fb9461ceb445f635f57d54c11e2,1761043522,2025-10-21,2025-10-21 10:45,391836829,MarketSupply,0x46cE9AA8167Fa3E154395c25d19dB25DdFCfeab4,0x9e90aec7d768403dacc9dd0d8320307fda3f980eed4df43e3e52168a1c667709,400998074,400.91748653747123,396892350739982,,,,,
0xda035e91ef7ccf9927a53b68500436adf5ea423481b3d8c7305d5d4b8243d6a4,1761045341,2025-10-21,2025-10-21 11:15,391844100,MarketWithdraw,0x46cE9AA8167Fa3E154395c25d19dB25DdFCfeab4,0x9e90aec7d768403dacc9dd0d8320307fda3f980eed4df43e3e52168a1c667709,4692,0.004691542942019228,4643928697,,,,,
0x0a7db55a5525ec81ab8a4a6897985cb106fa31d3130921a142224f46c8d3c698,1761047212,2025-10-21,2025-10-21 11:46,391851590,MarketWithdraw,0x46cE9AA8167Fa3E154395c25d19dB25DdFCfeab4,0x9e90aec7d768403dacc9dd0d8320307fda3f980eed4df43e3e52168a1c667709,4828,0.004827529693961814,4778502465,,,,,
0x7586c5da79f1322f379d95ee6868b4f8d1a3dc4a4528be3836fd892b2d3336d8,1761048023,2025-10-21,2025-10-21 12:00,391854836,MarketWithdraw,0xa60643c90A542A95026C0F1dbdB0615fF42019Cf,0x9e90aec7d768403dacc9dd0d8320307fda3f980eed4df43e3e52168a1c667709,792680776,792.5301366005654,784551729220082,,,,,
0x94704120943e8ffb6f2bbc6195932eaabab9c3e9d991a1aa5843efe83b76a6de,1761048923,2025-10-21,2025-10-21 12:15,391858441,MarketWithdraw,0x46cE9AA8167Fa3E154395c25d19dB25DdFCfeab4,0x9e90aec7d768403dacc9dd0d8320307fda3f980eed4df43e3e52168a1c667709,401004417,400.9282109579507,396890749125807,,,,,
0x4f9fc97f773f21b23b500ceaa8993d2619117f16d57e4ba471b7d8f1db25e48d,1761050210,2025-10-21,2025-10-21 12:36,391863593,MarketSupply,0xad6452a9b8F10b0fE084C83c396ABAe96411C761,0x9e90aec7d768403dacc9dd0d8320307fda3f980eed4df43e3e52168a1c667709,100317848228,100298.78403360146,99288276173674010,,,,,
0x56fc6998fe2e7abf3c739db41e9b55dd1aec1d8019ac90b438bb6e8de1d4f329,1761050411,2025-10-21,2025-10-21 12:40,391864404,MarketRepay,0x3d7f861e7faBe268C074DE3Ff1dd0b3A2EB3D70e,0x9e90aec7d768403dacc9dd0d8320307fda3f980eed4df43e3e52168a1c667709,59921199521,59909.81222136748,59257022716191327,,,,,
0x56fc6998fe2e7abf3c739db41e9b55dd1aec1d8019ac90b438bb6e8de1d4f329,1761050411,2025-10-21,2025-10-21 12:40,391864404,MarketWithdrawCollateral,0x3d7f861e7faBe268C074DE3Ff1dd0b3A2EB3D70e,0x9e90aec7d768403dacc9dd0d8320307fda3f980eed4df43e3e52168a1c667709,54767318276,,,,,,,
0xffb72d9cf86c568108e9b5defa08a9120f5b804a02e73c054209df5c77646998,1761050687,2025-10-21,2025-10-21 12:44,391865504,MarketSupply,0x46cE9AA8167Fa3E154395c25d19dB25DdFCfeab4,0x9e90aec7d768403dacc9dd0d8320307fda3f980eed4df43e3e52168a1c667709,400998108,400.9219031568999,396882011461854,,,,,
0x0960756337a3d0b42ab551a62b8da727be17b63b547fbff9e2301854db95b96b,1761052632,2025-10-21,2025-10-21 13:17,391873294,MarketWithdraw,0x46cE9AA8167Fa3E154395c25d19dB25DdFCfeab4,0x9e90aec7d768403dacc9dd0d8320307fda3f980eed4df43e3e52168a1c667709,4299,0.004298166131454303,4254846304,,,,,
0x6d8db1bc680505a00cc51ffaa275b7789e287e903656f109906f4952c00f6a30,1761054329,2025-10-21,2025-10-21 13:45,391880105,MarketWithdraw,0x46cE9AA8167Fa3E154395c25d19dB25DdFCfeab4,0x9e90aec7d768403dacc9dd0d8320307fda3f980eed4df43e3e52168a1c667709,3752,0.00375127223196477,3713444526,,,,,
0xbd0402084e1e089494e6d05a80aca4bf6a76bcf9612b7c0099fe37bb42d270cd,1761056120,2025-10-21,2025-10-21 14:15,391887281,MarketWithdraw,0x46cE9AA8167Fa3E154395c25d19dB25DdFCfeab4,0x9e90aec7d768403dacc9dd0d8320307fda3f980eed4df43e3e52168a1c667709,3959,0.003958326805321046,3918295296,,,,,
0x645a45594b22ddaf4e446fa57cb382e690956d4f3c8563e116412274c09ac238,1761056335,2025-10-21,2025-10-21 14:18,391888137,MarketRepay,0x3d7f861e7faBe268C074DE3Ff1dd0b3A2EB3D70e,0x9e90aec7d768403dacc9dd0d8320307fda3f980eed4df43e3e52168a1c667709,71202995159,71190.88768805617,70412314812191762,,,,,
0x645a45594b22ddaf4e446fa57cb382e690956d4f3c8563e116412274c09ac238,1761056335,2025-10-21,2025-10-21 14:18,391888137,MarketWithdrawCollateral,0x3d7f861e7faBe268C074DE3Ff1dd0b3A2EB3D70e,0x9e90aec7d768403dacc9dd0d8320307fda3f980eed4df43e3e52168a1c667709,64994154569,,,,,,,
0xb9108f2bca06e64c8e147304d1f3348752dc916db1fb458df439e8d3f7f390eb,1761059207,2025-10-21,2025-10-21 15:06,391899644,MarketWithdraw,0x4B6F1C9E5d470b97181786b26da0d0945A7cf027,0x9e90aec7d768403dacc9dd0d8320307fda3f980eed4df43e3e52168a1c667709,1657907388,1657.7030706677517,1640846725368598,,,,,
0xcba8688d99285350e00076f8ed3dc5fed42b3335b7b72f1fd2691c642e51915d,1761059853,2025-10-21,2025-10-21 15:17,391902229,MarketWithdraw,0x46cE9AA8167Fa3E154395c25d19dB25DdFCfeab4,0x9e90aec7d768403dacc9dd0d8320307fda3f980eed4df43e3e52168a1c667709,451007644,450.95206268145796,446365720710095,,,,,
0x48b7bc9ca37bd916ff1c0d9ebac230316c0943120cb057d84c8f0b1da0d172be,1761061656,2025-10-21,2025-10-21 15:47,391909458,MarketSupply,0x46cE9AA8167Fa3E154395c25d19dB25DdFCfeab4,0x9e90aec7d768403dacc9dd0d8320307fda3f980eed4df43e3e52168a1c667709,52628317,52.62183118697571,52086375425865,,,,,
0xba087e5a0d550c14929fdc70dc67b9b1f1cbe61ca2bbec1a3d99e339c106f2f8,1761062423,2025-10-21,2025-10-21 16:00,391912532,MarketWithdraw,0xa60643c90A542A95026C0F1dbdB0615fF42019Cf,0x9e90aec7d768403dacc9dd0d8320307fda3f980eed4df43e3e52168a1c667709,676004276,675.8754122347001,669041610578894,,,,,
0x759361978198c8bc81556377b57ffa6e342b35af4968d0d4ae667ed110f21b7d,1761064432,2025-10-21,2025-10-21 16:33,391920586,MarketWithdraw,0x48Cd090C9E8a9954B0955c8b87754031d90c4955,0x9e90aec7d768403dacc9dd0d8320307fda3f980eed4df43e3e52168a1c667709,49850776199,49841.27336158876,49337037900558304,,,,,
0x4688f8ea85ecaf32f21c9383d47c991d4aa90f41554e440dcd02c9340932ede7,1761065430,2025-10-21,2025-10-21 16:50,391924582,MarketSupply,0x46cE9AA8167Fa3E154395c25d19dB25DdFCfeab4,0x9e90aec7d768403dacc9dd0d8320307fda3f980eed4df43e3e52168a1c667709,398366985,398.29104602819046,394260398144921,,,,,
0x8242a0bcec6701677df25a8de18c717a16bc22f48124fff412b99c9d0f9fafba,1761066958,2025-10-21,2025-10-21 17:15,391930713,MarketRepay,0x3d7f861e7faBe268C074DE3Ff1dd0b3A2EB3D70e,0x9e90aec7d768403dacc9dd0d8320307fda3f980eed4df43e3e52168a1c667709,16694244745,16691.037979967656,16508288865007301,,,,,
0x8242a0bcec6701677df25a8de18c717a16bc22f48124fff412b99c9d0f9fafba,1761066958,2025-10-21,2025-10-21 17:15,391930713,MarketWithdrawCollateral,0x3d7f861e7faBe268C074DE3Ff1dd0b3A2EB3D70e,0x9e90aec7d768403dacc9dd0d8320307fda3f980eed4df43e3e52168a1c667709,15231559752,,,,,,,
0xbd6911bde6d10f810e35b59a8244471a540c9f4511683a1d9ab58513aac055e7,1761071272,2025-10-21,2025-10-21 18:27,391948001,MarketSupplyCollateral,0x93e22ecd5b8a4dA8C0e97D7158C060612E7115A3,0x9e90aec7d768403dacc9dd0d8320307fda3f980eed4df43e3e52168a1c667709,69815339716,,,,,,,
0xbd6911bde6d10f810e35b59a8244471a540c9f4511683a1d9ab58513aac055e7,1761071272,2025-10-21,2025-10-21 18:27,391948001,MarketBorrow,0x93e22ecd5b8a4dA8C0e97D7158C060612E7115A3,0x9e90aec7d768403dacc9dd0d8320307fda3f980eed4df43e3e52168a1c667709,75000000000,74992.57953564014,74163513581055066,,,,,
0x06e9a76d41301c842add494b59d67d3b02b8e39e63a5e5deabcd5444a1ce1adf,1761076830,2025-10-21,2025-10-21 20:00,391970208,MarketWithdraw,0xa60643c90A542A95026C0F1dbdB0615fF42019Cf,0x9e90aec7d768403dacc9dd0d8320307fda3f980eed4df43e3e52168a1c667709,671360522,671.2321065549868,664415948508890,,,,,
0xb9ddc668b358e99e357d51a362f78408437aeb6fbce178ec7c438e3cba883a44,1761078362,2025-10-21,2025-10-21 20:26,391976327,MarketWithdraw,0x46cE9AA8167Fa3E154395c25d19dB25DdFCfeab4,0x9e90aec7d768403dacc9dd0d8320307fda3f980eed4df43e3e52168a1c667709,28689,0.02868351247045178,28392097661,,,,,
0xb2b2f060f48da2074847ff617e4ab77b341a610fc698829e24f1f1ead8adc1dc,1761081588,2025-10-21,2025-10-21 21:19,391989242,MarketWithdraw,0x46cE9AA8167Fa3E154395c25d19dB25DdFCfeab4,0x9e90aec7d768403dacc9dd0d8320307fda3f980eed4df43e3e52168a1c667709,7418,0.007417236321816959,7341153571,,,,,
0x9ba013069d0ef8d3a1452dc77081bbe1a7ff0d67b2e05ebd983c053f1d4491d4,1761083004,2025-10-21,2025-10-21 21:43,391994908,MarketWithdraw,0x46cE9AA8167Fa3E154395c25d19dB25DdFCfeab4,0x9e90aec7d768403dacc9dd0d8320307fda3f980eed4df43e3e52168a1c667709,3257,0.003256664694008875,3223244305,,,,,
0x843732e74f35b370e7e4c619ef0ffbe18c5531f7fad83350c7d4b2dc3050f634,1761084694,2025-10-21,2025-10-21 22:11,392001664,MarketWithdraw,0x46cE9AA8167Fa3E154395c25d19dB25DdFCfeab4,0x9e90aec7d768403dacc9dd0d8320307fda3f980eed4df43e3e52168a1c667709,3888,0.003887599732977128,3847683285,,,,,
0x8160db3b5806d2959f1624f878235c7235003716e4a65a1299b787e0e498c2b0,1761086597,2025-10-21,2025-10-21 22:43,392009265,MarketWithdraw,0x46cE9AA8167Fa3E154395c25d19dB25DdFCfeab4,0x9e90aec7d768403dacc9dd0d8320307fda3f980eed4df43e3e52168a1c667709,4378,0.004377549287801921,4332575196,,,,,
0x231d664c2decb53ec1db6a111d14a1b7937adc9c0520c01f71d04662d5c052ed,1761090502,2025-10-21,2025-10-21 23:48,392024893,MarketWithdraw,0x46cE9AA8167Fa3E154395c25d19dB25DdFCfeab4,0x9e90aec7d768403dacc9dd0d8320307fda3f980eed4df43e3e52168a1c667709,8986,0.008985096975402484,8892650145,,,,,
0x0e57698ccc7af6526dada64207981d514ed7a6b3cfae0e6eba61b3315e9918b6,1761091223,2025-10-22,2025-10-22 00:00,392027781,MarketWithdraw,0xa60643c90A542A95026C0F1dbdB0615fF42019Cf,0x9e90aec7d768403dacc9dd0d8320307fda3f980eed4df43e3e52168a1c667709,707477315,707.4062189152427,700126126755785,,,,,
0x656c57dec4a3da94babc6f6f9b7ef14936975cd5c18e8b7f8d86f231ab4b3d0a,1761092327,2025-10-22,2025-10-22 00:18,392032208,MarketWithdraw,0x46cE9AA8167Fa3E154395c25d19dB25DdFCfeab4,0x9e90aec7d768403dacc9dd0d8320307fda3f980eed4df43e3e52168a1c667709,4203,0.004202577630493728,4159312799,,,,,
0x20845e33d8d7e51870a8b73015638d52bcdfff41f843a9c16e79fda84232c4e0,1761094353,2025-10-22,2025-10-22 00:52,392040313,MarketWithdraw,0x46cE9AA8167Fa3E154395c25d19dB25DdFCfeab4,0x9e90aec7d768403dacc9dd0d8320307fda3f980eed4df43e3e52168a1c667709,4667,0.004666531002025751,4618459142,,,,,
0xa7fb601caa5dbba724e6c70378015bc836e016d04507bb2236ceb90f6ec3b319,1761096864,2025-10-22,2025-10-22 01:34,392050356,MarketWithdraw,0x4B6F1C9E5d470b97181786b26da0d0945A7cf027,0x9e90aec7d768403dacc9dd0d8320307fda3f980eed4df43e3e52168a1c667709,1197928084,1197.698213267814,1185458819703688,,,,,
0x533cfbb0c144d713fcbbadfa10dfe81d9471c4eda44ea967c3ca132a45e5eaa7,1761098023,2025-10-22,2025-10-22 01:53,392054997,MarketWithdraw,0x46cE9AA8167Fa3E154395c25d19dB25DdFCfeab4,0x9e90aec7d768403dacc9dd0d8320307fda3f980eed4df43e3e52168a1c667709,602008460,601.8929404397438,595739869118402,,,,,
0x54d0977b1a5c0513c33fd99ee3bd153b340f1e6879e7a301091ba97bc2b8cd70,1761099726,2025-10-22,2025-10-22 02:22,392061808,MarketSupply,0x46cE9AA8167Fa3E154395c25d19dB25DdFCfeab4,0x9e90aec7d768403dacc9dd0d8320307fda3f980eed4df43e3e52168a1c667709,601999440,601.883922170594,595727606310138,,,,,
0x6073a8ea489cab6fb7cf25897bdd6d143ec47fc53053bd6133e7c1e8a1377362,1761101385,2025-10-22,2025-10-22 02:49,392068438,MarketWithdraw,0x46cE9AA8167Fa3E154395c25d19dB25DdFCfeab4,0x9e90aec7d768403dacc9dd0d8320307fda3f980eed4df43e3e52168a1c667709,451003829,450.917285757734,446302684507502,,,,,
0x7c3b6241866c924e56db54ceca8076f0599e26768240c2e9fb51a0f67e17daa6,1761103461,2025-10-22,2025-10-22 03:24,392076724,MarketSupply,0x46cE9AA8167Fa3E154395c25d19dB25DdFCfeab4,0x9e90aec7d768403dacc9dd0d8320307fda3f980eed4df43e3e52168a1c667709,30745681,30.739798959439646,30424988392216,,,,,
0x1b88b054ec52cf9968eb8a35d55abaf14140f8eb75fd158c247c6aec0bb7d34f,1761105625,2025-10-22,2025-10-22 04:00,392085374,MarketWithdraw,0xa60643c90A542A95026C0F1dbdB0615fF42019Cf,0x9e90aec7d768403dacc9dd0d8320307fda3f980eed4df43e3e52168a1c667709,709902137,709.699126703397,702492506416356,,,,,
0x1d602d24dc7b9a10083631fbe98f844b0ff4b75c1a1dc02bd0ab4c4c2c1970ce,1761106745,2025-10-22,2025-10-22 04:19,392089854,MarketSupply,0x46cE9AA8167Fa3E154395c25d19dB25DdFCfeab4,0x9e90aec7d768403dacc9dd0d8320307fda3f980eed4df43e3e52168a1c667709,20008484,20.00276218559811,19799571669328,,,,,
0xf81eeec71ce2d9cd625e052802501bdc81fa23cc4c773d708e7328bf61c461a5,1761108606,2025-10-22,2025-10-22 04:50,392097277,MarketSupply,0x46cE9AA8167Fa3E154395c25d19dB25DdFCfeab4,0x9e90aec7d768403dacc9dd0d8320307fda3f980eed4df43e3e52168a1c667709,400239227,400.12477082364757,396057827054404,,,,,
0x5d0ea703522bb6531dc09e82aa849db974b04c75eb09d891d71c1f2cb1d7108c,1761116436,2025-10-22,2025-10-22 07:00,392128617,MarketWithdraw,0x46cE9AA8167Fa3E154395c25d19dB25DdFCfeab4,0x9e90aec7d768403dacc9dd0d8320307fda3f980eed4df43e3e52168a1c667709,18101,0.018096697306250333,17911432456,,,,,
0xb67e9c2040d06023ae955952d42869b2c668d0130f4603276c4083d937d0f5e9,1761123771,2025-10-22,2025-10-22 09:02,392158013,MarketSupply,0x46cE9AA8167Fa3E154395c25d19dB25DdFCfeab4,0x9e90aec7d768403dacc9dd0d8320307fda3f980eed4df43e3e52168a1c667709,793400,0.7932454173675112,785071931743,,,,,
0x021c0553c052038ddcab3b1d45773af9bd13fbc607403045afc198303be19535,1761125570,2025-10-22,2025-10-22 09:32,392165216,MarketWithdraw,0x46cE9AA8167Fa3E154395c25d19dB25DdFCfeab4,0x9e90aec7d768403dacc9dd0d8320307fda3f980eed4df43e3e52168a1c667709,1814535,1.8141814638302962,1795477753429,,,,,
0x7e2856b5be265198130fc4e2490748fd1ae6c338c04d806c9f56d1ac0c8e77d5,1761131526,2025-10-22,2025-10-22 11:12,392189084,MarketSupply,0x46cE9AA8167Fa3E154395c25d19dB25DdFCfeab4,0x9e90aec7d768403dacc9dd0d8320307fda3f980eed4df43e3e52168a1c667709,986232,0.9860392070023951,975854881864,,,,,
0xc4a978dfd8046da2f09efa1d59a3f5eb7c998bb1e145e1610a099f9c81fb577c,1761132497,2025-10-22,2025-10-22 11:28,392192972,MarketSupplyCollateral,0x93e22ecd5b8a4dA8C0e97D7158C060612E7115A3,0x9e90aec7d768403dacc9dd0d8320307fda3f980eed4df43e3e52168a1c667709,59494317748,,,,,,,
0xc4a978dfd8046da2f09efa1d59a3f5eb7c998bb1e145e1610a099f9c81fb577c,1761132497,2025-10-22,2025-10-22 11:28,392192972,MarketBorrow,0x93e22ecd5b8a4dA8C0e97D7158C060612E7115A3,0x9e90aec7d768403dacc9dd0d8320307fda3f980eed4df43e3e52168a1c667709,65000000000,64987.2935122321,64260752134127968,,,,,
0x90b17041038b9de1e35bfddea318eba63472f9bbbf603db42d84ad2de76b5b9d,1761134426,2025-10-22,2025-10-22 12:00,392200700,MarketWithdraw,0xa60643c90A542A95026C0F1dbdB0615fF42019Cf,0x9e90aec7d768403dacc9dd0d8320307fda3f980eed4df43e3e52168a1c667709,1430350469,1430.1027610062558,1415286174504644,,,,,
0x6f92252dfe6604f4e936a8877820a9e2574e8fbb4f3dc72597c25d4ecbc0b6c9,1761135280,2025-10-22,2025-10-22 12:14,392204128,MarketWithdraw,0x46cE9AA8167Fa3E154395c25d19dB25DdFCfeab4,0x9e90aec7d768403dacc9dd0d8320307fda3f980eed4df43e3e52168a1c667709,9147,0.009145415923182547,9050637478,,,,,
0x9555b1ab0b7e4003ea235f59c06666b3c4ec28762335809ae264b28109d99988,1761138679,2025-10-22,2025-10-22 13:11,392217734,MarketWithdraw,0x46cE9AA8167Fa3E154395c25d19dB25DdFCfeab4,0x9e90aec7d768403dacc9dd0d8320307fda3f980eed4df43e3e52168a1c667709,8436,0.008434539054112601,8347027468,,,,,
0xd867445ddece6926051cdbee8df1f09fa38be749757cc4d429f5f922a08e7775,1761140285,2025-10-22,2025-10-22 13:38,392224164,MarketWithdraw,0x46cE9AA8167Fa3E154395c25d19dB25DdFCfeab4,0x9e90aec7d768403dacc9dd0d8320307fda3f980eed4df43e3e52168a1c667709,3988,0.0039873093584401435,3945917078,,,,,
0x4c04c03508547683ea6297df51f70751fabdcb644c4645d414605332abf86719,1761142403,2025-10-22,2025-10-22 14:13,392232649,MarketWithdraw,0x46cE9AA8167Fa3E154395c25d19dB25DdFCfeab4,0x9e90aec7d768403dacc9dd0d8320307fda3f980eed4df43e3e52168a1c667709,5259,0.005258422139852223,5203466007,,,,,
0x1c5fbc446c8efed9e97ef5a5353abff892492ce45f495791ffa4d0e562c28a99,1761143294,2025-10-22,2025-10-22 14:28,392236228,MarketWithdraw,0x4B6F1C9E5d470b97181786b26da0d0945A7cf027,0x9e90aec7d768403dacc9dd0d8320307fda3f980eed4df43e3e52168a1c667709,1555373639,1555.202734181426,1538944351362991,,,,,
0x2c7b15f2c9d76e1d4b3164ddda74204204039b2ebfbe91d304cdcd6ae494ed74,1761144028,2025-10-22,2025-10-22 14:40,392239161,MarketWithdraw,0xad6452a9b8F10b0fE084C83c396ABAe96411C761,0x9e90aec7d768403dacc9dd0d8320307fda3f980eed4df43e3e52168a1c667709,400000000000,399956.04790661525,395773802522315113,,,,,
0x05059e922ea23f75385d511c61604b1eb5a780dfaa8fb5f13514cb82d666d159,1761144244,2025-10-22,2025-10-22 14:44,392240032,MarketSupply,0xad6452a9b8F10b0fE084C83c396ABAe96411C761,0x9e90aec7d768403dacc9dd0d8320307fda3f980eed4df43e3e52168a1c667709,100000000000,99989.01197665381,98943346425959130,,,,,
0x16b6092fd37174271dbca88bbb7136dfa62b835a5f47babefd0982c336808bca,1761144328,2025-10-22,2025-10-22 14:45,392240367,MarketWithdraw,0x46cE9AA8167Fa3E154395c25d19dB25DdFCfeab4,0x9e90aec7d768403dacc9dd0d8320307fda3f980eed4df43e3e52168a1c667709,5046,0.005045445544341952,4992679359,,,,,
0x00c9e9832a5159fd7c478d62a15e733850b8518c2b207a7c6528234d596ac8eb,1761145655,2025-10-22,2025-10-22 15:07,392245688,MarketSupply,0xad6452a9b8F10b0fE084C83c396ABAe96411C761,0x9e90aec7d768403dacc9dd0d8320307fda3f980eed4df43e3e52168a1c667709,100000345013,99989.3569517437,98943054500661758,,,,,
0x2cc0235ab789616757754b3615d784e3e9378c71bc36d6d19233544c6c576982,1761146401,2025-10-22,2025-10-22 15:20,392248676,MarketWithdraw,0x46cE9AA8167Fa3E154395c25d19dB25DdFCfeab4,0x9e90aec7d768403dacc9dd0d8320307fda3f980eed4df43e3e52168a1c667709,502006426,501.95530979279044,496697221052945,,,,,
0x173afb89e2c59cd81d3431452bf56cb9539a76d0ad5d93e7bdeab1253b92850d,1761148396,2025-10-22,2025-10-22 15:53,392256671,MarketSupply,0x46cE9AA8167Fa3E154395c25d19dB25DdFCfeab4,0x9e90aec7d768403dacc9dd0d8320307fda3f980eed4df43e3e52168a1c667709,501998322,501.9431623071811,496685036159269,,,,,
0xfa138b56163fba3ef34e0d8c2ad2e3630b026d375cece159a0c4fd6ce50b8fcf,1761148518,2025-10-22,2025-10-22 15:55,392257155,MarketRepay,0x3d7f861e7faBe268C074DE3Ff1dd0b3A2EB3D70e,0x9e90aec7d768403dacc9dd0d8320307fda3f980eed4df43e3e52168a1c667709,50000000000,49994.505988326906,49428075519595732,,,,,
0xfa138b56163fba3ef34e0d8c2ad2e3630b026d375cece159a0c4fd6ce50b8fcf,1761148518,2025-10-22,2025-10-22 15:55,392257155,MarketWithdrawCollateral,0x3d7f861e7faBe268C074DE3Ff1dd0b3A2EB3D70e,0x9e90aec7d768403dacc9dd0d8320307fda3f980eed4df43e3e52168a1c667709,50608515699,,,,,,,
0xff2982879743d0667d0b59658db5200f572e94baf7a0ae38d57bee1d050faea3,1761148615,2025-10-22,2025-10-22 15:56,392257543,MarketSupplyCollateral,0x3d7f861e7faBe268C074DE3Ff1dd0b3A2EB3D70e,0x9e90aec7d768403dacc9dd0d8320307fda3f980eed4df43e3e52168a1c667709,50608515699,,,,,,,
0xd307e7a3c21a0bde68eea780dbd9a964afce5542f48aaae8cb55b30f389c2686,1761148825,2025-10-22,2025-10-22 16:00,392258390,MarketWithdraw,0xa60643c90A542A95026C0F1dbdB0615fF42019Cf,0x9e90aec7d768403dacc9dd0d8320307fda3f980eed4df43e3e52168a1c667709,820319376,820.2292391154518,811635475481766,,,,,
0xb2c52bc927c4648e0a5fac61b854273205287cdf7e1bd91a5c66382454d145cc,1761150361,2025-10-22,2025-10-22 16:26,392264556,MarketWithdraw,0x46cE9AA8167Fa3E154395c25d19dB25DdFCfeab4,0x9e90aec7d768403dacc9dd0d8320307fda3f980eed4df43e3e52168a1c667709,5568,0.005566900569674315,5509023086,,,,,
0x99b859b5f3488f0c2d37527ac94a50001399bc69f3ed3122a0375712e0f0be5a,1761152932,2025-10-22,2025-10-22 17:08,392274871,MarketSupply,0x64A651D825FC70Ebba88f2E1BAD90be9A496C4b9,0x9e90aec7d768403dacc9dd0d8320307fda3f980eed4df43e3e52168a1c667709,637099471,636.9738836449948,630344710373712,,,,,
0xdd2e49f86e90729ab8fb39abcb16b04352e345924c98c0c0e6fe536e5bd22afe,1761153809,2025-10-22,2025-10-22 17:23,392278387,MarketWithdraw,0x46cE9AA8167Fa3E154395c25d19dB25DdFCfeab4,0x9e90aec7d768403dacc9dd0d8320307fda3f980eed4df43e3e52168a1c667709,9749,0.009747078241813601,9645603484,,,,,
0x94989a4ed0db9350dc3caf52cb6372c4cfe489692880c0a123495803f470cdf3,1761154681,2025-10-22,2025-10-22 17:38,392281882,MarketWithdrawCollateral,0x3d7f861e7faBe268C074DE3Ff1dd0b3A2EB3D70e,0x9e90aec7d768403dacc9dd0d8320307fda3f980eed4df43e3e52168a1c667709,50000000000,,,,,,,
0x424e32a6b68fa6bee27883d51aee198e60a6eb6567cd45b2d795c205e69756c7,1761154755,2025-10-22,2025-10-22 17:39,392282175,MarketRepay,0x3d7f861e7faBe268C074DE3Ff1dd0b3A2EB3D70e,0x9e90aec7d768403dacc9dd0d8320307fda3f980eed4df43e3e52168a1c667709,36375000001,36367.82962926626,35957935379784775,,,,,
0x451d6288da686c536020414d6387abc7556dde399a2534bde1a89fa24d1182ac,1761154793,2025-10-22,2025-10-22 17:39,392282328,MarketWithdrawCollateral,0x3d7f861e7faBe268C074DE3Ff1dd0b3A2EB3D70e,0x9e90aec7d768403dacc9dd0d8320307fda3f980eed4df43e3e52168a1c667709,33000000000,,,,,,,
0x9c3e3ba7f88532cd64f02846cd641ba412215a9da212f4020c69abeb89c269b3,1761157409,2025-10-22,2025-10-22 18:23,392292823,MarketWithdraw,0x46cE9AA8167Fa3E154395c25d19dB25DdFCfeab4,0x9e90aec7d768403dacc9dd0d8320307fda3f980eed4df43e3e52168a1c667709,451009937,450.9210322878677,446220273414744,,,,,
0x13de174cda13dd30060d99dcb191bf25d65f0a9f06e50341409cd0d6fce078bb,1761159141,2025-10-22,2025-10-22 18:52,392299769,MarketSupply,0x46cE9AA8167Fa3E154395c25d19dB25DdFCfeab4,0x9e90aec7d768403dacc9dd0d8320307fda3f980eed4df43e3e52168a1c667709,451933729,451.84464218664317,447131234194594,,,,,
0xfc2f34c371d1b5525f378e5b1bd0e5f1abc9dce461a2386b271af519433c4b3b,1761160919,2025-10-22,2025-10-22 19:21,392306894,MarketWithdraw,0x46cE9AA8167Fa3E154395c25d19dB25DdFCfeab4,0x9e90aec7d768403dacc9dd0d8320307fda3f980eed4df43e3e52168a1c667709,940299,0.9401116845287493,930300417538,,,,,
0x88e74af191600c59741e538259c0041dd45a9b6ee6060445c40ad18cba8e14d9,1761163230,2025-10-22,2025-10-22 20:00,392316155,MarketWithdraw,0xa60643c90A542A95026C0F1dbdB0615fF42019Cf,0x9e90aec7d768403dacc9dd0d8320307fda3f980eed4df43e3e52168a1c667709,854024730,853.8546010891325,844935918209314,,,,,
0xc2c57b63423b0db4c15c4f8d24f79070c45ed5e71592990f049a087c0ef4134b,1761164494,2025-10-22,2025-10-22 20:21,392321225,MarketWithdraw,0x46cE9AA8167Fa3E154395c25d19dB25DdFCfeab4,0x9e90aec7d768403dacc9dd0d8320307fda3f980eed4df43e3e52168a1c667709,9796,0.009794048554389218,9691699901,,,,,
0xd1f1af29f314cecdeb86f32245f3f34ac34c0f58fd8b9c688e7d84ed67835388,1761166094,2025-10-22,2025-10-22 20:48,392327635,MarketWithdraw,0x46cE9AA8167Fa3E154395c25d19dB25DdFCfeab4,0x9e90aec7d768403dacc9dd0d8320307fda3f980eed4df43e3e52168a1c667709,4388,0.004387125873485085,4341252892,,,,,
0xa6d7a8c674188fed7130f6a5bda437a92a2c05f5d476cd04734b4487c704ce71,1761168100,2025-10-22,2025-10-22 21:21,392335668,MarketWithdraw,0x46cE9AA8167Fa3E154395c25d19dB25DdFCfeab4,0x9e90aec7d768403dacc9dd0d8320307fda3f980eed4df43e3e52168a1c667709,5504,0.005502915635838356,5445321009,,,,,
0x8df1184140991faec253b58f333bf0ad90e00ef85bbcb163bc635077fc0286a2,1761172663,2025-10-22,2025-10-22 22:37,392353946,MarketWithdraw,0x46cE9AA8167Fa3E154395c25d19dB25DdFCfeab4,0x9e90aec7d768403dacc9dd0d8320307fda3f980eed4df43e3e52168a1c667709,500012527,499.9140176132536,494672989311366,,,,,
0x32ec08de9cddb1b2f573b82cc1e0c9e1bcf46389fee326919b23ee58ae4c3c2a,1761175065,2025-10-22,2025-10-22 23:17,392363563,MarketSupply,0x46cE9AA8167Fa3E154395c25d19dB25DdFCfeab4,0x9e90aec7d768403dacc9dd0d8320307fda3f980eed4df43e3e52168a1c667709,499998101,499.9002997067155,494654065859640,,,,,
0x17bf58b9b77b290ef17835a2cec47d20f788cfc3bc237b7e2b041013719e3d19,1761177027,2025-10-22,2025-10-22 23:50,392371423,MarketWithdraw,0x46cE9AA8167Fa3E154395c25d19dB25DdFCfeab4,0x9e90aec7d768403dacc9dd0d8320307fda3f980eed4df43e3e52168a1c667709,5392,0.005390945306847495,5334328734,,,,,
0xa9ad2324619ead664ec58d373bb6000c2c96e3183f6121e477c54e1cb283aeef,1761177629,2025-10-23,2025-10-23 00:00,392373834,MarketWithdraw,0xa60643c90A542A95026C0F1dbdB0615fF42019Cf,0x9e90aec7d768403dacc9dd0d8320307fda3f980eed4df43e3e52168a1c667709,844733822,844.5685892519004,835696824346832,,,,,
0x1d72af191a6a901ffe003ce6645349e9ba09baabaa4bd04a5a46f3c5fadcbe4f,1761178657,2025-10-23,2025-10-23 00:17,392377961,MarketWithdraw,0x46cE9AA8167Fa3E154395c25d19dB25DdFCfeab4,0x9e90aec7d768403dacc9dd0d8320307fda3f980eed4df43e3e52168a1c667709,4483,0.004482106365050123,4435022811,,,,,
0xe7e3a32b8c3084f1e7997b62eafbd0a1b301b3e43e1d1a781f4068816ada22ee,1761180572,2025-10-23,2025-10-23 00:49,392385637,MarketWithdraw,0x46cE9AA8167Fa3E154395c25d19dB25DdFCfeab4,0x9e90aec7d768403dacc9dd0d8320307fda3f980eed4df43e3e52168a1c667709,5270,0.00526896917045369,5213561176,,,,,
0x81c01be2536d6448f67acb6db69d8f7066802a1dd8a75db0d490a884dc7ee831,1761182227,2025-10-23,2025-10-23 01:17,392392251,MarketWithdraw,0x46cE9AA8167Fa3E154395c25d19dB25DdFCfeab4,0x9e90aec7d768403dacc9dd0d8320307fda3f980eed4df43e3e52168a1c667709,4557,0.004556404343757796,4508167758,,,,,
0x8acd0636f30e851a41c60540b2fbf86e0b491a6642cdd100e2c43111e1a24245,1761187448,2025-10-23,2025-10-23 02:44,392413135,MarketWithdraw,0x46cE9AA8167Fa3E154395c25d19dB25DdFCfeab4,0x9e90aec7d768403dacc9dd0d8320307fda3f980eed4df43e3e52168a1c667709,301014382,300.97503569856667,297782648653692,,,,,
0x8e93a2355f191ba4833278fb2014f15467367651331c97e2e4601d181bf3f829,1761189149,2025-10-23,2025-10-23 03:12,392419936,MarketWithdraw,0x46cE9AA8167Fa3E154395c25d19dB25DdFCfeab4,0x9e90aec7d768403dacc9dd0d8320307fda3f980eed4df43e3e52168a1c667709,2679,0.002678474273914843,2650220168,,,,,
0xb15098eac9f0fce8ebdbeadedbdfbe642b00b1f6831c6b98bff6621f5e1099b1,1761190969,2025-10-23,2025-10-23 03:42,392427216,MarketWithdraw,0x46cE9AA8167Fa3E154395c25d19dB25DdFCfeab4,0x9e90aec7d768403dacc9dd0d8320307fda3f980eed4df43e3e52168a1c667709,2867,0.0028664373808562358,2836180250,,,,,
0xa2a9051135912bf8249be741a97aa45dda3a08ef312f6d50928a2e021b7c8808,1761192023,2025-10-23,2025-10-23 04:00,392431438,MarketWithdraw,0xa60643c90A542A95026C0F1dbdB0615fF42019Cf,0x9e90aec7d768403dacc9dd0d8320307fda3f980eed4df43e3e52168a1c667709,847336629,847.1703479366278,838224435857838,,,,,
0xc3a558cb62fc0e608cfff563ba97a9695d316e109de604529853555c83bf655a,1761192705,2025-10-23,2025-10-23 04:11,392434168,MarketWithdraw,0x46cE9AA8167Fa3E154395c25d19dB25DdFCfeab4,0x9e90aec7d768403dacc9dd0d8320307fda3f980eed4df43e3e52168a1c667709,2737,0.002736462892013783,2707559249,,,,,
0xd70dcc3760fb39a80162539e59946401b7ce40a5f3b2c74f22d2b56005ce8025,1761194549,2025-10-23,2025-10-23 04:42,392441546,MarketSupply,0x46cE9AA8167Fa3E154395c25d19dB25DdFCfeab4,0x9e90aec7d768403dacc9dd0d8320307fda3f980eed4df43e3e52168a1c667709,2058595,2.058191021989446,2036436789714,,,,,
0x4429e01274ca925ee9acb2c2b43c4724a6d808e7684dac7995f3d39b30f786aa,1761195748,2025-10-23,2025-10-23 05:02,392446343,MarketWithdraw,0x4B6F1C9E5d470b97181786b26da0d0945A7cf027,0x9e90aec7d768403dacc9dd0d8320307fda3f980eed4df43e3e52168a1c667709,2077387626,2076.9799601306568,2055017439492652,,,,,
0x681ac01ad4d3b5a2c8ab34e010a024e1bc0c548887407258999fb59a5e7a490e,1761197180,2025-10-23,2025-10-23 05:26,392452073,MarketWithdraw,0x46cE9AA8167Fa3E154395c25d19dB25DdFCfeab4,0x9e90aec7d768403dacc9dd0d8320307fda3f980eed4df43e3e52168a1c667709,2065682,2.0653420687536928,2043426325424,,,,,
0x7d814987a26363e1b389feef61bbaf2c7343ec4a20bd4593cd72824ac0af0d73,1761198726,2025-10-23,2025-10-23 05:52,392458262,MarketWithdraw,0x46cE9AA8167Fa3E154395c25d19dB25DdFCfeab4,0x9e90aec7d768403dacc9dd0d8320307fda3f980eed4df43e3e52168a1c667709,2446,0.002445597483141903,2419632021,,,,,
0xfecb2bb29fb973ff519aa1538f14102a85f1110735cd14bada992fd29d96e36e,1761200597,2025-10-23,2025-10-23 06:23,392465750,MarketWithdraw,0x46cE9AA8167Fa3E154395c25d19dB25DdFCfeab4,0x9e90aec7d768403dacc9dd0d8320307fda3f980eed4df43e3e52168a1c667709,2960,0.0029596234633948466,2928069463,,,,,
0x5e3365794baf139144f7bef19c59326197a3a9e3f0f39bda66b737b6726b8598,1761202410,2025-10-23,2025-10-23 06:53,392473008,MarketWithdraw,0x46cE9AA8167Fa3E154395c25d19dB25DdFCfeab4,0x9e90aec7d768403dacc9dd0d8320307fda3f980eed4df43e3e52168a1c667709,2870,0.0028696349121429764,2839020008,,,,,
0x42ef5512d71778a5532618773d1d86c3aff7d88dca6b47ea132548eb0729e1c8,1761203650,2025-10-23,2025-10-23 07:14,392477984,MarketSupply,0x48Cd090C9E8a9954B0955c8b87754031d90c4955,0x9e90aec7d768403dacc9dd0d8320307fda3f980eed4df43e3e52168a1c667709,5002856572,5002.220167057537,4948829394645482,,,,,
0xc97a5089e1d61336438c30f431bd33dd37ca4d7830d5c430481f6684e79d2f4b,1761204011,2025-10-23,2025-10-23 07:20,392479429,MarketWithdraw,0x46cE9AA8167Fa3E154395c25d19dB25DdFCfeab4,0x9e90aec7d768403dacc9dd0d8320307fda3f980eed4df43e3e52168a1c667709,2532,0.002531677908552619,2504652704,,,,,
0xa5b2737b1990831ac9eb8c6104d3762f4d7acfdf2741124dee61378222801d29,1761206432,2025-10-23,2025-10-23 08:00,392489134,MarketWithdraw,0xa60643c90A542A95026C0F1dbdB0615fF42019Cf,0x9e90aec7d768403dacc9dd0d8320307fda3f980eed4df43e3e52168a1c667709,851699141,851.6137471717146,842492197079541,,,,,
0x4573c0d53bfaa1683cf777c4a1e7782b8173e917f145f1c751d71f596e3de450,1761207180,2025-10-23,2025-10-23 08:13,392492137,MarketRepay,0x3d7f861e7faBe268C074DE3Ff1dd0b3A2EB3D70e,0x9e90aec7d768403dacc9dd0d8320307fda3f980eed4df43e3e52168a1c667709,49995000000,49989.98735616885,49410625369664003,,,,,
0x4573c0d53bfaa1683cf777c4a1e7782b8173e917f145f1c751d71f596e3de450,1761207180,2025-10-23,2025-10-23 08:13,392492137,MarketWithdrawCollateral,0x3d7f861e7faBe268C074DE3Ff1dd0b3A2EB3D70e,0x9e90aec7d768403dacc9dd0d8320307fda3f980eed4df43e3e52168a1c667709,41401831254,,,,,,,
0x0e4278e4a070c7063580c92063b95e32915012b24ff2e87581dee798500c5515,1761207211,2025-10-23,2025-10-23 08:13,392492262,MarketWithdrawCollateral,0x3d7f861e7faBe268C074DE3Ff1dd0b3A2EB3D70e,0x9e90aec7d768403dacc9dd0d8320307fda3f980eed4df43e3e52168a1c667709,5000000000,,,,,,,
0xbe18b2ecc3cf87322cbd3099840e5f76c4129b1c56c203fccc3f176f2a1951b4,1761207246,2025-10-23,2025-10-23 08:14,392492399,MarketWithdraw,0x46cE9AA8167Fa3E154395c25d19dB25DdFCfeab4,0x9e90aec7d768403dacc9dd0d8320307fda3f980eed4df43e3e52168a1c667709,5099,0.005098488759458045,5043863249,,,,,
0x3e2475cc157f61b57eaf19f874242bfe90f649f5b06cb582064717c676402ac2,1761207843,2025-10-23,2025-10-23 08:24,392494794,MarketWithdraw,0x4B6F1C9E5d470b97181786b26da0d0945A7cf027,0x9e90aec7d768403dacc9dd0d8320307fda3f980eed4df43e3e52168a1c667709,645335181331,645270.4781523678,638355580875241470,,,,,
0x32c89565b698778e99bb0ac5b80eed6c833e3d1e927491b3fc8dbdc032ade287,1761208301,2025-10-23,2025-10-23 08:31,392496628,MarketRepay,0x3d7f861e7faBe268C074DE3Ff1dd0b3A2EB3D70e,0x9e90aec7d768403dacc9dd0d8320307fda3f980eed4df43e3e52168a1c667709,15000000000,14998.4960564563,14824585799451806,,,,,
0x32c89565b698778e99bb0ac5b80eed6c833e3d1e927491b3fc8dbdc032ade287,1761208301,2025-10-23,2025-10-23 08:31,392496628,MarketWithdrawCollateral,0x3d7f861e7faBe268C074DE3Ff1dd0b3A2EB3D70e,0x9e90aec7d768403dacc9dd0d8320307fda3f980eed4df43e3e52168a1c667709,10719000000,,,,,,,
0x04965824282d8ad9f9019527a1763561c3dd2501dae1070db53fc724c89f2773,1761208449,2025-10-23,2025-10-23 08:34,392497220,MarketWithdraw,0x4B6F1C9E5d470b97181786b26da0d0945A7cf027,0x9e90aec7d768403dacc9dd0d8320307fda3f980eed4df43e3e52168a1c667709,174443237233,174425.7470476414,172555926037304892,,,,,
0x0abf39cdb1bae61300361b8409ead71580497ec6b076a9e7a5854491704da67d,1761208494,2025-10-23,2025-10-23 08:34,392497399,MarketSupply,0x4B6F1C9E5d470b97181786b26da0d0945A7cf027,0x9e90aec7d768403dacc9dd0d8320307fda3f980eed4df43e3e52168a1c667709,99999934570,99989.90828626887,98918000305234633,,,,,
0x96daed08ed3c4660447aebe88e637b436773c04cf0c7f797f58aaa0dbf6be050,1761208672,2025-10-23,2025-10-23 08:37,392498112,MarketWithdraw,0x46cE9AA8167Fa3E154395c25d19dB25DdFCfeab4,0x9e90aec7d768403dacc9dd0d8320307fda3f980eed4df43e3e52168a1c667709,2918,0.002917707432849299,2886425942,,,,,
0x91641a78efdfc1099d15c8b4f32370ab77b0cc014c95a9f2fd4e7629126c33a5,1761208707,2025-10-23,2025-10-23 08:38,392498253,MarketWithdraw,0x4B6F1C9E5d470b97181786b26da0d0945A7cf027,0x9e90aec7d768403dacc9dd0d8320307fda3f980eed4df43e3e52168a1c667709,131656052960,131642.8527419441,130231447520293921,,,,,
0x3bbd6842b15bdce8536d8e1a299a02de5193ff1d251e8eddb8fe2730850446a4,1761208951,2025-10-23,2025-10-23 08:42,392499237,MarketSupply,0x4B6F1C9E5d470b97181786b26da0d0945A7cf027,0x9e90aec7d768403dacc9dd0d8320307fda3f980eed4df43e3e52168a1c667709,181656054079,181637.84071568627,179690121246019761,,,,,
0xa78fd55b4b627a7213b96d201d0c3e33bc91b43c2323d7757b34ca2aacfbe441,1761210049,2025-10-23,2025-10-23 09:00,392503636,MarketSupply,0x4B6F1C9E5d470b97181786b26da0d0945A7cf027,0x9e90aec7d768403dacc9dd0d8320307fda3f980eed4df43e3e52168a1c667709,199755063739,199735.0357164379,197591948011110939,,,,,
0xb0dbbc106e04661de63eba02eb4335e3ba2afa59dc42915cdf4d4a24a1150b5f,1761210294,2025-10-23,2025-10-23 09:04,392504623,MarketSupply,0x4B6F1C9E5d470b97181786b26da0d0945A7cf027,0x9e90aec7d768403dacc9dd0d8320307fda3f980eed4df43e3e52168a1c667709,150244957722,150229.8937263907,148617785352798794,,,,,
0x484eac73fd82158730883110265bcdcad739dbb5d3372d8b7d835a12aa27029c,1761210650,2025-10-23,2025-10-23 09:10,392506048,MarketWithdraw,0x46cE9AA8167Fa3E154395c25d19dB25DdFCfeab4,0x9e90aec7d768403dacc9dd0d8320307fda3f980eed4df43e3e52168a1c667709,4610,0.00460953778801757,4560065325,,,,,
0xfe4678d07fe245a4d1d1ce7a6e893d59b20e1156b0ab69a65b01b9658bd7df3c,1761211945,2025-10-23,2025-10-23 09:32,392511234,MarketWithdraw,0x4B6F1C9E5d470b97181786b26da0d0945A7cf027,0x9e90aec7d768403dacc9dd0d8320307fda3f980eed4df43e3e52168a1c667709,83583680443,83575.30010056261,82677804208811447,,,,,
0x3ed1c738c2766b37b99b3c31fa1f0eea6fb50cffd09efe08602e14fbb5ecad9d,1761212481,2025-10-23,2025-10-23 09:41,392513386,MarketWithdraw,0x46cE9AA8167Fa3E154395c25d19dB25DdFCfeab4,0x9e90aec7d768403dacc9dd0d8320307fda3f980eed4df43e3e52168a1c667709,3582,0.0035816408582817648,3543168782,,,,,
0x2e8f29a67603697ad8e9ca99ff23a1dca492acfd17ef24b7f6e4acb362ae0cb1,1761214224,2025-10-23,2025-10-23 10:10,392520368,MarketWithdraw,0x46cE9AA8167Fa3E154395c25d19dB25DdFCfeab4,0x9e90aec7d768403dacc9dd0d8320307fda3f980eed4df43e3e52168a1c667709,3557,0.003556388949552309,3518408590,,,,,
0x03f3b3988319f987e4860cd229fa2f44d3290e8251400d45093e0b47ada3ef54,1761214508,2025-10-23,2025-10-23 10:15,392521505,MarketSupply,0x4B6F1C9E5d470b97181786b26da0d0945A7cf027,0x9e90aec7d768403dacc9dd0d8320307fda3f980eed4df43e3e52168a1c667709,173583695865,173553.8762431079,171700164056182286,,,,,
0x5cf9b1ab65bcd4fc9a6d4f799f02f1df914ccc7538e8098c6f7156079720886d,1761215728,2025-10-23,2025-10-23 10:35,392526390,MarketWithdraw,0x4B6F1C9E5d470b97181786b26da0d0945A7cf027,0x9e90aec7d768403dacc9dd0d8320307fda3f980eed4df43e3e52168a1c667709,79830514778,79816.80084159446,78963852981442360,,,,,
0x8f82c892c5e8b8cbdd83c84a6a60746157a63be4d3a22ae8918f14065c19cacf,1761216093,2025-10-23,2025-10-23 10:41,392527850,MarketWithdraw,0x46cE9AA8167Fa3E154395c25d19dB25DdFCfeab4,0x9e90aec7d768403dacc9dd0d8320307fda3f980eed4df43e3e52168a1c667709,200003472,199.96911377365606,197831835821063,,,,,
0xc1c626b88d16bceaacbd4436c7a0da21a6bb6304a3a81eba03c5a747b0c865ea,1761218125,2025-10-23,2025-10-23 11:15,392535992,MarketSupply,0x46cE9AA8167Fa3E154395c25d19dB25DdFCfeab4,0x9e90aec7d768403dacc9dd0d8320307fda3f980eed4df43e3e52168a1c667709,59998052,59.986759200336174,59346018724002,,,,,
0xfa7d832b70890ebec24834103ca4d603d2f7a32f717bfae15251b7de306fdd17,1761218661,2025-10-23,2025-10-23 11:24,392538142,MarketSupply,0x4B6F1C9E5d470b97181786b26da0d0945A7cf027,0x9e90aec7d768403dacc9dd0d8320307fda3f980eed4df43e3e52168a1c667709,139861866191,139837.8395798246,138341553369947253,,,,,
0xd550e482d543b7ef41ef02ee880976b88e5da66a02ef461751bad66d6e55bb52,1761219766,2025-10-23,2025-10-23 11:42,392542572,MarketSupply,0x46cE9AA8167Fa3E154395c25d19dB25DdFCfeab4,0x9e90aec7d768403dacc9dd0d8320307fda3f980eed4df43e3e52168a1c667709,139998097,139.974046985986,138475647165732,,,,,
0x1e658583e3ce23cce2eef8da373fa01e813c198a06e2a835eab9d1430a41bc9c,1761220827,2025-10-23,2025-10-23 12:00,392546818,MarketWithdraw,0xa60643c90A542A95026C0F1dbdB0615fF42019Cf,0x9e90aec7d768403dacc9dd0d8320307fda3f980eed4df43e3e52168a1c667709,1049432809,1049.2907091415389,1038015724585648,,,,,
0x53581ff19b66c423843fcf2641759179d40fd3d44b1e48ab0a458027aa8d05d7,1761220863,2025-10-23,2025-10-23 12:01,392546969,MarketSupply,0x4B6F1C9E5d470b97181786b26da0d0945A7cf027,0x9e90aec7d768403dacc9dd0d8320307fda3f980eed4df43e3e52168a1c667709,1018102030,1017.9641725277339,1007025646596346,,,,,
0xc691565fcd4306f7c4b745f3bfb81e2c960fd40f394a2243b65116e6a6b013d5,1761221414,2025-10-23,2025-10-23 12:10,392549175,MarketSupply,0x46cE9AA8167Fa3E154395c25d19dB25DdFCfeab4,0x9e90aec7d768403dacc9dd0d8320307fda3f980eed4df43e3e52168a1c667709,300997165,300.9564080747573,297721779645775,,,,,
0x888a76a92c34b2a76434129ad7cc1eb43835b77ea092036f12bf7fa2f850fb8c,1761223294,2025-10-23,2025-10-23 12:41,392556718,MarketWithdraw,0x46cE9AA8167Fa3E154395c25d19dB25DdFCfeab4,0x9e90aec7d768403dacc9dd0d8320307fda3f980eed4df43e3e52168a1c667709,29005662,29.002158802905782,28689797329983,,,,,
0xcb83ca0c23dccf191c5731b98803cd748c9455291dd137a53989408073bd7fda,1761224536,2025-10-23,2025-10-23 13:02,392561702,MarketSupply,0x4B6F1C9E5d470b97181786b26da0d0945A7cf027,0x9e90aec7d768403dacc9dd0d8320307fda3f980eed4df43e3e52168a1c667709,139728008499,139709.0884404117,138205667448454757,,,,,
0x7ab0912d56a45dee0d105a956f74e960dfb3c0fda9d8ef6f99b9ec310c5b6611,1761225060,2025-10-23,2025-10-23 13:11,392563802,MarketSupply,0x46cE9AA8167Fa3E154395c25d19dB25DdFCfeab4,0x9e90aec7d768403dacc9dd0d8320307fda3f980eed4df43e3e52168a1c667709,29176609,29.17265830208612,28858671143626,,,,,
0x43270fbe3bf6b1889d0be311bf878840c79456b5e88b9914d897eb7fac11881b,1761226008,2025-10-23,2025-10-23 13:26,392567610,MarketSupply,0x4B6F1C9E5d470b97181786b26da0d0945A7cf027,0x9e90aec7d768403dacc9dd0d8320307fda3f980eed4df43e3e52168a1c667709,27692477990,27688.72825283811,27390613496862005,,,,,
0xd15f2cf79b2b5dd90292b20af7da28787960e1421d1b9e504b1d0a67f5d21392,1761226561,2025-10-23,2025-10-23 13:36,392569824,MarketWithdraw,0x46cE9AA8167Fa3E154395c25d19dB25DdFCfeab4,0x9e90aec7d768403dacc9dd0d8320307fda3f980eed4df43e3e52168a1c667709,401185536,401.13121293387013,396811556437179,,,,,
0xbacd37e595d36346a6633223c047b40da7eb3a6e1dc293cfd3b5030bee152c10,1761228200,2025-10-23,2025-10-23 14:03,392576397,MarketSupply,0x46cE9AA8167Fa3E154395c25d19dB25DdFCfeab4,0x9e90aec7d768403dacc9dd0d8320307fda3f980eed4df43e3e52168a1c667709,151191123,151.1618464919706,149541826721104,,,,,
0x1c18aaeb9662a56d30bf206f86617e86f18357469796bc4108c9a3a3d3db1ce7,1761230048,2025-10-23,2025-10-23 14:34,392583810,MarketRepay,0x3d7f861e7faBe268C074DE3Ff1dd0b3A2EB3D70e,0x9e90aec7d768403dacc9dd0d8320307fda3f980eed4df43e3e52168a1c667709,90038569370,90021.13438541353,88976099975519841,,,,,
0xfbcc9a5c2d335edcce79157869f00beaa3e811f71f87dbdfbdea9bc53ebcf1e0,1761230270,2025-10-23,2025-10-23 14:37,392584702,MarketSupply,0x46cE9AA8167Fa3E154395c25d19dB25DdFCfeab4,0x9e90aec7d768403dacc9dd0d8320307fda3f980eed4df43e3e52168a1c667709,249803575,249.75520326874923,247076655800644,,,,,
0x0474040c81d1fd696b3c9b9d0d11ab477ab8c20a283ecf2ebe5b851cc8b7cad2,1761231814,2025-10-23,2025-10-23 15:03,392590896,MarketWithdraw,0x46cE9AA8167Fa3E154395c25d19dB25DdFCfeab4,0x9e90aec7d768403dacc9dd0d8320307fda3f980eed4df43e3e52168a1c667709,12003689,12.001364616858863,11872591291348,,,,,
0xb1f17a7abab664db7c1ce35a930f3f0ca75d86eeda54ffc576d37de33657aa40,1761233835,2025-10-23,2025-10-23 15:37,392599001,MarketWithdraw,0x46cE9AA8167Fa3E154395c25d19dB25DdFCfeab4,0x9e90aec7d768403dacc9dd0d8320307fda3f980eed4df43e3e52168a1c667709,88004747,87.98770584288015,87043008550380,,,,,
0x7d8ca88390dd0295ff634d4b4aba25f356f5110ce8d574013af1771901f039be,1761235231,2025-10-23,2025-10-23 16:00,392604602,MarketWithdraw,0xa60643c90A542A95026C0F1dbdB0615fF42019Cf,0x9e90aec7d768403dacc9dd0d8320307fda3f980eed4df43e3e52168a1c667709,813912112,813.830709332374,805013644982286,,,,,
0x0307740c179a86d868002531e897314fa74d9ee009af3bf58333f84d7c7c1247,1761235789,2025-10-23,2025-10-23 16:09,392606837,MarketWithdraw,0x46cE9AA8167Fa3E154395c25d19dB25DdFCfeab4,0x9e90aec7d768403dacc9dd0d8320307fda3f980eed4df43e3e52168a1c667709,4006,0.004005599343612533,3962195035,,,,,
0x95ff9cfbfbc924f5782ff0e32d32e005f5825566dbcb217f007cd0af187d752e,1761237321,2025-10-23,2025-10-23 16:35,392612984,MarketWithdraw,0x46cE9AA8167Fa3E154395c25d19dB25DdFCfeab4,0x9e90aec7d768403dacc9dd0d8320307fda3f980eed4df43e3e52168a1c667709,251003144,250.9780401525417,248257168690592,,,,,
0x4cc551c13ff4d18d518d7471fa50f8db9cca32b9cf3edacc89a9cae4689a2fee,1761237713,2025-10-23,2025-10-23 16:41,392614554,MarketRepay,0x3d7f861e7faBe268C074DE3Ff1dd0b3A2EB3D70e,0x9e90aec7d768403dacc9dd0d8320307fda3f980eed4df43e3e52168a1c667709,8346598521,8345.76374366324,8247869493023593,,,,,
0x4cc551c13ff4d18d518d7471fa50f8db9cca32b9cf3edacc89a9cae4689a2fee,1761237713,2025-10-23,2025-10-23 16:41,392614554,MarketWithdrawCollateral,0x3d7f861e7faBe268C074DE3Ff1dd0b3A2EB3D70e,0x9e90aec7d768403dacc9dd0d8320307fda3f980eed4df43e3e52168a1c667709,87760077862,,,,,,,
0x28ceec398d0821e7bd1e0675fa30e370d30035c0c7823020df61b31d46741164,1761238805,2025-10-23,2025-10-23 17:00,392618937,MarketSupply,0x46cE9AA8167Fa3E154395c25d19dB25DdFCfeab4,0x9e90aec7d768403dacc9dd0d8320307fda3f980eed4df43e3e52168a1c667709,150998236,150.9831340509861,149345563998242,,,,,
0x5051abc0dddd0d4c0739c17516007f67c0bc5b5934dddbe6ed1737fed9a05129,1761240410,2025-10-23,2025-10-23 17:26,392625373,MarketSupply,0x46cE9AA8167Fa3E154395c25d19dB25DdFCfeab4,0x9e90aec7d768403dacc9dd0d8320307fda3f980eed4df43e3e52168a1c667709,199997277,199.9772744571877,197807238811202,,,,,
0x185fc9f79afc0f3a6eb90bbd61bca4916253714682c5505b285bf41910ca9910,1761242352,2025-10-23,2025-10-23 17:59,392633166,MarketWithdraw,0x46cE9AA8167Fa3E154395c25d19dB25DdFCfeab4,0x9e90aec7d768403dacc9dd0d8320307fda3f980eed4df43e3e52168a1c667709,4607,0.004606539235153005,4556521882,,,,,
0x7db2017079e05de41616c14a9efa2b85aa1a375983ea2b4ea9e8ef73b48eaaed,1761244470,2025-10-23,2025-10-23 18:34,392641658,MarketWithdraw,0x46cE9AA8167Fa3E154395c25d19dB25DdFCfeab4,0x9e90aec7d768403dacc9dd0d8320307fda3f980eed4df43e3e52168a1c667709,5025,0.005024033002591119,4969906350,,,,,
0x90c60c28b48e96ac568135cce97a6df35663d78f408db025a53c6ce651a3ea97,1761246328,2025-10-23,2025-10-23 19:05,392649105,MarketWithdraw,0x46cE9AA8167Fa3E154395c25d19dB25DdFCfeab4,0x9e90aec7d768403dacc9dd0d8320307fda3f980eed4df43e3e52168a1c667709,4409,0.004408562628400979,4360632731,,,,,
0xcc93d6ca52e0e73394be4e81e589072169a9b30512c9b71e6b723a28732b4920,1761248129,2025-10-23,2025-10-23 19:35,392656325,MarketWithdraw,0x46cE9AA8167Fa3E154395c25d19dB25DdFCfeab4,0x9e90aec7d768403dacc9dd0d8320307fda3f980eed4df43e3e52168a1c667709,4275,0.004274575921164479,4228076982,,,,,
0x955b48e8b0a664c3fd26c07c31c264ad1e889de6668aab6554bc857364bbafa0,1761249626,2025-10-23,2025-10-23 20:00,392662312,MarketWithdraw,0xa60643c90A542A95026C0F1dbdB0615fF42019Cf,0x9e90aec7d768403dacc9dd0d8320307fda3f980eed4df43e3e52168a1c667709,730922101,730.8495937266787,722895734930644,,,,,
0x327e765b306946962c0bda0ec3323ecab17d9383f4afb8a374c258b48f87c464,1761250057,2025-10-23,2025-10-23 20:07,392664041,MarketWithdraw,0x46cE9AA8167Fa3E154395c25d19dB25DdFCfeab4,0x9e90aec7d768403dacc9dd0d8320307fda3f980eed4df43e3e52168a1c667709,551004577,550.9499174960513,544953117606455,,,,,
0x68fa2e8f461db970880a43c767afdf5a412583dc2aeef36391766f824a7ee48b,1761251210,2025-10-23,2025-10-23 20:26,392668658,MarketSupplyCollateral,0x3d7f861e7faBe268C074DE3Ff1dd0b3A2EB3D70e,0x9e90aec7d768403dacc9dd0d8320307fda3f980eed4df43e3e52168a1c667709,89479077862,,,,,,,
0x68fa2e8f461db970880a43c767afdf5a412583dc2aeef36391766f824a7ee48b,1761251210,2025-10-23,2025-10-23 20:26,392668658,MarketBorrow,0x3d7f861e7faBe268C074DE3Ff1dd0b3A2EB3D70e,0x9e90aec7d768403dacc9dd0d8320307fda3f980eed4df43e3e52168a1c667709,102000000000,101989.88162778405,100788395259481331,,,,,
0x7060e31d9f2ba90b46b80d007cd3f9822c9f12ba635e43c2cf61a979bdc52bf6,1761257815,2025-10-23,2025-10-23 22:16,392695110,MarketSupply,0x46cE9AA8167Fa3E154395c25d19dB25DdFCfeab4,0x9e90aec7d768403dacc9dd0d8320307fda3f980eed4df43e3e52168a1c667709,149995659,149.97810521243224,148344053543098,,,,,
0x67f5bc02402dfa44b032802967bacd35e3dda5446271c34141cf733380cc98c6,1761258079,2025-10-23,2025-10-23 22:21,392696162,MarketWithdraw,0x4B6F1C9E5d470b97181786b26da0d0945A7cf027,0x9e90aec7d768403dacc9dd0d8320307fda3f980eed4df43e3e52168a1c667709,1126492971,1126.3769130461494,1114088025874814,,,,,
0x37b49e499eb0093db70e052f56116c74ed319f6e452dffe10f3fdc1cbce60398,1761258552,2025-10-23,2025-10-23 22:29,392698061,MarketSupplyCollateral,0x93e22ecd5b8a4dA8C0e97D7158C060612E7115A3,0x9e90aec7d768403dacc9dd0d8320307fda3f980eed4df43e3e52168a1c667709,51531369318,,,,,,,
0x37b49e499eb0093db70e052f56116c74ed319f6e452dffe10f3fdc1cbce60398,1761258552,2025-10-23,2025-10-23 22:29,392698061,MarketBorrow,0x93e22ecd5b8a4dA8C0e97D7158C060612E7115A3,0x9e90aec7d768403dacc9dd0d8320307fda3f980eed4df43e3e52168a1c667709,55000000000,54994.33357541849,54345032823159727,,,,,
0xaf8eec9eaa1eb4491c031510bda0971b123c86dc61ef14fd199585652a86889c,1761264029,2025-10-24,2025-10-24 00:00,392719986,MarketWithdraw,0xa60643c90A542A95026C0F1dbdB0615fF42019Cf,0x9e90aec7d768403dacc9dd0d8320307fda3f980eed4df43e3e52168a1c667709,820907318,820.8251834951717,811848380509793,,,,,
0x8c0f0ba7bb047fedc1a71824b0a77d17942d49bf9b033026de6dfa243a15c2e6,1761265356,2025-10-24,2025-10-24 00:22,392725301,MarketSupply,0x46cE9AA8167Fa3E154395c25d19dB25DdFCfeab4,0x9e90aec7d768403dacc9dd0d8320307fda3f980eed4df43e3e52168a1c667709,401991030,401.9508094617364,397552851032398,,,,,
0xd2dff32328b25640e88b9a9b2dbddde9b076ac38c58f4602117d3054935190c6,1761278425,2025-10-24,2025-10-24 04:00,392777639,MarketWithdraw,0xa60643c90A542A95026C0F1dbdB0615fF42019Cf,0x9e90aec7d768403dacc9dd0d8320307fda3f980eed4df43e3e52168a1c667709,859391473,859.2214903033894,849859161519231,,,,,
0x383c162f273129be3d462e923caa72bca8753fd062c42898bb98967c5244da12,1761282555,2025-10-24,2025-10-24 05:09,392794192,MarketWithdraw,0x46cE9AA8167Fa3E154395c25d19dB25DdFCfeab4,0x9e90aec7d768403dacc9dd0d8320307fda3f980eed4df43e3e52168a1c667709,100048151,100.03189803894259,98936793605752,,,,,
0x1b7fdb108ed169b6499c49639c0c47b401c2fdb7bf84cf65b25fa1ae26358181,1761284296,2025-10-24,2025-10-24 05:38,392801176,MarketSupply,0x46cE9AA8167Fa3E154395c25d19dB25DdFCfeab4,0x9e90aec7d768403dacc9dd0d8320307fda3f980eed4df43e3e52168a1c667709,100378648,100.362341349246,99262929478514,,,,,
0xfb5a15e6476d8897fa18b1adb71d5a2937db51eb92d7a24a0e0ca9f58a64327f,1761286190,2025-10-24,2025-10-24 06:09,392808765,MarketWithdraw,0x46cE9AA8167Fa3E154395c25d19dB25DdFCfeab4,0x9e90aec7d768403dacc9dd0d8320307fda3f980eed4df43e3e52168a1c667709,1388158,1.388015605618351,1372718105945,,,,,
0x56d0d7f3a073e6d10506785e8258dcd92bb041cb43e7667f279c3694de8a7900,1761287624,2025-10-24,2025-10-24 06:33,392814510,MarketWithdraw,0x46cE9AA8167Fa3E154395c25d19dB25DdFCfeab4,0x9e90aec7d768403dacc9dd0d8320307fda3f980eed4df43e3e52168a1c667709,20004021,20.00077131901085,19781411433762,,,,,
0x0fb1addf41b43c79b0f0deeed0247923ae6e6ef34ab0056c9f4ffefcb0dd2022,1761289144,2025-10-24,2025-10-24 06:59,392820605,MarketSupply,0x46cE9AA8167Fa3E154395c25d19dB25DdFCfeab4,0x9e90aec7d768403dacc9dd0d8320307fda3f980eed4df43e3e52168a1c667709,17995858,17.99293454787874,17795487680868,,,,,
0x6a0e04d7a8c334f9e6556d1033b5ba51afe963c221fffa7bc7d7f8eaf4fc7ea5,1761291081,2025-10-24,2025-10-24 07:31,392828375,MarketSupply,0x46cE9AA8167Fa3E154395c25d19dB25DdFCfeab4,0x9e90aec7d768403dacc9dd0d8320307fda3f980eed4df43e3e52168a1c667709,1994581,1.9941884712053826,1972357574144,,,,,
0xe67cb2ed02e499b2f97adf98c5715dcdeedfe003e7f5d67c6baaeab215ec48dd,1761292828,2025-10-24,2025-10-24 08:00,392835379,MarketWithdraw,0xa60643c90A542A95026C0F1dbdB0615fF42019Cf,0x9e90aec7d768403dacc9dd0d8320307fda3f980eed4df43e3e52168a1c667709,862775005,862.604275264942,853156091496789,,,,,
0x53f943392e08aa17ccb25eca3333d76e1e5ea553af92b572af8375d885b0f21f,1761292830,2025-10-24,2025-10-24 08:00,392835386,MarketSupply,0x46cE9AA8167Fa3E154395c25d19dB25DdFCfeab4,0x9e90aec7d768403dacc9dd0d8320307fda3f980eed4df43e3e52168a1c667709,995091,0.9948940869904621,983996912902,,,,,
0xd7f900055de0e9e409d83cabd55218c928f874d160f3fafaa85909bfc9201487,1761292831,2025-10-24,2025-10-24 08:00,392835392,MarketWithdraw,0x4B6F1C9E5d470b97181786b26da0d0945A7cf027,0x9e90aec7d768403dacc9dd0d8320307fda3f980eed4df43e3e52168a1c667709,1383591168,1383.3173768584252,1368165758289884,,,,,
0x715b5d47845da96ae25ed63f99b5b40414733ba503279ff4eb16613c049e8345,1761294669,2025-10-24,2025-10-24 08:31,392842758,MarketWithdraw,0x46cE9AA8167Fa3E154395c25d19dB25DdFCfeab4,0x9e90aec7d768403dacc9dd0d8320307fda3f980eed4df43e3e52168a1c667709,452005180,451.91573521523105,446962563477352,,,,,
0x0d3fb57c0235df70213e27d97e636ba217d032399746c0a4c539d5196163bd9a,1761296388,2025-10-24,2025-10-24 08:59,392849644,MarketSupply,0x46cE9AA8167Fa3E154395c25d19dB25DdFCfeab4,0x9e90aec7d768403dacc9dd0d8320307fda3f980eed4df43e3e52168a1c667709,20428615,20.42457249528401,20200572014869,,,,,
0xae04c8b5597ba90977dc0ff52df5cbbd7d014824601caf342b8a1696018f6364,1761298048,2025-10-24,2025-10-24 09:27,392856298,MarketSupply,0x46cE9AA8167Fa3E154395c25d19dB25DdFCfeab4,0x9e90aec7d768403dacc9dd0d8320307fda3f980eed4df43e3e52168a1c667709,430567847,430.4826443295276,425758617862707,,,,,
0xf6495b228ca9f2fa6a8868bd91d2cdb4dbf25bb141e27e56287b3d7eb961fff0,1761300076,2025-10-24,2025-10-24 10:01,392864429,MarketSupply,0x46cE9AA8167Fa3E154395c25d19dB25DdFCfeab4,0x9e90aec7d768403dacc9dd0d8320307fda3f980eed4df43e3e52168a1c667709,994290,0.9941087571755879,983176276597,,,,,
0x229616d6c5c2de18a3ce46ed25afda71bade205cc76d502c20585bb95f1c7320,1761301872,2025-10-24,2025-10-24 10:31,392871627,MarketWithdraw,0x46cE9AA8167Fa3E154395c25d19dB25DdFCfeab4,0x9e90aec7d768403dacc9dd0d8320307fda3f980eed4df43e3e52168a1c667709,20005066,20.001419403268272,19781315876506,,,,,
0x152d4749bf27cca923c6971818aca947f42005232fa51f2f51790827bba7ca80,1761303667,2025-10-24,2025-10-24 11:01,392878819,MarketSupply,0x46cE9AA8167Fa3E154395c25d19dB25DdFCfeab4,0x9e90aec7d768403dacc9dd0d8320307fda3f980eed4df43e3e52168a1c667709,19995079,19.991434223735226,19771298124517,,,,,
0x5365484ae8070549005028f0b47845de46800bc2c362a2055d9f5dc617f1a1a6,1761307225,2025-10-24,2025-10-24 12:00,392893076,MarketWithdraw,0xa60643c90A542A95026C0F1dbdB0615fF42019Cf,0x9e90aec7d768403dacc9dd0d8320307fda3f980eed4df43e3e52168a1c667709,866468724,866.3003485868928,856759139596960,,,,,
0x24d22f39979f5864ae070d75ff41a63dd357a68c21c1e663a73b2c788489761d,1761309416,2025-10-24,2025-10-24 12:36,392901865,MarketWithdraw,0x46cE9AA8167Fa3E154395c25d19dB25DdFCfeab4,0x9e90aec7d768403dacc9dd0d8320307fda3f980eed4df43e3e52168a1c667709,1016239,1.0160415206718936,1004842248198,,,,,
0x1d0b002d6f1cd3a02f95b92c9f6d2812e786f515851ca82954ff8ffa9f2ec526,1761314677,2025-10-24,2025-10-24 14:04,392922975,MarketSupply,0x46cE9AA8167Fa3E154395c25d19dB25DdFCfeab4,0x9e90aec7d768403dacc9dd0d8320307fda3f980eed4df43e3e52168a1c667709,985139,0.985040326639571,974070402785,,,,,
0x2c8e3b377b0284eaee987a5ea300638bbade616210d8fcf86bbd1f5f218b98a9,1761315184,2025-10-24,2025-10-24 14:13,392925007,MarketSupply,0x8d4D699abf3044306008C6bEA8E78632f999C281,0x9e90aec7d768403dacc9dd0d8320307fda3f980eed4df43e3e52168a1c667709,10,9.998998381340816e-06,9887624,,,,,
0x70063f4d31c2b79d77815249d6431fcbbdb5d6bdc35e71ac05bc03261a14b1fa,1761315256,2025-10-24,2025-10-24 14:14,392925296,MarketSupply,0x8d4D699abf3044306008C6bEA8E78632f999C281,0x9e90aec7d768403dacc9dd0d8320307fda3f980eed4df43e3e52168a1c667709,10000000,9.998998381340815,9887621260638,,,,,
0xf1774282fe137b40dbc3bf26deb3de920b6a099735be983ef6120bc957f9dda4,1761315407,2025-10-24,2025-10-24 14:16,392925906,MarketSupply,0x8d4D699abf3044306008C6bEA8E78632f999C281,0x9e90aec7d768403dacc9dd0d8320307fda3f980eed4df43e3e52168a1c667709,637123000000,637059.1845715004,629962709037970491,,,,,
0x00e564370c54d1ff83e3bd0e25f7aebc34b55dc2f73c82804cf89e57984fb60a,1761315518,2025-10-24,2025-10-24 14:18,392926346,MarketWithdraw,0xa60643c90A542A95026C0F1dbdB0615fF42019Cf,0x9e90aec7d768403dacc9dd0d8320307fda3f980eed4df43e3e52168a1c667709,740498611068,740424.4413454054,732176300348288164,,,,,
0x365e1147e30659dd8c852f7e5e6ec0ff8570223163ece9c9298aee064f7d1084,1761316720,2025-10-24,2025-10-24 14:38,392931168,MarketWithdraw,0x46cE9AA8167Fa3E154395c25d19dB25DdFCfeab4,0x9e90aec7d768403dacc9dd0d8320307fda3f980eed4df43e3e52168a1c667709,5994,0.005993399629775685,5926603464,,,,,
0xcbf295be4d886d4df7bc038d880687a535ad784e6707efe32a958738c368c147,1761320624,2025-10-24,2025-10-24 15:43,392946813,MarketWithdraw,0x46cE9AA8167Fa3E154395c25d19dB25DdFCfeab4,0x9e90aec7d768403dacc9dd0d8320307fda3f980eed4df43e3e52168a1c667709,1012032,1.011930632986511,1000635586180,,,,,
0xd7b15de15953299f82bf073ac7a442e2ba7d5aa1871614154527258d732e3a4f,1761321627,2025-10-24,2025-10-24 16:00,392950838,MarketSupply,0xa60643c90A542A95026C0F1dbdB0615fF42019Cf,0x9e90aec7d768403dacc9dd0d8320307fda3f980eed4df43e3e52168a1c667709,183350602331,183314.31087003523,181285107803720175,,,,,
0x07ce9ea1948c5c8edfae3d062debb09c3da58d944eb1f41af35bbe2f18406258,1761322757,2025-10-24,2025-10-24 16:19,392955368,MarketSupply,0x46cE9AA8167Fa3E154395c25d19dB25DdFCfeab4,0x9e90aec7d768403dacc9dd0d8320307fda3f980eed4df43e3e52168a1c667709,993927,0.9937302672788432,982725963312,,,,,
0x35d4dba45a6c835e2bd1595708d967e90642a782fd119089d50e6492fe388709,1761324601,2025-10-24,2025-10-24 16:50,392962751,MarketWithdraw,0x46cE9AA8167Fa3E154395c25d19dB25DdFCfeab4,0x9e90aec7d768403dacc9dd0d8320307fda3f980eed4df43e3e52168a1c667709,4879,0.004878034276212916,4823982751,,,,,
0xac651e344a9eab4ea0b0e71332d8b373ceb49c6732fb7c7af895105f172f806e,1761326094,2025-10-24,2025-10-24 17:14,392968735,MarketRepay,0x3d7f861e7faBe268C074DE3Ff1dd0b3A2EB3D70e,0x9e90aec7d768403dacc9dd0d8320307fda3f980eed4df43e3e52168a1c667709,102851800,102.83654093777581,101596763099525,,,,,
0x1fadd49f11d4b2e61f4bcbe05d72bf92391a953ba97f911765da5767b34dbea3,1761328428,2025-10-24,2025-10-24 17:53,392978076,MarketWithdraw,0x46cE9AA8167Fa3E154395c25d19dB25DdFCfeab4,0x9e90aec7d768403dacc9dd0d8320307fda3f980eed4df43e3e52168a1c667709,101010128,100.99013458263046,99869664943249,,,,,
0x97b884e2d8397c2a0796c07b5e4a1dd45d42422206304bb44c7a531b7fb4130c,1761330176,2025-10-24,2025-10-24 18:22,392985072,MarketSupply,0x46cE9AA8167Fa3E154395c25d19dB25DdFCfeab4,0x9e90aec7d768403dacc9dd0d8320307fda3f980eed4df43e3e52168a1c667709,100996037,100.97965251756453,99855075663814,,,,,
0x3165251aa966ddbbaae9f65c76ed1cc8f83953cff84139f26ed307306c559418,1761332109,2025-10-24,2025-10-24 18:55,392992810,MarketWithdraw,0x46cE9AA8167Fa3E154395c25d19dB25DdFCfeab4,0x9e90aec7d768403dacc9dd0d8320307fda3f980eed4df43e3e52168a1c667709,5119,0.005118169549934052,5061133344,,,,,
0x0129f0f9fb715cacbb7095951be04d93c6c299bd149da38de3b02c29f017e311,1761336022,2025-10-24,2025-10-24 20:00,393008467,MarketSupply,0xa60643c90A542A95026C0F1dbdB0615fF42019Cf,0x9e90aec7d768403dacc9dd0d8320307fda3f980eed4df43e3e52168a1c667709,127144901958,127124.27537229654,125705765593100769,,,,,
0x62a8ff289c58c472fe5a9e4c908f10d35bde52cb2f3159aa0a3ff27348d81f7b,1761337001,2025-10-24,2025-10-24 20:16,393012387,MarketWithdraw,0x4B6F1C9E5d470b97181786b26da0d0945A7cf027,0x9e90aec7d768403dacc9dd0d8320307fda3f980eed4df43e3e52168a1c667709,1752700684,1752.353621821809,1732856420652372,,,,,
0xaa0ff5b0b040f1d690b32cf16ddcbada3b182bb01df8338487dc15d6b29c9b93,1761339277,2025-10-24,2025-10-24 20:54,393021494,MarketWithdraw,0x4B6F1C9E5d470b97181786b26da0d0945A7cf027,0x9e90aec7d768403dacc9dd0d8320307fda3f980eed4df43e3e52168a1c667709,47122961623,47113.63053877496,46589075038116161,,,,,
0xc53421095e9e9078ecf7f06b8f14b2403086b6a316f371f331772f616311c33a,1761339708,2025-10-24,2025-10-24 21:01,393023217,MarketSupply,0x4B6F1C9E5d470b97181786b26da0d0945A7cf027,0x9e90aec7d768403dacc9dd0d8320307fda3f980eed4df43e3e52168a1c667709,47031626117,47022.25882281057,46498704019964327,,,,,
0x580a16a79dd03d7b0f1a3b3e6249291afe7d1dd9abc986be81177706cfae7d2e,1761342671,2025-10-24,2025-10-24 21:51,393035076,MarketSupply,0x64A651D825FC70Ebba88f2E1BAD90be9A496C4b9,0x9e90aec7d768403dacc9dd0d8320307fda3f980eed4df43e3e52168a1c667709,2376167511,2375.694249453322,2349219478187083,,,,,
0x63a4ff40d9a6609e9eef86b5fa6096d26d626b5d00ae46869786440ce6da36d8,1761350424,2025-10-25,2025-10-25 00:00,393066100,MarketSupply,0xa60643c90A542A95026C0F1dbdB0615fF42019Cf,0x9e90aec7d768403dacc9dd0d8320307fda3f980eed4df43e3e52168a1c667709,60739303805,60731.28988068556,60048903606554306,,,,,
0x8108ff2fee6e574f63d2a4984785b36aaf61e9628391341666969e92c2152e4b,1761355509,2025-10-25,2025-10-25 01:25,393086452,MarketWithdraw,0x46cE9AA8167Fa3E154395c25d19dB25DdFCfeab4,0x9e90aec7d768403dacc9dd0d8320307fda3f980eed4df43e3e52168a1c667709,50055570,50.05054830915007,49485815607963,,,,,
0x2ad2283ffc3d2037750ca4a92a63f0915cd27c63499ad16424b78cec51c87685,1761359978,2025-10-25,2025-10-25 02:39,393104339,MarketSupply,0x46cE9AA8167Fa3E154395c25d19dB25DdFCfeab4,0x9e90aec7d768403dacc9dd0d8320307fda3f980eed4df43e3e52168a1c667709,49990812,49.98579680582278,49421099339463,,,,,
0x8b7d200da1f3b1ddd8ec2d07a3ebceeede0e6c60dc80e581311e073fe5ea3d9d,1761361813,2025-10-25,2025-10-25 03:10,393111682,MarketWithdraw,0x46cE9AA8167Fa3E154395c25d19dB25DdFCfeab4,0x9e90aec7d768403dacc9dd0d8320307fda3f980eed4df43e3e52168a1c667709,1004062,1.0038663081683545,992613625483,,,,,
0x3118a79f206f6829bfd1a3a1656ab8f68147b3f03aa0018044e057574e7d1f53,1761362565,2025-10-25,2025-10-25 03:22,393114690,MarketSupply,0x3014ED70B39be395e1a5Eb8ab4c4b8a5378E6522,0x9e90aec7d768403dacc9dd0d8320307fda3f980eed4df43e3e52168a1c667709,38770499949,38762.94357285108,38328345648388690,,,,,
0x2ffbccb27b1e3a29c9bf4aed9391a90237431d29057a9d5cb5c55027461306eb,1761363462,2025-10-25,2025-10-25 03:37,393118280,MarketWithdraw,0x46cE9AA8167Fa3E154395c25d19dB25DdFCfeab4,0x9e90aec7d768403dacc9dd0d8320307fda3f980eed4df43e3e52168a1c667709,49003565,48.99401419796585,48444577396500,,,,,
0x000dd7e1e8941973487928dd49e9610d43a12e19bfe70c4afb7cd3a60d1a5b5e,1761364823,2025-10-25,2025-10-25 04:00,393123715,MarketSupply,0xa60643c90A542A95026C0F1dbdB0615fF42019Cf,0x9e90aec7d768403dacc9dd0d8320307fda3f980eed4df43e3e52168a1c667709,366237396559,366166.01683648315,362058207775826583,,,,,
0x15cd20b118329b687d429e5073921d856a99edafaade217200e5c75db71c38da,1761365169,2025-10-25,2025-10-25 04:06,393125097,MarketSupply,0x46cE9AA8167Fa3E154395c25d19dB25DdFCfeab4,0x9e90aec7d768403dacc9dd0d8320307fda3f980eed4df43e3e52168a1c667709,50653710,50.64383758446237,50075642738260,,,,,
0x4ce95a143f7df6fd49933586eb9e19ab3b05d175388e7ab9c5ade2ca1abb4982,1761367108,2025-10-25,2025-10-25 04:38,393132855,MarketWithdraw,0x46cE9AA8167Fa3E154395c25d19dB25DdFCfeab4,0x9e90aec7d768403dacc9dd0d8320307fda3f980eed4df43e3e52168a1c667709,661016,0.6608871678842672,653468711957,,,,,
0x7dad6feb378ec2b0d135ba6654a5545c21ab1e55f0c6a087afa24056f60243b0,1761368766,2025-10-25,2025-10-25 05:06,393139495,MarketWithdraw,0x46cE9AA8167Fa3E154395c25d19dB25DdFCfeab4,0x9e90aec7d768403dacc9dd0d8320307fda3f980eed4df43e3e52168a1c667709,3386,0.0033853498729854536,3347323519,,,,,
0x4dcba7d8a8884d1fe9f64a90ec129d0da5a505bfd7c37ea42c5e79829055b5d0,1761370808,2025-10-25,2025-10-25 05:40,393147662,MarketWithdraw,0x46cE9AA8167Fa3E154395c25d19dB25DdFCfeab4,0x9e90aec7d768403dacc9dd0d8320307fda3f980eed4df43e3e52168a1c667709,302004169,301.9461828603743,298552764912301,,,,,
0x9e2374c567112cf68a165e51254f706ba971cefc7633443de7ae3e016c5efa71,1761372886,2025-10-25,2025-10-25 06:14,393155975,MarketSupply,0x46cE9AA8167Fa3E154395c25d19dB25DdFCfeab4,0x9e90aec7d768403dacc9dd0d8320307fda3f980eed4df43e3e52168a1c667709,200997580,200.97763660483537,198699313574099,,,,,
0xb293294eb989e149e522c8f30e4b78f92b3961a42e909dfaf7fe55d14b82dba7,1761376180,2025-10-25,2025-10-25 07:09,393169167,MarketSupply,0x46cE9AA8167Fa3E154395c25d19dB25DdFCfeab4,0x9e90aec7d768403dacc9dd0d8320307fda3f980eed4df43e3e52168a1c667709,100994241,100.97484965788904,99838487542573,,,,,
0x27f5320ffd5e66fa6c5fb6b893a1cf75316b328a56266caf3db244103088ef50,1761378217,2025-10-25,2025-10-25 07:43,393177319,MarketWithdraw,0x46cE9AA8167Fa3E154395c25d19dB25DdFCfeab4,0x9e90aec7d768403dacc9dd0d8320307fda3f980eed4df43e3e52168a1c667709,51004159,50.998752724286646,50420181583428,,,,,
0x27a32a3553f1571014ae6c207b015ed44213a2e0aca363b71723b406597e69e2,1761379223,2025-10-25,2025-10-25 08:00,393181348,MarketWithdraw,0xa60643c90A542A95026C0F1dbdB0615fF42019Cf,0x9e90aec7d768403dacc9dd0d8320307fda3f980eed4df43e3e52168a1c667709,627356291,627.2897932644006,620171498218388,,,,,
0xef9ff8272146c5e73ea0dc26f69d2e4c5e362d3d675f580f229b0525bcc0eb42,1761380059,2025-10-25,2025-10-25 08:14,393184694,MarketSupply,0x46cE9AA8167Fa3E154395c25d19dB25DdFCfeab4,0x9e90aec7d768403dacc9dd0d8320307fda3f980eed4df43e3e52168a1c667709,49996512,49.9912125316061,49423807366483,,,,,
0xecd5fadbdd0955bbd5c4bee747b7627752158ff10989b6c13f055a6118d6b20c,1761381834,2025-10-25,2025-10-25 08:43,393191801,MarketSupply,0x46cE9AA8167Fa3E154395c25d19dB25DdFCfeab4,0x9e90aec7d768403dacc9dd0d8320307fda3f980eed4df43e3e52168a1c667709,996382,0.9962763867340736,984963475039,,,,,
0xe6983378365d8f1a9e47edf66fd1a5366098e3e2100b08a335f9158972b165e4,1761383596,2025-10-25,2025-10-25 09:13,393198852,MarketWithdraw,0x46cE9AA8167Fa3E154395c25d19dB25DdFCfeab4,0x9e90aec7d768403dacc9dd0d8320307fda3f980eed4df43e3e52168a1c667709,3003597,3.0030041452928704,2969160624954,,,,,
0x5182ecd236f49245b5d59e501eca378d884417940e2a7c58a36d722590390fb0,1761385117,2025-10-25,2025-10-25 09:38,393204942,MarketWithdraw,0x4B6F1C9E5d470b97181786b26da0d0945A7cf027,0x9e90aec7d768403dacc9dd0d8320307fda3f980eed4df43e3e52168a1c667709,1398719318,1398.4432365777486,1382676831236152,,,,,
0x7b9ef9dc387e5ba4f4c7616ceb01552e8dce32504b0f5a9409dc4180498ac46a,1761385464,2025-10-25,2025-10-25 09:44,393206331,MarketSupply,0x46cE9AA8167Fa3E154395c25d19dB25DdFCfeab4,0x9e90aec7d768403dacc9dd0d8320307fda3f980eed4df43e3e52168a1c667709,2996203,2.9956116047322374,2961835331730,,,,,
0xf5a2bd79bed38b94930254022b10b627739d03bf001c3fc61fa13acae06cab3f,1761387261,2025-10-25,2025-10-25 10:14,393213520,MarketWithdraw,0x46cE9AA8167Fa3E154395c25d19dB25DdFCfeab4,0x9e90aec7d768403dacc9dd0d8320307fda3f980eed4df43e3e52168a1c667709,3669,0.0036684315157273343,3626896151,,,,,
0xbc09a95b657105b38bfdebd7b360a42c11a2732ae09d9bc335d3eaf8948e71bd,1761391026,2025-10-25,2025-10-25 11:17,393228590,MarketWithdraw,0x46cE9AA8167Fa3E154395c25d19dB25DdFCfeab4,0x9e90aec7d768403dacc9dd0d8320307fda3f980eed4df43e3e52168a1c667709,50007685,49.997961402367615,49433278101357,,,,,
0xf211698f2dfdf9e6e99cfe660d66906aa8c57b6006ad6bc1e065727afdabba19,1761393635,2025-10-25,2025-10-25 12:00,393239030,MarketWithdraw,0xa60643c90A542A95026C0F1dbdB0615fF42019Cf,0x9e90aec7d768403dacc9dd0d8320307fda3f980eed4df43e3e52168a1c667709,627750155,627.6284603396485,620534882102936,,,,,
0x32c5194bf66c53cfd3a4acbe4efef97f348012df0de5612b153ceabe56b788d5,1761394638,2025-10-25,2025-10-25 12:17,393243043,MarketWithdraw,0x46cE9AA8167Fa3E154395c25d19dB25DdFCfeab4,0x9e90aec7d768403dacc9dd0d8320307fda3f980eed4df43e3e52168a1c667709,352006849,351.93860950441524,347959917926699,,,,,
0xad2cd6a9a59ac5028a311953474ca304359f485092ad558915b6135e9148b37e,1761395263,2025-10-25,2025-10-25 12:27,393245544,MarketBorrow,0x93e22ecd5b8a4dA8C0e97D7158C060612E7115A3,0x9e90aec7d768403dacc9dd0d8320307fda3f980eed4df43e3e52168a1c667709,5000000000,4999.030707843063,4937782633975892,,,,,
0x63c5dc1ed2926ef14963894034381c2431b504df01017d4599d47dc60c7f7d0d,1761396463,2025-10-25,2025-10-25 12:47,393250359,MarketSupply,0x46cE9AA8167Fa3E154395c25d19dB25DdFCfeab4,0x9e90aec7d768403dacc9dd0d8320307fda3f980eed4df43e3e52168a1c667709,250998405,250.94974684292598,248111426642082,,,,,
0xf904a150ec0b19b1be5ccbac0cd0be2226e167f265ced4ae07f039d50bbe3ce2,1761398225,2025-10-25,2025-10-25 13:17,393257412,MarketSupply,0x46cE9AA8167Fa3E154395c25d19dB25DdFCfeab4,0x9e90aec7d768403dacc9dd0d8320307fda3f980eed4df43e3e52168a1c667709,150997175,150.98213911971763,149259644812752,,,,,
0xb28d607eb3ad836b76001604ca1827bb08b9efbc03f58a3ca975829374856212,1761400051,2025-10-25,2025-10-25 13:47,393264721,MarketWithdraw,0x46cE9AA8167Fa3E154395c25d19dB25DdFCfeab4,0x9e90aec7d768403dacc9dd0d8320307fda3f980eed4df43e3e52168a1c667709,452003728,451.9161032663087,446800134520640,,,,,
0xb8998267ef9efbe7bf21388008d21953ef04cc9cde5f25e5537d6ddce3d916aa,1761401692,2025-10-25,2025-10-25 14:14,393271291,MarketSupply,0x46cE9AA8167Fa3E154395c25d19dB25DdFCfeab4,0x9e90aec7d768403dacc9dd0d8320307fda3f980eed4df43e3e52168a1c667709,451998804,451.96129098175356,446793137784053,,,,,
0x7e35041bb8cc73557660647a29ca1cfe571da67ef78eba5c11c45c06187399e0,1761403246,2025-10-25,2025-10-25 14:40,393277519,MarketWithdraw,0x46cE9AA8167Fa3E154395c25d19dB25DdFCfeab4,0x9e90aec7d768403dacc9dd0d8320307fda3f980eed4df43e3e52168a1c667709,3173,0.003172736661234847,3136442433,,,,,
0x9ee5de6383a8eae8a324334d74959727af60033d446f8dc7420ee4d6e8fd254a,1761405163,2025-10-25,2025-10-25 15:12,393285191,MarketWithdraw,0x46cE9AA8167Fa3E154395c25d19dB25DdFCfeab4,0x9e90aec7d768403dacc9dd0d8320307fda3f980eed4df43e3e52168a1c667709,3914,0.003913615076579116,3868883498,,,,,
0x6438b7e4d1b2617a92d4087c081ff918ed3d4a6590a20d03033b3461637bb3de,1761406944,2025-10-25,2025-10-25 15:42,393292324,MarketWithdraw,0x46cE9AA8167Fa3E154395c25d19dB25DdFCfeab4,0x9e90aec7d768403dacc9dd0d8320307fda3f980eed4df43e3e52168a1c667709,423003636,422.96852939578963,418125529574710,,,,,
0xc933e3c915793bf0978d0de7485024c8444ac81399455f003534c6fb574a5b49,1761408023,2025-10-25,2025-10-25 16:00,393296647,MarketWithdraw,0xa60643c90A542A95026C0F1dbdB0615fF42019Cf,0x9e90aec7d768403dacc9dd0d8320307fda3f980eed4df43e3e52168a1c667709,626786671,626.7256112937563,619556583600014,,,,,
0x1ec709256d78b290ca97d69244de8194ee1e883df33e3fd59744163e44e27093,1761408962,2025-10-25,2025-10-25 16:16,393300407,MarketSupply,0x46cE9AA8167Fa3E154395c25d19dB25DdFCfeab4,0x9e90aec7d768403dacc9dd0d8320307fda3f980eed4df43e3e52168a1c667709,171998360,171.98160442777436,170013867008168,,,,,
0xded93bace4b6a30b235873fc073eb53d1ec122e6234f7eb2e7583fe952091cc2,1761410932,2025-10-25,2025-10-25 16:48,393308296,MarketSupply,0x46cE9AA8167Fa3E154395c25d19dB25DdFCfeab4,0x9e90aec7d768403dacc9dd0d8320307fda3f980eed4df43e3e52168a1c667709,200997414,200.9778334255838,198677197420154,,,,,
0xf0fda0fe917d5acd5beaf182d5c65d9e17a1fdb3ed4d74768acc9e92264316a3,1761412647,2025-10-25,2025-10-25 17:17,393315155,MarketSupply,0x46cE9AA8167Fa3E154395c25d19dB25DdFCfeab4,0x9e90aec7d768403dacc9dd0d8320307fda3f980eed4df43e3e52168a1c667709,48996748,48.98747163925967,48430912143308,,,,,
0xd7ffd11bc6ef6b5affe381ca7f72f86e0522113d3c0b6577a2fbae658c338478,1761416260,2025-10-25,2025-10-25 18:17,393329607,MarketWithdraw,0x46cE9AA8167Fa3E154395c25d19dB25DdFCfeab4,0x9e90aec7d768403dacc9dd0d8320307fda3f980eed4df43e3e52168a1c667709,20007365,20.005414316958998,19776103742300,,,,,
0x10516656f5407eab21df8cb36d41dc5794b709f06e1b1d565e18140b65a61655,1761419604,2025-10-25,2025-10-25 19:13,393342964,MarketSupply,0x46cE9AA8167Fa3E154395c25d19dB25DdFCfeab4,0x9e90aec7d768403dacc9dd0d8320307fda3f980eed4df43e3e52168a1c667709,20791555,20.787453634825294,20551029914193,,,,,
0xa3fba2493fbc26985b0d0f56e82a6c291cd2184eac48d229897620c4ac61d96a,1761422431,2025-10-25,2025-10-25 20:00,393354270,MarketWithdraw,0xa60643c90A542A95026C0F1dbdB0615fF42019Cf,0x9e90aec7d768403dacc9dd0d8320307fda3f980eed4df43e3e52168a1c667709,627524549,627.4627481454861,620260001497337,,,,,
0xef01f7b69b49981ab721d0d52694a9107664f169e62e899a768de02fe56e5757,1761423273,2025-10-25,2025-10-25 20:14,393357615,MarketSupply,0x46cE9AA8167Fa3E154395c25d19dB25DdFCfeab4,0x9e90aec7d768403dacc9dd0d8320307fda3f980eed4df43e3e52168a1c667709,1002272,1.0021732926806544,990666761244,,,,,
0x86e15c9a3bbd8164a95370fbaca4cf553cd84eea48a76b2ee53448f404455624,1761425147,2025-10-25,2025-10-25 20:45,393365082,MarketWithdraw,0x46cE9AA8167Fa3E154395c25d19dB25DdFCfeab4,0x9e90aec7d768403dacc9dd0d8320307fda3f980eed4df43e3e52168a1c667709,811763,0.8116830546860793,802359286697,,,,,
0xbbfbef15b25a51d914b6afad8a65c34c8a53ef5f8af7c00d657dd0a87fb3d6d5,1761427149,2025-10-25,2025-10-25 21:19,393373094,MarketWithdraw,0x46cE9AA8167Fa3E154395c25d19dB25DdFCfeab4,0x9e90aec7d768403dacc9dd0d8320307fda3f980eed4df43e3e52168a1c667709,10004086,10.003100761949288,9888138109935,,,,,
0xd10529f0582dd09c5b09751816c732853311ab1f302e94cb551a64b149f17600,1761430442,2025-10-25,2025-10-25 22:14,393386272,MarketSupply,0x46cE9AA8167Fa3E154395c25d19dB25DdFCfeab4,0x9e90aec7d768403dacc9dd0d8320307fda3f980eed4df43e3e52168a1c667709,9993376,9.992099149657339,9877457819637,,,,,
0x391d4ea0ea9c4e699aac637aebcb9a08b4c3f5eabc2f5495a5e3bd20f27a17e0,1761432587,2025-10-25,2025-10-25 22:49,393394855,MarketWithdraw,0x46cE9AA8167Fa3E154395c25d19dB25DdFCfeab4,0x9e90aec7d768403dacc9dd0d8320307fda3f980eed4df43e3e52168a1c667709,4377,0.004376440752159247,4326202046,,,,,
0x419fe5220e2854e04cd2de3440990d057cdfab7af21380ea05929f9e98fcc91b,1761434044,2025-10-25,2025-10-25 23:14,393400686,MarketWithdraw,0x46cE9AA8167Fa3E154395c25d19dB25DdFCfeab4,0x9e90aec7d768403dacc9dd0d8320307fda3f980eed4df43e3e52168a1c667709,1002973,1.0028448504718794,991328648427,,,,,
0x90f05b5db2f3d93fb708ab43428c260a22e846c74dcaeb9ba23fb073754214bf,1761435924,2025-10-25,2025-10-25 23:45,393408206,MarketSupply,0x46cE9AA8167Fa3E154395c25d19dB25DdFCfeab4,0x9e90aec7d768403dacc9dd0d8320307fda3f980eed4df43e3e52168a1c667709,1836996,1.836761287629319,1815658871096,,,,,
0x001661ecc7e7516b5eecc3d53f20667bd2cfad937dac6343be42c62377c11d40,1761436827,2025-10-26,2025-10-26 00:00,393411819,MarketWithdraw,0xa60643c90A542A95026C0F1dbdB0615fF42019Cf,0x9e90aec7d768403dacc9dd0d8320307fda3f980eed4df43e3e52168a1c667709,626842809,626.7214745182431,619560262544458,,,,,
0xec0cdcb8f1c9ee5da1c4292905935ba8bd3a43019243b5360499a11703b8dbb7,1761438010,2025-10-26,2025-10-26 00:20,393416546,MarketWithdraw,0x46cE9AA8167Fa3E154395c25d19dB25DdFCfeab4,0x9e90aec7d768403dacc9dd0d8320307fda3f980eed4df43e3e52168a1c667709,1845088,1.8447308565613876,1823645839407,,,,,
0x9cbc40e96b8e586140396e8e8e4f9a57dc814570c6d7c227c0d031343bcabe9f,1761443414,2025-10-26,2025-10-26 01:50,393438168,MarketSupply,0x46cE9AA8167Fa3E154395c25d19dB25DdFCfeab4,0x9e90aec7d768403dacc9dd0d8320307fda3f980eed4df43e3e52168a1c667709,1849565,1.8492069899733576,1828042140269,,,,,
0xf5cc598cc02013253421c6bead52c24bcb9b99ff0a6848f455e9899d1cbed606,1761445486,2025-10-26,2025-10-26 02:24,393446466,MarketWithdraw,0x46cE9AA8167Fa3E154395c25d19dB25DdFCfeab4,0x9e90aec7d768403dacc9dd0d8320307fda3f980eed4df43e3e52168a1c667709,603864808,603.7442186844416,596834216870484,,,,,
0x067fc7a245174c9e549c7f0e44d2fe8adda7cab57ae64ad65b5fe293a31443ee,1761447440,2025-10-26,2025-10-26 02:57,393454268,MarketWithdraw,0x46cE9AA8167Fa3E154395c25d19dB25DdFCfeab4,0x9e90aec7d768403dacc9dd0d8320307fda3f980eed4df43e3e52168a1c667709,50000567,49.99058209266282,49418147292551,,,,,
0x13b7c03005a4addf0eefc4c51683168e664d363c7a8d76c62b7913beeccb14bc,1761448658,2025-10-26,2025-10-26 03:17,393459141,MarketWithdraw,0x4B6F1C9E5d470b97181786b26da0d0945A7cf027,0x9e90aec7d768403dacc9dd0d8320307fda3f980eed4df43e3e52168a1c667709,1844941331,1844.6773041376634,1823444525744494,,,,,
0x255175864d30148240e0ddd4cedc6921d2d188ea15adbf00758735b3cfe5bb52,1761448904,2025-10-26,2025-10-26 03:21,393460124,MarketSupply,0x46cE9AA8167Fa3E154395c25d19dB25DdFCfeab4,0x9e90aec7d768403dacc9dd0d8320307fda3f980eed4df43e3e52168a1c667709,887484,0.8873569934594903,877142627196,,,,,
0xaf407a3a5ecdb8c318b5ae3defe1391d307f2b4e1cb614a39c91dbdf4b2e41cf,1761450779,2025-10-26,2025-10-26 03:52,393467623,MarketSupply,0x46cE9AA8167Fa3E154395c25d19dB25DdFCfeab4,0x9e90aec7d768403dacc9dd0d8320307fda3f980eed4df43e3e52168a1c667709,49112027,49.10499864946445,48539486878490,,,,,
0xbb7e959c0464d0bea16f401158446ae6f566eada17175c3930bf458f35ed71f4,1761451235,2025-10-26,2025-10-26 04:00,393469445,MarketWithdraw,0xa60643c90A542A95026C0F1dbdB0615fF42019Cf,0x9e90aec7d768403dacc9dd0d8320307fda3f980eed4df43e3e52168a1c667709,627233883,627.1441204740611,619920870759095,,,,,
0x80d6693707f33966f4a27b06f97b18b8fd7f58db7a66c7a4822a15b4cd36de2f,1761452450,2025-10-26,2025-10-26 04:20,393474311,MarketSupply,0x46cE9AA8167Fa3E154395c25d19dB25DdFCfeab4,0x9e90aec7d768403dacc9dd0d8320307fda3f980eed4df43e3e52168a1c667709,150999515,150.9779056796981,149238463165505,,,,,
0x397548f174261711d6cdc2243744c2ac47e45e6ce95a4dca91ff0122e6530613,1761454079,2025-10-26,2025-10-26 04:47,393480829,MarketWithdraw,0x46cE9AA8167Fa3E154395c25d19dB25DdFCfeab4,0x9e90aec7d768403dacc9dd0d8320307fda3f980eed4df43e3e52168a1c667709,1187,0.0011868301301616872,1173150910,,,,,
0xe204b86c30d2f816a261e03c1c68cbb8f73ce204104ef24450aeb9662ef1c786,1761455770,2025-10-26,2025-10-26 05:16,393487593,MarketWithdraw,0x46cE9AA8167Fa3E154395c25d19dB25DdFCfeab4,0x9e90aec7d768403dacc9dd0d8320307fda3f980eed4df43e3e52168a1c667709,51001232,50.991238573791904,50405937724588,,,,,
0xa4af4169ba0e104b3b6e6200e65265242b571da689a6e54d02e4e31a82176a17,1761457384,2025-10-26,2025-10-26 05:43,393494053,MarketSupply,0x46cE9AA8167Fa3E154395c25d19dB25DdFCfeab4,0x9e90aec7d768403dacc9dd0d8320307fda3f980eed4df43e3e52168a1c667709,2926346,2.9257725977180637,2892175690323,,,,,
0x363bd523cd514666c46a2896aba340c3defc788d563c6a53149be20e33779392,1761459353,2025-10-26,2025-10-26 06:15,393501935,MarketSupply,0x46cE9AA8167Fa3E154395c25d19dB25DdFCfeab4,0x9e90aec7d768403dacc9dd0d8320307fda3f980eed4df43e3e52168a1c667709,49005809,48.996186754161194,48433302028083,,,,,
0xb77fb052bc1c6e9cacc232ba42829e20c78bd2dd3d26a1dae6b7c07230926978,1761463255,2025-10-26,2025-10-26 07:20,393517550,MarketSupply,0x46cE9AA8167Fa3E154395c25d19dB25DdFCfeab4,0x9e90aec7d768403dacc9dd0d8320307fda3f980eed4df43e3e52168a1c667709,200062897,200.04288454008895,197723437375204,,,,,
0x8d4a192b9697fab89dc4d7cbf2ace9f8bd743caf0bbc0dd1fb14dd2967ef99a3,1761464782,2025-10-26,2025-10-26 07:46,393523663,MarketWithdraw,0x4B6F1C9E5d470b97181786b26da0d0945A7cf027,0x9e90aec7d768403dacc9dd0d8320307fda3f980eed4df43e3e52168a1c667709,442896594489,442852.29117001954,437715590417346179,,,,,
0x3aa4ae44866b2e9e4f86a54cd2e9ca1e5131158c7c59a5adbbfb1386099d6216,1761464905,2025-10-26,2025-10-26 07:48,393524154,MarketSupply,0x46cE9AA8167Fa3E154395c25d19dB25DdFCfeab4,0x9e90aec7d768403dacc9dd0d8320307fda3f980eed4df43e3e52168a1c667709,250997813,250.9727054775871,248061539712095,,,,,
0x3a224514006562dd7a04cf2774e4fe1b0f84098b010ab77a56d29d6a9e792a26,1761465272,2025-10-26,2025-10-26 07:54,393525622,MarketSupply,0x4B6F1C9E5d470b97181786b26da0d0945A7cf027,0x9e90aec7d768403dacc9dd0d8320307fda3f980eed4df43e3e52168a1c667709,29748996934,29746.021116807195,29400945490090610,,,,,
0xe20f4fe52cd601aba66fe03bd9b6159b09f13f07d5c5646759e2dc97a4ee8ebd,1761465627,2025-10-26,2025-10-26 08:00,393527042,MarketWithdraw,0xa60643c90A542A95026C0F1dbdB0615fF42019Cf,0x9e90aec7d768403dacc9dd0d8320307fda3f980eed4df43e3e52168a1c667709,631123759,631.0606271593874,623739150348656,,,,,
0x80fbae4e93103922fe22660565450abd01b9b1bb03519b0859a8ddae444e4922,1761465640,2025-10-26,2025-10-26 08:00,393527095,MarketSupply,0x4B6F1C9E5d470b97181786b26da0d0945A7cf027,0x9e90aec7d768403dacc9dd0d8320307fda3f980eed4df43e3e52168a1c667709,33369821564,33366.48355267305,32979368915941321,,,,,
0xda878b87c97e2a0d95281301963a4bb4e11668f0ece2585b44a79e7e553738db,1761466008,2025-10-26,2025-10-26 08:06,393528568,MarketSupply,0x4B6F1C9E5d470b97181786b26da0d0945A7cf027,0x9e90aec7d768403dacc9dd0d8320307fda3f980eed4df43e3e52168a1c667709,379272025976,379234.0870761388,374833822335478765,,,,,
0x59c8ee096e1a2b188ba503ccc26b1c3712ff2276464eef0deb41e0b87f4f134d,1761472161,2025-10-26,2025-10-26 09:49,393553199,MarketWithdraw,0x46cE9AA8167Fa3E154395c25d19dB25DdFCfeab4,0x9e90aec7d768403dacc9dd0d8320307fda3f980eed4df43e3e52168a1c667709,1015040,1.0148368151094875,1003144193043,,,,,
0xe84ba0d6e1792d9076a4fe33465677b8f0ebbb3b94d8efed1eb3c2445823734c,1761476002,2025-10-26,2025-10-26 10:53,393568586,MarketWithdraw,0x46cE9AA8167Fa3E154395c25d19dB25DdFCfeab4,0x9e90aec7d768403dacc9dd0d8320307fda3f980eed4df43e3e52168a1c667709,7823,0.007821434036689709,7731231845,,,,,
0xd75f5bc01d7111f448d8610616983f6f555a867df8163910a1d9d2a360711208,1761479835,2025-10-26,2025-10-26 11:57,393583947,MarketSupply,0x46cE9AA8167Fa3E154395c25d19dB25DdFCfeab4,0x9e90aec7d768403dacc9dd0d8320307fda3f980eed4df43e3e52168a1c667709,992194,0.9919955611321299,980544107248,,,,,
0x6914b04440fc3e795ec8a1df15015b5df2071c40ec23797c12f8a753c86d8208,1761480022,2025-10-26,2025-10-26 12:00,393584695,MarketWithdraw,0xa60643c90A542A95026C0F1dbdB0615fF42019Cf,0x9e90aec7d768403dacc9dd0d8320307fda3f980eed4df43e3e52168a1c667709,627671933,627.5463985704647,620301756832239,,,,,
0x55df07893de6cd394ae2ee43976e55057e7352a8b4e2bc4ae75c204947a1c0fd,1761481609,2025-10-26,2025-10-26 12:26,393591065,MarketWithdraw,0x46cE9AA8167Fa3E154395c25d19dB25DdFCfeab4,0x9e90aec7d768403dacc9dd0d8320307fda3f980eed4df43e3e52168a1c667709,100003618,99.98361726955935,98828912182431,,,,,
0x1242d0bb3adfbfaa83a5767515f96508ad5918c6d3b70f2326e183b8014c0da9,1761483347,2025-10-26,2025-10-26 12:55,393598030,MarketSupply,0x46cE9AA8167Fa3E154395c25d19dB25DdFCfeab4,0x9e90aec7d768403dacc9dd0d8320307fda3f980eed4df43e3e52168a1c667709,99996960,99.9769606011598,98821834150604,,,,,
0x6d6267410594d8e12231947d9be6e0aee6d4acee3a03b2aa2a273b6cbd99fcbe,1761485268,2025-10-26,2025-10-26 13:27,393605732,MarketWithdraw,0x46cE9AA8167Fa3E154395c25d19dB25DdFCfeab4,0x9e90aec7d768403dacc9dd0d8320307fda3f980eed4df43e3e52168a1c667709,48003917,47.99854502633233,47439529059291,,,,,
0xbff861dde01fdd244a0b111ba119c2f340a4f240d0d87ec2be57cc401e68e494,1761486566,2025-10-26,2025-10-26 13:49,393610934,MarketSupply,0x3Ae7c943b2186033bfB772193A007ff41c69940B,0x9e90aec7d768403dacc9dd0d8320307fda3f980eed4df43e3e52168a1c667709,3764,0.0037635787821046953,3719732185,,,,,
0xdf87d7d84886e3755116830b19141610af27f54e1006a7003f9d14a932723dd3,1761487055,2025-10-26,2025-10-26 13:57,393612903,MarketWithdraw,0x46cE9AA8167Fa3E154395c25d19dB25DdFCfeab4,0x9e90aec7d768403dacc9dd0d8320307fda3f980eed4df43e3e52168a1c667709,103003396,102.99186920040586,101791844794034,,,,,
0xa19f5ddd3d2dfbc574af156df97f6a6f98659b7e5eedb177d4e49b96395949d2,1761488932,2025-10-26,2025-10-26 14:28,393620428,MarketSupply,0x46cE9AA8167Fa3E154395c25d19dB25DdFCfeab4,0x9e90aec7d768403dacc9dd0d8320307fda3f980eed4df43e3e52168a1c667709,127996995,127.98267124207247,126490774278608,,,,,
0x9a1358b869e3d1612051ee4bd0563a72035ba4c3589dfdd471adb85ef88457b0,1761490441,2025-10-26,2025-10-26 14:54,393626476,MarketSupply,0x46cE9AA8167Fa3E154395c25d19dB25DdFCfeab4,0x9e90aec7d768403dacc9dd0d8320307fda3f980eed4df43e3e52168a1c667709,22997024,22.994450472357187,22726304160969,,,,,
0x91ddfa234f6137d7f70770ef1c613b0c99b349c76a5003a4b7770e87ee4a9f01,1761491634,2025-10-26,2025-10-26 15:13,393631255,MarketSupply,0x64CA76e2525fc6Ab2179300c15e343d73e42f958,0x9e90aec7d768403dacc9dd0d8320307fda3f980eed4df43e3e52168a1c667709,200011712220,199990.91750319177,197656500220743725,,,,,
0x83a7e9f8f3ac2845817b6013a3bfabeb0a16d04bc5dc7b5a442b7f0d3bda3de9,1761492461,2025-10-26,2025-10-26 15:27,393634561,MarketWithdraw,0x46cE9AA8167Fa3E154395c25d19dB25DdFCfeab4,0x9e90aec7d768403dacc9dd0d8320307fda3f980eed4df43e3e52168a1c667709,4097,0.004096574045170567,4048746726,,,,,
0x29eb307d18274463b9a5b8af27016b7b4af35dc3a6aa91e24c2d26520e48fa76,1761494119,2025-10-26,2025-10-26 15:55,393641206,MarketWithdraw,0x46cE9AA8167Fa3E154395c25d19dB25DdFCfeab4,0x9e90aec7d768403dacc9dd0d8320307fda3f980eed4df43e3e52168a1c667709,100003335,99.99293790370939,98825055914272,,,,,
0x0ca7d24791d1f3eb1b6049b070ac04752248ad8a7a469ecfeda248e1503fa35a,1761494432,2025-10-26,2025-10-26 16:00,393642457,MarketWithdraw,0xa60643c90A542A95026C0F1dbdB0615fF42019Cf,0x9e90aec7d768403dacc9dd0d8320307fda3f980eed4df43e3e52168a1c667709,625363716,625.2589171176711,617994878337091,,,,,
0xa7b840a3013214bc9703fe933e6d143a9687ed80cb5f28748b4b7418ffcfb1b3,1761496127,2025-10-26,2025-10-26 16:28,393649229,MarketSupply,0x46cE9AA8167Fa3E154395c25d19dB25DdFCfeab4,0x9e90aec7d768403dacc9dd0d8320307fda3f980eed4df43e3e52168a1c667709,79996535,79.98312912555654,79053529744345,,,,,
0x55c4527a83da86972a11df10cffb8b1af9edc386a4da1dea0c0d7028f83762ea,1761498009,2025-10-26,2025-10-26 17:00,393656762,MarketSupply,0x46cE9AA8167Fa3E154395c25d19dB25DdFCfeab4,0x9e90aec7d768403dacc9dd0d8320307fda3f980eed4df43e3e52168a1c667709,19996322,19.992971002584138,19760497417001,,,,,
0x93764c626a4a2bf67155acbf464c9829f8ad7e09854299c491595a763ef374f8,1761500812,2025-10-26,2025-10-26 17:46,393667985,MarketWithdraw,0x4B6F1C9E5d470b97181786b26da0d0945A7cf027,0x9e90aec7d768403dacc9dd0d8320307fda3f980eed4df43e3e52168a1c667709,546883783700,546792.1365387894,540429831371063975,,,,,
0x3fe5dc2ccd98b839ee4222bc67e7537be2e443c689fd103afa4e9b4339ad93ae,1761501659,2025-10-26,2025-10-26 18:00,393671370,MarketWithdraw,0x46cE9AA8167Fa3E154395c25d19dB25DdFCfeab4,0x9e90aec7d768403dacc9dd0d8320307fda3f980eed4df43e3e52168a1c667709,7426,0.007424777115518724,7338344708,,,,,
0x3e63654560611f6c6f066adc5227d1032d3c73271870d76b91ffe6e8778df6e6,1761501669,2025-10-26,2025-10-26 18:01,393671411,MarketSupply,0x4B6F1C9E5d470b97181786b26da0d0945A7cf027,0x9e90aec7d768403dacc9dd0d8320307fda3f980eed4df43e3e52168a1c667709,16114458706,16111.805040301679,15924245785811755,,,,,
0xdc94044bbeb8d06efc7cce625bb51ba6b3dee285c08dc3bb64aaa387c03d1867,1761502038,2025-10-26,2025-10-26 18:07,393672884,MarketSupply,0x4B6F1C9E5d470b97181786b26da0d0945A7cf027,0x9e90aec7d768403dacc9dd0d8320307fda3f980eed4df43e3e52168a1c667709,529728533189,529641.299577025,523475115478060177,,,,,
0x0268d568139bbb3571e9f909b86010d00c4f561f5cae0e4ca9bb9f56f54a9b7f,1761503671,2025-10-26,2025-10-26 18:34,393679420,MarketWithdraw,0x46cE9AA8167Fa3E154395c25d19dB25DdFCfeab4,0x9e90aec7d768403dacc9dd0d8320307fda3f980eed4df43e3e52168a1c667709,602004075,601.904939335984,594894668716908,,,,,
0x98b918b75cd6e9790ee5e56d6fa0696878d451d33edcc80cf12bc710c78a34f6,1761505299,2025-10-26,2025-10-26 19:01,393685929,MarketSupply,0x46cE9AA8167Fa3E154395c25d19dB25DdFCfeab4,0x9e90aec7d768403dacc9dd0d8320307fda3f980eed4df43e3e52168a1c667709,551999529,551.9086278880036,545478113811127,,,,,
0xd89b20a8844854553bbe962d92e1a2c35711a1ca04ea4e8831f0b1e7c084502a,1761507115,2025-10-26,2025-10-26 19:31,393693196,MarketWithdraw,0x46cE9AA8167Fa3E154395c25d19dB25DdFCfeab4,0x9e90aec7d768403dacc9dd0d8320307fda3f980eed4df43e3e52168a1c667709,3392,0.0033914414187772033,3351908928,,,,,
0x78c81192210d4cfd7092fa14fad621e7f217f1567718e82dbbc13df3ec46cc92,1761508647,2025-10-26,2025-10-26 19:57,393699324,MarketWithdraw,0x46cE9AA8167Fa3E154395c25d19dB25DdFCfeab4,0x9e90aec7d768403dacc9dd0d8320307fda3f980eed4df43e3e52168a1c667709,150002862,149.97816011849088,148229283217486,,,,,
0xb7f583b406281039fb28572caa0f5acac005090e382cfeb156ca54a1159fdebc,1761508830,2025-10-26,2025-10-26 20:00,393700053,MarketWithdraw,0xa60643c90A542A95026C0F1dbdB0615fF42019Cf,0x9e90aec7d768403dacc9dd0d8320307fda3f980eed4df43e3e52168a1c667709,620343727,620.2783952366565,613008689548627,,,,,
0xd061975ad0ff179f07275866ca58adcac922aeec7e41dbd982c87fe525952e9c,1761510535,2025-10-26,2025-10-26 20:28,393706866,MarketSupply,0x46cE9AA8167Fa3E154395c25d19dB25DdFCfeab4,0x9e90aec7d768403dacc9dd0d8320307fda3f980eed4df43e3e52168a1c667709,101070369,101.05972473111946,99874810619667,,,,,
0xe8ed0bfe4dae91c86627a3fa22f8fe35a7c2490b9ab3f6e4dca09212c423127a,1761512495,2025-10-26,2025-10-26 21:01,393714707,MarketSupply,0x46cE9AA8167Fa3E154395c25d19dB25DdFCfeab4,0x9e90aec7d768403dacc9dd0d8320307fda3f980eed4df43e3e52168a1c667709,99002244,98.99181753658308,97830600899231,,,,,
0x45537e9058d41ba50d93a93e34bcf2c0a408407624861b4d23975885b6c6e16f,1761514187,2025-10-26,2025-10-26 21:29,393721475,MarketWithdraw,0x46cE9AA8167Fa3E154395c25d19dB25DdFCfeab4,0x9e90aec7d768403dacc9dd0d8320307fda3f980eed4df43e3e52168a1c667709,101082120,101.0714744935579,99885379161635,,,,,
0x9222c51dd97e3efc9d757a59b7e240fe99f718a05d5939cbb26902be44ec0d89,1761516044,2025-10-26,2025-10-26 22:00,393728908,MarketSupply,0x46cE9AA8167Fa3E154395c25d19dB25DdFCfeab4,0x9e90aec7d768403dacc9dd0d8320307fda3f980eed4df43e3e52168a1c667709,66996803,66.98322016678698,66203256580094,,,,,
0x5d4f2c1c782ffac73908a9151e9cffa11dbd1b0fc47f55db54533491da60bf92,1761517929,2025-10-26,2025-10-26 22:32,393736443,MarketSupply,0x46cE9AA8167Fa3E154395c25d19dB25DdFCfeab4,0x9e90aec7d768403dacc9dd0d8320307fda3f980eed4df43e3e52168a1c667709,33996393,33.989500621329874,33593540198656,,,,,
0xa47435279c65f16591ff2ba20005e11570f83bbd6a398346c6874052a8e51649,1761519546,2025-10-26,2025-10-26 22:59,393742916,MarketWithdraw,0x46cE9AA8167Fa3E154395c25d19dB25DdFCfeab4,0x9e90aec7d768403dacc9dd0d8320307fda3f980eed4df43e3e52168a1c667709,200003251,199.96270263532062,197632324746230,,,,,
0xf4accd10056f7a48f200d766e8c452bf723cf6418476b2bf8e1e278a31b3b379,1761521357,2025-10-26,2025-10-26 23:29,393750169,MarketSupply,0x46cE9AA8167Fa3E154395c25d19dB25DdFCfeab4,0x9e90aec7d768403dacc9dd0d8320307fda3f980eed4df43e3e52168a1c667709,169997395,169.96292997839393,167981301336202,,,,,
0xb016301095c80deaf99376e4770e5653497536ae6940924efc8f26fdb9fe60b8,1761523038,2025-10-26,2025-10-26 23:57,393756897,MarketSupply,0x46cE9AA8167Fa3E154395c25d19dB25DdFCfeab4,0x9e90aec7d768403dacc9dd0d8320307fda3f980eed4df43e3e52168a1c667709,30105434,30.09933046862959,29748253913684,,,,,
0x43f5b4af9038c81431b9dec5fa71552ccba31662c87a9b769dba8eab18aafddb,1761523226,2025-10-27,2025-10-27 00:00,393757653,MarketWithdraw,0xa60643c90A542A95026C0F1dbdB0615fF42019Cf,0x9e90aec7d768403dacc9dd0d8320307fda3f980eed4df43e3e52168a1c667709,617634619,617.509191583191,610306484687881,,,,,
0xc9d7ecbdf189fc2a578cd34c8212e90cc9c5df396b8e3ca7703b8f61d991339c,1761524877,2025-10-27,2025-10-27 00:27,393764266,MarketWithdraw,0x46cE9AA8167Fa3E154395c25d19dB25DdFCfeab4,0x9e90aec7d768403dacc9dd0d8320307fda3f980eed4df43e3e52168a1c667709,112366,0.11234318104412608,111032271490,,,,,
0xd260096c0216acefdfd3c66d0822905bdb4ad4e1d56b4dac95a7d2fc8a15ebb6,1761525059,2025-10-27,2025-10-27 00:30,393764999,MarketWithdraw,0x4B6F1C9E5d470b97181786b26da0d0945A7cf027,0x9e90aec7d768403dacc9dd0d8320307fda3f980eed4df43e3e52168a1c667709,3098490458160,3097861.225856274,3061711324744349885,,,,,
0x604ca4ed843db8732dfb29a81d87638fcad56517382c753d35e4365e829eee9c,1761525089,2025-10-27,2025-10-27 00:31,393765117,MarketSupply,0x4B6F1C9E5d470b97181786b26da0d0945A7cf027,0x9e90aec7d768403dacc9dd0d8320307fda3f980eed4df43e3e52168a1c667709,1069744957652,1069527.7170010468,1057046649393472276,,,,,
0xd145ed1fa5986407628d43cdf16c5465f3680f2010e99d5a506cbdaa255b48b8,1761525149,2025-10-27,2025-10-27 00:32,393765360,MarketWithdraw,0x4B6F1C9E5d470b97181786b26da0d0945A7cf027,0x9e90aec7d768403dacc9dd0d8320307fda3f980eed4df43e3e52168a1c667709,109745024697,109722.73800106045,108442251845814134,,,,,
0x9cda88e2af9e80f3929babda0c27afd35440d428017a8141b6bf29aaf1062b99,1761525210,2025-10-27,2025-10-27 00:33,393765603,MarketWithdraw,0x4B6F1C9E5d470b97181786b26da0d0945A7cf027,0x9e90aec7d768403dacc9dd0d8320307fda3f980eed4df43e3e52168a1c667709,50000002635,49989.84878193213,49406430603757224,,,,,
0x8a5322add89810fe2fcd6fad94f5ca4ba5f3f6d5a198e69ffa069965ce4d64c6,1761525511,2025-10-27,2025-10-27 00:38,393766810,MarketWithdraw,0x4B6F1C9E5d470b97181786b26da0d0945A7cf027,0x9e90aec7d768403dacc9dd0d8320307fda3f980eed4df43e3e52168a1c667709,20000001208,19995.939666741582,19762518424710823,,,,,
0x6c9ef1709c38b1194fbb6be2e60866395d2254bf01d75150d26ebdea2e5ad3d1,1761525572,2025-10-27,2025-10-27 00:39,393767055,MarketWithdraw,0x4B6F1C9E5d470b97181786b26da0d0945A7cf027,0x9e90aec7d768403dacc9dd0d8320307fda3f980eed4df43e3e52168a1c667709,70000000477,69985.78508335726,69168772138707749,,,,,
0x7576a98940cb0daf2b3a20d1ea86bda0f6a02946aee2d7a8469070da8908186c,1761525634,2025-10-27,2025-10-27 00:40,393767300,MarketWithdraw,0x4B6F1C9E5d470b97181786b26da0d0945A7cf027,0x9e90aec7d768403dacc9dd0d8320307fda3f980eed4df43e3e52168a1c667709,10000001649,9997.970878158574,9881248932415881,,,,,
0xac2287a98cdd98cddfed170664aa5c2b59c7c89b226399bd6108d0ffc8666ecd,1761528895,2025-10-27,2025-10-27 01:34,393780360,MarketWithdraw,0x64CA76e2525fc6Ab2179300c15e343d73e42f958,0x9e90aec7d768403dacc9dd0d8320307fda3f980eed4df43e3e52168a1c667709,6267898023,6266.625156755682,6193272895831806,,,,,
0xda9b8df80b113514a9e75990ecd8129ec3236dda5f9c27d4f640885f1b4e24c0,1761529950,2025-10-27,2025-10-27 01:52,393784582,MarketWithdraw,0x46cE9AA8167Fa3E154395c25d19dB25DdFCfeab4,0x9e90aec7d768403dacc9dd0d8320307fda3f980eed4df43e3e52168a1c667709,543033007,542.9227294585301,536562283434523,,,,,
0x33d9bd49edba87d1305548e7e4978f20e6a3f9f4e05456b03171ceadc756316a,1761530240,2025-10-27,2025-10-27 01:57,393785746,MarketSupply,0x4B6F1C9E5d470b97181786b26da0d0945A7cf027,0x9e90aec7d768403dacc9dd0d8320307fda3f980eed4df43e3e52168a1c667709,16810930212,16807.516297873775,16610566848771672,,,,,
0x1385f5924ae09aaab4d2dbb2374df9f04c31c92d6de30863b61457926a8ef3c8,1761531270,2025-10-27,2025-10-27 02:14,393789870,MarketSupply,0x4B6F1C9E5d470b97181786b26da0d0945A7cf027,0x9e90aec7d768403dacc9dd0d8320307fda3f980eed4df43e3e52168a1c667709,215944758056,215896.1068494999,213368901848097792,,,,,
0x392aac3e5446e43a5eaaf32471e4692467ea45c2705f69d4d5c1d22a763edb75,1761531880,2025-10-27,2025-10-27 02:24,393792310,MarketWithdraw,0x4B6F1C9E5d470b97181786b26da0d0945A7cf027,0x9e90aec7d768403dacc9dd0d8320307fda3f980eed4df43e3e52168a1c667709,35944821016,35936.722838829126,35515873572850155,,,,,
0x054f43813f90a633ab902f025a67ac85ba01562abd6df6c3c9b0ec39bbdcec35,1761531904,2025-10-27,2025-10-27 02:25,393792410,MarketWithdraw,0x46cE9AA8167Fa3E154395c25d19dB25DdFCfeab4,0x9e90aec7d768403dacc9dd0d8320307fda3f980eed4df43e3e52168a1c667709,9002884,9.000855698074435,8895446233816,,,,,
0x107e662f4369f613646bf263d564460a83e2d08aa5223a0e7de8e46cb4430118,1761532185,2025-10-27,2025-10-27 02:29,393793533,MarketWithdraw,0x4B6F1C9E5d470b97181786b26da0d0945A7cf027,0x9e90aec7d768403dacc9dd0d8320307fda3f980eed4df43e3e52168a1c667709,9990998896,9988.747977039024,9871744961476489,,,,,
0x9137b3543107df7ad6c2bf418c78a6a165c3d04d0a4f2769600255689e4085ee,1761533100,2025-10-27,2025-10-27 02:45,393797204,MarketSupply,0x4B6F1C9E5d470b97181786b26da0d0945A7cf027,0x9e90aec7d768403dacc9dd0d8320307fda3f980eed4df43e3e52168a1c667709,30000068985,29993.310128872417,29641745226705163,,,,,
0x4b4897d6a9960674003dba84612879d928d772a42d64cd35139b622dc209521a,1761533661,2025-10-27,2025-10-27 02:54,393799444,MarketSupply,0x46cE9AA8167Fa3E154395c25d19dB25DdFCfeab4,0x9e90aec7d768403dacc9dd0d8320307fda3f980eed4df43e3e52168a1c667709,50201997,50.19068675683989,49602137722384,,,,,
0x92a41ee5826f938b5ad639b599077d73b2fb5071401c176cbbdc92d8772db58c,1761534260,2025-10-27,2025-10-27 03:04,393801847,MarketSupply,0x4B6F1C9E5d470b97181786b26da0d0945A7cf027,0x9e90aec7d768403dacc9dd0d8320307fda3f980eed4df43e3e52168a1c667709,29949729722,29942.982207040877,29591708968393612,,,,,
0x39855ab1c60b6eb1f2fa8982ab3d048af9ed95eea2f4739a6e5427d3a0429a54,1761534953,2025-10-27,2025-10-27 03:15,393804619,MarketWithdraw,0x46cE9AA8167Fa3E154395c25d19dB25DdFCfeab4,0x9e90aec7d768403dacc9dd0d8320307fda3f980eed4df43e3e52168a1c667709,206564,0.20651746222844233,204093509959,,,,,
0xe8d0eb67c62436609db195701603decda4b58e920823c21a6636d2d77c1886d0,1761535115,2025-10-27,2025-10-27 03:18,393805268,MarketSupply,0x4B6F1C9E5d470b97181786b26da0d0945A7cf027,0x9e90aec7d768403dacc9dd0d8320307fda3f980eed4df43e3e52168a1c667709,50000139653,49988.87488722753,49402073082506983,,,,,
0x99c7e660765ff8603b6e7404cacb120925d9abe4a6b6c39c6b8bb63c892752c1,1761536030,2025-10-27,2025-10-27 03:33,393808934,MarketSupply,0x4B6F1C9E5d470b97181786b26da0d0945A7cf027,0x9e90aec7d768403dacc9dd0d8320307fda3f980eed4df43e3e52168a1c667709,34979268166,34971.38752275547,34560605936492257,,,,,
0xfc874a97cffff10db785fab3543653d7699c70eb904a37ea58f68660e35ea498,1761536214,2025-10-27,2025-10-27 03:36,393809673,MarketSupply,0x4B6F1C9E5d470b97181786b26da0d0945A7cf027,0x9e90aec7d768403dacc9dd0d8320307fda3f980eed4df43e3e52168a1c667709,120515552429,120488.40091543477,119072937343036442,,,,,
0xe58e537f4372ac72e198ad6635077183cb84ce5c9abfae4ed67445079bee9f30,1761536972,2025-10-27,2025-10-27 03:49,393812708,MarketWithdraw,0x46cE9AA8167Fa3E154395c25d19dB25DdFCfeab4,0x9e90aec7d768403dacc9dd0d8320307fda3f980eed4df43e3e52168a1c667709,111003304,110.97829554545952,109673909811626,,,,,
0x940fcd1ac78d063624d5fbc7f59ff49c14981351f2b45d7d6c74140106ce797e,1761537254,2025-10-27,2025-10-27 03:54,393813835,MarketSupply,0x4B6F1C9E5d470b97181786b26da0d0945A7cf027,0x9e90aec7d768403dacc9dd0d8320307fda3f980eed4df43e3e52168a1c667709,74616260874,74599.4502269219,73722482847354559,,,,,
0xdbfd192eb9c3be05f00944c335933a712660ef9b3b6416696b3d46f2a6d0cbdb,1761537631,2025-10-27,2025-10-27 04:00,393815342,MarketWithdraw,0xa60643c90A542A95026C0F1dbdB0615fF42019Cf,0x9e90aec7d768403dacc9dd0d8320307fda3f980eed4df43e3e52168a1c667709,1765166114,1764.7684314542773,1744017473079601,,,,,
0x8c22da1489cb0bbb46e9d631dc64a252584588249bfbe47745ac1c6ec4a82d9d,1761537683,2025-10-27,2025-10-27 04:01,393815557,MarketWithdraw,0x4B6F1C9E5d470b97181786b26da0d0945A7cf027,0x9e90aec7d768403dacc9dd0d8320307fda3f980eed4df43e3e52168a1c667709,14152322642,14149.134198911543,13982756747801585,,,,,
0x7d4b2754aa6ae01dbd6ae9e4286f456f073a4f0f486548c146c482b26bb9e61f,1761538734,2025-10-27,2025-10-27 04:18,393819759,MarketSupply,0x48Cd090C9E8a9954B0955c8b87754031d90c4955,0x9e90aec7d768403dacc9dd0d8320307fda3f980eed4df43e3e52168a1c667709,45545418663,45539.76654809534,44999360895633723,,,,,
0x714eab13aa433f08d65d7466b0d067c0846bc9f919313ac4f9bb0b7a090278b4,1761540443,2025-10-27,2025-10-27 04:47,393826602,MarketWithdraw,0x46cE9AA8167Fa3E154395c25d19dB25DdFCfeab4,0x9e90aec7d768403dacc9dd0d8320307fda3f980eed4df43e3e52168a1c667709,2327,0.002326711222955695,2299072013,,,,,
0x3a3a9d1f4632aeb9114c8a11fc4f78d0d0571a49bd8aef442e58fb56203e8851,1761541600,2025-10-27,2025-10-27 05:06,393831233,MarketSupply,0x4B6F1C9E5d470b97181786b26da0d0945A7cf027,0x9e90aec7d768403dacc9dd0d8320307fda3f980eed4df43e3e52168a1c667709,10372138480,10369.913759553663,10247567800434236,,,,,
0x66c087b579a6531c719b3ed58a4dcb9b62cd2f7e3e2c7d2017f6140638a201cc,1761542065,2025-10-27,2025-10-27 05:14,393833095,MarketWithdraw,0x46cE9AA8167Fa3E154395c25d19dB25DdFCfeab4,0x9e90aec7d768403dacc9dd0d8320307fda3f980eed4df43e3e52168a1c667709,10001073,9.998927869405058,9880925223465,,,,,
0xe58b23867c2c08f2af074db903481f2e9b9c0cb591b3ea5416b9c0534ac98098,1761543562,2025-10-27,2025-10-27 05:39,393839093,MarketSupply,0x4B6F1C9E5d470b97181786b26da0d0945A7cf027,0x9e90aec7d768403dacc9dd0d8320307fda3f980eed4df43e3e52168a1c667709,70009940873,69994.92443765185,69168118611469037,,,,,
0x2c8c84a4c3e100caf4286d2595d3d9f5c90d53089a60d055be19c8ac829bebd6,1761543808,2025-10-27,2025-10-27 05:43,393840080,MarketSupply,0x4B6F1C9E5d470b97181786b26da0d0945A7cf027,0x9e90aec7d768403dacc9dd0d8320307fda3f980eed4df43e3e52168a1c667709,100000003532,99978.5545267712,98797399541145306,,,,,
0x0457b70c6f29866b5f00613d50942c5688cb48e60e67ee2889de4e6fa181beb3,1761543810,2025-10-27,2025-10-27 05:43,393840088,MarketSupply,0x46cE9AA8167Fa3E154395c25d19dB25DdFCfeab4,0x9e90aec7d768403dacc9dd0d8320307fda3f980eed4df43e3e52168a1c667709,10311178,10.308966354969744,10187175230399,,,,,
0x879d4beba6707fbefd5a453cb50b79954cd7c0eb479edb6cb34c303fa3ae3dcb,1761545252,2025-10-27,2025-10-27 06:07,393845860,MarketSupply,0x46cE9AA8167Fa3E154395c25d19dB25DdFCfeab4,0x9e90aec7d768403dacc9dd0d8320307fda3f980eed4df43e3e52168a1c667709,9686936,9.684858248664234,9570348341882,,,,,
0xb723bc3d0e57736a3f1b45156554a91ababee8b24b4ce5e5cc3946d15c885cf8,1761545468,2025-10-27,2025-10-27 06:11,393846727,MarketSupply,0x4B6F1C9E5d470b97181786b26da0d0945A7cf027,0x9e90aec7d768403dacc9dd0d8320307fda3f980eed4df43e3e52168a1c667709,79979950786,79963.12964962542,79017233724696425,,,,,
0x53e3f28cbc8869000802fc461c9db877cd1da227f6678f7e9e00c134b555b490,1761545530,2025-10-27,2025-10-27 06:12,393846976,MarketSupply,0x4B6F1C9E5d470b97181786b26da0d0945A7cf027,0x9e90aec7d768403dacc9dd0d8320307fda3f980eed4df43e3e52168a1c667709,240000060240,239949.58416814034,237111090724412357,,,,,
0xa422b2752b41c8b9e607e5f09fabf2a68da0c95a8a557dfb4cbb499f987aab77,1761545642,2025-10-27,2025-10-27 06:14,393847422,MarketWithdraw,0x64CA76e2525fc6Ab2179300c15e343d73e42f958,0x9e90aec7d768403dacc9dd0d8320307fda3f980eed4df43e3e52168a1c667709,189900019566,189860.08038005073,187614007825914168,,,,,
0x64ba04b7e73cb872b37d2de06c9ca1014c868606cfa31355137d10971c39b752,1761545654,2025-10-27,2025-10-27 06:14,393847471,MarketSupply,0x4B6F1C9E5d470b97181786b26da0d0945A7cf027,0x9e90aec7d768403dacc9dd0d8320307fda3f980eed4df43e3e52168a1c667709,129900278025,129872.95779948997,128336532175743118,,,,,
0x945bdf3bf87c21c6c9bb26916a7f1591a593f03249ece2a8f8e04580a9904568,1761545752,2025-10-27,2025-10-27 06:15,393847869,MarketSupply,0x3Ae7c943b2186033bfB772193A007ff41c69940B,0x9e90aec7d768403dacc9dd0d8320307fda3f980eed4df43e3e52168a1c667709,449500000,449.4054625474751,444088649473173,,,,,
0x09352b4dd032b966506e7097dee47034b4bf421e7318f93b3c9e5d06b0b1809b,1761546775,2025-10-27,2025-10-27 06:32,393851962,MarketSupply,0x46cE9AA8167Fa3E154395c25d19dB25DdFCfeab4,0x9e90aec7d768403dacc9dd0d8320307fda3f980eed4df43e3e52168a1c667709,22341975,22.337276104781147,22072880386103,,,,,
0x7f01027b6e8f8c482b5654a8c294896b48e4eab53912bd22bc8cc7013f65899e,1761546947,2025-10-27,2025-10-27 06:35,393852654,MarketSupply,0x4B6F1C9E5d470b97181786b26da0d0945A7cf027,0x9e90aec7d768403dacc9dd0d8320307fda3f980eed4df43e3e52168a1c667709,79527906800,79511.18073612123,78569967749797410,,,,,
0x54895fd03cc4efaebd476b31adc3be1b8ba383d57b632c27496c99bd603321e6,1761547062,2025-10-27,2025-10-27 06:37,393853111,MarketWithdraw,0x64CA76e2525fc6Ab2179300c15e343d73e42f958,0x9e90aec7d768403dacc9dd0d8320307fda3f980eed4df43e3e52168a1c667709,3896151131,3895.3317045204076,3849218355019484,,,,,
0xd61400f2d8489151a8e2e8ac950a858a9124c05f7981fd4a4f27b40dbfd3cf30,1761547469,2025-10-27,2025-10-27 06:44,393854742,MarketWithdraw,0x64CA76e2525fc6Ab2179300c15e343d73e42f958,0x9e90aec7d768403dacc9dd0d8320307fda3f980eed4df43e3e52168a1c667709,1157,0.0011567566633313207,1143060336,,,,,
0x64f9e82af0603ec0ae20eabdc0ad18dd1dea41ffce1255e538e4c26425ca12d9,1761548135,2025-10-27,2025-10-27 06:55,393857413,MarketWithdraw,0x3014ED70B39be395e1a5Eb8ab4c4b8a5378E6522,0x9e90aec7d768403dacc9dd0d8320307fda3f980eed4df43e3e52168a1c667709,38392536778,38384.462178171394,37929842418287216,,,,,
0x3893c88588e3eabc4852a4ea1960a35bac02b3859a409f67ab6c66f1f54ec2bb,1761548177,2025-10-27,2025-10-27 06:56,393857580,MarketSupply,0x4B6F1C9E5d470b97181786b26da0d0945A7cf027,0x9e90aec7d768403dacc9dd0d8320307fda3f980eed4df43e3e52168a1c667709,61480396697,61467.466329738694,60739440782777111,,,,,
0xe4bf6133645d56dd322d181bb598c8cca7ed664cf3a900d3a4ee39186af8cf35,1761548295,2025-10-27,2025-10-27 06:58,393858051,MarketWithdraw,0x46cE9AA8167Fa3E154395c25d19dB25DdFCfeab4,0x9e90aec7d768403dacc9dd0d8320307fda3f980eed4df43e3e52168a1c667709,22343877,22.339177704758377,22074576820531,,,,,
0x1d7bcb00517923d699b0f74f53145d2a5e71a7694614448099e24e0ac3a1c502,1761549007,2025-10-27,2025-10-27 07:10,393860905,MarketWithdraw,0xB34e17733245c7371E87E9DF64E705000B91D169,0x9e90aec7d768403dacc9dd0d8320307fda3f980eed4df43e3e52168a1c667709,92841,0.09282235368799761,91722082303,,,,,
0xdc585a90b0a1e52690180539c476465ee2ec16017c734240bbc30e7ff17b4d15,1761549039,2025-10-27,2025-10-27 07:10,393861031,MarketWithdraw,0x4B6F1C9E5d470b97181786b26da0d0945A7cf027,0x9e90aec7d768403dacc9dd0d8320307fda3f980eed4df43e3e52168a1c667709,329169314067,329103.20325677923,325200701481798399,,,,,
0x93847a57aac7820ee62443d4abd7da5f953f02be9cabaea22df39e266268a224,1761549101,2025-10-27,2025-10-27 07:11,393861280,MarketWithdraw,0x4B6F1C9E5d470b97181786b26da0d0945A7cf027,0x9e90aec7d768403dacc9dd0d8320307fda3f980eed4df43e3e52168a1c667709,39999969882,39991.93623395112,39517696247364006,,,,,
0x0a041e5363fb6c19df754ff4a349aaee1cdba666d43867f5d8f53390fec1ee13,1761550186,2025-10-27,2025-10-27 07:29,393865626,MarketSupply,0x46cE9AA8167Fa3E154395c25d19dB25DdFCfeab4,0x9e90aec7d768403dacc9dd0d8320307fda3f980eed4df43e3e52168a1c667709,50998832,50.98858932560798,50383579087526,,,,,
0x5d91fe9245caa61fc2ab38cc01c09ed7b02681e633f3d60b5828c7e26bf4ad8b,1761550330,2025-10-27,2025-10-27 07:32,393866205,MarketSupply,0x4B6F1C9E5d470b97181786b26da0d0945A7cf027,0x9e90aec7d768403dacc9dd0d8320307fda3f980eed4df43e3e52168a1c667709,119948940895,119924.85018748626,118501755006499100,,,,,
0x81177e336cc6fb838c4f86390b746de79da3c2fe873ff5ca45f2b38b9b49a5e9,1761551313,2025-10-27,2025-10-27 07:48,393870140,MarketWithdraw,0x4B6F1C9E5d470b97181786b26da0d0945A7cf027,0x9e90aec7d768403dacc9dd0d8320307fda3f980eed4df43e3e52168a1c667709,9999935568,9997.927167416155,9879225301600512,,,,,
0xae646dfafd3fe5c2976896bf091c3d3f9463b97929180e8d0ae588972c1954b1,1761551989,2025-10-27,2025-10-27 07:59,393872851,MarketWithdraw,0x4B6F1C9E5d470b97181786b26da0d0945A7cf027,0x9e90aec7d768403dacc9dd0d8320307fda3f980eed4df43e3e52168a1c667709,30000000581,29993.975340309946,29637741014603320,,,,,
0x75859776de528862e0311bca6a63ac0c76a934b2fc8c08d6adb27c31b5347af8,1761552034,2025-10-27,2025-10-27 08:00,393873029,MarketWithdraw,0xa60643c90A542A95026C0F1dbdB0615fF42019Cf,0x9e90aec7d768403dacc9dd0d8320307fda3f980eed4df43e3e52168a1c667709,1434813025,1434.5248552115524,1417486790627234,,,,,
0x53e912b897091f2fc7d7b09694c8dfefbb340371a9b64d5715caa0ac2f2f3d73,1761552042,2025-10-27,2025-10-27 08:00,393873061,MarketSupply,0x46cE9AA8167Fa3E154395c25d19dB25DdFCfeab4,0x9e90aec7d768403dacc9dd0d8320307fda3f980eed4df43e3e52168a1c667709,200998228,200.95785924404936,198571042711184,,,,,
0x0681c269afac46dc41943e10c7cb0af6214d63d1441e1e71ca7bd8c78067ce1f,1761552051,2025-10-27,2025-10-27 08:00,393873099,MarketSupply,0x4B6F1C9E5d470b97181786b26da0d0945A7cf027,0x9e90aec7d768403dacc9dd0d8320307fda3f980eed4df43e3e52168a1c667709,31233813094,31227.540052736174,30856642551863926,,,,,
0xbd3c99f2361cc26eccf4d52f274cb32e23ed21f0e007a0f6ba413850430b1624,1761553280,2025-10-27,2025-10-27 08:21,393878019,MarketSupply,0x4B6F1C9E5d470b97181786b26da0d0945A7cf027,0x9e90aec7d768403dacc9dd0d8320307fda3f980eed4df43e3e52168a1c667709,129999946410,129973.83704494518,128429107896924812,,,,,
0xac7da923f85342dbca0f6d960255af2d90a750b8ae51549647f637d937113dab,1761554236,2025-10-27,2025-10-27 08:37,393881857,MarketWithdraw,0x46cE9AA8167Fa3E154395c25d19dB25DdFCfeab4,0x9e90aec7d768403dacc9dd0d8320307fda3f980eed4df43e3e52168a1c667709,4713,0.004712053434705925,4656025104,,,,,
0x997414b2ff5c8a8775486f2613ab1f77b5dcaa06abe8b6d3376af7b107ec7bb9,1761555246,2025-10-27,2025-10-27 08:54,393885906,MarketSupply,0x4B6F1C9E5d470b97181786b26da0d0945A7cf027,0x9e90aec7d768403dacc9dd0d8320307fda3f980eed4df43e3e52168a1c667709,70000066878,69986.00796989695,69153437262304301,,,,,
0x42f6982a6019e96f578e4eedccf4108c40bc11e41d56c22009f7e8e43cb50f57,1761556013,2025-10-27,2025-10-27 09:06,393888983,MarketSupply,0x46cE9AA8167Fa3E154395c25d19dB25DdFCfeab4,0x9e90aec7d768403dacc9dd0d8320307fda3f980eed4df43e3e52168a1c667709,49996424,49.98705961015603,49391521335654,,,,,
0xc23a309d8a3e3135a140fd661af4c10c35ccad06a3ca38f0c41632db81610fe3,1761557776,2025-10-27,2025-10-27 09:36,393896057,MarketSupply,0x46cE9AA8167Fa3E154395c25d19dB25DdFCfeab4,0x9e90aec7d768403dacc9dd0d8320307fda3f980eed4df43e3e52168a1c667709,101403922,101.38492892446892,100176059788358,,,,,
0xba9b8c1610560b5ab00891b062397dadd09ee38596c4a85a6c3d2f4a03c42c16,1761558936,2025-10-27,2025-10-27 09:55,393900706,MarketSupply,0x4B6F1C9E5d470b97181786b26da0d0945A7cf027,0x9e90aec7d768403dacc9dd0d8320307fda3f980eed4df43e3e52168a1c667709,69848553473,69835.47075562889,69002337033071275,,,,,
0x2047603897e8a7028f217da0431d72341f5641641aca996ef842031ca28c5ad1,1761559306,2025-10-27,2025-10-27 10:01,393902190,MarketWithdraw,0x4B6F1C9E5d470b97181786b26da0d0945A7cf027,0x9e90aec7d768403dacc9dd0d8320307fda3f980eed4df43e3e52168a1c667709,29999946285,29994.327259281064,29636438062127881,,,,,
0xec2d871441baea12279938ab710133e3be8c49d3200b4775a9e78c86d3c8e03f,1761561212,2025-10-27,2025-10-27 10:33,393909803,MarketSupply,0x4B6F1C9E5d470b97181786b26da0d0945A7cf027,0x9e90aec7d768403dacc9dd0d8320307fda3f980eed4df43e3e52168a1c667709,49999949450,49990.58439983505,49393590355091702,,,,,
0x7ebcf3b8b5389e99883d7efb5084e6bba15b71776260b37d6df3a0ee974a95f7,1761561274,2025-10-27,2025-10-27 10:34,393910052,MarketSupply,0x4B6F1C9E5d470b97181786b26da0d0945A7cf027,0x9e90aec7d768403dacc9dd0d8320307fda3f980eed4df43e3e52168a1c667709,20000004151,19996.258126369303,19757453783145803,,,,,
0x78839b8610ea5d138e735cb047ed911e073e2d9bf1a045dd6d855d3aa59ad8f7,1761561891,2025-10-27,2025-10-27 10:44,393912528,MarketSupply,0x4B6F1C9E5d470b97181786b26da0d0945A7cf027,0x9e90aec7d768403dacc9dd0d8320307fda3f980eed4df43e3e52168a1c667709,20000001635,19996.25561084055,19757388148097663,,,,,
0xc40167f9613aea6ba5f82dcb52e1cab0132f3b47c3570b6207fd4b19127fb1ab,1761562754,2025-10-27,2025-10-27 10:59,393915983,MarketSupply,0x4B6F1C9E5d470b97181786b26da0d0945A7cf027,0x9e90aec7d768403dacc9dd0d8320307fda3f980eed4df43e3e52168a1c667709,60000001628,59988.76355613543,59271899880937717,,,,,
0x11f99cbad0ad104da0a16c786cf62f49319c7c2479f87cf4f8cd60a20b207bc5,1761565114,2025-10-27,2025-10-27 11:38,393925445,MarketSupply,0x46cE9AA8167Fa3E154395c25d19dB25DdFCfeab4,0x9e90aec7d768403dacc9dd0d8320307fda3f980eed4df43e3e52168a1c667709,99572858,99.55284614907136,98363402348262,,,,,
0x4db66059ac39ab4415a05e58b0e1272e2d9bc6577452866193bf001648f11a6a,1761565504,2025-10-27,2025-10-27 11:45,393927005,MarketRepay,0x23E69BF1ADA63B7EF0d7F453Fa64c61a257b72F1,0x9e90aec7d768403dacc9dd0d8320307fda3f980eed4df43e3e52168a1c667709,42135539829,42127.07155603092,41581179421871522,,,,,
0x4db66059ac39ab4415a05e58b0e1272e2d9bc6577452866193bf001648f11a6a,1761565504,2025-10-27,2025-10-27 11:45,393927005,MarketWithdrawCollateral,0x23E69BF1ADA63B7EF0d7F453Fa64c61a257b72F1,0x9e90aec7d768403dacc9dd0d8320307fda3f980eed4df43e3e52168a1c667709,39717611416,,,,,,,
0x24accb4a3764af889aeb67318891b795e7899e18a4ab90860bf2ad153e837de3,1761565522,2025-10-27,2025-10-27 11:45,393927079,MarketSupply,0x4B6F1C9E5d470b97181786b26da0d0945A7cf027,0x9e90aec7d768403dacc9dd0d8320307fda3f980eed4df43e3e52168a1c667709,37284978024,37277.48460222743,36832024844246584,,,,,
0x323a7973276b9f1da3e260bc7b272ab6ac274af60f95142f503ff63c3e519d77,1761566430,2025-10-27,2025-10-27 12:00,393930714,MarketWithdraw,0xa60643c90A542A95026C0F1dbdB0615fF42019Cf,0x9e90aec7d768403dacc9dd0d8320307fda3f980eed4df43e3e52168a1c667709,1168146022,1167.9112515562797,1153950087362138,,,,,
0x50af81ebde1bb50828f7264f587b5b3c64e6730ce1c67313f4b3c681e10cdb33,1761566445,2025-10-27,2025-10-27 12:00,393930776,MarketWithdraw,0x4B6F1C9E5d470b97181786b26da0d0945A7cf027,0x9e90aec7d768403dacc9dd0d8320307fda3f980eed4df43e3e52168a1c667709,8351890059,8350.211521472904,8250392858614387,,,,,
0x84380efafac8620c932fe58a4f4614648f26acbdc48138dcf304f459256a5941,1761566841,2025-10-27,2025-10-27 12:07,393932367,MarketWithdraw,0x46cE9AA8167Fa3E154395c25d19dB25DdFCfeab4,0x9e90aec7d768403dacc9dd0d8320307fda3f980eed4df43e3e52168a1c667709,151004868,150.9745194997298,149169492151466,,,,,
0xd2f5a680915daa9527ff552cabeabab93d9b389a6a6f927c39f837f98c25b23b,1761567286,2025-10-27,2025-10-27 12:14,393934149,MarketRepay,0x93e22ecd5b8a4dA8C0e97D7158C060612E7115A3,0x9e90aec7d768403dacc9dd0d8320307fda3f980eed4df43e3e52168a1c667709,143000000030,142984.82221416768,141117339381013315,,,,,
0xd2f5a680915daa9527ff552cabeabab93d9b389a6a6f927c39f837f98c25b23b,1761567286,2025-10-27,2025-10-27 12:14,393934149,MarketWithdrawCollateral,0x93e22ecd5b8a4dA8C0e97D7158C060612E7115A3,0x9e90aec7d768403dacc9dd0d8320307fda3f980eed4df43e3e52168a1c667709,130627952136,,,,,,,
0x06f32d8f461235cda5f7aee0f6310c0550cb92a9ff62e85819f7bca4096007de,1761567421,2025-10-27,2025-10-27 12:17,393934687,MarketRepay,0x93e22ecd5b8a4dA8C0e97D7158C060612E7115A3,0x9e90aec7d768403dacc9dd0d8320307fda3f980eed4df43e3e52168a1c667709,164953645945,164936.13800053496,162781857010469940,,,,,
0x06f32d8f461235cda5f7aee0f6310c0550cb92a9ff62e85819f7bca4096007de,1761567421,2025-10-27,2025-10-27 12:17,393934687,MarketWithdrawCollateral,0x93e22ecd5b8a4dA8C0e97D7158C060612E7115A3,0x9e90aec7d768403dacc9dd0d8320307fda3f980eed4df43e3e52168a1c667709,150268850001,,,,,,,
0xbe3f7b998e925647b30b6ca6f8ddfd6b958a927fdc63345c02257fa975c32939,1761567430,2025-10-27,2025-10-27 12:17,393934724,MarketWithdraw,0x4B6F1C9E5d470b97181786b26da0d0945A7cf027,0x9e90aec7d768403dacc9dd0d8320307fda3f980eed4df43e3e52168a1c667709,227802651500,227778.47285181918,225033248445938476,,,,,
0xeafd33daad41485d429a007d837e18c6e2023eb45ee7f4aa83664d39dd62c508,1761567688,2025-10-27,2025-10-27 12:21,393935758,MarketSupply,0x3014ED70B39be395e1a5Eb8ab4c4b8a5378E6522,0x9e90aec7d768403dacc9dd0d8320307fda3f980eed4df43e3e52168a1c667709,38395614061,38387.89742696603,37928795976319669,,,,,
0x8a7d618592b4600b342959447f0c40580156bb7c6bcf37308a26215bc88d081b,1761567861,2025-10-27,2025-10-27 12:24,393936449,MarketWithdraw,0x4B6F1C9E5d470b97181786b26da0d0945A7cf027,0x9e90aec7d768403dacc9dd0d8320307fda3f980eed4df43e3e52168a1c667709,58395629406,58383.89322955564,57685607920387235,,,,,
0xff925f1563e6cb21bbdf20495b6559af18d95f3c2c529235533e5b669a6f146b,1761568342,2025-10-27,2025-10-27 12:32,393938377,MarketSupply,0x46cE9AA8167Fa3E154395c25d19dB25DdFCfeab4,0x9e90aec7d768403dacc9dd0d8320307fda3f980eed4df43e3e52168a1c667709,251455424,251.40488725171977,248397508783906,,,,,
0x71283e64bdb67c6e736ed7b9988d37109b0bd0bfb7f61424dcc9093f45cce63a,1761569336,2025-10-27,2025-10-27 12:48,393942364,MarketWithdraw,0x4B6F1C9E5d470b97181786b26da0d0945A7cf027,0x9e90aec7d768403dacc9dd0d8320307fda3f980eed4df43e3e52168a1c667709,60251421922,60239.31277400566,59518457101197501,,,,,
0xf09254917cb2bda7094cddfbc4494514aa0eca9434e965d7d055a92f8e05ef93,1761569960,2025-10-27,2025-10-27 12:59,393944869,MarketWithdraw,0x46cE9AA8167Fa3E154395c25d19dB25DdFCfeab4,0x9e90aec7d768403dacc9dd0d8320307fda3f980eed4df43e3e52168a1c667709,463386,0.4632928700874849,457747565631,,,,,
0xf1ef4d9db4769ffa29017ff555a7c5db59d0ebc7337692f1020c4b4a5bbb2979,1761570759,2025-10-27,2025-10-27 13:12,393948066,MarketRepay,0x3d7f861e7faBe268C074DE3Ff1dd0b3A2EB3D70e,0x9e90aec7d768403dacc9dd0d8320307fda3f980eed4df43e3e52168a1c667709,102031769522,102021.28441105464,100686798496381806,,,,,
0xf1ef4d9db4769ffa29017ff555a7c5db59d0ebc7337692f1020c4b4a5bbb2979,1761570759,2025-10-27,2025-10-27 13:12,393948066,MarketWithdrawCollateral,0x3d7f861e7faBe268C074DE3Ff1dd0b3A2EB3D70e,0x9e90aec7d768403dacc9dd0d8320307fda3f980eed4df43e3e52168a1c667709,89479077862,,,,,,,
0xa349d66665e86881e506b0aa97e9a729eb70afe6b291a8ccc928f59efa85c332,1761572009,2025-10-27,2025-10-27 13:33,393953076,MarketWithdraw,0x46cE9AA8167Fa3E154395c25d19dB25DdFCfeab4,0x9e90aec7d768403dacc9dd0d8320307fda3f980eed4df43e3e52168a1c667709,6183,0.006182364615146058,6107712157,,,,,
0x87a56a21a45951d55855853f4360708527a2f9b4f13e84b402ea797cefda704d,1761573026,2025-10-27,2025-10-27 13:50,393957161,MarketRepay,0x93e22ecd5b8a4dA8C0e97D7158C060612E7115A3,0x9e90aec7d768403dacc9dd0d8320307fda3f980eed4df43e3e52168a1c667709,189819557200,189800.05073523746,187315450007849194,,,,,
0x87a56a21a45951d55855853f4360708527a2f9b4f13e84b402ea797cefda704d,1761573026,2025-10-27,2025-10-27 13:50,393957161,MarketWithdrawCollateral,0x93e22ecd5b8a4dA8C0e97D7158C060612E7115A3,0x9e90aec7d768403dacc9dd0d8320307fda3f980eed4df43e3e52168a1c667709,170914543746,,,,,,,
0x1388d103b2df88bcb656c7cfce449591ea4115cb64a5804a63f1c8bd3740d9e9,1761573078,2025-10-27,2025-10-27 13:51,393957370,MarketWithdraw,0x4B6F1C9E5d470b97181786b26da0d0945A7cf027,0x9e90aec7d768403dacc9dd0d8320307fda3f980eed4df43e3e52168a1c667709,201850840479,201830.09764109028,199392111656126005,,,,,
0x9d7022181a89f64c3da38fc17962c75d3c1a7512e03dd4be80d18ff341120491,1761573448,2025-10-27,2025-10-27 13:57,393958852,MarketSupply,0x4B6F1C9E5d470b97181786b26da0d0945A7cf027,0x9e90aec7d768403dacc9dd0d8320307fda3f980eed4df43e3e52168a1c667709,69999989092,69992.79566925293,69147219581756830,,,,,
0x50fc1be873bd392d32e9c3d05a3050cfc3d2ab43dd95d3d73a5aed0f5fd4e8e8,1761573634,2025-10-27,2025-10-27 14:00,393959593,MarketSupply,0x4B6F1C9E5d470b97181786b26da0d0945A7cf027,0x9e90aec7d768403dacc9dd0d8320307fda3f980eed4df43e3e52168a1c667709,59999970200,59993.80441117547,59268982540752476,,,,,
0x8b2d7b5c66beec6c14c04b31f57c2c08df9d6a91e4fc412681a64ac56220c646,1761573902,2025-10-27,2025-10-27 14:05,393960664,MarketWithdraw,0x46cE9AA8167Fa3E154395c25d19dB25DdFCfeab4,0x9e90aec7d768403dacc9dd0d8320307fda3f980eed4df43e3e52168a1c667709,5346,0.00534545062794288,5280863797,,,,,
0x05636fa11fce560b8f16b59144215806eccf7fdc3d534fa26255416c47f05b51,1761574708,2025-10-27,2025-10-27 14:18,393963895,MarketWithdrawCollateral,0x93e22ecd5b8a4dA8C0e97D7158C060612E7115A3,0x9e90aec7d768403dacc9dd0d8320307fda3f980eed4df43e3e52168a1c667709,6999349496,,,,,,,
0x39e0d653438d686b36bf36c0ffb024f865b1268e9f6b19aacaf51de64f85861a,1761574780,2025-10-27,2025-10-27 14:19,393964183,MarketSupplyCollateral,0x93e22ecd5b8a4dA8C0e97D7158C060612E7115A3,0x9e90aec7d768403dacc9dd0d8320307fda3f980eed4df43e3e52168a1c667709,6999349496,,,,,,,
0x08e51e18949a391b62499c284722e25bec6577095872bc1632485405b77d6fd1,1761575498,2025-10-27,2025-10-27 14:31,393967067,MarketWithdraw,0x46cE9AA8167Fa3E154395c25d19dB25DdFCfeab4,0x9e90aec7d768403dacc9dd0d8320307fda3f980eed4df43e3e52168a1c667709,4100,0.00409957867088773,4050021567,,,,,
0xdff6dfd93511c6955b4449707af7a6eb46554b07defd4a35cc355034592f3b4c,1761577429,2025-10-27,2025-10-27 15:03,393974810,MarketWithdraw,0x46cE9AA8167Fa3E154395c25d19dB25DdFCfeab4,0x9e90aec7d768403dacc9dd0d8320307fda3f980eed4df43e3e52168a1c667709,4962,0.00496113642584735,4901479314,,,,,
0xa57dbb133caf9a9a7edeeec3069138b92a0f263d152ff5df913feda962b918c2,1761579227,2025-10-27,2025-10-27 15:33,393982026,MarketWithdraw,0x46cE9AA8167Fa3E154395c25d19dB25DdFCfeab4,0x9e90aec7d768403dacc9dd0d8320307fda3f980eed4df43e3e52168a1c667709,4620,0.004619195946677701,4563620636,,,,,
0xf931330ece87b64d761d3609b97b64b4d7ad696b087e6353a7137d5868cdbfe4,1761580687,2025-10-27,2025-10-27 15:58,393987883,MarketRepay,0x93e22ecd5b8a4dA8C0e97D7158C060612E7115A3,0x9e90aec7d768403dacc9dd0d8320307fda3f980eed4df43e3e52168a1c667709,96806734730,96789.8867263895,95526685402502056,,,,,
0xf931330ece87b64d761d3609b97b64b4d7ad696b087e6353a7137d5868cdbfe4,1761580687,2025-10-27,2025-10-27 15:58,393987883,MarketWithdrawCollateral,0x93e22ecd5b8a4dA8C0e97D7158C060612E7115A3,0x9e90aec7d768403dacc9dd0d8320307fda3f980eed4df43e3e52168a1c667709,95186019160,,,,,,,
0xcc792f1039bb4131a665d4264ad8f7d53226aeeaf6d001602fcb5bd142652ae7,1761580828,2025-10-27,2025-10-27 16:00,393988448,MarketWithdraw,0xa60643c90A542A95026C0F1dbdB0615fF42019Cf,0x9e90aec7d768403dacc9dd0d8320307fda3f980eed4df43e3e52168a1c667709,858299425,858.15004870039,847820399519252,,,,,
0xd0bd59bb5a232f1ff7c34896bce663b6b282b9f632c2cbd4d32c482303fb471e,1761580836,2025-10-27,2025-10-27 16:00,393988479,MarketWithdraw,0x4B6F1C9E5d470b97181786b26da0d0945A7cf027,0x9e90aec7d768403dacc9dd0d8320307fda3f980eed4df43e3e52168a1c667709,205948401759,205912.55901080597,203433960905311711,,,,,
0xeeda9864bf2faae89dd47a3841a8531bf08b60c02a77cfbeefc383efd6ecbf2f,1761580960,2025-10-27,2025-10-27 16:02,393988975,MarketWithdraw,0x4B6F1C9E5d470b97181786b26da0d0945A7cf027,0x9e90aec7d768403dacc9dd0d8320307fda3f980eed4df43e3e52168a1c667709,10000016596,9998.276217955183,9877920661846985,,,,,
0xaa8c32dd361c35ad379a1eb6f4d3a3c4549b7bd9d8dce2c8fe2b7db0b34543e1,1761584471,2025-10-27,2025-10-27 17:01,394003052,MarketWithdraw,0x4B6F1C9E5d470b97181786b26da0d0945A7cf027,0x9e90aec7d768403dacc9dd0d8320307fda3f980eed4df43e3e52168a1c667709,9999966321,9998.225951704919,9877730548710391,,,,,
0x8c89b3a60e2d7667cd11f8545bafa0d797602df44e114ca8f05b90f10dd7a7d3,1761584972,2025-10-27,2025-10-27 17:09,394005061,MarketWithdraw,0x46cE9AA8167Fa3E154395c25d19dB25DdFCfeab4,0x9e90aec7d768403dacc9dd0d8320307fda3f980eed4df43e3e52168a1c667709,15882,0.01587886553345432,15687832369,,,,,
0x8896455ddd568654f0e0b9d6988902c3f354da853b8559ced91abe9470b0ea42,1761585705,2025-10-27,2025-10-27 17:21,394007999,MarketWithdraw,0x4B6F1C9E5d470b97181786b26da0d0945A7cf027,0x9e90aec7d768403dacc9dd0d8320307fda3f980eed4df43e3e52168a1c667709,70000019480,69986.20429807979,69144017186604450,,,,,
0xbfaea5ddab1c7b40014710a621bbf13400fccf000c43938579a0a4098ed25449,1761586611,2025-10-27,2025-10-27 17:36,394011628,MarketWithdraw,0x46cE9AA8167Fa3E154395c25d19dB25DdFCfeab4,0x9e90aec7d768403dacc9dd0d8320307fda3f980eed4df43e3e52168a1c667709,4872,0.004871038463605934,4812403326,,,,,
0x494fcf8f6d50603c087178e5812d71573d3150a13d37b4f4a853c07d1af1c5f4,1761587430,2025-10-27,2025-10-27 17:50,394014906,MarketSupply,0x4B6F1C9E5d470b97181786b26da0d0945A7cf027,0x9e90aec7d768403dacc9dd0d8320307fda3f980eed4df43e3e52168a1c667709,60000035942,59988.1943536988,59265875501372460,,,,,
0xac8de7eb4cf2be96c9a1596d48787c56d864d10d1d06d6c2d2b1911d3bde4d2b,1761588704,2025-10-27,2025-10-27 18:11,394020014,MarketWithdraw,0x46cE9AA8167Fa3E154395c25d19dB25DdFCfeab4,0x9e90aec7d768403dacc9dd0d8320307fda3f980eed4df43e3e52168a1c667709,6196,0.006194777159380618,6120153572,,,,,
0x97d33a468595dc4908f0fe40270345c59da84455e4e9ca4b890ecbc09c78da18,1761590396,2025-10-27,2025-10-27 18:39,394026792,MarketWithdraw,0x46cE9AA8167Fa3E154395c25d19dB25DdFCfeab4,0x9e90aec7d768403dacc9dd0d8320307fda3f980eed4df43e3e52168a1c667709,4910,0.004909030963937837,4849861878,,,,,
0x13bb5608dea36c7233dcc71ccb2b9408a86edecd4bba3a7c25789ad5746088cc,1761593959,2025-10-27,2025-10-27 19:39,394041056,MarketWithdraw,0x46cE9AA8167Fa3E154395c25d19dB25DdFCfeab4,0x9e90aec7d768403dacc9dd0d8320307fda3f980eed4df43e3e52168a1c667709,1010343,1.010195309586235,997953545254,,,,,
0xf13710572d5d6a5fe5a956becf2ec9c327da70691bcc3138d9c756c88b343c28,1761595091,2025-10-27,2025-10-27 19:58,394045588,MarketSupply,0xCAfc58De1E6A071790eFbB6B83b35397023E1544,0x9e90aec7d768403dacc9dd0d8320307fda3f980eed4df43e3e52168a1c667709,14625821613,14623.683632486773,14446403127273838,,,,,
0x569fff7dd0344eafab413b8bdee0e523023938a668fbc91541f546db2aa941b9,1761595205,2025-10-27,2025-10-27 20:00,394046043,MarketSupply,0xCAfc58De1E6A071790eFbB6B83b35397023E1544,0x9e90aec7d768403dacc9dd0d8320307fda3f980eed4df43e3e52168a1c667709,93432908019,93414.34517710192,92286701061693820,,,,,
0x32ef4bd42e1865c716cbd340df8b688409d6dc1ac1becf62378bc15147f69ea4,1761595222,2025-10-27,2025-10-27 20:00,394046108,MarketWithdraw,0xa60643c90A542A95026C0F1dbdB0615fF42019Cf,0x9e90aec7d768403dacc9dd0d8320307fda3f980eed4df43e3e52168a1c667709,891556586,891.3794554332651,880619180533120,,,,,
0x9fbf6c4eb856523d93537acefeade4977e89115482487cc4e7d3e5e1d49a1110,1761595251,2025-10-27,2025-10-27 20:00,394046228,MarketWithdraw,0x4B6F1C9E5d470b97181786b26da0d0945A7cf027,0x9e90aec7d768403dacc9dd0d8320307fda3f980eed4df43e3e52168a1c667709,47166205735,47156.834959343396,46587576808401939,,,,,
0xe7ae7bda7dfc707a2138d92b32742747903845f32c0f262f29903e8608e2559c,1761595908,2025-10-27,2025-10-27 20:11,394048859,MarketSupply,0x46cE9AA8167Fa3E154395c25d19dB25DdFCfeab4,0x9e90aec7d768403dacc9dd0d8320307fda3f980eed4df43e3e52168a1c667709,994464,0.9942664242379188,982261516825,,,,,
0x5bce35d2b61ddf4920cbc75eacc3fd7e9201ab51ef7fed3e4f8228130fe40640,1761597668,2025-10-27,2025-10-27 20:41,394055910,MarketWithdraw,0x46cE9AA8167Fa3E154395c25d19dB25DdFCfeab4,0x9e90aec7d768403dacc9dd0d8320307fda3f980eed4df43e3e52168a1c667709,4846,0.004845037217895222,4786504588,,,,,
0x778b969bd4ec136939b9840db6d185d7468b7c1ed5b1893d3ec61607578691f8,1761597740,2025-10-27,2025-10-27 20:42,394056198,MarketWithdraw,0x4B6F1C9E5d470b97181786b26da0d0945A7cf027,0x9e90aec7d768403dacc9dd0d8320307fda3f980eed4df43e3e52168a1c667709,420000928384,419917.4844347969,414844367243490064,,,,,
0xc3284a0d9b68d86a2df084772d3dfc2a73fb7b6a05eebdcfdd609d76884e7d18,1761597865,2025-10-27,2025-10-27 20:44,394056695,MarketSupply,0x4B6F1C9E5d470b97181786b26da0d0945A7cf027,0x9e90aec7d768403dacc9dd0d8320307fda3f980eed4df43e3e52168a1c667709,229999934260,229954.23887807562,227175954774174746,,,,,
0x8332f178b3e27a7648c455c4aaf52dd267a8783a813a78459bdce42631d54704,1761597990,2025-10-27,2025-10-27 20:46,394057198,MarketSupply,0x4B6F1C9E5d470b97181786b26da0d0945A7cf027,0x9e90aec7d768403dacc9dd0d8320307fda3f980eed4df43e3e52168a1c667709,10000017683,9998.030923183109,9877230023962554,,,,,
0x1c70e953dbbe6b4a80ebc6849711c151e79ba237afff3d3c20d82b0f5e8799b5,1761598239,2025-10-27,2025-10-27 20:50,394058194,MarketWithdraw,0x4B6F1C9E5d470b97181786b26da0d0945A7cf027,0x9e90aec7d768403dacc9dd0d8320307fda3f980eed4df43e3e52168a1c667709,39999999230,39992.05220493814,39508804494449000,,,,,
0x4738ad2afa108f7b4c143fb8dd38df4e9a31b09ad44f132add802e7d87504c27,1761598302,2025-10-27,2025-10-27 20:51,394058445,MarketSupply,0x4B6F1C9E5d470b97181786b26da0d0945A7cf027,0x9e90aec7d768403dacc9dd0d8320307fda3f980eed4df43e3e52168a1c667709,59999996889,59988.07635179582,59263187186822342,,,,,
0x79e60f002f6f1b0669930ca007aacb36b7753b8b95d28fe70beb685e4a8c7275,1761598365,2025-10-27,2025-10-27 20:52,394058702,MarketSupply,0x4B6F1C9E5d470b97181786b26da0d0945A7cf027,0x9e90aec7d768403dacc9dd0d8320307fda3f980eed4df43e3e52168a1c667709,15016959404,15013.975900124153,14832544500977914,,,,,
0x22b044a5f8e6271970a07d59d68f5759a6c66ea6c7edae6c5577e0d336847f29,1761598490,2025-10-27,2025-10-27 20:54,394059201,MarketSupply,0x4B6F1C9E5d470b97181786b26da0d0945A7cf027,0x9e90aec7d768403dacc9dd0d8320307fda3f980eed4df43e3e52168a1c667709,14983046432,14980.069665805244,14799039775258826,,,,,
0xa34f6b72e9c8915b99dddd8b6f7d340db7955e16b25346addd4fa31cfca411cc,1761598739,2025-10-27,2025-10-27 20:58,394060200,MarketWithdraw,0x4B6F1C9E5d470b97181786b26da0d0945A7cf027,0x9e90aec7d768403dacc9dd0d8320307fda3f980eed4df43e3e52168a1c667709,29999998835,29994.038566320327,29631536740559152,,,,,
0x7151a086c41d18a806c2ebd023f3be7c1af2753859b0d90b981f0bc6ccbce6b1,1761598802,2025-10-27,2025-10-27 21:00,394060451,MarketSupply,0x4B6F1C9E5d470b97181786b26da0d0945A7cf027,0x9e90aec7d768403dacc9dd0d8320307fda3f980eed4df43e3e52168a1c667709,49999997654,49990.06387294754,49385880170359873,,,,,
0xf0c20bd75dc6fe6c0e847b8b71d9ebb62d6b945ee2e28be30b439337f358f475,1761599459,2025-10-27,2025-10-27 21:10,394063081,MarketWithdraw,0x46cE9AA8167Fa3E154395c25d19dB25DdFCfeab4,0x9e90aec7d768403dacc9dd0d8320307fda3f980eed4df43e3e52168a1c667709,5644,0.005642878674742185,5574662607,,,,,
0xeeb5390b2c1f00c177670a075fc8adf5988aa7f8120a177c0ecb061f5eca87ac,1761601430,2025-10-27,2025-10-27 21:43,394070983,MarketWithdraw,0x46cE9AA8167Fa3E154395c25d19dB25DdFCfeab4,0x9e90aec7d768403dacc9dd0d8320307fda3f980eed4df43e3e52168a1c667709,5983,0.005981811323703489,5909447653,,,,,
0x6c90237990148dedc10ec5832c96633f9ef0a293a3ab0d768d7144d866b235aa,1761603093,2025-10-27,2025-10-27 22:11,394077640,MarketWithdraw,0x46cE9AA8167Fa3E154395c25d19dB25DdFCfeab4,0x9e90aec7d768403dacc9dd0d8320307fda3f980eed4df43e3e52168a1c667709,5049,0.005048018292772586,4986894014,,,,,
0x1d478189e37610f2e533d71ec380b20320c6e971af05862731a9723560725741,1761604715,2025-10-27,2025-10-27 22:38,394084133,MarketSupply,0x46cE9AA8167Fa3E154395c25d19dB25DdFCfeab4,0x9e90aec7d768403dacc9dd0d8320307fda3f980eed4df43e3e52168a1c667709,588945,0.5888304879059123,581696516549,,,,,
0x9005246c3bb46e820159393f4409400a6b9ecf34db096a74fb3bb4c5de40d73a,1761606638,2025-10-27,2025-10-27 23:10,394091839,MarketSupply,0x46cE9AA8167Fa3E154395c25d19dB25DdFCfeab4,0x9e90aec7d768403dacc9dd0d8320307fda3f980eed4df43e3e52168a1c667709,1714,0.0017138258859915967,1692890749,,,,,
0x7d33cc5b00bd4843ee4c280db7870b3f4b7bb93cd9e9e97649396344d2f2f994,1761608589,2025-10-27,2025-10-27 23:43,394099654,MarketWithdraw,0x46cE9AA8167Fa3E154395c25d19dB25DdFCfeab4,0x9e90aec7d768403dacc9dd0d8320307fda3f980eed4df43e3e52168a1c667709,30607370,30.601418826234678,30230161259586,,,,,
0x51c2d46a94a866654fa5fa4a2b4fd22bedc0086fab8e9ab0135dd0e23082e603,1761609628,2025-10-28,2025-10-28 00:00,394103819,MarketWithdraw,0xa60643c90A542A95026C0F1dbdB0615fF42019Cf,0x9e90aec7d768403dacc9dd0d8320307fda3f980eed4df43e3e52168a1c667709,923233370,923.0527493096712,911851237801425,,,,,
0x2f96da52f42a3f23d3554ff90453bb96ef9f55a986174c5fb0c103b9d1ba28ab,1761609659,2025-10-28,2025-10-28 00:00,394103939,MarketSupply,0x4B6F1C9E5d470b97181786b26da0d0945A7cf027,0x9e90aec7d768403dacc9dd0d8320307fda3f980eed4df43e3e52168a1c667709,60953270323,60941.34547049651,60201796575341247,,,,,
0xfb7f62c637dfc20135b6c02184b52d2da91481df3cc3c40639aebe00bca8b8ce,1761609844,2025-10-28,2025-10-28 00:04,394104685,MarketWithdraw,0x4B6F1C9E5d470b97181786b26da0d0945A7cf027,0x9e90aec7d768403dacc9dd0d8320307fda3f980eed4df43e3e52168a1c667709,39999995201,39992.16963166821,39506817785307251,,,,,
0x62f8cb67925f1f8cc460d78599d36ab8be53fb5269dd3cfb839eee26a23e4ae3,1761610305,2025-10-28,2025-10-28 00:11,394106533,MarketSupply,0x46cE9AA8167Fa3E154395c25d19dB25DdFCfeab4,0x9e90aec7d768403dacc9dd0d8320307fda3f980eed4df43e3e52168a1c667709,29995054,29.989185789928765,29625173785258,,,,,
0xa24614440cf98a31b3f22d5d30de50418a7976df8c7eefc2f2719019e422788e,1761610464,2025-10-28,2025-10-28 00:14,394107167,MarketSupply,0x4B6F1C9E5d470b97181786b26da0d0945A7cf027,0x9e90aec7d768403dacc9dd0d8320307fda3f980eed4df43e3e52168a1c667709,9970001780,9968.0512562618,9847051304247328,,,,,
0xab8935cbd79d80c0a3d770821c476877e9e62e3ce26bbc9018b7ffcba0cb8664,1761611743,2025-10-28,2025-10-28 00:35,394112284,MarketWithdraw,0x46cE9AA8167Fa3E154395c25d19dB25DdFCfeab4,0x9e90aec7d768403dacc9dd0d8320307fda3f980eed4df43e3e52168a1c667709,4268,0.00426716501165212,4215344107,,,,,
0x1f6bcbc976ea588302c7fc5d0f8e2b4f1fb4dff5a51bcf8a8ca753e8dd9fe2bc,1761611826,2025-10-28,2025-10-28 00:37,394112624,MarketSupply,0x4B6F1C9E5d470b97181786b26da0d0945A7cf027,0x9e90aec7d768403dacc9dd0d8320307fda3f980eed4df43e3e52168a1c667709,20000005024,19996.092237881774,19753250653309816,,,,,
0x0159d3d6d143367942ce866245dd1939798789ae5566392cab6138090a784f6a,1761613496,2025-10-28,2025-10-28 01:04,394119312,MarketWithdraw,0x4B6F1C9E5d470b97181786b26da0d0945A7cf027,0x9e90aec7d768403dacc9dd0d8320307fda3f980eed4df43e3e52168a1c667709,109999963616,109978.44330487381,108642063065252217,,,,,
0x0b167504886d17810b1a178cfdb962eee4f4583ad7d46a5dc55526264571d2e6,1761615576,2025-10-28,2025-10-28 01:39,394127641,MarketSupply,0x46cE9AA8167Fa3E154395c25d19dB25DdFCfeab4,0x9e90aec7d768403dacc9dd0d8320307fda3f980eed4df43e3e52168a1c667709,1625823,1.625504925196646,1605737739441,,,,,
0x485353cfc871be70c3d5001a5283d1126a02e9b588cca153a2369243d08f0b04,1761617428,2025-10-28,2025-10-28 02:10,394135055,MarketWithdraw,0x46cE9AA8167Fa3E154395c25d19dB25DdFCfeab4,0x9e90aec7d768403dacc9dd0d8320307fda3f980eed4df43e3e52168a1c667709,1643534,1.6432769278238015,1623216251696,,,,,
0x37ed7265b350e006d67eddb071451b103e94737cfb78f93c518af0a538235f28,1761617564,2025-10-28,2025-10-28 02:12,394135603,MarketWithdraw,0x4B6F1C9E5d470b97181786b26da0d0945A7cf027,0x9e90aec7d768403dacc9dd0d8320307fda3f980eed4df43e3e52168a1c667709,80000025892,79987.51274608882,79010998088115394,,,,,
0x50eca36a2d28e2a2923066f85274d8a992977b9d174b2da1e75bd57167bca0ea,1761617626,2025-10-28,2025-10-28 02:13,394135852,MarketSupply,0x4B6F1C9E5d470b97181786b26da0d0945A7cf027,0x9e90aec7d768403dacc9dd0d8320307fda3f980eed4df43e3e52168a1c667709,10000033600,9998.469452011817,9876401778040776,,,,,
0xf4db577c508954e230358c90c2aea6257afbaf0d60cd252e1dcac5d39eef50d0,1761619197,2025-10-28,2025-10-28 02:39,394142143,MarketWithdraw,0x46cE9AA8167Fa3E154395c25d19dB25DdFCfeab4,0x9e90aec7d768403dacc9dd0d8320307fda3f980eed4df43e3e52168a1c667709,5965,0.005964066988859967,5891209296,,,,,
0xc8dd36a32ca19718f42a0ee744a278bebe2439871605c62c9dcb2a4b89077c28,1761619988,2025-10-28,2025-10-28 02:53,394145311,MarketSupply,0x48Cd090C9E8a9954B0955c8b87754031d90c4955,0x9e90aec7d768403dacc9dd0d8320307fda3f980eed4df43e3e52168a1c667709,61781835,61.77217143917742,61017323336220,,,,,
0x81def3ea04b298a3581dd7dccec4de3e99f5ea1652d9053a5dc10fc8e642186f,1761620049,2025-10-28,2025-10-28 02:54,394145554,MarketSupply,0x72b7448f470D07222Dbf038407cD69CC380683F3,0x9e90aec7d768403dacc9dd0d8320307fda3f980eed4df43e3e52168a1c667709,1760923780056,1760648.3464426652,1739132935770393469,,,,,
0x9a36a63246fbeb0d6c917b257497e4bd3374a1da8383c9d332db8bbd98140005,1761620082,2025-10-28,2025-10-28 02:54,394145686,MarketWithdraw,0x4B6F1C9E5d470b97181786b26da0d0945A7cf027,0x9e90aec7d768403dacc9dd0d8320307fda3f980eed4df43e3e52168a1c667709,1290985545694,1290783.617128073,1275009911794117978,,,,,
0xa0737927e4d77d31c295be7665b90b9ceb1715499a99f9594097428d4c02dfb4,1761620844,2025-10-28,2025-10-28 03:07,394148737,MarketWithdraw,0x46cE9AA8167Fa3E154395c25d19dB25DdFCfeab4,0x9e90aec7d768403dacc9dd0d8320307fda3f980eed4df43e3e52168a1c667709,100004625,99.98898284925735,98766856817095,,,,,
0xb0981fcca0cd81da368315c7df86002c135366fd0a04f305af7bff87e14e151e,1761621255,2025-10-28,2025-10-28 03:14,394150382,MarketSupply,0x4B6F1C9E5d470b97181786b26da0d0945A7cf027,0x9e90aec7d768403dacc9dd0d8320307fda3f980eed4df43e3e52168a1c667709,246480591739,246433.05377338425,243429561871238474,,,,,
0xd02c8e8b1c8846e365a76ccce7ea3314c98972438af2160bf5c3e582ca3df4ef,1761622785,2025-10-28,2025-10-28 03:39,394156513,MarketWithdraw,0x46cE9AA8167Fa3E154395c25d19dB25DdFCfeab4,0x9e90aec7d768403dacc9dd0d8320307fda3f980eed4df43e3e52168a1c667709,3564,0.003563442539530079,3519867179,,,,,
0x1ee451183619c54ea0f8c5db1e6b75c6d152affda603b78b5f14cc10ced861ee,1761624025,2025-10-28,2025-10-28 04:00,394161481,MarketWithdraw,0xa60643c90A542A95026C0F1dbdB0615fF42019Cf,0x9e90aec7d768403dacc9dd0d8320307fda3f980eed4df43e3e52168a1c667709,14244690259,14242.262394313193,14068246273686903,,,,,
0xd49a75526d6c90745226c42e37ab97b3757352073bcf884bc2d01600da78df79,1761624031,2025-10-28,2025-10-28 04:00,394161506,MarketSupply,0x4B6F1C9E5d470b97181786b26da0d0945A7cf027,0x9e90aec7d768403dacc9dd0d8320307fda3f980eed4df43e3e52168a1c667709,654871621418,654760.0051135998,646759944438601065,,,,,
0xe39b70a114f6267d028234f6afe0cfdcfcba52564c8e89ad3ae55f6548dbe2d9,1761624094,2025-10-28,2025-10-28 04:01,394161763,MarketWithdraw,0x4B6F1C9E5d470b97181786b26da0d0945A7cf027,0x9e90aec7d768403dacc9dd0d8320307fda3f980eed4df43e3e52168a1c667709,279999260603,279951.53753533127,276530952477459705,,,,,
0x067890e4264f1e1fa1beaab99e3241dc2487ed70437838294e68c0c9a9e9cede,1761624499,2025-10-28,2025-10-28 04:08,394163385,MarketSupply,0x46cE9AA8167Fa3E154395c25d19dB25DdFCfeab4,0x9e90aec7d768403dacc9dd0d8320307fda3f980eed4df43e3e52168a1c667709,99996899,99.97985553078739,98758134713164,,,,,
0xb85f28e023d25978bc3eaf78b6fcf86bb90f18966472d648abb16d13057e88a9,1761626637,2025-10-28,2025-10-28 04:43,394171940,MarketWithdraw,0x46cE9AA8167Fa3E154395c25d19dB25DdFCfeab4,0x9e90aec7d768403dacc9dd0d8320307fda3f980eed4df43e3e52168a1c667709,503004433,502.9187009357723,496770068461073,,,,,
0xd4de5ac5b6ff076b241092919299fce74b4afcbb417d2f02d24854d9c9b16785,1761629981,2025-10-28,2025-10-28 05:39,394185337,MarketWithdraw,0x46cE9AA8167Fa3E154395c25d19dB25DdFCfeab4,0x9e90aec7d768403dacc9dd0d8320307fda3f980eed4df43e3e52168a1c667709,100001972,99.98492766614538,98761548346953,,,,,
0x1d97ea778c8a892cc97a55969d7f77719bf9fc7b7a9fb50d3a38c67b84dcbf92,1761630392,2025-10-28,2025-10-28 05:46,394186986,MarketWithdraw,0x4B6F1C9E5d470b97181786b26da0d0945A7cf027,0x9e90aec7d768403dacc9dd0d8320307fda3f980eed4df43e3e52168a1c667709,906395479240,906240.9932149396,895151472245697028,,,,,
0xd7798d2ced1292aa896dc9a9ecb51c2f791ea6f97d9f53805561a1eafa42d98f,1761630824,2025-10-28,2025-10-28 05:53,394188716,MarketSupply,0x4B6F1C9E5d470b97181786b26da0d0945A7cf027,0x9e90aec7d768403dacc9dd0d8320307fda3f980eed4df43e3e52168a1c667709,189890248403,189857.88351334046,187534284604038560,,,,,
0x44be066b13e4e181c6b3cdbdcbcff5c384667cb1ff415dca27f4607f6fdefb4a,1761631441,2025-10-28,2025-10-28 06:04,394191189,MarketSupply,0x4B6F1C9E5d470b97181786b26da0d0945A7cf027,0x9e90aec7d768403dacc9dd0d8320307fda3f980eed4df43e3e52168a1c667709,59999983727,59996.6133397678,59255437057455243,,,,,
0x5e8aec897789924762c876c89447716ac02ccdb1fc412a2b6bee88429fa34744,1761632058,2025-10-28,2025-10-28 06:14,394193660,MarketSupply,0x4B6F1C9E5d470b97181786b26da0d0945A7cf027,0x9e90aec7d768403dacc9dd0d8320307fda3f980eed4df43e3e52168a1c667709,114519697265,114513.26433449698,113098379057005426,,,,,
0x4fc5da1f4b8a4c50875a105f03aabf3a35cdf962879ea6589338ad482bc517b3,1761633231,2025-10-28,2025-10-28 06:33,394198361,MarketWithdraw,0x4B6F1C9E5d470b97181786b26da0d0945A7cf027,0x9e90aec7d768403dacc9dd0d8320307fda3f980eed4df43e3e52168a1c667709,64519668236,64516.04396391623,63718677744053601,,,,,
0x9310bcc2eb88b17b74ee53fa8eaaa5ec2dfd634c320eb596780169ea2c40a596,1761633442,2025-10-28,2025-10-28 06:37,394199207,MarketSupply,0x46cE9AA8167Fa3E154395c25d19dB25DdFCfeab4,0x9e90aec7d768403dacc9dd0d8320307fda3f980eed4df43e3e52168a1c667709,452998853,452.97340663392595,447374726091712,,,,,
0xacdbaac9aa64033eb278721f0e59819121605ba579728b1737c6a8c58fa2c464,1761634095,2025-10-28,2025-10-28 06:48,394201825,MarketWithdraw,0x4B6F1C9E5d470b97181786b26da0d0945A7cf027,0x9e90aec7d768403dacc9dd0d8320307fda3f980eed4df43e3e52168a1c667709,120452999301,120446.23307831615,118957293882925900,,,,,
0xae3cdbe0baa507d3c6e381cffe4aac16be60138b774a797dbb791a055cc3c3ec,1761635068,2025-10-28,2025-10-28 07:04,394205722,MarketWithdraw,0x48Cd090C9E8a9954B0955c8b87754031d90c4955,0x9e90aec7d768403dacc9dd0d8320307fda3f980eed4df43e3e52168a1c667709,15000000000,14999.157402963423,14813688857849297,,,,,
0x4d84c9f46f473449a56c2b5e0a8e082a5dd6adbc337bcf6879293b01d7dbd199,1761635151,2025-10-28,2025-10-28 07:05,394206056,MarketWithdraw,0x46cE9AA8167Fa3E154395c25d19dB25DdFCfeab4,0x9e90aec7d768403dacc9dd0d8320307fda3f980eed4df43e3e52168a1c667709,352003200,351.9834268764543,347630954963781,,,,,
0x0ddc6c9cf8b7031910821fad24e41779dc7cf822b3c04fa1c764821ca28fd010,1761635237,2025-10-28,2025-10-28 07:07,394206405,MarketWithdraw,0xa60643c90A542A95026C0F1dbdB0615fF42019Cf,0x9e90aec7d768403dacc9dd0d8320307fda3f980eed4df43e3e52168a1c667709,2000009115319,1999896.7685354205,1975166315166418029,,,,,
0xc4c80e1a248e7ffc645e358836b6b2fff545aba111abc5606e4bb8ed45e0b6f9,1761635268,2025-10-28,2025-10-28 07:07,394206529,MarketSupply,0x4B6F1C9E5d470b97181786b26da0d0945A7cf027,0x9e90aec7d768403dacc9dd0d8320307fda3f980eed4df43e3e52168a1c667709,1134323145370,1134259.4268819462,1120232912331598068,,,,,
0x5122e245b1d98cccf7dff4e724c6e2cdc45f39e3b7e124afa71279da683c7033,1761635331,2025-10-28,2025-10-28 07:08,394206779,MarketSupply,0x4B6F1C9E5d470b97181786b26da0d0945A7cf027,0x9e90aec7d768403dacc9dd0d8320307fda3f980eed4df43e3e52168a1c667709,340838175412,340819.02946289635,336604236321974095,,,,,
0xc00afaa35046570c882d40826ebe24a1631b2b9a650ed869474f22cfb1d478d5,1761635394,2025-10-28,2025-10-28 07:09,394207030,MarketSupply,0x4B6F1C9E5d470b97181786b26da0d0945A7cf027,0x9e90aec7d768403dacc9dd0d8320307fda3f980eed4df43e3e52168a1c667709,139999981673,139992.11743502144,138260834215984405,,,,,
0xcc15fec763f858b13823ce62a8d9b0838ff52ec1bf2b8ef0982f56a316551ea1,1761635457,2025-10-28,2025-10-28 07:10,394207281,MarketSupply,0x4B6F1C9E5d470b97181786b26da0d0945A7cf027,0x9e90aec7d768403dacc9dd0d8320307fda3f980eed4df43e3e52168a1c667709,59999992598,59996.62221026948,59254624989165720,,,,,
0x4fed30abbe100292d4da170ed2c7364cdd843477249e35e3e5f8167717fd9cee,1761637153,2025-10-28,2025-10-28 07:39,394214081,MarketWithdraw,0x46cE9AA8167Fa3E154395c25d19dB25DdFCfeab4,0x9e90aec7d768403dacc9dd0d8320307fda3f980eed4df43e3e52168a1c667709,1989,0.00198888827163295,1964275125,,,,,
0x981d7f453dac42e3090840d23537b00273b4322155111c113028a925b639d8fb,1761638425,2025-10-28,2025-10-28 08:00,394219176,MarketSupply,0xa60643c90A542A95026C0F1dbdB0615fF42019Cf,0x9e90aec7d768403dacc9dd0d8320307fda3f980eed4df43e3e52168a1c667709,997571378716,997515.3420035014,985164764573942305,,,,,
0x3249ffcbeb9816a3e8cb3371c401ffe6ab57b5c4125e1f13d98e631641d44b7f,1761638739,2025-10-28,2025-10-28 08:05,394220436,MarketSupply,0x46cE9AA8167Fa3E154395c25d19dB25DdFCfeab4,0x9e90aec7d768403dacc9dd0d8320307fda3f980eed4df43e3e52168a1c667709,501998590,501.9703911650467,495754862943204,,,,,
0xc5d769f5b630de33cfae7a38aeea2773f79ca219e264ba94672f09bfe83c6475,1761640511,2025-10-28,2025-10-28 08:35,394227533,MarketWithdraw,0x46cE9AA8167Fa3E154395c25d19dB25DdFCfeab4,0x9e90aec7d768403dacc9dd0d8320307fda3f980eed4df43e3e52168a1c667709,303003695,302.9436752720731,299233441712031,,,,,
0xe45635ab16559de749abf736a6f4c1ee71bbfaace2bb138c4f2b0df67c082862,1761642246,2025-10-28,2025-10-28 09:04,394234486,MarketWithdraw,0x46cE9AA8167Fa3E154395c25d19dB25DdFCfeab4,0x9e90aec7d768403dacc9dd0d8320307fda3f980eed4df43e3e52168a1c667709,244002058,243.95372546354443,240964717935350,,,,,
0x7cfb060302822cb7a9c39f0a3b9b646958f52920f22d9438c89cbd6cf98002f6,1761643826,2025-10-28,2025-10-28 09:30,394240817,MarketWithdraw,0x46cE9AA8167Fa3E154395c25d19dB25DdFCfeab4,0x9e90aec7d768403dacc9dd0d8320307fda3f980eed4df43e3e52168a1c667709,56000731,55.9896382354767,55303374198929,,,,,
0x7d5e0cf24097cb0965bc99bde13442e39b4a83024b5b720760ae2453e5075c00,1761647537,2025-10-28,2025-10-28 10:32,394255699,MarketWithdraw,0x46cE9AA8167Fa3E154395c25d19dB25DdFCfeab4,0x9e90aec7d768403dacc9dd0d8320307fda3f980eed4df43e3e52168a1c667709,50001101,49.99145865834724,49377912021172,,,,,
0xdab848f6eba4e59469336a99c84c40c4836858e3540882acdf00b1c26043b93c,1761651420,2025-10-28,2025-10-28 11:37,394271250,MarketWithdraw,0x72b7448f470D07222Dbf038407cD69CC380683F3,0x9e90aec7d768403dacc9dd0d8320307fda3f980eed4df43e3e52168a1c667709,1761102468979,1760924.1676438327,1739132935770393469,,,,,
0xbd204cca623b82a320505eee2e46803080b780cc00c7f3182746a102d09b448d,1761651482,2025-10-28,2025-10-28 11:38,394271499,MarketSupply,0x4B6F1C9E5d470b97181786b26da0d0945A7cf027,0x9e90aec7d768403dacc9dd0d8320307fda3f980eed4df43e3e52168a1c667709,532911764614,532857.8104115439,526263501774151931,,,,,
0x3a0732d8569350a3df4cf315358c8f6df1c2c49ec5c2db050e3c4ed5c19bd954,1761651544,2025-10-28,2025-10-28 11:39,394271748,MarketSupply,0x4B6F1C9E5d470b97181786b26da0d0945A7cf027,0x9e90aec7d768403dacc9dd0d8320307fda3f980eed4df43e3e52168a1c667709,159920567860,159904.37683689236,157925446734197825,,,,,
0xc54653f007965104437cc320c58fc3e0b1d09526d206f3743a74aa497142bbcd,1761652304,2025-10-28,2025-10-28 11:51,394274791,MarketWithdraw,0x4B6F1C9E5d470b97181786b26da0d0945A7cf027,0x9e90aec7d768403dacc9dd0d8320307fda3f980eed4df43e3e52168a1c667709,500035296091,499984.67043889046,493795109536995010,,,,,
0xe863806b4db8acde217398eb24cf30b0785ce4d47f42cde6505543f081bca414,1761652506,2025-10-28,2025-10-28 11:55,394275607,MarketWithdraw,0x4B6F1C9E5d470b97181786b26da0d0945A7cf027,0x9e90aec7d768403dacc9dd0d8320307fda3f980eed4df43e3e52168a1c667709,1438815190372,1438669.518740723,1420857492340947567,,,,,
0xf5fdb5aab55b8824a0843a49177c6481e26dd6a6fcdcba0952f7e2eca3ec00aa,1761652801,2025-10-28,2025-10-28 12:00,394276785,MarketSupply,0x46cE9AA8167Fa3E154395c25d19dB25DdFCfeab4,0x9e90aec7d768403dacc9dd0d8320307fda3f980eed4df43e3e52168a1c667709,603998918,603.9377666386135,596458066297043,,,,,
0xf9f6559ce234cba384d80a3740f1f3dd06bdf3f05b630dcb4918880fac6fd536,1761652827,2025-10-28,2025-10-28 12:00,394276890,MarketSupply,0xa60643c90A542A95026C0F1dbdB0615fF42019Cf,0x9e90aec7d768403dacc9dd0d8320307fda3f980eed4df43e3e52168a1c667709,1014384514819,1014281.8143137477,1001719693611554770,,,,,
0x6c9b3207f7098405ef14841247254db575e49300f6b284c88875dceb3bd65c59,1761652872,2025-10-28,2025-10-28 12:01,394277073,MarketWithdraw,0x4B6F1C9E5d470b97181786b26da0d0945A7cf027,0x9e90aec7d768403dacc9dd0d8320307fda3f980eed4df43e3e52168a1c667709,1014988455673,1014885.6940222649,1002315696125413115,,,,,
0x69112975d94fe280d993cfec466b2d62f87c525fba82dbb7f6e96cbc250d5840,1761654922,2025-10-28,2025-10-28 12:35,394285290,MarketSupply,0x46cE9AA8167Fa3E154395c25d19dB25DdFCfeab4,0x9e90aec7d768403dacc9dd0d8320307fda3f980eed4df43e3e52168a1c667709,49981139,49.97607870170739,49355707294841,,,,,
0x9eefb14f0c797503fb65f78c9f51d5383d0b71f6484bdacc54c62c15fd435291,1761658814,2025-10-28,2025-10-28 13:40,394300890,MarketWithdraw,0x46cE9AA8167Fa3E154395c25d19dB25DdFCfeab4,0x9e90aec7d768403dacc9dd0d8320307fda3f980eed4df43e3e52168a1c667709,1037716,1.0376560577829834,1024675795270,,,,,
0x4c9abe5bdd7b8314ce5881c4fcfedd69cee879c65f9e20e7de79dda75b21f319,1761660518,2025-10-28,2025-10-28 14:08,394307729,MarketWithdraw,0x46cE9AA8167Fa3E154395c25d19dB25DdFCfeab4,0x9e90aec7d768403dacc9dd0d8320307fda3f980eed4df43e3e52168a1c667709,16563,0.016562043261412137,16354479793,,,,,
0xc99d09470a6b9d31795489a7a91109ca1baf1ec92ec0161272d2cd3a075ba033,1761662161,2025-10-28,2025-10-28 14:36,394314314,MarketRepay,0x1597E4B7cF6D2877A1d690b6088668afDb045763,0x9e90aec7d768403dacc9dd0d8320307fda3f980eed4df43e3e52168a1c667709,1999997200000,1999881.6729519493,1972688750147990332,,,,,
0xae700d73e954b3aafdcde05c140ce172ad0170f97441b4bdb24e8a0dc7cf344a,1761662164,2025-10-28,2025-10-28 14:36,394314326,MarketWithdraw,0x4B6F1C9E5d470b97181786b26da0d0945A7cf027,0x9e90aec7d768403dacc9dd0d8320307fda3f980eed4df43e3e52168a1c667709,2000046114806,1999930.5849324537,1974821490703772493,,,,,
0x178fcec89e2376edf62da232ef6bdf66cabfef5704c62b83a88e2c58e3e07d00,1761662484,2025-10-28,2025-10-28 14:41,394315612,MarketSupply,0x46cE9AA8167Fa3E154395c25d19dB25DdFCfeab4,0x9e90aec7d768403dacc9dd0d8320307fda3f980eed4df43e3e52168a1c667709,980856,0.9807993422215576,968481120223,,,,,
0x2f74432ef16e5f990386e0bc14c3719ff62e9c08436703e88955344c86630fb2,1761662530,2025-10-28,2025-10-28 14:42,394315799,MarketRepay,0x1597E4B7cF6D2877A1d690b6088668afDb045763,0x9e90aec7d768403dacc9dd0d8320307fda3f980eed4df43e3e52168a1c667709,999998600000,999940.8364759746,986339348958696768,,,,,
0x92c1eef7f7f8125daf6c71c9107fdd35609dad8c7e3dbdd7299f0bcaf7eca7a8,1761662592,2025-10-28,2025-10-28 14:43,394316044,MarketWithdraw,0x4B6F1C9E5d470b97181786b26da0d0945A7cf027,0x9e90aec7d768403dacc9dd0d8320307fda3f980eed4df43e3e52168a1c667709,999999599658,999941.8360762309,987382054779070316,,,,,
0x1c82d8db53412722eccaf693845389c4b633092e06bc4920d410291ea1476062,1761663428,2025-10-28,2025-10-28 14:57,394319394,MarketRepay,0xd7Fc4Ab828AFc1bb4b217f337f1777Ca856Efd12,0x9e90aec7d768403dacc9dd0d8320307fda3f980eed4df43e3e52168a1c667709,14998023123,14997.156783118127,14792981134161505,,,,,
0x1c82d8db53412722eccaf693845389c4b633092e06bc4920d410291ea1476062,1761663428,2025-10-28,2025-10-28 14:57,394319394,MarketWithdrawCollateral,0xd7Fc4Ab828AFc1bb4b217f337f1777Ca856Efd12,0x9e90aec7d768403dacc9dd0d8320307fda3f980eed4df43e3e52168a1c667709,13000000000,,,,,,,
0xda81e6310f292d8b133a8e3523d97b4d9c80d217cd4b634ad8b6baa60004127b,1761663730,2025-10-28,2025-10-28 15:02,394320604,MarketRepay,0x1597E4B7cF6D2877A1d690b6088668afDb045763,0x9e90aec7d768403dacc9dd0d8320307fda3f980eed4df43e3e52168a1c667709,1999997200000,1999799.3655775916,1972646463305765924,,,,,
0xdfc4f8141238a33bddffcf73fd660d69c3b06ea6c2124e01822c5e0d7e6015c8,1761663748,2025-10-28,2025-10-28 15:02,394320674,MarketWithdraw,0x4B6F1C9E5d470b97181786b26da0d0945A7cf027,0x9e90aec7d768403dacc9dd0d8320307fda3f980eed4df43e3e52168a1c667709,2014995172492,2014795.854509902,1989539337423518155,,,,,
0xfe18d2b44c743f8195500c1efc479d5a201b3547c66b5607feea73779e5c6f70,1761664157,2025-10-28,2025-10-28 15:09,394322315,MarketRepay,0x1597E4B7cF6D2877A1d690b6088668afDb045763,0x9e90aec7d768403dacc9dd0d8320307fda3f980eed4df43e3e52168a1c667709,999998600000,999899.6827887958,986317554935659942,,,,,
0x6f008dd1cdaec599204cbe8f01543008a3b2f10b993786cb5b53fbd914ca4834,1761664175,2025-10-28,2025-10-28 15:09,394322384,MarketWithdraw,0x4B6F1C9E5d470b97181786b26da0d0945A7cf027,0x9e90aec7d768403dacc9dd0d8320307fda3f980eed4df43e3e52168a1c667709,999998598125,999899.6809139813,987359663323418008,,,,,
0x3d3d41ccc1ff2ce9c50f54fe671f8f782bdf24f4410c6105b2201e83cf9f7071,1761664552,2025-10-28,2025-10-28 15:15,394323900,MarketRepay,0x1597E4B7cF6D2877A1d690b6088668afDb045763,0x9e90aec7d768403dacc9dd0d8320307fda3f980eed4df43e3e52168a1c667709,999998600000,999899.6827887958,986312235493122109,,,,,
0xc68574d6f7a92bb8176a50d53a3b0ebde93b8deecb85d4bae607785385e0811b,1761664600,2025-10-28,2025-10-28 15:16,394324095,MarketWithdraw,0x4B6F1C9E5d470b97181786b26da0d0945A7cf027,0x9e90aec7d768403dacc9dd0d8320307fda3f980eed4df43e3e52168a1c667709,225071176969,225048.91352468295,222225270624881443,,,,,
0x7d1d974a6dda6882e701bdd412c4ddae5d24ca3fa535a533e6591f27e59c1c70,1761664790,2025-10-28,2025-10-28 15:19,394324862,MarketWithdraw,0x46cE9AA8167Fa3E154395c25d19dB25DdFCfeab4,0x9e90aec7d768403dacc9dd0d8320307fda3f980eed4df43e3e52168a1c667709,1021146,1.0210449909440351,1008232522003,,,,,
0x8b56610c49afe51ec8f0479ec4ca07351c0aabee3e2f7fb5631a3371d0291455,1761667229,2025-10-28,2025-10-28 16:00,394334645,MarketWithdraw,0xa60643c90A542A95026C0F1dbdB0615fF42019Cf,0x9e90aec7d768403dacc9dd0d8320307fda3f980eed4df43e3e52168a1c667709,2754249613,2753.9771699279013,2719362860347541,,,,,
0x052b551576c19a196ccc82b43c23d5d0becbb0daeb7e6c49ba36ce5f841694e7,1761667883,2025-10-28,2025-10-28 16:11,394337263,MarketRepay,0x1597E4B7cF6D2877A1d690b6088668afDb045763,0x9e90aec7d768403dacc9dd0d8320307fda3f980eed4df43e3e52168a1c667709,144076503736,144053.10171847622,142100401103230584,,,,,
0x215cb4f3b2c66791e62a4708a4899acc7a71121de12f328736d9bcd25b37f004,1761667961,2025-10-28,2025-10-28 16:12,394337576,MarketWithdraw,0x46cE9AA8167Fa3E154395c25d19dB25DdFCfeab4,0x9e90aec7d768403dacc9dd0d8320307fda3f980eed4df43e3e52168a1c667709,18896,0.018892930765866307,18656538486,,,,,
0xfa702beb466c9bced5dacfd48159b08f1517073881f83661f8202b645f9d5eab,1761668772,2025-10-28,2025-10-28 16:26,394340822,MarketRepay,0xd7Fc4Ab828AFc1bb4b217f337f1777Ca856Efd12,0x9e90aec7d768403dacc9dd0d8320307fda3f980eed4df43e3e52168a1c667709,1168965195,1168.8495640610324,1152923859014960,,,,,
0xfa702beb466c9bced5dacfd48159b08f1517073881f83661f8202b645f9d5eab,1761668772,2025-10-28,2025-10-28 16:26,394340822,MarketWithdrawCollateral,0xd7Fc4Ab828AFc1bb4b217f337f1777Ca856Efd12,0x9e90aec7d768403dacc9dd0d8320307fda3f980eed4df43e3e52168a1c667709,1145621878,,,,,,,
0xc3380965215df36f54895fa948a22020eb72b546fc563901567864163c979392,1761670102,2025-10-28,2025-10-28 16:48,394346152,MarketWithdraw,0x46cE9AA8167Fa3E154395c25d19dB25DdFCfeab4,0x9e90aec7d768403dacc9dd0d8320307fda3f980eed4df43e3e52168a1c667709,11383,0.011381874023808497,11238565780,,,,,
0x64cb9b39b2887ca0ad274347440689263fa2e56690ced7170cd44e97245927f5,1761670722,2025-10-28,2025-10-28 16:58,394348638,MarketWithdraw,0x3Ae7c943b2186033bfB772193A007ff41c69940B,0x9e90aec7d768403dacc9dd0d8320307fda3f980eed4df43e3e52168a1c667709,449801803,449.75730979776216,444092369205358,,,,,
0x7483585cefcd7905acf234a9ee009e012660e32f2210615a4bf669119338f9f7,1761671569,2025-10-28,2025-10-28 17:12,394352028,MarketWithdraw,0x46cE9AA8167Fa3E154395c25d19dB25DdFCfeab4,0x9e90aec7d768403dacc9dd0d8320307fda3f980eed4df43e3e52168a1c667709,100007808,99.99118670943754,98737753283777,,,,,
0xae9f361dfb981076673c67f5cdb19f5c0af8ace9cc14b5383bc8a4900b094277,1761673038,2025-10-28,2025-10-28 17:37,394357910,MarketSupply,0x46cE9AA8167Fa3E154395c25d19dB25DdFCfeab4,0x9e90aec7d768403dacc9dd0d8320307fda3f980eed4df43e3e52168a1c667709,100993285,100.97649992323038,99709604832817,,,,,
0x90078e4a7fa3a6966eaffe501b51dbdb6b7514120436fa1710b9b9196e910db8,1761676579,2025-10-28,2025-10-28 18:36,394372086,MarketWithdraw,0x46cE9AA8167Fa3E154395c25d19dB25DdFCfeab4,0x9e90aec7d768403dacc9dd0d8320307fda3f980eed4df43e3e52168a1c667709,1018928,1.0187586542390148,1005949818511,,,,,
0x771bb134aac49a31de504b19a13a668da4c3c2e10ad65ca681530d9a080cd593,1761678665,2025-10-28,2025-10-28 19:11,394380445,MarketWithdraw,0x46cE9AA8167Fa3E154395c25d19dB25DdFCfeab4,0x9e90aec7d768403dacc9dd0d8320307fda3f980eed4df43e3e52168a1c667709,11156,0.01115383382372252,11013730199,,,,,
0x75eef51b3cc31df73113d86a5e7784f69c472e7314759a92c4c11b119b5344d0,1761681039,2025-10-28,2025-10-28 19:50,394389948,MarketSupply,0x46cE9AA8167Fa3E154395c25d19dB25DdFCfeab4,0x9e90aec7d768403dacc9dd0d8320307fda3f980eed4df43e3e52168a1c667709,987283,0.9870912978653854,974674785514,,,,,
0x7dc95606dccad1a56e7e2443af45730cd0cd2b9b3707d91804abca7954c0d98e,1761681628,2025-10-28,2025-10-28 20:00,394392303,MarketWithdraw,0xa60643c90A542A95026C0F1dbdB0615fF42019Cf,0x9e90aec7d768403dacc9dd0d8320307fda3f980eed4df43e3e52168a1c667709,1649097116,1648.7769084836912,1628029812200588,,,,,
0x9e93a71c17e02916f9f442fb0e116b64033a8d37053618eb9b2871224d991634,1761684427,2025-10-28,2025-10-28 20:47,394403520,MarketWithdraw,0x46cE9AA8167Fa3E154395c25d19dB25DdFCfeab4,0x9e90aec7d768403dacc9dd0d8320307fda3f980eed4df43e3e52168a1c667709,18230,0.018226460255150727,17996725599,,,,,
0x34ed7ff28c7c8b702b0f2a9be9b9bf6d92f8977cf66fccd1d24be895fdc54b7b,1761685091,2025-10-28,2025-10-28 20:58,394406179,MarketWithdraw,0xCAfc58De1E6A071790eFbB6B83b35397023E1544,0x9e90aec7d768403dacc9dd0d8320307fda3f980eed4df43e3e52168a1c667709,108117133291,108096.14003451701,106733104188967658,,,,,
0x837e1119eb03868af03e1a4b54b3a1d652e80b4d7180262e7c94292cc985d582,1761685303,2025-10-28,2025-10-28 21:01,394407031,MarketRepay,0x3464a35D372aAC325783a0B19589055FAAB4fb5f,0x9e90aec7d768403dacc9dd0d8320307fda3f980eed4df43e3e52168a1c667709,132990988343,132977.59800924387,131148490423458447,,,,,
0x837e1119eb03868af03e1a4b54b3a1d652e80b4d7180262e7c94292cc985d582,1761685303,2025-10-28,2025-10-28 21:01,394407031,MarketWithdrawCollateral,0x3464a35D372aAC325783a0B19589055FAAB4fb5f,0x9e90aec7d768403dacc9dd0d8320307fda3f980eed4df43e3e52168a1c667709,129096395214,,,,,,,
0x170d2fa9d3a2579f47d3ec1a720eebcd925c02936ad00c4e5dc55f68953469ee,1761685930,2025-10-28,2025-10-28 21:12,394409544,MarketWithdraw,0x46cE9AA8167Fa3E154395c25d19dB25DdFCfeab4,0x9e90aec7d768403dacc9dd0d8320307fda3f980eed4df43e3e52168a1c667709,8114,0.008113183033606631,8010079456,,,,,
0xcb9f0f7987a45a9fa5726d41dbe7d3df28f9f6599b17810398c16614b2df79e0,1761687866,2025-10-28,2025-10-28 21:44,394417299,MarketWithdraw,0x46cE9AA8167Fa3E154395c25d19dB25DdFCfeab4,0x9e90aec7d768403dacc9dd0d8320307fda3f980eed4df43e3e52168a1c667709,10164,0.010162976627258785,10033679091,,,,,
0x423efc54ee3883e17ed656b802f1e9a1b92dcbb8dd46ff12af612dae3ecd735e,1761689869,2025-10-28,2025-10-28 22:17,394425315,MarketWithdraw,0x46cE9AA8167Fa3E154395c25d19dB25DdFCfeab4,0x9e90aec7d768403dacc9dd0d8320307fda3f980eed4df43e3e52168a1c667709,10530,0.010528939776174244,10394830831,,,,,
0x0783f303104b0cdd53eee4109428b248f332c0ad066d4f4071ac3b977f25041e,1761691580,2025-10-28,2025-10-28 22:46,394432157,MarketWithdraw,0x46cE9AA8167Fa3E154395c25d19dB25DdFCfeab4,0x9e90aec7d768403dacc9dd0d8320307fda3f980eed4df43e3e52168a1c667709,9006,0.009005093221673813,8890280049,,,,,
0x7af370c77add9982e870e47fc6c6028ee88ad26ec8dc46fbd7d4c386ff276536,1761693182,2025-10-28,2025-10-28 23:13,394438576,MarketWithdraw,0x46cE9AA8167Fa3E154395c25d19dB25DdFCfeab4,0x9e90aec7d768403dacc9dd0d8320307fda3f980eed4df43e3e52168a1c667709,8441,0.00843931733375773,8332439940,,,,,
0x6365d831e63c5e92a0048962276b7f7206bf51a44cbda52071acdde941a4316a,1761693229,2025-10-28,2025-10-28 23:13,394438764,MarketSupply,0x64A651D825FC70Ebba88f2E1BAD90be9A496C4b9,0x9e90aec7d768403dacc9dd0d8320307fda3f980eed4df43e3e52168a1c667709,19854419064,19850.461196363594,19599063636913254,,,,,
0x956ea40633e5f59a5a5fea9f6803662202f41ef5fd12d6392f38d1a632ca04d0,1761693654,2025-10-28,2025-10-28 23:20,394440460,MarketRepay,0x1597E4B7cF6D2877A1d690b6088668afDb045763,0x9e90aec7d768403dacc9dd0d8320307fda3f980eed4df43e3e52168a1c667709,999998600000,999799.2558599054,986079010470307222,,,,,
0x25291ecd5b02e1f55be8851ca9bf7be000df8558c2ba9abff4fbf9529e1b19c7,1761694096,2025-10-28,2025-10-28 23:28,394442226,MarketWithdraw,0xa60643c90A542A95026C0F1dbdB0615fF42019Cf,0x9e90aec7d768403dacc9dd0d8320307fda3f980eed4df43e3e52168a1c667709,1800020302973,1799661.4789711975,1776861574048341511,,,,,
0x2dcabfc266255ae2fe92c9cad4500b17d38ef37b551cbf75eca5e639613610e9,1761696063,2025-10-29,2025-10-29 00:01,394450105,MarketWithdraw,0x8d4D699abf3044306008C6bEA8E78632f999C281,0x9e90aec7d768403dacc9dd0d8320307fda3f980eed4df43e3e52168a1c667709,160000000000,159984.03850051897,157937465456552249,,,,,
0x4f69855b3bc6baccc22e8bbc902e5e4477d9231ecb307073c03eed94e976d40a,1761696302,2025-10-29,2025-10-29 00:05,394451063,MarketSupply,0xa60643c90A542A95026C0F1dbdB0615fF42019Cf,0x9e90aec7d768403dacc9dd0d8320307fda3f980eed4df43e3e52168a1c667709,498309907778,498260.1966946601,491884597953942607,,,,,
0x8b3f8c609a6ba7d95574c3f199044dfdc7f1cd66f7dd184527f85f0e436f29ae,1761696327,2025-10-29,2025-10-29 00:05,394451162,MarketWithdraw,0x8d4D699abf3044306008C6bEA8E78632f999C281,0x9e90aec7d768403dacc9dd0d8320307fda3f980eed4df43e3e52168a1c667709,478000000000,477952.31502030045,471836449469356391,,,,,
0x739df8a9835e70fbf21cfb3e735de9da7e920a2dc45aa85c5330bca800ecd552,1761696877,2025-10-29,2025-10-29 00:14,394453363,MarketWithdraw,0x46cE9AA8167Fa3E154395c25d19dB25DdFCfeab4,0x9e90aec7d768403dacc9dd0d8320307fda3f980eed4df43e3e52168a1c667709,29288,0.029285078247520004,28910123068,,,,,
0xb59971bdb73c5ec1e14a40d1cfa9d04d5a6629cc76ced6bd5ef695ce20e5ca2c,1761698553,2025-10-29,2025-10-29 00:42,394460075,MarketWithdraw,0x46cE9AA8167Fa3E154395c25d19dB25DdFCfeab4,0x9e90aec7d768403dacc9dd0d8320307fda3f980eed4df43e3e52168a1c667709,16656,0.016654338407904028,16440713514,,,,,
0x6799c7808f37ef4165b143ff9450a1bb1e35a2c08fa6d3257457182996665735,1761700422,2025-10-29,2025-10-29 01:13,394467556,MarketWithdraw,0x46cE9AA8167Fa3E154395c25d19dB25DdFCfeab4,0x9e90aec7d768403dacc9dd0d8320307fda3f980eed4df43e3e52168a1c667709,18626,0.018622412706833548,18384763945,,,,,
0x9e7bf67cd80043b283409b1794228ea39d746b81d789bfe498e959ba8785c848,1761702273,2025-10-29,2025-10-29 01:44,394474972,MarketWithdraw,0x46cE9AA8167Fa3E154395c25d19dB25DdFCfeab4,0x9e90aec7d768403dacc9dd0d8320307fda3f980eed4df43e3e52168a1c667709,18500,0.018498154451622506,18259915996,,,,,
0xf738949f41f2975f1d527fe60a32942eaa6a39f80167b9dba3f3fbd6cf2099e2,1761704059,2025-10-29,2025-10-29 02:14,394482124,MarketWithdraw,0x46cE9AA8167Fa3E154395c25d19dB25DdFCfeab4,0x9e90aec7d768403dacc9dd0d8320307fda3f980eed4df43e3e52168a1c667709,17902,0.01790014442914196,17669227255,,,,,
0x7f6e100eb8643dc68af5a048b03c7b2e4b41c228011b94e83988cbddb04227a5,1761704062,2025-10-29,2025-10-29 02:14,394482139,MarketSupply,0x48Cd090C9E8a9954B0955c8b87754031d90c4955,0x9e90aec7d768403dacc9dd0d8320307fda3f980eed4df43e3e52168a1c667709,15002915887,15001.360810835016,14807838172076307,,,,,
0x19aba8439bf6660fcd62fd926e86a410c4ba2f6483fd4492fa008948921b50c1,1761704231,2025-10-29,2025-10-29 02:17,394482811,MarketRepay,0x1597E4B7cF6D2877A1d690b6088668afDb045763,0x9e90aec7d768403dacc9dd0d8320307fda3f980eed4df43e3e52168a1c667709,1499997200000,1499841.72289736,1478906292306774285,,,,,
0x8e44bae7183ef9616d36d47a10d5d2e5f199319a81dc94de3f840fdbd538a656,1761705901,2025-10-29,2025-10-29 02:45,394489503,MarketWithdraw,0x46cE9AA8167Fa3E154395c25d19dB25DdFCfeab4,0x9e90aec7d768403dacc9dd0d8320307fda3f980eed4df43e3e52168a1c667709,5465,0.005464433544031998,5393898853,,,,,
0x791a8eda5473af45aa5b719020e0f8bcfa3292f1fa3ef8ee37de867dd0ea8673,1761707869,2025-10-29,2025-10-29 03:17,394497381,MarketWithdraw,0x46cE9AA8167Fa3E154395c25d19dB25DdFCfeab4,0x9e90aec7d768403dacc9dd0d8320307fda3f980eed4df43e3e52168a1c667709,404004425,403.9593903868245,398745710791932,,,,,
0x68180cac1f66baea9d4ab71f85f3a1f876f886533a5a50fe66d80dcff6240e7d,1761708464,2025-10-29,2025-10-29 03:27,394499759,MarketWithdraw,0x48Cd090C9E8a9954B0955c8b87754031d90c4955,0x9e90aec7d768403dacc9dd0d8320307fda3f980eed4df43e3e52168a1c667709,50662904459,50657.65316813318,50003356927842435,,,,,
0x4c356fee86e4c99ad179a872d2bb99312f70944115fd3d08d677ab0d9032ad85,1761710024,2025-10-29,2025-10-29 03:53,394506004,MarketWithdraw,0x46cE9AA8167Fa3E154395c25d19dB25DdFCfeab4,0x9e90aec7d768403dacc9dd0d8320307fda3f980eed4df43e3e52168a1c667709,99002074,98.99181227709754,97712740279618,,,,,
0x8041aaab8520119dfb56a30314be08fc8460bd97b70e2f8eee192dab9c2eddeb,1761710425,2025-10-29,2025-10-29 04:00,394507608,MarketWithdraw,0xa60643c90A542A95026C0F1dbdB0615fF42019Cf,0x9e90aec7d768403dacc9dd0d8320307fda3f980eed4df43e3e52168a1c667709,90887307016,90869.57072585114,89703538743908037,,,,,
0x1a8ae6891d95bbb066fa388173942888cd54e57af1bfdbba739124b36e9a5276,1761710757,2025-10-29,2025-10-29 04:05,394508939,MarketSupplyCollateral,0x0DaE028Df0CCe6aCE68996d1e2B33426AE6c027b,0x9e90aec7d768403dacc9dd0d8320307fda3f980eed4df43e3e52168a1c667709,2000000,,,,,,,
0x1a8ae6891d95bbb066fa388173942888cd54e57af1bfdbba739124b36e9a5276,1761710757,2025-10-29,2025-10-29 04:05,394508939,MarketBorrow,0x0DaE028Df0CCe6aCE68996d1e2B33426AE6c027b,0x9e90aec7d768403dacc9dd0d8320307fda3f980eed4df43e3e52168a1c667709,1000000,0.9998048540469381,985916276433,,,,,
0xeed836512a1e417c6a60843a4bb847a06fde475c9907fdde2fc2216be3ab2588,1761711548,2025-10-29,2025-10-29 04:19,394512106,MarketSupply,0x46cE9AA8167Fa3E154395c25d19dB25DdFCfeab4,0x9e90aec7d768403dacc9dd0d8320307fda3f980eed4df43e3e52168a1c667709,51208366,51.198372894612184,50541212884912,,,,,
0x78ad58fae81bf370a309a0f566e37f8bed1623580cdd17cbabb42d567aad6133,1761711844,2025-10-29,2025-10-29 04:24,394513297,MarketRepay,0x0DaE028Df0CCe6aCE68996d1e2B33426AE6c027b,0x9e90aec7d768403dacc9dd0d8320307fda3f980eed4df43e3e52168a1c667709,1000004,0.9998088532663542,985916276433,,,,,
0x78ad58fae81bf370a309a0f566e37f8bed1623580cdd17cbabb42d567aad6133,1761711844,2025-10-29,2025-10-29 04:24,394513297,MarketWithdrawCollateral,0x0DaE028Df0CCe6aCE68996d1e2B33426AE6c027b,0x9e90aec7d768403dacc9dd0d8320307fda3f980eed4df43e3e52168a1c667709,2000000,,,,,,,
0x4c71a2181a7ee767ec057cd409e077b9acb42fa4859d46b997f0d51fc5075a58,1761712599,2025-10-29,2025-10-29 04:36,394516316,MarketWithdraw,0x3014ED70B39be395e1a5Eb8ab4c4b8a5378E6522,0x9e90aec7d768403dacc9dd0d8320307fda3f980eed4df43e3e52168a1c667709,38429616181,38422.11679692455,37928816574257738,,,,,
0x69ba6b99625160eb5cd4b4ce872f2a8acea2a1cad7b22028de6078e25df4691e,1761713333,2025-10-29,2025-10-29 04:48,394519260,MarketWithdraw,0x46cE9AA8167Fa3E154395c25d19dB25DdFCfeab4,0x9e90aec7d768403dacc9dd0d8320307fda3f980eed4df43e3e52168a1c667709,210887,0.21084584625539662,208138264506,,,,,
0xd35a09fb8e8d86cec33fa9bb54958f9cd00c5d24830d7485045b6b3719af9d85,1761716720,2025-10-29,2025-10-29 05:45,394532825,MarketWithdraw,0xa60643c90A542A95026C0F1dbdB0615fF42019Cf,0x9e90aec7d768403dacc9dd0d8320307fda3f980eed4df43e3e52168a1c667709,1311265758228,1311009.8700218932,1294159033148959155,,,,,
0xc608515abddf1c14e9ab6a51f32e18dd9dd8947ace47519c3df8ad3f410f7c39,1761718647,2025-10-29,2025-10-29 06:17,394540538,MarketSupply,0x46cE9AA8167Fa3E154395c25d19dB25DdFCfeab4,0x9e90aec7d768403dacc9dd0d8320307fda3f980eed4df43e3e52168a1c667709,450990170,450.9010436170942,445094529198702,,,,,
0xeee19dd4bde87c54e9fc07d64f7de20b58d1d07ea7f4500f71cf219273e752e9,1761720000,2025-10-29,2025-10-29 06:40,394545959,MarketWithdraw,0x64A651D825FC70Ebba88f2E1BAD90be9A496C4b9,0x9e90aec7d768403dacc9dd0d8320307fda3f980eed4df43e3e52168a1c667709,23310199141,23305.592491293533,23005034976228154,,,,,
0xe20518900311560f7b3353f5036c709e925b720dcb83bd172a23814b19e1bc88,1761720437,2025-10-29,2025-10-29 06:47,394547714,MarketSupply,0x46cE9AA8167Fa3E154395c25d19dB25DdFCfeab4,0x9e90aec7d768403dacc9dd0d8320307fda3f980eed4df43e3e52168a1c667709,982222,0.9820278895738893,969357232367,,,,,
0x1e829abdbd55d35c738a0fa3862d2215e98aac203954b84bc1a619b2199e68e9,1761721706,2025-10-29,2025-10-29 07:08,394552799,MarketRepay,0x3464a35D372aAC325783a0B19589055FAAB4fb5f,0x9e90aec7d768403dacc9dd0d8320307fda3f980eed4df43e3e52168a1c667709,163182462643,163150.2139076251,160869196201519868,,,,,
0x1e829abdbd55d35c738a0fa3862d2215e98aac203954b84bc1a619b2199e68e9,1761721706,2025-10-29,2025-10-29 07:08,394552799,MarketWithdrawCollateral,0x3464a35D372aAC325783a0B19589055FAAB4fb5f,0x9e90aec7d768403dacc9dd0d8320307fda3f980eed4df43e3e52168a1c667709,158463047836,,,,,,,
0xefa5aa01807d95f9a2ba01eea2a0b0fab6fe780d1ab3961b6fdb1b0a1aa0007c,1761722671,2025-10-29,2025-10-29 07:24,394556664,MarketWithdraw,0x46cE9AA8167Fa3E154395c25d19dB25DdFCfeab4,0x9e90aec7d768403dacc9dd0d8320307fda3f980eed4df43e3e52168a1c667709,4021485,4.020690258926243,3968692012503,,,,,
0x0e16913547775b6ff0b8c1215366ccbb4eb14afede6285ec1b37d466448926d7,1761724496,2025-10-29,2025-10-29 07:54,394563974,MarketSupply,0x46cE9AA8167Fa3E154395c25d19dB25DdFCfeab4,0x9e90aec7d768403dacc9dd0d8320307fda3f980eed4df43e3e52168a1c667709,3983647,3.982859736614895,3931258897633,,,,,
0x5a64d320b7409558a22ee71d6a6cb24553520506b326ae19b9880d0cce9daff5,1761724544,2025-10-29,2025-10-29 07:55,394564165,MarketWithdraw,0xa60643c90A542A95026C0F1dbdB0615fF42019Cf,0x9e90aec7d768403dacc9dd0d8320307fda3f980eed4df43e3e52168a1c667709,100294944538,100275.12387177482,98975925961438457,,,,,
0xcafc7f6267772548987d86c50b1992cd0d481a34889638f96c6590cd274e4bbf,1761724557,2025-10-29,2025-10-29 07:55,394564219,MarketRepay,0x1597E4B7cF6D2877A1d690b6088668afDb045763,0x9e90aec7d768403dacc9dd0d8320307fda3f980eed4df43e3e52168a1c667709,999998600000,999800.9764949714,985786170463121088,,,,,
0x14cb92d39b7de17d0302c13a81fca1e550c44dd92d13855c27bf2de9d5336fac,1761725809,2025-10-29,2025-10-29 08:16,394569233,MarketWithdraw,0xa60643c90A542A95026C0F1dbdB0615fF42019Cf,0x9e90aec7d768403dacc9dd0d8320307fda3f980eed4df43e3e52168a1c667709,1000071328919,999899.9214367835,986913047963685615,,,,,
0xee6b4d14e279841a7ac4dee05798b225aef9eb25a0f12f6084257bde6bf968d5,1761726432,2025-10-29,2025-10-29 08:27,394571735,MarketWithdraw,0x46cE9AA8167Fa3E154395c25d19dB25DdFCfeab4,0x9e90aec7d768403dacc9dd0d8320307fda3f980eed4df43e3e52168a1c667709,10693,0.010691167270519272,10552218341,,,,,
0x87e01ffed8fe71922453f24da9062a13b3481ebf092e359e4e582b2b84035265,1761729306,2025-10-29,2025-10-29 09:15,394583255,MarketWithdraw,0xa60643c90A542A95026C0F1dbdB0615fF42019Cf,0x9e90aec7d768403dacc9dd0d8320307fda3f980eed4df43e3e52168a1c667709,80436672829,80422.8863648061,79374523507951818,,,,,
0x630c6816a8c64f367c402e9cb1b82682350fd4f01ba5dd11934adf121c88709a,1761729574,2025-10-29,2025-10-29 09:19,394584326,MarketWithdraw,0x46cE9AA8167Fa3E154395c25d19dB25DdFCfeab4,0x9e90aec7d768403dacc9dd0d8320307fda3f980eed4df43e3e52168a1c667709,30596,0.03059075599072362,30191867690,,,,,
0xb069d701a142c493123d85157da7842ed4f24df4fe92b7cd06335e5a59155c29,1761731472,2025-10-29,2025-10-29 09:51,394591939,MarketWithdraw,0x46cE9AA8167Fa3E154395c25d19dB25DdFCfeab4,0x9e90aec7d768403dacc9dd0d8320307fda3f980eed4df43e3e52168a1c667709,19615,0.019611638082038297,19355372758,,,,,
0xec75aa2e14f27b40c28803cef0b06d53548eef8770dfc3cb0a933d7b06b181d0,1761732949,2025-10-29,2025-10-29 10:15,394597855,MarketWithdraw,0x46cE9AA8167Fa3E154395c25d19dB25DdFCfeab4,0x9e90aec7d768403dacc9dd0d8320307fda3f980eed4df43e3e52168a1c667709,15305,0.015302895502079037,15102092283,,,,,
0xd99b4da61733ee3ba2bc85203af851dd61de71c6fdd3d41f4b69717ccfe3c345,1761734893,2025-10-29,2025-10-29 10:48,394605656,MarketWithdraw,0x46cE9AA8167Fa3E154395c25d19dB25DdFCfeab4,0x9e90aec7d768403dacc9dd0d8320307fda3f980eed4df43e3e52168a1c667709,20199,0.02019622255775854,19930637709,,,,,
0x9e56aa3384d9202f8a390769fa6c206ca87ddc468ef57ce3839bc24b3aca0898,1761736826,2025-10-29,2025-10-29 11:20,394613399,MarketWithdraw,0x46cE9AA8167Fa3E154395c25d19dB25DdFCfeab4,0x9e90aec7d768403dacc9dd0d8320307fda3f980eed4df43e3e52168a1c667709,20146,0.020143229845467774,19877773033,,,,,
0x97e65ad1ae5cb89f6591497f773bee5933928a00e53976d0d5c6ba0e4398284c,1761738835,2025-10-29,2025-10-29 11:53,394621460,MarketWithdraw,0x46cE9AA8167Fa3E154395c25d19dB25DdFCfeab4,0x9e90aec7d768403dacc9dd0d8320307fda3f980eed4df43e3e52168a1c667709,21003,0.021000112004584515,20722744554,,,,,
0x7db2481902f5998fbd867bc733c91b919d36654e5d3a8f196b32d4b0699e407d,1761740671,2025-10-29,2025-10-29 12:24,394628828,MarketSupply,0xd52929B69680A6f74D2eB9c8F1ef482f37b1b32B,0x9e90aec7d768403dacc9dd0d8320307fda3f980eed4df43e3e52168a1c667709,9704685947,9702.76232326665,9574928728337117,,,,,
0xd4baddd13d82f1053b16e05654b3b016cf87f90ec94ca5801329dcbcddf5519d,1761743801,2025-10-29,2025-10-29 13:16,394641375,MarketWithdraw,0xa60643c90A542A95026C0F1dbdB0615fF42019Cf,0x9e90aec7d768403dacc9dd0d8320307fda3f980eed4df43e3e52168a1c667709,10308443664,10307.36035037387,10170141273393378,,,,,
0x833d60030a19ca91ff77a6fb1b867d6a75d02a06231ca6c1b685f2960ea41ef4,1761744808,2025-10-29,2025-10-29 13:33,394645416,MarketWithdraw,0x46cE9AA8167Fa3E154395c25d19dB25DdFCfeab4,0x9e90aec7d768403dacc9dd0d8320307fda3f980eed4df43e3e52168a1c667709,62608,0.0626014205296439,61767091335,,,,,
0x876f6e15de3eaf0eef07779389bd8eb95a4eb0793b968b5a87873eefb1ee3401,1761746954,2025-10-29,2025-10-29 14:09,394654031,MarketSupply,0x46cE9AA8167Fa3E154395c25d19dB25DdFCfeab4,0x9e90aec7d768403dacc9dd0d8320307fda3f980eed4df43e3e52168a1c667709,1526110,1.525949621206473,1505563698986,,,,,
0x0213779a842b0ffc833bf41f4b59981a85e4cc08360bc3ee8ba3631c000eb95f,1761747288,2025-10-29,2025-10-29 14:14,394655364,MarketRepay,0x1597E4B7cF6D2877A1d690b6088668afDb045763,0x9e90aec7d768403dacc9dd0d8320307fda3f980eed4df43e3e52168a1c667709,1000082469615,999977.3710179758,985551577890876558,,,,,
0xffb31577185754685a4f61a36c1c2d51aec32c5b943d14e85a2435e910dbb4e3,1761747917,2025-10-29,2025-10-29 14:25,394657896,MarketWithdraw,0xa60643c90A542A95026C0F1dbdB0615fF42019Cf,0x9e90aec7d768403dacc9dd0d8320307fda3f980eed4df43e3e52168a1c667709,1000018643858,999913.5519684203,986547316326268689,,,,,
0x077723091f1448cd7af98fc97b74c35a0ac60fa4bd670ecdf0a5c31c30096295,1761748668,2025-10-29,2025-10-29 14:37,394660906,MarketWithdraw,0x46cE9AA8167Fa3E154395c25d19dB25DdFCfeab4,0x9e90aec7d768403dacc9dd0d8320307fda3f980eed4df43e3e52168a1c667709,102562481,102.55170271602053,101179707568690,,,,,
0x2e75c93bb1333aa68f7edd62c3bcb1645dcf6092956e11081515e7607a5e5b52,1761750212,2025-10-29,2025-10-29 15:03,394667099,MarketSupply,0x46cE9AA8167Fa3E154395c25d19dB25DdFCfeab4,0x9e90aec7d768403dacc9dd0d8320307fda3f980eed4df43e3e52168a1c667709,100985927,100.96578778885696,99622083983969,,,,,
0x68e9e4f24294545d9372ae48c95bb0f43ab15e1cacffb85600380db1695645c0,1761750826,2025-10-29,2025-10-29 15:13,394669567,MarketRepay,0x1597E4B7cF6D2877A1d690b6088668afDb045763,0x9e90aec7d768403dacc9dd0d8320307fda3f980eed4df43e3e52168a1c667709,999998600000,999799.1743617312,985422388562959694,,,,,
0xba1426d2927ea5dff88b34440d60db17990574050a53badcb26adb06976e083a,1761751698,2025-10-29,2025-10-29 15:28,394673061,MarketWithdraw,0xa60643c90A542A95026C0F1dbdB0615fF42019Cf,0x9e90aec7d768403dacc9dd0d8320307fda3f980eed4df43e3e52168a1c667709,1000033735367,999834.3027218283,986515540426103848,,,,,
0xc459796841c4ab3c63b50abc7b3bc60390805787b41abb5c2e9d06a47d5fb3ba,1761752471,2025-10-29,2025-10-29 15:41,394676162,MarketWithdraw,0x46cE9AA8167Fa3E154395c25d19dB25DdFCfeab4,0x9e90aec7d768403dacc9dd0d8320307fda3f980eed4df43e3e52168a1c667709,452017140,451.9269960671455,445901666737293,,,,,
0x3123e44b8c247e89fd6fc24f987bfc093b3807b554974cf20351d8ed5af191f6,1761753891,2025-10-29,2025-10-29 16:04,394681858,MarketSupply,0x46cE9AA8167Fa3E154395c25d19dB25DdFCfeab4,0x9e90aec7d768403dacc9dd0d8320307fda3f980eed4df43e3e52168a1c667709,452603623,452.5592027535261,446470586430805,,,,,
0x5c24401aa7f4422b8f6a204f6e7fd5a25c6ea7eb09de58a7b32750b8a80ad1db,1761756713,2025-10-29,2025-10-29 16:51,394693166,MarketRepay,0x1597E4B7cF6D2877A1d690b6088668afDb045763,0x9e90aec7d768403dacc9dd0d8320307fda3f980eed4df43e3e52168a1c667709,999998600000,999799.1743617312,985343581505488305,,,,,
0xded6b84ee0c6d7a64b609237cadeec79426b107fcbfd076edf176fe58be2075e,1761757839,2025-10-29,2025-10-29 17:10,394697678,MarketWithdraw,0xa60643c90A542A95026C0F1dbdB0615fF42019Cf,0x9e90aec7d768403dacc9dd0d8320307fda3f980eed4df43e3e52168a1c667709,1000034903270,999833.681600206,986437681328705435,,,,,
0xfad2385d68663a20c8ae67834598456d7974ba239f1af984a449159ca51da381,1761758951,2025-10-29,2025-10-29 17:29,394702135,MarketRepay,0x1597E4B7cF6D2877A1d690b6088668afDb045763,0x9e90aec7d768403dacc9dd0d8320307fda3f980eed4df43e3e52168a1c667709,1799998600000,1799636.4139175597,1773581814213652042,,,,,
0x4722a9c2d3a56553b84a67890210914b99b16b8016df1b47bc42cf20de42effc,1761759238,2025-10-29,2025-10-29 17:33,394703289,MarketWithdraw,0x46cE9AA8167Fa3E154395c25d19dB25DdFCfeab4,0x9e90aec7d768403dacc9dd0d8320307fda3f980eed4df43e3e52168a1c667709,654565,0.6544332919347533,645653572465,,,,,
0xeff1f022c5d1918bb9ea151b7b4629d479a7a4b78da84f935814c4274d5a85ee,1761759313,2025-10-29,2025-10-29 17:35,394703587,MarketRepay,0xE05c75c79464a10D6497548902492e64ec8a6A73,0x9e90aec7d768403dacc9dd0d8320307fda3f980eed4df43e3e52168a1c667709,126662737287,126637.25088906105,124803677802344155,,,,,
0xeff1f022c5d1918bb9ea151b7b4629d479a7a4b78da84f935814c4274d5a85ee,1761759313,2025-10-29,2025-10-29 17:35,394703587,MarketWithdrawCollateral,0xE05c75c79464a10D6497548902492e64ec8a6A73,0x9e90aec7d768403dacc9dd0d8320307fda3f980eed4df43e3e52168a1c667709,119231102466,,,,,,,
0x57bc9a3fa8e4c37687045e2b0c1cd044bb2e93789ff3bc0558385ed7b57ab05b,1761759477,2025-10-29,2025-10-29 17:37,394704240,MarketWithdraw,0xa60643c90A542A95026C0F1dbdB0615fF42019Cf,0x9e90aec7d768403dacc9dd0d8320307fda3f980eed4df43e3e52168a1c667709,1900003510031,1899621.201495915,1874135146973140824,,,,,
0x54554cace897115703f90e0d42df53feb0adac691f72a76cc0138b3840dbe0bb,1761761196,2025-10-29,2025-10-29 18:06,394711129,MarketWithdraw,0x46cE9AA8167Fa3E154395c25d19dB25DdFCfeab4,0x9e90aec7d768403dacc9dd0d8320307fda3f980eed4df43e3e52168a1c667709,18317,0.018313314351315575,18067157267,,,,,
0x85a37010a9d12f7969e69bb6a0a69a326e1f7e75bbc49552fe96512d467b9292,1761761924,2025-10-29,2025-10-29 18:18,394714048,MarketSupply,0x48Cd090C9E8a9954B0955c8b87754031d90c4955,0x9e90aec7d768403dacc9dd0d8320307fda3f980eed4df43e3e52168a1c667709,50703613748,50693.50850752524,50011481070615905,,,,,
0x8b9da40fc8ce480f5b5b8531bc4165d6296062ec5ea90a02b33c83b2f4915b40,1761762672,2025-10-29,2025-10-29 18:31,394717045,MarketSupply,0x3014ED70B39be395e1a5Eb8ab4c4b8a5378E6522,0x9e90aec7d768403dacc9dd0d8320307fda3f980eed4df43e3e52168a1c667709,38436699729,38428.96570204199,37911625411686451,,,,,
0x5aa0fb3de78c1a32905d83536f623e6d52b0aa53a4970af2c4549370386e8e03,1761762765,2025-10-29,2025-10-29 18:32,394717419,MarketWithdraw,0x46cE9AA8167Fa3E154395c25d19dB25DdFCfeab4,0x9e90aec7d768403dacc9dd0d8320307fda3f980eed4df43e3e52168a1c667709,15715,0.015711837911826402,15500302366,,,,,
0x17f87f4bdea079b3ceb75bc86a51d9b04eedc26925cd430079b5dd66b8b165bf,1761764084,2025-10-29,2025-10-29 18:54,394722696,MarketRepay,0x1597E4B7cF6D2877A1d690b6088668afDb045763,0x9e90aec7d768403dacc9dd0d8320307fda3f980eed4df43e3e52168a1c667709,999998600000,999797.3856349555,985256172376187697,,,,,
0x706b87838ef3cbf1c334967b0ee0dc689695f0fc3818b1975096fa6a17a479b8,1761769730,2025-10-29,2025-10-29 20:28,394745299,MarketWithdraw,0x46cE9AA8167Fa3E154395c25d19dB25DdFCfeab4,0x9e90aec7d768403dacc9dd0d8320307fda3f980eed4df43e3e52168a1c667709,704024176,703.9200029111028,694381983858663,,,,,
0xd5f2ca0283b93889b565232f3c2d144453af67c52192cc7c2ffb8446d6a93f45,1761771858,2025-10-29,2025-10-29 21:04,394753813,MarketSupply,0x46cE9AA8167Fa3E154395c25d19dB25DdFCfeab4,0x9e90aec7d768403dacc9dd0d8320307fda3f980eed4df43e3e52168a1c667709,252735418,252.7099326955169,249272396192515,,,,,
0x22bceecbd098e4690145193a9d7a6e694755f35cbd2460e974f98347a4653c77,1761777164,2025-10-29,2025-10-29 22:32,394775040,MarketWithdraw,0xa60643c90A542A95026C0F1dbdB0615fF42019Cf,0x9e90aec7d768403dacc9dd0d8320307fda3f980eed4df43e3e52168a1c667709,1000014307330,999913.4680043865,986296156567146941,,,,,
0x9b7f24298cb56e91ef783215f424c2d8b5df195779f2fff3b2695700c3b8e7e9,1761779117,2025-10-29,2025-10-29 23:05,394782851,MarketSupply,0x46cE9AA8167Fa3E154395c25d19dB25DdFCfeab4,0x9e90aec7d768403dacc9dd0d8320307fda3f980eed4df43e3e52168a1c667709,451254257,451.168011862849,445052914382709,,,,,
0x151acf029ca8fb434473b8d80997e9be91f10a8dc626fd42e520fb5311a8927a,1761782707,2025-10-30,2025-10-30 00:05,394797216,MarketWithdraw,0x46cE9AA8167Fa3E154395c25d19dB25DdFCfeab4,0x9e90aec7d768403dacc9dd0d8320307fda3f980eed4df43e3e52168a1c667709,32239,0.032234530978908445,31794500924,,,,,
0x0f05dba0c3d062194af1a07b348eae6dae36bcaf85057cae9ec34d5e36846af1,1761785901,2025-10-30,2025-10-30 00:58,394810035,MarketWithdraw,0x46cE9AA8167Fa3E154395c25d19dB25DdFCfeab4,0x9e90aec7d768403dacc9dd0d8320307fda3f980eed4df43e3e52168a1c667709,28805,0.028801007005411394,28406685331,,,,,
0xdfe87e1f470427da91676a57aa5e1d96a021dae4a508f46d40d895dc4feefde4,1761787671,2025-10-30,2025-10-30 01:27,394817122,MarketWithdraw,0x46cE9AA8167Fa3E154395c25d19dB25DdFCfeab4,0x9e90aec7d768403dacc9dd0d8320307fda3f980eed4df43e3e52168a1c667709,16012,0.016009780391273987,15790227408,,,,,
0xc07eff5cdb5096072b1b2bbb0588a38f0751d14a717a3ec7cef29978e3af2afa,1761793320,2025-10-30,2025-10-30 03:02,394839748,MarketWithdraw,0x46cE9AA8167Fa3E154395c25d19dB25DdFCfeab4,0x9e90aec7d768403dacc9dd0d8320307fda3f980eed4df43e3e52168a1c667709,1051342,1.051235261569079,1036704886980,,,,,
0x64398c928fdb42dee66731da187d2189acc1ddbaae8804fbab4ea61a97e31f57,1761794683,2025-10-30,2025-10-30 03:24,394845212,MarketSupply,0x46cE9AA8167Fa3E154395c25d19dB25DdFCfeab4,0x9e90aec7d768403dacc9dd0d8320307fda3f980eed4df43e3e52168a1c667709,1901383,1.9011899604010873,1874878213517,,,,,
0x1281cea423da3aad2866cdcae0ce6ad89c2b3266c700da939bbf715252c65b7d,1761796168,2025-10-30,2025-10-30 03:49,394851163,MarketWithdraw,0x46cE9AA8167Fa3E154395c25d19dB25DdFCfeab4,0x9e90aec7d768403dacc9dd0d8320307fda3f980eed4df43e3e52168a1c667709,1927406,1.9272103183928846,1900501798901,,,,,
0x35b445227280e98c7e946b67988b116d91898e44c10bbd169d95abc2f91e5f56,1761798086,2025-10-30,2025-10-30 04:21,394858841,MarketSupply,0x46cE9AA8167Fa3E154395c25d19dB25DdFCfeab4,0x9e90aec7d768403dacc9dd0d8320307fda3f980eed4df43e3e52168a1c667709,930514,0.9303926529130716,917502268570,,,,,
0x56dbd351fd1edbd7bb2ba4f6e7ca5ba46df2580f904c5cc46427150e59cce391,1761800836,2025-10-30,2025-10-30 05:07,394869868,MarketSupply,0x46cE9AA8167Fa3E154395c25d19dB25DdFCfeab4,0x9e90aec7d768403dacc9dd0d8320307fda3f980eed4df43e3e52168a1c667709,26659,0.0266555234354449,26285273311,,,,,
0xfcd86dbae79dfd6f0d84c96db158fee86aae80e97235bc3972431d2f047b472c,1761801766,2025-10-30,2025-10-30 05:22,394873605,MarketRepay,0x1597E4B7cF6D2877A1d690b6088668afDb045763,0x9e90aec7d768403dacc9dd0d8320307fda3f980eed4df43e3e52168a1c667709,199999528928,199973.4472567705,196977841203525208,,,,,
0xbef4d745827ba6b3b2cab8d3de2d69a91a221578bfd60fde6e9a2b736bc571af,1761802051,2025-10-30,2025-10-30 05:27,394874751,MarketWithdraw,0x46cE9AA8167Fa3E154395c25d19dB25DdFCfeab4,0x9e90aec7d768403dacc9dd0d8320307fda3f980eed4df43e3e52168a1c667709,10296,0.010294657312402592,10151514152,,,,,
0x54a2904860ad4d7e1dcf388f52cc914a9b301ace9fb0f30c9f0ecd1e9bda44dc,1761803899,2025-10-30,2025-10-30 05:58,394882159,MarketWithdraw,0x46cE9AA8167Fa3E154395c25d19dB25DdFCfeab4,0x9e90aec7d768403dacc9dd0d8320307fda3f980eed4df43e3e52168a1c667709,11221,0.011219536684389034,11063357112,,,,,
0x96e8b0f5f3f6097c957a6261bf5206a290c3885c0425029794e6d5543929a9bc,1761806141,2025-10-30,2025-10-30 06:35,394891151,MarketWithdraw,0x46cE9AA8167Fa3E154395c25d19dB25DdFCfeab4,0x9e90aec7d768403dacc9dd0d8320307fda3f980eed4df43e3e52168a1c667709,13632,0.013629316174130926,13440224925,,,,,
0x4924edf2bffc2c9d0a96673d570d5e7f5939dc3617aaecc7ec59ce97e06e9468,1761807392,2025-10-30,2025-10-30 06:56,394896172,MarketRepay,0x3464a35D372aAC325783a0B19589055FAAB4fb5f,0x9e90aec7d768403dacc9dd0d8320307fda3f980eed4df43e3e52168a1c667709,60456793282,60444.8907360954,59540317406205691,,,,,
0x4924edf2bffc2c9d0a96673d570d5e7f5939dc3617aaecc7ec59ce97e06e9468,1761807392,2025-10-30,2025-10-30 06:56,394896172,MarketWithdrawCollateral,0x3464a35D372aAC325783a0B19589055FAAB4fb5f,0x9e90aec7d768403dacc9dd0d8320307fda3f980eed4df43e3e52168a1c667709,64973049215,,,,,,,
0x75f561058eb6a8f77206fd23c8c6cf0d3aa0ca3c52e29eefbf27105a85f076ac,1761807523,2025-10-30,2025-10-30 06:58,394896695,MarketWithdraw,0xa60643c90A542A95026C0F1dbdB0615fF42019Cf,0x9e90aec7d768403dacc9dd0d8320307fda3f980eed4df43e3e52168a1c667709,370005025498,369932.18005645665,364795494507236149,,,,,
0x498d4a32e69382dc07a4d793fd1254acb35c7ad13b69d1565f9ba5a7d10e46c5,1761808035,2025-10-30,2025-10-30 07:07,394898756,MarketRepay,0x1597E4B7cF6D2877A1d690b6088668afDb045763,0x9e90aec7d768403dacc9dd0d8320307fda3f980eed4df43e3e52168a1c667709,1999997200001,1999603.4467569098,1969660946364068661,,,,,
0x94632be11fe501b579a578b75fd8742342e890f53d912328eca72acb9bbb2dd6,1761811867,2025-10-30,2025-10-30 08:11,394914104,MarketWithdraw,0x48Cd090C9E8a9954B0955c8b87754031d90c4955,0x9e90aec7d768403dacc9dd0d8320307fda3f980eed4df43e3e52168a1c667709,50726453626,50716.47176350233,50011481070615905,,,,,
0xb89b320e5e1504b8cff9fed6a8645aee0b85f850cb717e9165afe3311f6999a7,1761812163,2025-10-30,2025-10-30 08:16,394915284,MarketWithdraw,0x3014ED70B39be395e1a5Eb8ab4c4b8a5378E6522,0x9e90aec7d768403dacc9dd0d8320307fda3f980eed4df43e3e52168a1c667709,38453823830,38446.256954049815,37911808487565025,,,,,
0x5497acba79ebfc64229ac6c4f5edeed9544a55ff9d9a8eef3dd9ef56ae707987,1761812306,2025-10-30,2025-10-30 08:18,394915864,MarketWithdraw,0xa60643c90A542A95026C0F1dbdB0615fF42019Cf,0x9e90aec7d768403dacc9dd0d8320307fda3f980eed4df43e3e52168a1c667709,1900001340678,1899627.4617495048,1873219874077978619,,,,,
0x1fb63715493769eadf53a3fd3546732e2c29e782ea1029719572449baad6f25a,1761813087,2025-10-30,2025-10-30 08:31,394918995,MarketSupply,0x48Cd090C9E8a9954B0955c8b87754031d90c4955,0x9e90aec7d768403dacc9dd0d8320307fda3f980eed4df43e3e52168a1c667709,50726453626,50716.47176350233,50010848262472681,,,,,
0x0b6f80ffd466b17d2103a28026bb0447ac294f2fde39488e602c688ca85596ac,1761814296,2025-10-30,2025-10-30 08:51,394923839,MarketRepay,0x12889C77A17c47480599a6F7366008307770729C,0x9e90aec7d768403dacc9dd0d8320307fda3f980eed4df43e3e52168a1c667709,99819800060,99800.15769497109,98301675774201675,,,,,
0xf16b6a12de323d99d69c12f78e0e58d406c32fae4fcec63ff9362c836bc035b3,1761814378,2025-10-30,2025-10-30 08:52,394924167,MarketWithdrawCollateral,0x12889C77A17c47480599a6F7366008307770729C,0x9e90aec7d768403dacc9dd0d8320307fda3f980eed4df43e3e52168a1c667709,80000000000,,,,,,,
0x68efa5aaecc681872ce19a216ddddf710c00203405fc9bad23021bca97d974ee,1761815408,2025-10-30,2025-10-30 09:10,394928299,MarketRepay,0x12889C77A17c47480599a6F7366008307770729C,0x9e90aec7d768403dacc9dd0d8320307fda3f980eed4df43e3e52168a1c667709,82261800000,82245.6123025807,81009824833488623,,,,,
0x68efa5aaecc681872ce19a216ddddf710c00203405fc9bad23021bca97d974ee,1761815408,2025-10-30,2025-10-30 09:10,394928299,MarketWithdrawCollateral,0x12889C77A17c47480599a6F7366008307770729C,0x9e90aec7d768403dacc9dd0d8320307fda3f980eed4df43e3e52168a1c667709,90000000000,,,,,,,
0xa7c2a161d90df31c9affd50b52b5790f6c1c830ca720e2241f8ff5ad533dee1a,1761816319,2025-10-30,2025-10-30 09:25,394931945,MarketSupply,0xad6452a9b8F10b0fE084C83c396ABAe96411C761,0x9e90aec7d768403dacc9dd0d8320307fda3f980eed4df43e3e52168a1c667709,20000415550,19996.479903337447,19717636109054861,,,,,
0x37e042c770c0370129491dd20d77ab75c09dc710de6dfe2e8fd06af1baa9ba66,1761816771,2025-10-30,2025-10-30 09:32,394933756,MarketWithdraw,0x46cE9AA8167Fa3E154395c25d19dB25DdFCfeab4,0x9e90aec7d768403dacc9dd0d8320307fda3f980eed4df43e3e52168a1c667709,52272,0.052261714007599956,51532810817,,,,,
0x34e8889a7fa75b64d3a8ac5a84cf49e76e20d5ac440c9e06e6b03ee56e5f7c3f,1761818723,2025-10-30,2025-10-30 10:05,394941573,MarketSupply,0x3014ED70B39be395e1a5Eb8ab4c4b8a5378E6522,0x9e90aec7d768403dacc9dd0d8320307fda3f980eed4df43e3e52168a1c667709,30704127052,30698.08514777772,30269598180259954,,,,,
0x1b04032b6b7fdb27773e3c12ec9c1a878f5cb5d4a856499677a844a4476fc74a,1761820661,2025-10-30,2025-10-30 10:37,394949356,MarketWithdraw,0xa60643c90A542A95026C0F1dbdB0615fF42019Cf,0x9e90aec7d768403dacc9dd0d8320307fda3f980eed4df43e3e52168a1c667709,300023226690,299970.04443726863,295774557115757444,,,,,
0xf88fd989f39371ee2734bf30af3c2b5ec167bcfd805ebda22e2f4930478f38d3,1761828556,2025-10-30,2025-10-30 12:49,394980991,MarketRepay,0x12889C77A17c47480599a6F7366008307770729C,0x9e90aec7d768403dacc9dd0d8320307fda3f980eed4df43e3e52168a1c667709,70264800000,70251.05238941942,69184528719451865,,,,,
0xaf5e197b5d43891285cca08309129fe668d5cd0a008f7b12152be92eeef69832,1761833685,2025-10-30,2025-10-30 14:14,395001567,MarketWithdrawCollateral,0x12889C77A17c47480599a6F7366008307770729C,0x9e90aec7d768403dacc9dd0d8320307fda3f980eed4df43e3e52168a1c667709,70000000000,,,,,,,
0x4b5b750cbb38ffb64319a4285a616893b711a9ec2c1228ef9939ab192cfcbe0e,1761834278,2025-10-30,2025-10-30 14:24,395003948,MarketWithdraw,0xa60643c90A542A95026C0F1dbdB0615fF42019Cf,0x9e90aec7d768403dacc9dd0d8320307fda3f980eed4df43e3e52168a1c667709,70020505924,70006.73868139987,69015096516503865,,,,,
0xb52f51cc35cf4e43b30f5b29d1f646d9bcc5b4e47f0544da06c873b732b78d61,1761839331,2025-10-30,2025-10-30 15:48,395024212,MarketWithdraw,0x46cE9AA8167Fa3E154395c25d19dB25DdFCfeab4,0x9e90aec7d768403dacc9dd0d8320307fda3f980eed4df43e3e52168a1c667709,213131,0.21308895386828158,210053478203,,,,,
0x01c9c44219d1fd2281864ef49cb3aceb6d1b6d306c1f610003d03ff3c4358119,1761842398,2025-10-30,2025-10-30 16:39,395036502,MarketSupply,0xd52929B69680A6f74D2eB9c8F1ef482f37b1b32B,0x9e90aec7d768403dacc9dd0d8320307fda3f980eed4df43e3e52168a1c667709,6833050712,6831.7026990395425,6734047139233788,,,,,
0x97f795a8b026272b387a9dad463e854cc8e8e9e009261a34f9974117553294e4,1761843092,2025-10-30,2025-10-30 16:51,395039283,MarketWithdraw,0x46cE9AA8167Fa3E154395c25d19dB25DdFCfeab4,0x9e90aec7d768403dacc9dd0d8320307fda3f980eed4df43e3e52168a1c667709,43097,0.04308849789500979,42472097457,,,,,
0xefb426904d2f64d80723e7cea306380bab2d478e212ecb4b0508f316f90569d3,1761844926,2025-10-30,2025-10-30 17:22,395046630,MarketSupply,0x46cE9AA8167Fa3E154395c25d19dB25DdFCfeab4,0x9e90aec7d768403dacc9dd0d8320307fda3f980eed4df43e3e52168a1c667709,979230,0.97912343159355,965002783571,,,,,
0x833168652860187ea792cdbef49dd62b87980f383edf954eb347bf435fa66891,1761850906,2025-10-30,2025-10-30 19:01,395070580,MarketWithdraw,0xd52929B69680A6f74D2eB9c8F1ef482f37b1b32B,0x9e90aec7d768403dacc9dd0d8320307fda3f980eed4df43e3e52168a1c667709,10263004062,10260.94424550509,10112914297842011,,,,,
0x90e70352ce885efbde0a47c2d5b66a313064bf50d5d50fbd089fd0c76424741b,1761853626,2025-10-30,2025-10-30 19:47,395081467,MarketRepay,0x1597E4B7cF6D2877A1d690b6088668afDb045763,0x9e90aec7d768403dacc9dd0d8320307fda3f980eed4df43e3e52168a1c667709,399999600000,399919.3188494655,393695514984463713,,,,,
0x188b9f77c53a4954f470e50adb4f24c0c3185464704310dfe94bb7320d0c798b,1761853905,2025-10-30,2025-10-30 19:51,395082590,MarketSupply,0xd52929B69680A6f74D2eB9c8F1ef482f37b1b32B,0x9e90aec7d768403dacc9dd0d8320307fda3f980eed4df43e3e52168a1c667709,26428251146,26422.94691467423,26040540932526311,,,,,
0x96d3f4e6244f46f4f4c3f7b4aa2f738cc9016aea599d0b22aa1d9d7652342908,1761856431,2025-10-30,2025-10-30 20:33,395092697,MarketRepay,0x12889C77A17c47480599a6F7366008307770729C,0x9e90aec7d768403dacc9dd0d8320307fda3f980eed4df43e3e52168a1c667709,30999800000,30993.5782447524,30510888500250308,,,,,
0x8da02bf8669b748a8727271b4011384a36a58f7ee0aadb7fd76081609d119f99,1761856559,2025-10-30,2025-10-30 20:35,395093204,MarketWithdraw,0x46cE9AA8167Fa3E154395c25d19dB25DdFCfeab4,0x9e90aec7d768403dacc9dd0d8320307fda3f980eed4df43e3e52168a1c667709,101107622,101.08732938915249,99623422983959,,,,,
0xcfe4f631a1233330ef492d24e984eebf70bab390ec317d867dec6b57ee906d29,1761856860,2025-10-30,2025-10-30 20:41,395094409,MarketRepay,0x12889C77A17c47480599a6F7366008307770729C,0x9e90aec7d768403dacc9dd0d8320307fda3f980eed4df43e3e52168a1c667709,103407921232,103387.1669440185,101776853742400070,,,,,
0x850dc73dcc16fafefcaa825f89ad41d271ed6009c0e82c294dadee78769a09ea,1761859443,2025-10-30,2025-10-30 21:24,395104748,MarketSupply,0x46cE9AA8167Fa3E154395c25d19dB25DdFCfeab4,0x9e90aec7d768403dacc9dd0d8320307fda3f980eed4df43e3e52168a1c667709,50994424,50.98070543642289,50245392734352,,,,,
0x9ee693c12a5b77e05492ac5ff6be18c20e9998fee9755db15c7c31ac561aeeaa,1761861373,2025-10-30,2025-10-30 21:56,395112476,MarketWithdraw,0xa60643c90A542A95026C0F1dbdB0615fF42019Cf,0x9e90aec7d768403dacc9dd0d8320307fda3f980eed4df43e3e52168a1c667709,560002751214,559852.0987947102,551773773317737443,,,,,
0xe84fc2af7c7fd2762a20edd79480ea1030564751bdf3c01041f3cdb79c9935d8,1761863006,2025-10-30,2025-10-30 22:23,395119014,MarketWithdraw,0x46cE9AA8167Fa3E154395c25d19dB25DdFCfeab4,0x9e90aec7d768403dacc9dd0d8320307fda3f980eed4df43e3e52168a1c667709,253021958,252.9538898163643,249297089277173,,,,,
0x7542b94ccc8820358f1e9140cc2a97386e85c5dfd90c9de4aaa97068c7919b31,1761864882,2025-10-30,2025-10-30 22:54,395126522,MarketSupply,0x46cE9AA8167Fa3E154395c25d19dB25DdFCfeab4,0x9e90aec7d768403dacc9dd0d8320307fda3f980eed4df43e3e52168a1c667709,987302,0.9870363951711895,972736683962,,,,,
0x9745f87f50f2bcf19bb656b1934a29d1eead664498946c6a749f7a2a15e66506,1761866416,2025-10-30,2025-10-30 23:20,395132655,MarketWithdraw,0x46cE9AA8167Fa3E154395c25d19dB25DdFCfeab4,0x9e90aec7d768403dacc9dd0d8320307fda3f980eed4df43e3e52168a1c667709,403010437,402.89404678207836,397054684689165,,,,,
0x5733373ace2ee4e7027ccb3449f19ba9228c8d3808cbba72a8d15312684301eb,1761870441,2025-10-31,2025-10-31 00:27,395148756,MarketRepay,0x1597E4B7cF6D2877A1d690b6088668afDb045763,0x9e90aec7d768403dacc9dd0d8320307fda3f980eed4df43e3e52168a1c667709,249974238639,249902.04558036214,245989327432265123,,,,,
0x7a46cdc0499a37c7a1c7bad1245ba57ee372a3ed66c90b912c88056e50605c4e,1761872104,2025-10-31,2025-10-31 00:55,395155410,MarketSupply,0x46cE9AA8167Fa3E154395c25d19dB25DdFCfeab4,0x9e90aec7d768403dacc9dd0d8320307fda3f980eed4df43e3e52168a1c667709,400570349,400.45466348435895,394621175277389,,,,,
0xdf4385c319cb258eec6a0e43bcedd3fe2f605593f41474190c8efb62b42677f2,1761877850,2025-10-31,2025-10-31 02:30,395178419,MarketSupply,0x46cE9AA8167Fa3E154395c25d19dB25DdFCfeab4,0x9e90aec7d768403dacc9dd0d8320307fda3f980eed4df43e3e52168a1c667709,49420859,49.40975465205846,48685803732371,,,,,
0xd71b208077ec438add4726d21a393b6338d82f9d2d4fbe551c1dfa1135754a56,1761879545,2025-10-31,2025-10-31 02:59,395185210,MarketSupply,0x46cE9AA8167Fa3E154395c25d19dB25DdFCfeab4,0x9e90aec7d768403dacc9dd0d8320307fda3f980eed4df43e3e52168a1c667709,53997086,53.98495342191646,53193622356032,,,,,
0x7eaa1de994f0104ce7794b3b231d49ae7d77cc5edbe19018bbef04407072218b,1761882113,2025-10-31,2025-10-31 03:41,395195498,MarketSupplyCollateral,0x0DaE028Df0CCe6aCE68996d1e2B33426AE6c027b,0x9e90aec7d768403dacc9dd0d8320307fda3f980eed4df43e3e52168a1c667709,2000000,,,,,,,
0x7eaa1de994f0104ce7794b3b231d49ae7d77cc5edbe19018bbef04407072218b,1761882113,2025-10-31,2025-10-31 03:41,395195498,MarketBorrow,0x0DaE028Df0CCe6aCE68996d1e2B33426AE6c027b,0x9e90aec7d768403dacc9dd0d8320307fda3f980eed4df43e3e52168a1c667709,1000000,0.9998019803817008,984009855958,,,,,
0xf431000ed33a976a160858332734ef75ff29bbd4bad7a57abd99c1317f8f307d,1761883564,2025-10-31,2025-10-31 04:06,395201299,MarketSupply,0x46cE9AA8167Fa3E154395c25d19dB25DdFCfeab4,0x9e90aec7d768403dacc9dd0d8320307fda3f980eed4df43e3e52168a1c667709,149992263,149.9626714945212,147758145950193,,,,,
0x6d39c74c15f880824a58728130cf4c4b69b60de31834a02bd5e5268b0e38cfda,1761885481,2025-10-31,2025-10-31 04:38,395208967,MarketWithdraw,0x46cE9AA8167Fa3E154395c25d19dB25DdFCfeab4,0x9e90aec7d768403dacc9dd0d8320307fda3f980eed4df43e3e52168a1c667709,1004788,1.0045897685111729,989814554485,,,,,
0xc8e7ec17e9c9f8ccccc5dcf2d7c5d3e159abbc52688be65f92592f994fa42ded,1761888435,2025-10-31,2025-10-31 05:27,395220791,MarketWithdrawCollateral,0x12889C77A17c47480599a6F7366008307770729C,0x9e90aec7d768403dacc9dd0d8320307fda3f980eed4df43e3e52168a1c667709,120000000000,,,,,,,
0x72effdff1b1180e56cea56bec57f72d5d6f8f3e2d0bca2eaa88bb41fa1352bc9,1761891705,2025-10-31,2025-10-31 06:21,395233885,MarketWithdraw,0x46cE9AA8167Fa3E154395c25d19dB25DdFCfeab4,0x9e90aec7d768403dacc9dd0d8320307fda3f980eed4df43e3e52168a1c667709,48015522,48.00584704566885,47298865833117,,,,,
0x407a235b92e4dc8a99ba826f65468f7acaa59c6f8dad65eee9d3f1fe75a8d29d,1761892800,2025-10-31,2025-10-31 06:40,395238268,MarketSupply,0x46cE9AA8167Fa3E154395c25d19dB25DdFCfeab4,0x9e90aec7d768403dacc9dd0d8320307fda3f980eed4df43e3e52168a1c667709,49997470,49.987395690302336,49251026275335,,,,,
0x32ec40ac54a0f0c8d4a4a32cf9df4d118b04e98ab2a70d054267a14782073a5f,1761894445,2025-10-31,2025-10-31 07:07,395244855,MarketWithdraw,0x48Cd090C9E8a9954B0955c8b87754031d90c4955,0x9e90aec7d768403dacc9dd0d8320307fda3f980eed4df43e3e52168a1c667709,50769126727,50758.89693125778,50010848262472681,,,,,
0x7138f501e693385866f3bdf6538bffbd8a4ed29eb307cb4348c443a993d60695,1761894535,2025-10-31,2025-10-31 07:08,395245211,MarketWithdraw,0x46cE9AA8167Fa3E154395c25d19dB25DdFCfeab4,0x9e90aec7d768403dacc9dd0d8320307fda3f980eed4df43e3e52168a1c667709,151004462,150.97403514608283,148749007943137,,,,,
0x79e638a7af27c5c51087b1ee0927eadcd6e5487c76c4469b323cdb044d555a21,1761895183,2025-10-31,2025-10-31 07:19,395247805,MarketWithdraw,0xa60643c90A542A95026C0F1dbdB0615fF42019Cf,0x9e90aec7d768403dacc9dd0d8320307fda3f980eed4df43e3e52168a1c667709,199007715072,198967.6157358964,196034519270953984,,,,,
0x652a4fe5125011cc5bce844b309cd9bcd59808f59507f22331f60a1668d03d8e,1761896542,2025-10-31,2025-10-31 07:42,395253247,MarketSupply,0x46cE9AA8167Fa3E154395c25d19dB25DdFCfeab4,0x9e90aec7d768403dacc9dd0d8320307fda3f980eed4df43e3e52168a1c667709,149986424,149.9562022770644,147742196279319,,,,,
0xa92cea421fd2c51a84250917a7ed90b8eb8e6835ec27d7f9e18e0c35522ff62a,1761898395,2025-10-31,2025-10-31 08:13,395260673,MarketRepay,0x12889C77A17c47480599a6F7366008307770729C,0x9e90aec7d768403dacc9dd0d8320307fda3f980eed4df43e3e52168a1c667709,182062718426,182010.08970097866,179131461545001043,,,,,
0x3783d2477016bef939c4b674f0e96c27a89939d7773f90b1a31c277d92dfb3f1,1761898432,2025-10-31,2025-10-31 08:13,395260819,MarketWithdrawCollateral,0x12889C77A17c47480599a6F7366008307770729C,0x9e90aec7d768403dacc9dd0d8320307fda3f980eed4df43e3e52168a1c667709,175274402116,,,,,,,
0xbfb1ff798ff79c3e94af400ddeb36c9bfd7580aec06513815d8a4a0f78fbb57c,1761898769,2025-10-31,2025-10-31 08:19,395262173,MarketWithdraw,0x46cE9AA8167Fa3E154395c25d19dB25DdFCfeab4,0x9e90aec7d768403dacc9dd0d8320307fda3f980eed4df43e3e52168a1c667709,225022106,224.95705903902532,221647636883603,,,,,
0xbc9a7758c6ca9e42f6bc3d0ee64be5d0a54d7dd8fee9b83c7e4e836a23ababd8,1761900429,2025-10-31,2025-10-31 08:47,395268822,MarketSupply,0x46cE9AA8167Fa3E154395c25d19dB25DdFCfeab4,0x9e90aec7d768403dacc9dd0d8320307fda3f980eed4df43e3e52168a1c667709,1000000,0.9997109307963962,984994095355,,,,,
0x26ee811b85dc2d2703c5aad4e0cc9fb4cd564e062dfb16f6a8838055e028f634,1761900488,2025-10-31,2025-10-31 08:48,395269057,MarketSupply,0x46cE9AA8167Fa3E154395c25d19dB25DdFCfeab4,0x9e90aec7d768403dacc9dd0d8320307fda3f980eed4df43e3e52168a1c667709,119995608,119.96092096515949,118194923809348,,,,,
0x601688dba27060c74d6ca437148f48654a50063d7c137db12909390c89fe6d71,1761902192,2025-10-31,2025-10-31 09:16,395275892,MarketSupply,0x46cE9AA8167Fa3E154395c25d19dB25DdFCfeab4,0x9e90aec7d768403dacc9dd0d8320307fda3f980eed4df43e3e52168a1c667709,34994422,34.984306190301886,34468937335562,,,,,
0xdb110cecc06e6cc3e27d1daf9f1d7e05b3a59a2dbe3dccc731bc137429c9589c,1761903780,2025-10-31,2025-10-31 09:43,395282253,MarketSupply,0x46cE9AA8167Fa3E154395c25d19dB25DdFCfeab4,0x9e90aec7d768403dacc9dd0d8320307fda3f980eed4df43e3e52168a1c667709,40994470,40.98261976120494,40378505459939,,,,,
0xbbd58b157dfd27eedb550d1925aafabf07142ace0ea44f31112c9fe76ee6edcb,1761905432,2025-10-31,2025-10-31 10:10,395288884,MarketWithdraw,0x46cE9AA8167Fa3E154395c25d19dB25DdFCfeab4,0x9e90aec7d768403dacc9dd0d8320307fda3f980eed4df43e3e52168a1c667709,72006157,71.98544827004424,70923527194083,,,,,
0xef8bb0b2349f03e04d9d2f02dce0e01e343fe06e30a10bf7102b663880a5c61f,1761913235,2025-10-31,2025-10-31 12:20,395320179,MarketSupply,0x50109ffEFd6D07c82Ed34776Ef6C2BaE765Fb056,0x9e90aec7d768403dacc9dd0d8320307fda3f980eed4df43e3e52168a1c667709,6366576543,6365.3161893869255,6270561667019603,,,,,
0x3dcc2f737256c99b1b1d5b35831f470896a44b041887347779fe7e6747d9da68,1761913552,2025-10-31,2025-10-31 12:25,395321444,MarketSupply,0x46cE9AA8167Fa3E154395c25d19dB25DdFCfeab4,0x9e90aec7d768403dacc9dd0d8320307fda3f980eed4df43e3e52168a1c667709,49973222,49.96332909594406,49219483581877,,,,,
0x39ad382b4619e66db63e2207444708cadef6b89b0954de9cf6af485c00066cfb,1761917010,2025-10-31,2025-10-31 13:23,395335302,MarketWithdraw,0x46cE9AA8167Fa3E154395c25d19dB25DdFCfeab4,0x9e90aec7d768403dacc9dd0d8320307fda3f980eed4df43e3e52168a1c667709,1011788,1.0115877022963828,996507909455,,,,,
0x2af8dfbdbc443c6526d8b5ddc77f495e66ff29b9ffed1a2c9e36edbaf39f3cd8,1761918607,2025-10-31,2025-10-31 13:50,395341710,MarketWithdraw,0xa60643c90A542A95026C0F1dbdB0615fF42019Cf,0x9e90aec7d768403dacc9dd0d8320307fda3f980eed4df43e3e52168a1c667709,189016423319,188979.00485234818,186160205661885131,,,,,
0x34f4f081fb80b2a4ffe5c09db9dcf2fe8dd5c70e7877b230f5e0460f3b07e17c,1761918655,2025-10-31,2025-10-31 13:50,395341899,MarketSupply,0x46cE9AA8167Fa3E154395c25d19dB25DdFCfeab4,0x9e90aec7d768403dacc9dd0d8320307fda3f980eed4df43e3e52168a1c667709,994064,0.9938672110121404,979041940739,,,,,
0x9c0e86d44b5e76f998ec6b552733c23f7660cf9959d0dd0000c63efa3f542e35,1761925476,2025-10-31,2025-10-31 15:44,395369256,MarketWithdraw,0x46cE9AA8167Fa3E154395c25d19dB25DdFCfeab4,0x9e90aec7d768403dacc9dd0d8320307fda3f980eed4df43e3e52168a1c667709,152071244,152.04062434105293,149755515224861,,,,,
0xaa3fe53ce708004a94a03d4bca7a204d9bf8734076cdde9361ccf49c58c6bd07,1761930715,2025-10-31,2025-10-31 17:11,395390264,MarketWithdraw,0x46cE9AA8167Fa3E154395c25d19dB25DdFCfeab4,0x9e90aec7d768403dacc9dd0d8320307fda3f980eed4df43e3e52168a1c667709,100041368,100.02020157654279,98508930205550,,,,,
0x2d6781f0f311afc44cfe85fd982d5cd1d55a3c713643cc721bd808546e8dd3ed,1761933516,2025-10-31,2025-10-31 17:58,395401488,MarketSupply,0x48Cd090C9E8a9954B0955c8b87754031d90c4955,0x9e90aec7d768403dacc9dd0d8320307fda3f980eed4df43e3e52168a1c667709,2000129361,1999.7061802111873,1969394276308560,,,,,
0xeb0742f4cc630be6d68adadf95fd10de2a7b7754246c08698e97825942a3463f,1761934070,2025-10-31,2025-10-31 18:07,395403716,MarketWithdraw,0x46cE9AA8167Fa3E154395c25d19dB25DdFCfeab4,0x9e90aec7d768403dacc9dd0d8320307fda3f980eed4df43e3e52168a1c667709,101020752,100.9993783616987,99467448117415,,,,,
0x90e618eae489f7261bfbf0b8722c56695530479bb8d90a4c8d102a831d190ab9,1761936985,2025-10-31,2025-10-31 18:56,395415396,MarketRepay,0x1597E4B7cF6D2877A1d690b6088668afDb045763,0x9e90aec7d768403dacc9dd0d8320307fda3f980eed4df43e3e52168a1c667709,500000000000,499894.2116452405,491728517584921474,,,,,
0xbbc6fe6911a11735925509c0621950ccd3f83f6a245d5c4c3fdb466959615d05,1761937664,2025-10-31,2025-10-31 19:07,395418114,MarketWithdraw,0x46cE9AA8167Fa3E154395c25d19dB25DdFCfeab4,0x9e90aec7d768403dacc9dd0d8320307fda3f980eed4df43e3e52168a1c667709,52013333,51.998238032276504,51210851060399,,,,,
0xe7db73aae0c4afe71afd0a6e2c3a83e0136422e53cbcc44ff4e5e853bbd132c6,1761939127,2025-10-31,2025-10-31 19:32,395423981,MarketWithdraw,0x48Cd090C9E8a9954B0955c8b87754031d90c4955,0x9e90aec7d768403dacc9dd0d8320307fda3f980eed4df43e3e52168a1c667709,2000263545,1999.6830416577075,1969394276308560,,,,,
0x4f8cd1eecb102853dfe7181f00cdda3ee3fdfbc09451c8932f9db54e58613ac3,1761939534,2025-10-31,2025-10-31 19:38,395425610,MarketRepay,0x1597E4B7cF6D2877A1d690b6088668afDb045763,0x9e90aec7d768403dacc9dd0d8320307fda3f980eed4df43e3e52168a1c667709,699999600000,699796.4507157874,688412711314694136,,,,,
0x359b4d1e5f5cc0f94a244dac9b26aaccfababcdd93656ce48bb2f60264cdc5fe,1761940502,2025-10-31,2025-10-31 19:55,395429492,MarketRepay,0x1597E4B7cF6D2877A1d690b6088668afDb045763,0x9e90aec7d768403dacc9dd0d8320307fda3f980eed4df43e3e52168a1c667709,120361708637,120326.7780528165,118369097317962108,,,,,
0x0ce13d1601a6ee9f00b17303cdde2e3f87d8942827b77d02e2196a0b95f6353f,1761940546,2025-10-31,2025-10-31 19:55,395429666,MarketWithdrawCollateral,0x1597E4B7cF6D2877A1d690b6088668afDb045763,0x9e90aec7d768403dacc9dd0d8320307fda3f980eed4df43e3e52168a1c667709,20386535097536,,,,,,,
0x4f1e2dfb2fb1c66da2fdbe28f4db381b00ae8c6a2433964b8d982cfbc2b43298,1761947833,2025-10-31,2025-10-31 21:57,395458842,MarketWithdraw,0x46cE9AA8167Fa3E154395c25d19dB25DdFCfeab4,0x9e90aec7d768403dacc9dd0d8320307fda3f980eed4df43e3e52168a1c667709,199002504,198.96272735491462,195929751167354,,,,,
0x4f9bdde662b5b7e1e5e5170bd71a6a063648129b86bc3e8a36584a70ac7fbb51,1761952605,2025-10-31,2025-10-31 23:16,395477954,MarketWithdraw,0x50109ffEFd6D07c82Ed34776Ef6C2BaE765Fb056,0x9e90aec7d768403dacc9dd0d8320307fda3f980eed4df43e3e52168a1c667709,6368902456,6367.649691768995,6270536989765740,,,,,
0xead2495afbad86e6f5a94c7108a9f5644a9b60a30ecab705f7122fa031768993,1761952625,2025-10-31,2025-10-31 23:17,395478035,MarketWithdraw,0x50109ffEFd6D07c82Ed34776Ef6C2BaE765Fb056,0x9e90aec7d768403dacc9dd0d8320307fda3f980eed4df43e3e52168a1c667709,25064,0.025059069906800607,24676894897,,,,,
0x27170497c18acd094888cde6beff1eb073c0dd6accb293158fceabe696804676,1761963434,2025-11-01,2025-11-01 02:17,395521322,MarketWithdraw,0xd52929B69680A6f74D2eB9c8F1ef482f37b1b32B,0x9e90aec7d768403dacc9dd0d8320307fda3f980eed4df43e3e52168a1c667709,32742587398,32735.77269822403,32236602502255205,,,,,
0x6b8a7c53ca8d3dbc216e6f9a12ba5d6b99fc264d8da82ebc0253e8d1ba051390,1761967455,2025-11-01,2025-11-01 03:24,395537432,MarketWithdraw,0xad6452a9b8F10b0fE084C83c396ABAe96411C761,0x9e90aec7d768403dacc9dd0d8320307fda3f980eed4df43e3e52168a1c667709,322315186670,322250.97232745256,317333246787814092,,,,,
0x2207563098362094f7e122cfa0aad728f75f46feb053f7310edca00113aa5666,1761972414,2025-11-01,2025-11-01 04:46,395557304,MarketSupply,0x3014ED70B39be395e1a5Eb8ab4c4b8a5378E6522,0x9e90aec7d768403dacc9dd0d8320307fda3f980eed4df43e3e52168a1c667709,5373326906,5372.256386617634,5290243963488070,,,,,
0x4660de3e801a582f0401a82cc8f074cde9487c0a96ff6ce62eb032b33d2a763c,1761983917,2025-11-01,2025-11-01 07:58,395603381,MarketWithdraw,0xa60643c90A542A95026C0F1dbdB0615fF42019Cf,0x9e90aec7d768403dacc9dd0d8320307fda3f980eed4df43e3e52168a1c667709,963660109669,963459.2505309116,948748033156888511,,,,,
0x98421f703b802983071f9d23a80deaebb56b4c6b01c3125c25d1753d424cabde,1761994335,2025-11-01,2025-11-01 10:52,395645143,MarketSupply,0xd52929B69680A6f74D2eB9c8F1ef482f37b1b32B,0x9e90aec7d768403dacc9dd0d8320307fda3f980eed4df43e3e52168a1c667709,32750085861,32741.69100494091,32237563750484301,,,,,
0x72c03e6d48ab077d517dbdace18f15df8c527310d7c4130ae623a5b3914a072c,1761994497,2025-11-01,2025-11-01 10:54,395645787,MarketSupply,0xd52929B69680A6f74D2eB9c8F1ef482f37b1b32B,0x9e90aec7d768403dacc9dd0d8320307fda3f980eed4df43e3e52168a1c667709,8684262636,8682.036591918222,8548343185813020,,,,,
0x6ecd0edba37a454e0e145b7cc38d52648fad98f4e10471bd51e3e4671b516644,1762074795,2025-11-02,2025-11-02 09:13,395967302,MarketSupply,0x86375D9B408fd5D275B1010cE59B11B4939d4740,0x9e90aec7d768403dacc9dd0d8320307fda3f980eed4df43e3e52168a1c667709,20000000000,19994.061928468807,19671573367248856,,,,,
0x8e4f7c6593054c77ee0c78efb36e724950ec926e14891e65fba036872ec0dc3e,1762090514,2025-11-02,2025-11-02 13:35,396030262,MarketWithdraw,0x86375D9B408fd5D275B1010cE59B11B4939d4740,0x9e90aec7d768403dacc9dd0d8320307fda3f980eed4df43e3e52168a1c667709,20002100112,19999.756473667105,19671573367248856,,,,,
0x247056b4de19bab67a42ca70b60571ba542c699a51de6ed27819fd0cc00fed09,1762090875,2025-11-02,2025-11-02 13:41,396031707,MarketSupply,0x76B2406D29F1A2Be4DB638aBBD5c7Cab2eE2D8FE,0x9e90aec7d768403dacc9dd0d8320307fda3f980eed4df43e3e52168a1c667709,1000000,0.9998828303868207,983471819957,,,,,
0x58bda3e5beeb00e37948efdab94faab273872a99b8f110520525a92b9abbef74,1762090975,2025-11-02,2025-11-02 13:42,396032106,MarketSupply,0x76B2406D29F1A2Be4DB638aBBD5c7Cab2eE2D8FE,0x9e90aec7d768403dacc9dd0d8320307fda3f980eed4df43e3e52168a1c667709,1999000000,1998.7657779432545,1965958186557347,,,,,
0x1ad570ee28e3efe0d34913b29f33eba98498656615147a2765cb3e1b06f381ca,1762115062,2025-11-02,2025-11-02 20:24,396128551,MarketWithdraw,0xa60643c90A542A95026C0F1dbdB0615fF42019Cf,0x9e90aec7d768403dacc9dd0d8320307fda3f980eed4df43e3e52168a1c667709,43046867253,43038.47858265504,42325341635726927,,,,,
0x2d6cf7b722ce161579f3f92eebfc8bf87b64014a71308a99397daba6c789f642,1762123630,2025-11-02,2025-11-02 22:47,396162854,MarketWithdraw,0x76B2406D29F1A2Be4DB638aBBD5c7Cab2eE2D8FE,0x9e90aec7d768403dacc9dd0d8320307fda3f980eed4df43e3e52168a1c667709,769704810,769.4748027877091,756682671605390,,,,,
0xbab765ae9dfb6997a213d9a7848d198a2941eee348c3b735e4a0801f5defca31,1762239985,2025-11-04,2025-11-04 07:06,396628982,MarketSupplyCollateral,0x64e82c71e163fAadf0EFDF430Cbb8d1d6d53B86B,0x9e90aec7d768403dacc9dd0d8320307fda3f980eed4df43e3e52168a1c667709,10000000,,,,,,,
0x29aefb325820c96894de35d681b31e54317406a67fe39a0b839b090e8be6f529,1762240099,2025-11-04,2025-11-04 07:08,396629437,MarketWithdrawCollateral,0x64e82c71e163fAadf0EFDF430Cbb8d1d6d53B86B,0x9e90aec7d768403dacc9dd0d8320307fda3f980eed4df43e3e52168a1c667709,10000000,,,,,,,
0x5c1c572fcd4cd2de48a9f9c0c8c498439aabdbdfac39f23350f77008d9aa9738,1762275774,2025-11-04,2025-11-04 17:02,396772455,MarketSupply,0x64CA76e2525fc6Ab2179300c15e343d73e42f958,0x9e90aec7d768403dacc9dd0d8320307fda3f980eed4df43e3e52168a1c667709,1,9.997090471860159e-07,979884,,,,,
0xbadf5a85667f4e5b4c411121b87ea0c8f74de4074714f3983b6327c3f36f63aa,1762275930,2025-11-04,2025-11-04 17:05,396773075,MarketWithdraw,0x64CA76e2525fc6Ab2179300c15e343d73e42f958,0x9e90aec7d768403dacc9dd0d8320307fda3f980eed4df43e3e52168a1c667709,1,9.997090471860159e-07,1897815,,,,,
